model,curve,x,y
Logistic Regression (unweighted),ROC,0.0,0.0
Logistic Regression (unweighted),ROC,0.0,0.011363636363636364
Logistic Regression (unweighted),ROC,0.0,0.045454545454545456
Logistic Regression (unweighted),ROC,0.0010964912280701754,0.045454545454545456
Logistic Regression (unweighted),ROC,0.0010964912280701754,0.056818181818181816
Logistic Regression (unweighted),ROC,0.007675438596491228,0.056818181818181816
Logistic Regression (unweighted),ROC,0.007675438596491228,0.09090909090909091
Logistic Regression (unweighted),ROC,0.01206140350877193,0.09090909090909091
Logistic Regression (unweighted),ROC,0.01206140350877193,0.11363636363636363
Logistic Regression (unweighted),ROC,0.015350877192982455,0.11363636363636363
Logistic Regression (unweighted),ROC,0.015350877192982455,0.125
Logistic Regression (unweighted),ROC,0.01644736842105263,0.125
Logistic Regression (unweighted),ROC,0.01644736842105263,0.14772727272727273
Logistic Regression (unweighted),ROC,0.017543859649122806,0.14772727272727273
Logistic Regression (unweighted),ROC,0.017543859649122806,0.1590909090909091
Logistic Regression (unweighted),ROC,0.025219298245614034,0.1590909090909091
Logistic Regression (unweighted),ROC,0.025219298245614034,0.17045454545454544
Logistic Regression (unweighted),ROC,0.02850877192982456,0.17045454545454544
Logistic Regression (unweighted),ROC,0.02850877192982456,0.18181818181818182
Logistic Regression (unweighted),ROC,0.029605263157894735,0.18181818181818182
Logistic Regression (unweighted),ROC,0.029605263157894735,0.19318181818181818
Logistic Regression (unweighted),ROC,0.04057017543859649,0.19318181818181818
Logistic Regression (unweighted),ROC,0.04057017543859649,0.20454545454545456
Logistic Regression (unweighted),ROC,0.041666666666666664,0.20454545454545456
Logistic Regression (unweighted),ROC,0.041666666666666664,0.2159090909090909
Logistic Regression (unweighted),ROC,0.049342105263157895,0.2159090909090909
Logistic Regression (unweighted),ROC,0.049342105263157895,0.22727272727272727
Logistic Regression (unweighted),ROC,0.05043859649122807,0.22727272727272727
Logistic Regression (unweighted),ROC,0.05043859649122807,0.23863636363636365
Logistic Regression (unweighted),ROC,0.051535087719298246,0.23863636363636365
Logistic Regression (unweighted),ROC,0.051535087719298246,0.25
Logistic Regression (unweighted),ROC,0.0537280701754386,0.25
Logistic Regression (unweighted),ROC,0.0537280701754386,0.29545454545454547
Logistic Regression (unweighted),ROC,0.05482456140350877,0.29545454545454547
Logistic Regression (unweighted),ROC,0.05482456140350877,0.3068181818181818
Logistic Regression (unweighted),ROC,0.0581140350877193,0.3068181818181818
Logistic Regression (unweighted),ROC,0.0581140350877193,0.3181818181818182
Logistic Regression (unweighted),ROC,0.05921052631578947,0.3181818181818182
Logistic Regression (unweighted),ROC,0.05921052631578947,0.32954545454545453
Logistic Regression (unweighted),ROC,0.06140350877192982,0.32954545454545453
Logistic Regression (unweighted),ROC,0.06140350877192982,0.3409090909090909
Logistic Regression (unweighted),ROC,0.06469298245614036,0.3409090909090909
Logistic Regression (unweighted),ROC,0.06469298245614036,0.3522727272727273
Logistic Regression (unweighted),ROC,0.07017543859649122,0.3522727272727273
Logistic Regression (unweighted),ROC,0.07017543859649122,0.36363636363636365
Logistic Regression (unweighted),ROC,0.0712719298245614,0.36363636363636365
Logistic Regression (unweighted),ROC,0.0712719298245614,0.38636363636363635
Logistic Regression (unweighted),ROC,0.0800438596491228,0.38636363636363635
Logistic Regression (unweighted),ROC,0.0800438596491228,0.3977272727272727
Logistic Regression (unweighted),ROC,0.08223684210526316,0.3977272727272727
Logistic Regression (unweighted),ROC,0.08223684210526316,0.4090909090909091
Logistic Regression (unweighted),ROC,0.08881578947368421,0.4090909090909091
Logistic Regression (unweighted),ROC,0.08881578947368421,0.42045454545454547
Logistic Regression (unweighted),ROC,0.09320175438596491,0.42045454545454547
Logistic Regression (unweighted),ROC,0.09320175438596491,0.4431818181818182
Logistic Regression (unweighted),ROC,0.10087719298245613,0.4431818181818182
Logistic Regression (unweighted),ROC,0.10087719298245613,0.45454545454545453
Logistic Regression (unweighted),ROC,0.10307017543859649,0.45454545454545453
Logistic Regression (unweighted),ROC,0.10307017543859649,0.4772727272727273
Logistic Regression (unweighted),ROC,0.11513157894736842,0.4772727272727273
Logistic Regression (unweighted),ROC,0.11513157894736842,0.48863636363636365
Logistic Regression (unweighted),ROC,0.11732456140350878,0.48863636363636365
Logistic Regression (unweighted),ROC,0.11732456140350878,0.5
Logistic Regression (unweighted),ROC,0.13267543859649122,0.5
Logistic Regression (unweighted),ROC,0.13267543859649122,0.5113636363636364
Logistic Regression (unweighted),ROC,0.1337719298245614,0.5113636363636364
Logistic Regression (unweighted),ROC,0.1337719298245614,0.5227272727272727
Logistic Regression (unweighted),ROC,0.13925438596491227,0.5227272727272727
Logistic Regression (unweighted),ROC,0.13925438596491227,0.5454545454545454
Logistic Regression (unweighted),ROC,0.14692982456140352,0.5454545454545454
Logistic Regression (unweighted),ROC,0.14692982456140352,0.5568181818181818
Logistic Regression (unweighted),ROC,0.15570175438596492,0.5568181818181818
Logistic Regression (unweighted),ROC,0.15570175438596492,0.5681818181818182
Logistic Regression (unweighted),ROC,0.1600877192982456,0.5681818181818182
Logistic Regression (unweighted),ROC,0.1600877192982456,0.5795454545454546
Logistic Regression (unweighted),ROC,0.17105263157894737,0.5795454545454546
Logistic Regression (unweighted),ROC,0.17105263157894737,0.5909090909090909
Logistic Regression (unweighted),ROC,0.1787280701754386,0.5909090909090909
Logistic Regression (unweighted),ROC,0.1787280701754386,0.6022727272727273
Logistic Regression (unweighted),ROC,0.18201754385964913,0.6022727272727273
Logistic Regression (unweighted),ROC,0.18201754385964913,0.6136363636363636
Logistic Regression (unweighted),ROC,0.19407894736842105,0.6136363636363636
Logistic Regression (unweighted),ROC,0.19407894736842105,0.6363636363636364
Logistic Regression (unweighted),ROC,0.2138157894736842,0.6363636363636364
Logistic Regression (unweighted),ROC,0.2138157894736842,0.6477272727272727
Logistic Regression (unweighted),ROC,0.2149122807017544,0.6477272727272727
Logistic Regression (unweighted),ROC,0.2149122807017544,0.6590909090909091
Logistic Regression (unweighted),ROC,0.21820175438596492,0.6590909090909091
Logistic Regression (unweighted),ROC,0.21820175438596492,0.6704545454545454
Logistic Regression (unweighted),ROC,0.22478070175438597,0.6704545454545454
Logistic Regression (unweighted),ROC,0.22478070175438597,0.6818181818181818
Logistic Regression (unweighted),ROC,0.23135964912280702,0.6818181818181818
Logistic Regression (unweighted),ROC,0.23135964912280702,0.6931818181818182
Logistic Regression (unweighted),ROC,0.25109649122807015,0.6931818181818182
Logistic Regression (unweighted),ROC,0.25109649122807015,0.7159090909090909
Logistic Regression (unweighted),ROC,0.2730263157894737,0.7159090909090909
Logistic Regression (unweighted),ROC,0.2730263157894737,0.7272727272727273
Logistic Regression (unweighted),ROC,0.27631578947368424,0.7272727272727273
Logistic Regression (unweighted),ROC,0.27631578947368424,0.7386363636363636
Logistic Regression (unweighted),ROC,0.27850877192982454,0.7386363636363636
Logistic Regression (unweighted),ROC,0.27850877192982454,0.75
Logistic Regression (unweighted),ROC,0.27960526315789475,0.75
Logistic Regression (unweighted),ROC,0.27960526315789475,0.7613636363636364
Logistic Regression (unweighted),ROC,0.3168859649122807,0.7613636363636364
Logistic Regression (unweighted),ROC,0.3168859649122807,0.7727272727272727
Logistic Regression (unweighted),ROC,0.33881578947368424,0.7727272727272727
Logistic Regression (unweighted),ROC,0.33881578947368424,0.7840909090909091
Logistic Regression (unweighted),ROC,0.34978070175438597,0.7840909090909091
Logistic Regression (unweighted),ROC,0.34978070175438597,0.7954545454545454
Logistic Regression (unweighted),ROC,0.3519736842105263,0.7954545454545454
Logistic Regression (unweighted),ROC,0.3519736842105263,0.8068181818181818
Logistic Regression (unweighted),ROC,0.3541666666666667,0.8068181818181818
Logistic Regression (unweighted),ROC,0.3541666666666667,0.8181818181818182
Logistic Regression (unweighted),ROC,0.36293859649122806,0.8181818181818182
Logistic Regression (unweighted),ROC,0.36293859649122806,0.8295454545454546
Logistic Regression (unweighted),ROC,0.3673245614035088,0.8295454545454546
Logistic Regression (unweighted),ROC,0.3673245614035088,0.8522727272727273
Logistic Regression (unweighted),ROC,0.3706140350877193,0.8522727272727273
Logistic Regression (unweighted),ROC,0.3706140350877193,0.8636363636363636
Logistic Regression (unweighted),ROC,0.3815789473684211,0.8636363636363636
Logistic Regression (unweighted),ROC,0.3815789473684211,0.875
Logistic Regression (unweighted),ROC,0.3980263157894737,0.875
Logistic Regression (unweighted),ROC,0.3980263157894737,0.8863636363636364
Logistic Regression (unweighted),ROC,0.3991228070175439,0.8863636363636364
Logistic Regression (unweighted),ROC,0.3991228070175439,0.8977272727272727
Logistic Regression (unweighted),ROC,0.4243421052631579,0.8977272727272727
Logistic Regression (unweighted),ROC,0.4243421052631579,0.9090909090909091
Logistic Regression (unweighted),ROC,0.46600877192982454,0.9090909090909091
Logistic Regression (unweighted),ROC,0.46600877192982454,0.9204545454545454
Logistic Regression (unweighted),ROC,0.5054824561403509,0.9204545454545454
Logistic Regression (unweighted),ROC,0.5054824561403509,0.9318181818181818
Logistic Regression (unweighted),ROC,0.5537280701754386,0.9318181818181818
Logistic Regression (unweighted),ROC,0.5537280701754386,0.9431818181818182
Logistic Regression (unweighted),ROC,0.743421052631579,0.9431818181818182
Logistic Regression (unweighted),ROC,0.743421052631579,0.9545454545454546
Logistic Regression (unweighted),ROC,0.8388157894736842,0.9545454545454546
Logistic Regression (unweighted),ROC,0.8388157894736842,0.9659090909090909
Logistic Regression (unweighted),ROC,0.8421052631578947,0.9659090909090909
Logistic Regression (unweighted),ROC,0.8421052631578947,0.9772727272727273
Logistic Regression (unweighted),ROC,0.9462719298245614,0.9772727272727273
Logistic Regression (unweighted),ROC,0.9462719298245614,0.9886363636363636
Logistic Regression (unweighted),ROC,0.981359649122807,0.9886363636363636
Logistic Regression (unweighted),ROC,0.981359649122807,1.0
Logistic Regression (unweighted),ROC,1.0,1.0
Logistic Regression (unweighted),PR,1.0,0.088
Logistic Regression (unweighted),PR,1.0,0.08808808808808809
Logistic Regression (unweighted),PR,1.0,0.08817635270541083
Logistic Regression (unweighted),PR,1.0,0.08826479438314945
Logistic Regression (unweighted),PR,1.0,0.08835341365461848
Logistic Regression (unweighted),PR,1.0,0.08844221105527639
Logistic Regression (unweighted),PR,1.0,0.08853118712273642
Logistic Regression (unweighted),PR,1.0,0.08862034239677745
Logistic Regression (unweighted),PR,1.0,0.08870967741935484
Logistic Regression (unweighted),PR,1.0,0.08879919273461151
Logistic Regression (unweighted),PR,1.0,0.08888888888888889
Logistic Regression (unweighted),PR,1.0,0.08897876643073811
Logistic Regression (unweighted),PR,1.0,0.08906882591093117
Logistic Regression (unweighted),PR,1.0,0.08915906788247213
Logistic Regression (unweighted),PR,1.0,0.08924949290060852
Logistic Regression (unweighted),PR,1.0,0.08934010152284264
Logistic Regression (unweighted),PR,1.0,0.08943089430894309
Logistic Regression (unweighted),PR,1.0,0.08952187182095625
Logistic Regression (unweighted),PR,0.9886363636363636,0.08859470468431772
Logistic Regression (unweighted),PR,0.9886363636363636,0.08868501529051988
Logistic Regression (unweighted),PR,0.9886363636363636,0.08877551020408163
Logistic Regression (unweighted),PR,0.9886363636363636,0.0888661899897855
Logistic Regression (unweighted),PR,0.9886363636363636,0.08895705521472393
Logistic Regression (unweighted),PR,0.9886363636363636,0.08904810644831115
Logistic Regression (unweighted),PR,0.9886363636363636,0.08913934426229508
Logistic Regression (unweighted),PR,0.9886363636363636,0.08923076923076922
Logistic Regression (unweighted),PR,0.9886363636363636,0.08932238193018481
Logistic Regression (unweighted),PR,0.9886363636363636,0.08941418293936279
Logistic Regression (unweighted),PR,0.9886363636363636,0.08950617283950617
Logistic Regression (unweighted),PR,0.9886363636363636,0.08959835221421215
Logistic Regression (unweighted),PR,0.9886363636363636,0.08969072164948454
Logistic Regression (unweighted),PR,0.9886363636363636,0.08978328173374613
Logistic Regression (unweighted),PR,0.9886363636363636,0.08987603305785125
Logistic Regression (unweighted),PR,0.9886363636363636,0.08996897621509824
Logistic Regression (unweighted),PR,0.9886363636363636,0.09006211180124224
Logistic Regression (unweighted),PR,0.9886363636363636,0.09015544041450778
Logistic Regression (unweighted),PR,0.9886363636363636,0.09024896265560166
Logistic Regression (unweighted),PR,0.9886363636363636,0.09034267912772585
Logistic Regression (unweighted),PR,0.9886363636363636,0.09043659043659044
Logistic Regression (unweighted),PR,0.9886363636363636,0.09053069719042664
Logistic Regression (unweighted),PR,0.9886363636363636,0.090625
Logistic Regression (unweighted),PR,0.9886363636363636,0.09071949947862357
Logistic Regression (unweighted),PR,0.9886363636363636,0.09081419624217119
Logistic Regression (unweighted),PR,0.9886363636363636,0.09090909090909091
Logistic Regression (unweighted),PR,0.9886363636363636,0.09100418410041841
Logistic Regression (unweighted),PR,0.9886363636363636,0.09109947643979058
Logistic Regression (unweighted),PR,0.9886363636363636,0.09119496855345911
Logistic Regression (unweighted),PR,0.9886363636363636,0.0912906610703043
Logistic Regression (unweighted),PR,0.9886363636363636,0.09138655462184873
Logistic Regression (unweighted),PR,0.9886363636363636,0.0914826498422713
Logistic Regression (unweighted),PR,0.9886363636363636,0.09157894736842105
Logistic Regression (unweighted),PR,0.9772727272727273,0.09062170706006323
Logistic Regression (unweighted),PR,0.9772727272727273,0.09071729957805907
Logistic Regression (unweighted),PR,0.9772727272727273,0.0908130939809926
Logistic Regression (unweighted),PR,0.9772727272727273,0.09090909090909091
Logistic Regression (unweighted),PR,0.9772727272727273,0.091005291005291
Logistic Regression (unweighted),PR,0.9772727272727273,0.09110169491525423
Logistic Regression (unweighted),PR,0.9772727272727273,0.0911983032873807
Logistic Regression (unweighted),PR,0.9772727272727273,0.09129511677282377
Logistic Regression (unweighted),PR,0.9772727272727273,0.09139213602550478
Logistic Regression (unweighted),PR,0.9772727272727273,0.09148936170212765
Logistic Regression (unweighted),PR,0.9772727272727273,0.09158679446219382
Logistic Regression (unweighted),PR,0.9772727272727273,0.09168443496801706
Logistic Regression (unweighted),PR,0.9772727272727273,0.09178228388473852
Logistic Regression (unweighted),PR,0.9772727272727273,0.09188034188034189
Logistic Regression (unweighted),PR,0.9772727272727273,0.09197860962566845
Logistic Regression (unweighted),PR,0.9772727272727273,0.09207708779443255
Logistic Regression (unweighted),PR,0.9772727272727273,0.09217577706323687
Logistic Regression (unweighted),PR,0.9772727272727273,0.09227467811158799
Logistic Regression (unweighted),PR,0.9772727272727273,0.09237379162191192
Logistic Regression (unweighted),PR,0.9772727272727273,0.09247311827956989
Logistic Regression (unweighted),PR,0.9772727272727273,0.09257265877287406
Logistic Regression (unweighted),PR,0.9772727272727273,0.09267241379310345
Logistic Regression (unweighted),PR,0.9772727272727273,0.09277238403451996
Logistic Regression (unweighted),PR,0.9772727272727273,0.09287257019438445
Logistic Regression (unweighted),PR,0.9772727272727273,0.09297297297297297
Logistic Regression (unweighted),PR,0.9772727272727273,0.09307359307359307
Logistic Regression (unweighted),PR,0.9772727272727273,0.09317443120260022
Logistic Regression (unweighted),PR,0.9772727272727273,0.09327548806941431
Logistic Regression (unweighted),PR,0.9772727272727273,0.09337676438653637
Logistic Regression (unweighted),PR,0.9772727272727273,0.09347826086956522
Logistic Regression (unweighted),PR,0.9772727272727273,0.09357997823721437
Logistic Regression (unweighted),PR,0.9772727272727273,0.09368191721132897
Logistic Regression (unweighted),PR,0.9772727272727273,0.09378407851690294
Logistic Regression (unweighted),PR,0.9772727272727273,0.09388646288209607
Logistic Regression (unweighted),PR,0.9772727272727273,0.09398907103825137
Logistic Regression (unweighted),PR,0.9772727272727273,0.09409190371991247
Logistic Regression (unweighted),PR,0.9772727272727273,0.09419496166484119
Logistic Regression (unweighted),PR,0.9772727272727273,0.09429824561403509
Logistic Regression (unweighted),PR,0.9772727272727273,0.09440175631174534
Logistic Regression (unweighted),PR,0.9772727272727273,0.0945054945054945
Logistic Regression (unweighted),PR,0.9772727272727273,0.09460946094609461
Logistic Regression (unweighted),PR,0.9772727272727273,0.0947136563876652
Logistic Regression (unweighted),PR,0.9772727272727273,0.09481808158765159
Logistic Regression (unweighted),PR,0.9772727272727273,0.09492273730684327
Logistic Regression (unweighted),PR,0.9772727272727273,0.09502762430939227
Logistic Regression (unweighted),PR,0.9772727272727273,0.09513274336283185
Logistic Regression (unweighted),PR,0.9772727272727273,0.09523809523809523
Logistic Regression (unweighted),PR,0.9772727272727273,0.09534368070953436
Logistic Regression (unweighted),PR,0.9772727272727273,0.09544950055493896
Logistic Regression (unweighted),PR,0.9772727272727273,0.09555555555555556
Logistic Regression (unweighted),PR,0.9772727272727273,0.09566184649610679
Logistic Regression (unweighted),PR,0.9772727272727273,0.0957683741648107
Logistic Regression (unweighted),PR,0.9772727272727273,0.09587513935340022
Logistic Regression (unweighted),PR,0.9772727272727273,0.09598214285714286
Logistic Regression (unweighted),PR,0.9772727272727273,0.09608938547486033
Logistic Regression (unweighted),PR,0.9772727272727273,0.09619686800894854
Logistic Regression (unweighted),PR,0.9772727272727273,0.09630459126539753
Logistic Regression (unweighted),PR,0.9772727272727273,0.09641255605381166
Logistic Regression (unweighted),PR,0.9772727272727273,0.09652076318742986
Logistic Regression (unweighted),PR,0.9772727272727273,0.09662921348314607
Logistic Regression (unweighted),PR,0.9772727272727273,0.09673790776152981
Logistic Regression (unweighted),PR,0.9772727272727273,0.09684684684684684
Logistic Regression (unweighted),PR,0.9772727272727273,0.09695603156708005
Logistic Regression (unweighted),PR,0.9772727272727273,0.09706546275395034
Logistic Regression (unweighted),PR,0.9772727272727273,0.09717514124293786
Logistic Regression (unweighted),PR,0.9772727272727273,0.09728506787330317
Logistic Regression (unweighted),PR,0.9772727272727273,0.09739524348810873
Logistic Regression (unweighted),PR,0.9772727272727273,0.09750566893424037
Logistic Regression (unweighted),PR,0.9772727272727273,0.09761634506242906
Logistic Regression (unweighted),PR,0.9772727272727273,0.09772727272727273
Logistic Regression (unweighted),PR,0.9772727272727273,0.09783845278725825
Logistic Regression (unweighted),PR,0.9772727272727273,0.0979498861047836
Logistic Regression (unweighted),PR,0.9772727272727273,0.09806157354618016
Logistic Regression (unweighted),PR,0.9772727272727273,0.09817351598173515
Logistic Regression (unweighted),PR,0.9772727272727273,0.09828571428571428
Logistic Regression (unweighted),PR,0.9772727272727273,0.09839816933638444
Logistic Regression (unweighted),PR,0.9772727272727273,0.09851088201603665
Logistic Regression (unweighted),PR,0.9772727272727273,0.09862385321100918
Logistic Regression (unweighted),PR,0.9772727272727273,0.09873708381171067
Logistic Regression (unweighted),PR,0.9772727272727273,0.09885057471264368
Logistic Regression (unweighted),PR,0.9772727272727273,0.09896432681242807
Logistic Regression (unweighted),PR,0.9772727272727273,0.09907834101382489
Logistic Regression (unweighted),PR,0.9772727272727273,0.09919261822376009
Logistic Regression (unweighted),PR,0.9772727272727273,0.09930715935334873
Logistic Regression (unweighted),PR,0.9772727272727273,0.09942196531791908
Logistic Regression (unweighted),PR,0.9772727272727273,0.09953703703703703
Logistic Regression (unweighted),PR,0.9772727272727273,0.0996523754345307
Logistic Regression (unweighted),PR,0.9772727272727273,0.09976798143851508
Logistic Regression (unweighted),PR,0.9772727272727273,0.09988385598141696
Logistic Regression (unweighted),PR,0.9772727272727273,0.1
Logistic Regression (unweighted),PR,0.9772727272727273,0.10011641443538999
Logistic Regression (unweighted),PR,0.9772727272727273,0.10023310023310024
Logistic Regression (unweighted),PR,0.9772727272727273,0.10035005834305717
Logistic Regression (unweighted),PR,0.9772727272727273,0.10046728971962617
Logistic Regression (unweighted),PR,0.9772727272727273,0.10058479532163743
Logistic Regression (unweighted),PR,0.9772727272727273,0.10070257611241218
Logistic Regression (unweighted),PR,0.9659090909090909,0.09964830011723329
Logistic Regression (unweighted),PR,0.9659090909090909,0.09976525821596244
Logistic Regression (unweighted),PR,0.9659090909090909,0.099882491186839
Logistic Regression (unweighted),PR,0.9659090909090909,0.1
Logistic Regression (unweighted),PR,0.9545454545454546,0.0989399293286219
Logistic Regression (unweighted),PR,0.9545454545454546,0.09905660377358491
Logistic Regression (unweighted),PR,0.9545454545454546,0.09917355371900827
Logistic Regression (unweighted),PR,0.9545454545454546,0.09929078014184398
Logistic Regression (unweighted),PR,0.9545454545454546,0.09940828402366864
Logistic Regression (unweighted),PR,0.9545454545454546,0.0995260663507109
Logistic Regression (unweighted),PR,0.9545454545454546,0.099644128113879
Logistic Regression (unweighted),PR,0.9545454545454546,0.0997624703087886
Logistic Regression (unweighted),PR,0.9545454545454546,0.09988109393579073
Logistic Regression (unweighted),PR,0.9545454545454546,0.1
Logistic Regression (unweighted),PR,0.9545454545454546,0.10011918951132301
Logistic Regression (unweighted),PR,0.9545454545454546,0.10023866348448687
Logistic Regression (unweighted),PR,0.9545454545454546,0.1003584229390681
Logistic Regression (unweighted),PR,0.9545454545454546,0.10047846889952153
Logistic Regression (unweighted),PR,0.9545454545454546,0.10059880239520957
Logistic Regression (unweighted),PR,0.9545454545454546,0.10071942446043165
Logistic Regression (unweighted),PR,0.9545454545454546,0.10084033613445378
Logistic Regression (unweighted),PR,0.9545454545454546,0.10096153846153846
Logistic Regression (unweighted),PR,0.9545454545454546,0.10108303249097472
Logistic Regression (unweighted),PR,0.9545454545454546,0.10120481927710843
Logistic Regression (unweighted),PR,0.9545454545454546,0.10132689987937274
Logistic Regression (unweighted),PR,0.9545454545454546,0.10144927536231885
Logistic Regression (unweighted),PR,0.9545454545454546,0.10157194679564692
Logistic Regression (unweighted),PR,0.9545454545454546,0.1016949152542373
Logistic Regression (unweighted),PR,0.9545454545454546,0.10181818181818182
Logistic Regression (unweighted),PR,0.9545454545454546,0.10194174757281553
Logistic Regression (unweighted),PR,0.9545454545454546,0.10206561360874848
Logistic Regression (unweighted),PR,0.9545454545454546,0.10218978102189781
Logistic Regression (unweighted),PR,0.9545454545454546,0.1023142509135201
Logistic Regression (unweighted),PR,0.9545454545454546,0.1024390243902439
Logistic Regression (unweighted),PR,0.9545454545454546,0.10256410256410256
Logistic Regression (unweighted),PR,0.9545454545454546,0.10268948655256724
Logistic Regression (unweighted),PR,0.9545454545454546,0.10281517747858017
Logistic Regression (unweighted),PR,0.9545454545454546,0.10294117647058823
Logistic Regression (unweighted),PR,0.9545454545454546,0.10306748466257669
Logistic Regression (unweighted),PR,0.9545454545454546,0.10319410319410319
Logistic Regression (unweighted),PR,0.9545454545454546,0.1033210332103321
Logistic Regression (unweighted),PR,0.9545454545454546,0.10344827586206896
Logistic Regression (unweighted),PR,0.9545454545454546,0.10357583230579531
Logistic Regression (unweighted),PR,0.9545454545454546,0.1037037037037037
Logistic Regression (unweighted),PR,0.9545454545454546,0.103831891223733
Logistic Regression (unweighted),PR,0.9545454545454546,0.10396039603960396
Logistic Regression (unweighted),PR,0.9545454545454546,0.10408921933085502
Logistic Regression (unweighted),PR,0.9545454545454546,0.10421836228287841
Logistic Regression (unweighted),PR,0.9545454545454546,0.10434782608695652
Logistic Regression (unweighted),PR,0.9545454545454546,0.1044776119402985
Logistic Regression (unweighted),PR,0.9545454545454546,0.10460772104607721
Logistic Regression (unweighted),PR,0.9545454545454546,0.10473815461346633
Logistic Regression (unweighted),PR,0.9545454545454546,0.10486891385767791
Logistic Regression (unweighted),PR,0.9545454545454546,0.105
Logistic Regression (unweighted),PR,0.9545454545454546,0.10513141426783479
Logistic Regression (unweighted),PR,0.9545454545454546,0.10526315789473684
Logistic Regression (unweighted),PR,0.9545454545454546,0.1053952321204517
Logistic Regression (unweighted),PR,0.9545454545454546,0.10552763819095477
Logistic Regression (unweighted),PR,0.9545454545454546,0.10566037735849057
Logistic Regression (unweighted),PR,0.9545454545454546,0.10579345088161209
Logistic Regression (unweighted),PR,0.9545454545454546,0.10592686002522068
Logistic Regression (unweighted),PR,0.9545454545454546,0.10606060606060606
Logistic Regression (unweighted),PR,0.9545454545454546,0.10619469026548672
Logistic Regression (unweighted),PR,0.9545454545454546,0.10632911392405063
Logistic Regression (unweighted),PR,0.9545454545454546,0.10646387832699619
Logistic Regression (unweighted),PR,0.9545454545454546,0.1065989847715736
Logistic Regression (unweighted),PR,0.9545454545454546,0.10673443456162643
Logistic Regression (unweighted),PR,0.9545454545454546,0.10687022900763359
Logistic Regression (unweighted),PR,0.9545454545454546,0.1070063694267516
Logistic Regression (unweighted),PR,0.9545454545454546,0.10714285714285714
Logistic Regression (unweighted),PR,0.9545454545454546,0.10727969348659004
Logistic Regression (unweighted),PR,0.9545454545454546,0.10741687979539642
Logistic Regression (unweighted),PR,0.9545454545454546,0.10755441741357234
Logistic Regression (unweighted),PR,0.9545454545454546,0.1076923076923077
Logistic Regression (unweighted),PR,0.9545454545454546,0.10783055198973042
Logistic Regression (unweighted),PR,0.9545454545454546,0.10796915167095116
Logistic Regression (unweighted),PR,0.9545454545454546,0.10810810810810811
Logistic Regression (unweighted),PR,0.9545454545454546,0.10824742268041238
Logistic Regression (unweighted),PR,0.9545454545454546,0.10838709677419354
Logistic Regression (unweighted),PR,0.9545454545454546,0.10852713178294573
Logistic Regression (unweighted),PR,0.9545454545454546,0.10866752910737387
Logistic Regression (unweighted),PR,0.9545454545454546,0.10880829015544041
Logistic Regression (unweighted),PR,0.9545454545454546,0.10894941634241245
Logistic Regression (unweighted),PR,0.9545454545454546,0.10909090909090909
Logistic Regression (unweighted),PR,0.9545454545454546,0.10923276983094929
Logistic Regression (unweighted),PR,0.9545454545454546,0.109375
Logistic Regression (unweighted),PR,0.9545454545454546,0.10951760104302477
Logistic Regression (unweighted),PR,0.9545454545454546,0.10966057441253264
Logistic Regression (unweighted),PR,0.9545454545454546,0.10980392156862745
Logistic Regression (unweighted),PR,0.9545454545454546,0.1099476439790576
Logistic Regression (unweighted),PR,0.9545454545454546,0.11009174311926606
Logistic Regression (unweighted),PR,0.9545454545454546,0.11023622047244094
Logistic Regression (unweighted),PR,0.9431818181818182,0.10906701708278581
Logistic Regression (unweighted),PR,0.9431818181818182,0.10921052631578948
Logistic Regression (unweighted),PR,0.9431818181818182,0.10935441370223979
Logistic Regression (unweighted),PR,0.9431818181818182,0.10949868073878628
Logistic Regression (unweighted),PR,0.9431818181818182,0.1096433289299868
Logistic Regression (unweighted),PR,0.9431818181818182,0.10978835978835978
Logistic Regression (unweighted),PR,0.9431818181818182,0.10993377483443709
Logistic Regression (unweighted),PR,0.9431818181818182,0.11007957559681697
Logistic Regression (unweighted),PR,0.9431818181818182,0.1102257636122178
Logistic Regression (unweighted),PR,0.9431818181818182,0.11037234042553191
Logistic Regression (unweighted),PR,0.9431818181818182,0.11051930758988016
Logistic Regression (unweighted),PR,0.9431818181818182,0.11066666666666666
Logistic Regression (unweighted),PR,0.9431818181818182,0.11081441922563418
Logistic Regression (unweighted),PR,0.9431818181818182,0.11096256684491979
Logistic Regression (unweighted),PR,0.9431818181818182,0.1111111111111111
Logistic Regression (unweighted),PR,0.9431818181818182,0.11126005361930295
Logistic Regression (unweighted),PR,0.9431818181818182,0.11140939597315436
Logistic Regression (unweighted),PR,0.9431818181818182,0.11155913978494623
Logistic Regression (unweighted),PR,0.9431818181818182,0.1117092866756393
Logistic Regression (unweighted),PR,0.9431818181818182,0.11185983827493262
Logistic Regression (unweighted),PR,0.9431818181818182,0.11201079622132254
Logistic Regression (unweighted),PR,0.9431818181818182,0.11216216216216217
Logistic Regression (unweighted),PR,0.9431818181818182,0.11231393775372124
Logistic Regression (unweighted),PR,0.9431818181818182,0.11246612466124661
Logistic Regression (unweighted),PR,0.9431818181818182,0.11261872455902307
Logistic Regression (unweighted),PR,0.9431818181818182,0.11277173913043478
Logistic Regression (unweighted),PR,0.9431818181818182,0.11292517006802721
Logistic Regression (unweighted),PR,0.9431818181818182,0.11307901907356949
Logistic Regression (unweighted),PR,0.9431818181818182,0.11323328785811733
Logistic Regression (unweighted),PR,0.9431818181818182,0.1133879781420765
Logistic Regression (unweighted),PR,0.9431818181818182,0.11354309165526676
Logistic Regression (unweighted),PR,0.9431818181818182,0.1136986301369863
Logistic Regression (unweighted),PR,0.9431818181818182,0.11385459533607682
Logistic Regression (unweighted),PR,0.9431818181818182,0.11401098901098901
Logistic Regression (unweighted),PR,0.9431818181818182,0.11416781292984869
Logistic Regression (unweighted),PR,0.9431818181818182,0.11432506887052342
Logistic Regression (unweighted),PR,0.9431818181818182,0.11448275862068966
Logistic Regression (unweighted),PR,0.9431818181818182,0.11464088397790055
Logistic Regression (unweighted),PR,0.9431818181818182,0.11479944674965421
Logistic Regression (unweighted),PR,0.9431818181818182,0.1149584487534626
Logistic Regression (unweighted),PR,0.9431818181818182,0.11511789181692095
Logistic Regression (unweighted),PR,0.9431818181818182,0.11527777777777778
Logistic Regression (unweighted),PR,0.9431818181818182,0.11543810848400557
Logistic Regression (unweighted),PR,0.9431818181818182,0.11559888579387187
Logistic Regression (unweighted),PR,0.9431818181818182,0.11576011157601115
Logistic Regression (unweighted),PR,0.9431818181818182,0.11592178770949721
Logistic Regression (unweighted),PR,0.9431818181818182,0.11608391608391608
Logistic Regression (unweighted),PR,0.9431818181818182,0.11624649859943978
Logistic Regression (unweighted),PR,0.9431818181818182,0.11640953716690042
Logistic Regression (unweighted),PR,0.9431818181818182,0.11657303370786516
Logistic Regression (unweighted),PR,0.9431818181818182,0.11673699015471167
Logistic Regression (unweighted),PR,0.9431818181818182,0.11690140845070422
Logistic Regression (unweighted),PR,0.9431818181818182,0.11706629055007052
Logistic Regression (unweighted),PR,0.9431818181818182,0.1172316384180791
Logistic Regression (unweighted),PR,0.9431818181818182,0.1173974540311174
Logistic Regression (unweighted),PR,0.9431818181818182,0.11756373937677053
Logistic Regression (unweighted),PR,0.9431818181818182,0.11773049645390071
Logistic Regression (unweighted),PR,0.9431818181818182,0.11789772727272728
Logistic Regression (unweighted),PR,0.9431818181818182,0.11806543385490754
Logistic Regression (unweighted),PR,0.9431818181818182,0.11823361823361823
Logistic Regression (unweighted),PR,0.9431818181818182,0.11840228245363767
Logistic Regression (unweighted),PR,0.9431818181818182,0.11857142857142858
Logistic Regression (unweighted),PR,0.9431818181818182,0.11874105865522175
Logistic Regression (unweighted),PR,0.9431818181818182,0.11891117478510028
Logistic Regression (unweighted),PR,0.9431818181818182,0.11908177905308465
Logistic Regression (unweighted),PR,0.9431818181818182,0.11925287356321838
Logistic Regression (unweighted),PR,0.9431818181818182,0.11942446043165468
Logistic Regression (unweighted),PR,0.9431818181818182,0.11959654178674352
Logistic Regression (unweighted),PR,0.9431818181818182,0.11976911976911978
Logistic Regression (unweighted),PR,0.9431818181818182,0.1199421965317919
Logistic Regression (unweighted),PR,0.9431818181818182,0.12011577424023155
Logistic Regression (unweighted),PR,0.9431818181818182,0.12028985507246377
Logistic Regression (unweighted),PR,0.9431818181818182,0.1204644412191582
Logistic Regression (unweighted),PR,0.9431818181818182,0.12063953488372094
Logistic Regression (unweighted),PR,0.9431818181818182,0.12081513828238719
Logistic Regression (unweighted),PR,0.9431818181818182,0.12099125364431487
Logistic Regression (unweighted),PR,0.9431818181818182,0.12116788321167883
Logistic Regression (unweighted),PR,0.9431818181818182,0.12134502923976608
Logistic Regression (unweighted),PR,0.9431818181818182,0.12152269399707175
Logistic Regression (unweighted),PR,0.9431818181818182,0.1217008797653959
Logistic Regression (unweighted),PR,0.9431818181818182,0.12187958883994127
Logistic Regression (unweighted),PR,0.9431818181818182,0.12205882352941176
Logistic Regression (unweighted),PR,0.9431818181818182,0.12223858615611193
Logistic Regression (unweighted),PR,0.9431818181818182,0.1224188790560472
Logistic Regression (unweighted),PR,0.9431818181818182,0.12259970457902511
Logistic Regression (unweighted),PR,0.9431818181818182,0.1227810650887574
Logistic Regression (unweighted),PR,0.9431818181818182,0.12296296296296297
Logistic Regression (unweighted),PR,0.9431818181818182,0.12314540059347182
Logistic Regression (unweighted),PR,0.9431818181818182,0.12332838038632987
Logistic Regression (unweighted),PR,0.9431818181818182,0.12351190476190477
Logistic Regression (unweighted),PR,0.9431818181818182,0.12369597615499255
Logistic Regression (unweighted),PR,0.9431818181818182,0.12388059701492538
Logistic Regression (unweighted),PR,0.9431818181818182,0.12406576980568013
Logistic Regression (unweighted),PR,0.9431818181818182,0.12425149700598802
Logistic Regression (unweighted),PR,0.9431818181818182,0.12443778110944528
Logistic Regression (unweighted),PR,0.9431818181818182,0.12462462462462462
Logistic Regression (unweighted),PR,0.9431818181818182,0.12481203007518797
Logistic Regression (unweighted),PR,0.9431818181818182,0.125
Logistic Regression (unweighted),PR,0.9431818181818182,0.12518853695324283
Logistic Regression (unweighted),PR,0.9431818181818182,0.12537764350453173
Logistic Regression (unweighted),PR,0.9431818181818182,0.12556732223903178
Logistic Regression (unweighted),PR,0.9431818181818182,0.12575757575757576
Logistic Regression (unweighted),PR,0.9431818181818182,0.125948406676783
Logistic Regression (unweighted),PR,0.9431818181818182,0.12613981762917933
Logistic Regression (unweighted),PR,0.9431818181818182,0.1263318112633181
Logistic Regression (unweighted),PR,0.9431818181818182,0.12652439024390244
Logistic Regression (unweighted),PR,0.9431818181818182,0.1267175572519084
Logistic Regression (unweighted),PR,0.9431818181818182,0.12691131498470948
Logistic Regression (unweighted),PR,0.9431818181818182,0.12710566615620214
Logistic Regression (unweighted),PR,0.9431818181818182,0.1273006134969325
Logistic Regression (unweighted),PR,0.9431818181818182,0.12749615975422426
Logistic Regression (unweighted),PR,0.9431818181818182,0.1276923076923077
Logistic Regression (unweighted),PR,0.9431818181818182,0.12788906009244994
Logistic Regression (unweighted),PR,0.9431818181818182,0.12808641975308643
Logistic Regression (unweighted),PR,0.9431818181818182,0.12828438948995363
Logistic Regression (unweighted),PR,0.9431818181818182,0.12848297213622292
Logistic Regression (unweighted),PR,0.9431818181818182,0.12868217054263567
Logistic Regression (unweighted),PR,0.9431818181818182,0.12888198757763975
Logistic Regression (unweighted),PR,0.9431818181818182,0.1290824261275272
Logistic Regression (unweighted),PR,0.9431818181818182,0.1292834890965732
Logistic Regression (unweighted),PR,0.9431818181818182,0.1294851794071763
Logistic Regression (unweighted),PR,0.9431818181818182,0.1296875
Logistic Regression (unweighted),PR,0.9431818181818182,0.1298904538341158
Logistic Regression (unweighted),PR,0.9431818181818182,0.13009404388714735
Logistic Regression (unweighted),PR,0.9431818181818182,0.130298273155416
Logistic Regression (unweighted),PR,0.9431818181818182,0.13050314465408805
Logistic Regression (unweighted),PR,0.9431818181818182,0.13070866141732285
Logistic Regression (unweighted),PR,0.9431818181818182,0.1309148264984227
Logistic Regression (unweighted),PR,0.9431818181818182,0.13112164296998421
Logistic Regression (unweighted),PR,0.9431818181818182,0.13132911392405064
Logistic Regression (unweighted),PR,0.9431818181818182,0.13153724247226625
Logistic Regression (unweighted),PR,0.9431818181818182,0.13174603174603175
Logistic Regression (unweighted),PR,0.9431818181818182,0.13195548489666137
Logistic Regression (unweighted),PR,0.9431818181818182,0.1321656050955414
Logistic Regression (unweighted),PR,0.9431818181818182,0.13237639553429026
Logistic Regression (unweighted),PR,0.9431818181818182,0.13258785942492013
Logistic Regression (unweighted),PR,0.9431818181818182,0.1328
Logistic Regression (unweighted),PR,0.9431818181818182,0.1330128205128205
Logistic Regression (unweighted),PR,0.9431818181818182,0.1332263242375602
Logistic Regression (unweighted),PR,0.9431818181818182,0.13344051446945338
Logistic Regression (unweighted),PR,0.9431818181818182,0.13365539452495975
Logistic Regression (unweighted),PR,0.9431818181818182,0.1338709677419355
Logistic Regression (unweighted),PR,0.9431818181818182,0.13408723747980614
Logistic Regression (unweighted),PR,0.9431818181818182,0.1343042071197411
Logistic Regression (unweighted),PR,0.9431818181818182,0.13452188006482982
Logistic Regression (unweighted),PR,0.9431818181818182,0.13474025974025974
Logistic Regression (unweighted),PR,0.9431818181818182,0.13495934959349593
Logistic Regression (unweighted),PR,0.9431818181818182,0.13517915309446255
Logistic Regression (unweighted),PR,0.9431818181818182,0.13539967373572595
Logistic Regression (unweighted),PR,0.9431818181818182,0.13562091503267973
Logistic Regression (unweighted),PR,0.9431818181818182,0.13584288052373159
Logistic Regression (unweighted),PR,0.9431818181818182,0.1360655737704918
Logistic Regression (unweighted),PR,0.9431818181818182,0.13628899835796388
Logistic Regression (unweighted),PR,0.9431818181818182,0.13651315789473684
Logistic Regression (unweighted),PR,0.9431818181818182,0.13673805601317957
Logistic Regression (unweighted),PR,0.9431818181818182,0.13696369636963696
Logistic Regression (unweighted),PR,0.9431818181818182,0.1371900826446281
Logistic Regression (unweighted),PR,0.9431818181818182,0.13741721854304637
Logistic Regression (unweighted),PR,0.9431818181818182,0.13764510779436154
Logistic Regression (unweighted),PR,0.9431818181818182,0.1378737541528239
Logistic Regression (unweighted),PR,0.9431818181818182,0.13810316139767054
Logistic Regression (unweighted),PR,0.9431818181818182,0.13833333333333334
Logistic Regression (unweighted),PR,0.9431818181818182,0.13856427378964942
Logistic Regression (unweighted),PR,0.9431818181818182,0.13879598662207357
Logistic Regression (unweighted),PR,0.9431818181818182,0.1390284757118928
Logistic Regression (unweighted),PR,0.9431818181818182,0.13926174496644295
Logistic Regression (unweighted),PR,0.9431818181818182,0.13949579831932774
Logistic Regression (unweighted),PR,0.9431818181818182,0.13973063973063973
Logistic Regression (unweighted),PR,0.9431818181818182,0.1399662731871838
Logistic Regression (unweighted),PR,0.9431818181818182,0.14020270270270271
Logistic Regression (unweighted),PR,0.9431818181818182,0.1404399323181049
Logistic Regression (unweighted),PR,0.9431818181818182,0.14067796610169492
Logistic Regression (unweighted),PR,0.9431818181818182,0.14091680814940577
Logistic Regression (unweighted),PR,0.9431818181818182,0.141156462585034
Logistic Regression (unweighted),PR,0.9318181818181818,0.13969335604770017
Logistic Regression (unweighted),PR,0.9318181818181818,0.13993174061433447
Logistic Regression (unweighted),PR,0.9318181818181818,0.14017094017094017
Logistic Regression (unweighted),PR,0.9318181818181818,0.1404109589041096
Logistic Regression (unweighted),PR,0.9318181818181818,0.14065180102915953
Logistic Regression (unweighted),PR,0.9318181818181818,0.140893470790378
Logistic Regression (unweighted),PR,0.9318181818181818,0.14113597246127366
Logistic Regression (unweighted),PR,0.9318181818181818,0.1413793103448276
Logistic Regression (unweighted),PR,0.9318181818181818,0.14162348877374784
Logistic Regression (unweighted),PR,0.9318181818181818,0.14186851211072665
Logistic Regression (unweighted),PR,0.9318181818181818,0.14211438474870017
Logistic Regression (unweighted),PR,0.9318181818181818,0.1423611111111111
Logistic Regression (unweighted),PR,0.9318181818181818,0.1426086956521739
Logistic Regression (unweighted),PR,0.9318181818181818,0.14285714285714285
Logistic Regression (unweighted),PR,0.9318181818181818,0.1431064572425829
Logistic Regression (unweighted),PR,0.9318181818181818,0.14335664335664336
Logistic Regression (unweighted),PR,0.9318181818181818,0.1436077057793345
Logistic Regression (unweighted),PR,0.9318181818181818,0.14385964912280702
Logistic Regression (unweighted),PR,0.9318181818181818,0.14411247803163443
Logistic Regression (unweighted),PR,0.9318181818181818,0.1443661971830986
Logistic Regression (unweighted),PR,0.9318181818181818,0.14462081128747795
Logistic Regression (unweighted),PR,0.9318181818181818,0.14487632508833923
Logistic Regression (unweighted),PR,0.9318181818181818,0.14513274336283186
Logistic Regression (unweighted),PR,0.9318181818181818,0.1453900709219858
Logistic Regression (unweighted),PR,0.9318181818181818,0.14564831261101244
Logistic Regression (unweighted),PR,0.9318181818181818,0.14590747330960854
Logistic Regression (unweighted),PR,0.9318181818181818,0.14616755793226383
Logistic Regression (unweighted),PR,0.9318181818181818,0.14642857142857144
Logistic Regression (unweighted),PR,0.9318181818181818,0.14669051878354203
Logistic Regression (unweighted),PR,0.9318181818181818,0.14695340501792115
Logistic Regression (unweighted),PR,0.9318181818181818,0.14721723518850988
Logistic Regression (unweighted),PR,0.9318181818181818,0.1474820143884892
Logistic Regression (unweighted),PR,0.9318181818181818,0.14774774774774774
Logistic Regression (unweighted),PR,0.9318181818181818,0.148014440433213
Logistic Regression (unweighted),PR,0.9318181818181818,0.14828209764918626
Logistic Regression (unweighted),PR,0.9318181818181818,0.14855072463768115
Logistic Regression (unweighted),PR,0.9318181818181818,0.14882032667876588
Logistic Regression (unweighted),PR,0.9318181818181818,0.14909090909090908
Logistic Regression (unweighted),PR,0.9318181818181818,0.1493624772313297
Logistic Regression (unweighted),PR,0.9318181818181818,0.14963503649635038
Logistic Regression (unweighted),PR,0.9318181818181818,0.14990859232175502
Logistic Regression (unweighted),PR,0.9318181818181818,0.15018315018315018
Logistic Regression (unweighted),PR,0.9318181818181818,0.15045871559633028
Logistic Regression (unweighted),PR,0.9318181818181818,0.15073529411764705
Logistic Regression (unweighted),PR,0.9318181818181818,0.15101289134438306
Logistic Regression (unweighted),PR,0.9204545454545454,0.14944649446494465
Logistic Regression (unweighted),PR,0.9204545454545454,0.14972273567467653
Logistic Regression (unweighted),PR,0.9204545454545454,0.15
Logistic Regression (unweighted),PR,0.9204545454545454,0.150278293135436
Logistic Regression (unweighted),PR,0.9204545454545454,0.15055762081784388
Logistic Regression (unweighted),PR,0.9204545454545454,0.15083798882681565
Logistic Regression (unweighted),PR,0.9204545454545454,0.15111940298507462
Logistic Regression (unweighted),PR,0.9204545454545454,0.15140186915887852
Logistic Regression (unweighted),PR,0.9204545454545454,0.15168539325842698
Logistic Regression (unweighted),PR,0.9204545454545454,0.15196998123827393
Logistic Regression (unweighted),PR,0.9204545454545454,0.15225563909774437
Logistic Regression (unweighted),PR,0.9204545454545454,0.15254237288135594
Logistic Regression (unweighted),PR,0.9204545454545454,0.15283018867924528
Logistic Regression (unweighted),PR,0.9204545454545454,0.15311909262759923
Logistic Regression (unweighted),PR,0.9204545454545454,0.1534090909090909
Logistic Regression (unweighted),PR,0.9204545454545454,0.15370018975332067
Logistic Regression (unweighted),PR,0.9204545454545454,0.15399239543726237
Logistic Regression (unweighted),PR,0.9204545454545454,0.15428571428571428
Logistic Regression (unweighted),PR,0.9204545454545454,0.15458015267175573
Logistic Regression (unweighted),PR,0.9204545454545454,0.15487571701720843
Logistic Regression (unweighted),PR,0.9204545454545454,0.15517241379310345
Logistic Regression (unweighted),PR,0.9204545454545454,0.15547024952015356
Logistic Regression (unweighted),PR,0.9204545454545454,0.15576923076923077
Logistic Regression (unweighted),PR,0.9204545454545454,0.15606936416184972
Logistic Regression (unweighted),PR,0.9204545454545454,0.15637065637065636
Logistic Regression (unweighted),PR,0.9204545454545454,0.15667311411992263
Logistic Regression (unweighted),PR,0.9204545454545454,0.1569767441860465
Logistic Regression (unweighted),PR,0.9204545454545454,0.15728155339805824
Logistic Regression (unweighted),PR,0.9204545454545454,0.1575875486381323
Logistic Regression (unweighted),PR,0.9204545454545454,0.15789473684210525
Logistic Regression (unweighted),PR,0.9204545454545454,0.158203125
Logistic Regression (unweighted),PR,0.9204545454545454,0.15851272015655576
Logistic Regression (unweighted),PR,0.9204545454545454,0.1588235294117647
Logistic Regression (unweighted),PR,0.9204545454545454,0.15913555992141454
Logistic Regression (unweighted),PR,0.9204545454545454,0.1594488188976378
Logistic Regression (unweighted),PR,0.9204545454545454,0.15976331360946747
Logistic Regression (unweighted),PR,0.9204545454545454,0.1600790513833992
Logistic Regression (unweighted),PR,0.9090909090909091,0.15841584158415842
Logistic Regression (unweighted),PR,0.9090909090909091,0.15873015873015872
Logistic Regression (unweighted),PR,0.9090909090909091,0.15904572564612326
Logistic Regression (unweighted),PR,0.9090909090909091,0.1593625498007968
Logistic Regression (unweighted),PR,0.9090909090909091,0.1596806387225549
Logistic Regression (unweighted),PR,0.9090909090909091,0.16
Logistic Regression (unweighted),PR,0.9090909090909091,0.16032064128256512
Logistic Regression (unweighted),PR,0.9090909090909091,0.1606425702811245
Logistic Regression (unweighted),PR,0.9090909090909091,0.16096579476861167
Logistic Regression (unweighted),PR,0.9090909090909091,0.16129032258064516
Logistic Regression (unweighted),PR,0.9090909090909091,0.16161616161616163
Logistic Regression (unweighted),PR,0.9090909090909091,0.16194331983805668
Logistic Regression (unweighted),PR,0.9090909090909091,0.16227180527383367
Logistic Regression (unweighted),PR,0.9090909090909091,0.16260162601626016
Logistic Regression (unweighted),PR,0.9090909090909091,0.1629327902240326
Logistic Regression (unweighted),PR,0.9090909090909091,0.16326530612244897
Logistic Regression (unweighted),PR,0.9090909090909091,0.16359918200409
Logistic Regression (unweighted),PR,0.9090909090909091,0.16393442622950818
Logistic Regression (unweighted),PR,0.9090909090909091,0.16427104722792607
Logistic Regression (unweighted),PR,0.9090909090909091,0.1646090534979424
Logistic Regression (unweighted),PR,0.9090909090909091,0.16494845360824742
Logistic Regression (unweighted),PR,0.9090909090909091,0.1652892561983471
Logistic Regression (unweighted),PR,0.9090909090909091,0.16563146997929606
Logistic Regression (unweighted),PR,0.9090909090909091,0.16597510373443983
Logistic Regression (unweighted),PR,0.9090909090909091,0.16632016632016633
Logistic Regression (unweighted),PR,0.9090909090909091,0.16666666666666666
Logistic Regression (unweighted),PR,0.9090909090909091,0.16701461377870563
Logistic Regression (unweighted),PR,0.9090909090909091,0.16736401673640167
Logistic Regression (unweighted),PR,0.9090909090909091,0.16771488469601678
Logistic Regression (unweighted),PR,0.9090909090909091,0.16806722689075632
Logistic Regression (unweighted),PR,0.9090909090909091,0.16842105263157894
Logistic Regression (unweighted),PR,0.9090909090909091,0.16877637130801687
Logistic Regression (unweighted),PR,0.9090909090909091,0.16913319238900634
Logistic Regression (unweighted),PR,0.9090909090909091,0.1694915254237288
Logistic Regression (unweighted),PR,0.9090909090909091,0.16985138004246284
Logistic Regression (unweighted),PR,0.9090909090909091,0.1702127659574468
Logistic Regression (unweighted),PR,0.9090909090909091,0.17057569296375266
Logistic Regression (unweighted),PR,0.9090909090909091,0.17094017094017094
Logistic Regression (unweighted),PR,0.9090909090909091,0.17130620985010706
Logistic Regression (unweighted),PR,0.8977272727272727,0.16952789699570817
Logistic Regression (unweighted),PR,0.8977272727272727,0.16989247311827957
Logistic Regression (unweighted),PR,0.8977272727272727,0.17025862068965517
Logistic Regression (unweighted),PR,0.8977272727272727,0.17062634989200864
Logistic Regression (unweighted),PR,0.8977272727272727,0.170995670995671
Logistic Regression (unweighted),PR,0.8977272727272727,0.17136659436008678
Logistic Regression (unweighted),PR,0.8977272727272727,0.17173913043478262
Logistic Regression (unweighted),PR,0.8977272727272727,0.1721132897603486
Logistic Regression (unweighted),PR,0.8977272727272727,0.17248908296943233
Logistic Regression (unweighted),PR,0.8977272727272727,0.17286652078774617
Logistic Regression (unweighted),PR,0.8977272727272727,0.17324561403508773
Logistic Regression (unweighted),PR,0.8977272727272727,0.17362637362637362
Logistic Regression (unweighted),PR,0.8977272727272727,0.17400881057268722
Logistic Regression (unweighted),PR,0.8977272727272727,0.17439293598233996
Logistic Regression (unweighted),PR,0.8977272727272727,0.1747787610619469
Logistic Regression (unweighted),PR,0.8977272727272727,0.17516629711751663
Logistic Regression (unweighted),PR,0.8977272727272727,0.17555555555555555
Logistic Regression (unweighted),PR,0.8977272727272727,0.1759465478841871
Logistic Regression (unweighted),PR,0.8977272727272727,0.17633928571428573
Logistic Regression (unweighted),PR,0.8977272727272727,0.1767337807606264
Logistic Regression (unweighted),PR,0.8977272727272727,0.17713004484304934
Logistic Regression (unweighted),PR,0.8977272727272727,0.17752808988764046
Logistic Regression (unweighted),PR,0.8977272727272727,0.17792792792792791
Logistic Regression (unweighted),PR,0.8977272727272727,0.17832957110609482
Logistic Regression (unweighted),PR,0.8863636363636364,0.17647058823529413
Logistic Regression (unweighted),PR,0.8863636363636364,0.17687074829931973
Logistic Regression (unweighted),PR,0.875,0.175
Logistic Regression (unweighted),PR,0.875,0.17539863325740318
Logistic Regression (unweighted),PR,0.875,0.17579908675799086
Logistic Regression (unweighted),PR,0.875,0.17620137299771166
Logistic Regression (unweighted),PR,0.875,0.17660550458715596
Logistic Regression (unweighted),PR,0.875,0.17701149425287357
Logistic Regression (unweighted),PR,0.875,0.1774193548387097
Logistic Regression (unweighted),PR,0.875,0.17782909930715934
Logistic Regression (unweighted),PR,0.875,0.17824074074074073
Logistic Regression (unweighted),PR,0.875,0.17865429234338748
Logistic Regression (unweighted),PR,0.875,0.17906976744186046
Logistic Regression (unweighted),PR,0.875,0.1794871794871795
Logistic Regression (unweighted),PR,0.875,0.17990654205607476
Logistic Regression (unweighted),PR,0.875,0.18032786885245902
Logistic Regression (unweighted),PR,0.875,0.1807511737089202
Logistic Regression (unweighted),PR,0.875,0.1811764705882353
Logistic Regression (unweighted),PR,0.8636363636363636,0.1792452830188679
Logistic Regression (unweighted),PR,0.8636363636363636,0.17966903073286053
Logistic Regression (unweighted),PR,0.8636363636363636,0.18009478672985782
Logistic Regression (unweighted),PR,0.8636363636363636,0.18052256532066507
Logistic Regression (unweighted),PR,0.8636363636363636,0.18095238095238095
Logistic Regression (unweighted),PR,0.8636363636363636,0.18138424821002386
Logistic Regression (unweighted),PR,0.8636363636363636,0.18181818181818182
Logistic Regression (unweighted),PR,0.8636363636363636,0.18225419664268586
Logistic Regression (unweighted),PR,0.8636363636363636,0.18269230769230768
Logistic Regression (unweighted),PR,0.8636363636363636,0.18313253012048192
Logistic Regression (unweighted),PR,0.8636363636363636,0.18357487922705315
Logistic Regression (unweighted),PR,0.8522727272727273,0.18159806295399517
Logistic Regression (unweighted),PR,0.8522727272727273,0.1820388349514563
Logistic Regression (unweighted),PR,0.8522727272727273,0.18248175182481752
Logistic Regression (unweighted),PR,0.8522727272727273,0.18292682926829268
Logistic Regression (unweighted),PR,0.8409090909090909,0.18092909535452323
Logistic Regression (unweighted),PR,0.8295454545454546,0.17892156862745098
Logistic Regression (unweighted),PR,0.8295454545454546,0.17936117936117937
Logistic Regression (unweighted),PR,0.8295454545454546,0.17980295566502463
Logistic Regression (unweighted),PR,0.8295454545454546,0.18024691358024691
Logistic Regression (unweighted),PR,0.8295454545454546,0.1806930693069307
Logistic Regression (unweighted),PR,0.8181818181818182,0.17866004962779156
Logistic Regression (unweighted),PR,0.8181818181818182,0.1791044776119403
Logistic Regression (unweighted),PR,0.8181818181818182,0.17955112219451372
Logistic Regression (unweighted),PR,0.8181818181818182,0.18
Logistic Regression (unweighted),PR,0.8181818181818182,0.18045112781954886
Logistic Regression (unweighted),PR,0.8181818181818182,0.18090452261306533
Logistic Regression (unweighted),PR,0.8181818181818182,0.181360201511335
Logistic Regression (unweighted),PR,0.8181818181818182,0.18181818181818182
Logistic Regression (unweighted),PR,0.8181818181818182,0.18227848101265823
Logistic Regression (unweighted),PR,0.8068181818181818,0.1802030456852792
Logistic Regression (unweighted),PR,0.8068181818181818,0.1806615776081425
Logistic Regression (unweighted),PR,0.8068181818181818,0.18112244897959184
Logistic Regression (unweighted),PR,0.7954545454545454,0.17902813299232737
Logistic Regression (unweighted),PR,0.7954545454545454,0.1794871794871795
Logistic Regression (unweighted),PR,0.7954545454545454,0.17994858611825193
Logistic Regression (unweighted),PR,0.7840909090909091,0.17783505154639176
Logistic Regression (unweighted),PR,0.7840909090909091,0.17829457364341086
Logistic Regression (unweighted),PR,0.7840909090909091,0.17875647668393782
Logistic Regression (unweighted),PR,0.7840909090909091,0.17922077922077922
Logistic Regression (unweighted),PR,0.7840909090909091,0.1796875
Logistic Regression (unweighted),PR,0.7840909090909091,0.1801566579634465
Logistic Regression (unweighted),PR,0.7840909090909091,0.1806282722513089
Logistic Regression (unweighted),PR,0.7840909090909091,0.18110236220472442
Logistic Regression (unweighted),PR,0.7840909090909091,0.18157894736842106
Logistic Regression (unweighted),PR,0.7840909090909091,0.1820580474934037
Logistic Regression (unweighted),PR,0.7840909090909091,0.18253968253968253
Logistic Regression (unweighted),PR,0.7727272727272727,0.18037135278514588
Logistic Regression (unweighted),PR,0.7727272727272727,0.18085106382978725
Logistic Regression (unweighted),PR,0.7727272727272727,0.18133333333333335
Logistic Regression (unweighted),PR,0.7727272727272727,0.18181818181818182
Logistic Regression (unweighted),PR,0.7727272727272727,0.18230563002680966
Logistic Regression (unweighted),PR,0.7727272727272727,0.1827956989247312
Logistic Regression (unweighted),PR,0.7727272727272727,0.18328840970350405
Logistic Regression (unweighted),PR,0.7727272727272727,0.1837837837837838
Logistic Regression (unweighted),PR,0.7727272727272727,0.1842818428184282
Logistic Regression (unweighted),PR,0.7727272727272727,0.18478260869565216
Logistic Regression (unweighted),PR,0.7727272727272727,0.18528610354223432
Logistic Regression (unweighted),PR,0.7727272727272727,0.18579234972677597
Logistic Regression (unweighted),PR,0.7727272727272727,0.1863013698630137
Logistic Regression (unweighted),PR,0.7727272727272727,0.18681318681318682
Logistic Regression (unweighted),PR,0.7727272727272727,0.18732782369146006
Logistic Regression (unweighted),PR,0.7727272727272727,0.1878453038674033
Logistic Regression (unweighted),PR,0.7727272727272727,0.1883656509695291
Logistic Regression (unweighted),PR,0.7727272727272727,0.18888888888888888
Logistic Regression (unweighted),PR,0.7727272727272727,0.1894150417827298
Logistic Regression (unweighted),PR,0.7727272727272727,0.18994413407821228
Logistic Regression (unweighted),PR,0.7727272727272727,0.19047619047619047
Logistic Regression (unweighted),PR,0.7613636363636364,0.18820224719101122
Logistic Regression (unweighted),PR,0.7613636363636364,0.18873239436619718
Logistic Regression (unweighted),PR,0.7613636363636364,0.18926553672316385
Logistic Regression (unweighted),PR,0.7613636363636364,0.18980169971671387
Logistic Regression (unweighted),PR,0.7613636363636364,0.1903409090909091
Logistic Regression (unweighted),PR,0.7613636363636364,0.1908831908831909
Logistic Regression (unweighted),PR,0.7613636363636364,0.19142857142857142
Logistic Regression (unweighted),PR,0.7613636363636364,0.19197707736389685
Logistic Regression (unweighted),PR,0.7613636363636364,0.1925287356321839
Logistic Regression (unweighted),PR,0.7613636363636364,0.1930835734870317
Logistic Regression (unweighted),PR,0.7613636363636364,0.1936416184971098
Logistic Regression (unweighted),PR,0.7613636363636364,0.19420289855072465
Logistic Regression (unweighted),PR,0.7613636363636364,0.19476744186046513
Logistic Regression (unweighted),PR,0.7613636363636364,0.19533527696793002
Logistic Regression (unweighted),PR,0.7613636363636364,0.195906432748538
Logistic Regression (unweighted),PR,0.7613636363636364,0.19648093841642228
Logistic Regression (unweighted),PR,0.7613636363636364,0.19705882352941176
Logistic Regression (unweighted),PR,0.7613636363636364,0.1976401179941003
Logistic Regression (unweighted),PR,0.7613636363636364,0.19822485207100593
Logistic Regression (unweighted),PR,0.7613636363636364,0.19881305637982197
Logistic Regression (unweighted),PR,0.7613636363636364,0.19940476190476192
Logistic Regression (unweighted),PR,0.7613636363636364,0.2
Logistic Regression (unweighted),PR,0.7613636363636364,0.20059880239520958
Logistic Regression (unweighted),PR,0.7613636363636364,0.2012012012012012
Logistic Regression (unweighted),PR,0.7613636363636364,0.20180722891566266
Logistic Regression (unweighted),PR,0.7613636363636364,0.20241691842900303
Logistic Regression (unweighted),PR,0.7613636363636364,0.20303030303030303
Logistic Regression (unweighted),PR,0.7613636363636364,0.20364741641337386
Logistic Regression (unweighted),PR,0.7613636363636364,0.20426829268292682
Logistic Regression (unweighted),PR,0.7613636363636364,0.20489296636085627
Logistic Regression (unweighted),PR,0.7613636363636364,0.20552147239263804
Logistic Regression (unweighted),PR,0.7613636363636364,0.20615384615384616
Logistic Regression (unweighted),PR,0.7613636363636364,0.20679012345679013
Logistic Regression (unweighted),PR,0.7613636363636364,0.20743034055727555
Logistic Regression (unweighted),PR,0.7613636363636364,0.2080745341614907
Logistic Regression (unweighted),PR,0.75,0.205607476635514
Logistic Regression (unweighted),PR,0.75,0.20625
Logistic Regression (unweighted),PR,0.7386363636363636,0.20376175548589343
Logistic Regression (unweighted),PR,0.7386363636363636,0.20440251572327045
Logistic Regression (unweighted),PR,0.7386363636363636,0.20504731861198738
Logistic Regression (unweighted),PR,0.7272727272727273,0.20253164556962025
Logistic Regression (unweighted),PR,0.7272727272727273,0.20317460317460317
Logistic Regression (unweighted),PR,0.7272727272727273,0.20382165605095542
Logistic Regression (unweighted),PR,0.7272727272727273,0.20447284345047922
Logistic Regression (unweighted),PR,0.7159090909090909,0.20192307692307693
Logistic Regression (unweighted),PR,0.7159090909090909,0.20257234726688103
Logistic Regression (unweighted),PR,0.7159090909090909,0.2032258064516129
Logistic Regression (unweighted),PR,0.7159090909090909,0.20388349514563106
Logistic Regression (unweighted),PR,0.7159090909090909,0.20454545454545456
Logistic Regression (unweighted),PR,0.7159090909090909,0.20521172638436483
Logistic Regression (unweighted),PR,0.7159090909090909,0.20588235294117646
Logistic Regression (unweighted),PR,0.7159090909090909,0.20655737704918034
Logistic Regression (unweighted),PR,0.7159090909090909,0.20723684210526316
Logistic Regression (unweighted),PR,0.7159090909090909,0.2079207920792079
Logistic Regression (unweighted),PR,0.7159090909090909,0.20860927152317882
Logistic Regression (unweighted),PR,0.7159090909090909,0.20930232558139536
Logistic Regression (unweighted),PR,0.7159090909090909,0.21
Logistic Regression (unweighted),PR,0.7159090909090909,0.21070234113712374
Logistic Regression (unweighted),PR,0.7159090909090909,0.21140939597315436
Logistic Regression (unweighted),PR,0.7159090909090909,0.21212121212121213
Logistic Regression (unweighted),PR,0.7159090909090909,0.21283783783783783
Logistic Regression (unweighted),PR,0.7159090909090909,0.2135593220338983
Logistic Regression (unweighted),PR,0.7159090909090909,0.21428571428571427
Logistic Regression (unweighted),PR,0.7159090909090909,0.2150170648464164
Logistic Regression (unweighted),PR,0.7159090909090909,0.21575342465753425
Logistic Regression (unweighted),PR,0.7045454545454546,0.21305841924398625
Logistic Regression (unweighted),PR,0.6931818181818182,0.2103448275862069
Logistic Regression (unweighted),PR,0.6931818181818182,0.21107266435986158
Logistic Regression (unweighted),PR,0.6931818181818182,0.21180555555555555
Logistic Regression (unweighted),PR,0.6931818181818182,0.21254355400696864
Logistic Regression (unweighted),PR,0.6931818181818182,0.21328671328671328
Logistic Regression (unweighted),PR,0.6931818181818182,0.21403508771929824
Logistic Regression (unweighted),PR,0.6931818181818182,0.2147887323943662
Logistic Regression (unweighted),PR,0.6931818181818182,0.21554770318021202
Logistic Regression (unweighted),PR,0.6931818181818182,0.21631205673758866
Logistic Regression (unweighted),PR,0.6931818181818182,0.21708185053380782
Logistic Regression (unweighted),PR,0.6931818181818182,0.21785714285714286
Logistic Regression (unweighted),PR,0.6931818181818182,0.21863799283154123
Logistic Regression (unweighted),PR,0.6931818181818182,0.21942446043165467
Logistic Regression (unweighted),PR,0.6931818181818182,0.22021660649819494
Logistic Regression (unweighted),PR,0.6931818181818182,0.2210144927536232
Logistic Regression (unweighted),PR,0.6931818181818182,0.22181818181818183
Logistic Regression (unweighted),PR,0.6931818181818182,0.22262773722627738
Logistic Regression (unweighted),PR,0.6931818181818182,0.22344322344322345
Logistic Regression (unweighted),PR,0.6931818181818182,0.22426470588235295
Logistic Regression (unweighted),PR,0.6818181818181818,0.22140221402214022
Logistic Regression (unweighted),PR,0.6818181818181818,0.2222222222222222
Logistic Regression (unweighted),PR,0.6818181818181818,0.22304832713754646
Logistic Regression (unweighted),PR,0.6818181818181818,0.22388059701492538
Logistic Regression (unweighted),PR,0.6818181818181818,0.2247191011235955
Logistic Regression (unweighted),PR,0.6818181818181818,0.22556390977443608
Logistic Regression (unweighted),PR,0.6818181818181818,0.22641509433962265
Logistic Regression (unweighted),PR,0.6704545454545454,0.22348484848484848
Logistic Regression (unweighted),PR,0.6704545454545454,0.22433460076045628
Logistic Regression (unweighted),PR,0.6704545454545454,0.22519083969465647
Logistic Regression (unweighted),PR,0.6704545454545454,0.2260536398467433
Logistic Regression (unweighted),PR,0.6704545454545454,0.22692307692307692
Logistic Regression (unweighted),PR,0.6704545454545454,0.2277992277992278
Logistic Regression (unweighted),PR,0.6704545454545454,0.22868217054263565
Logistic Regression (unweighted),PR,0.6590909090909091,0.22568093385214008
Logistic Regression (unweighted),PR,0.6590909090909091,0.2265625
Logistic Regression (unweighted),PR,0.6590909090909091,0.22745098039215686
Logistic Regression (unweighted),PR,0.6590909090909091,0.2283464566929134
Logistic Regression (unweighted),PR,0.6477272727272727,0.22529644268774704
Logistic Regression (unweighted),PR,0.6477272727272727,0.2261904761904762
Logistic Regression (unweighted),PR,0.6363636363636364,0.22310756972111553
Logistic Regression (unweighted),PR,0.6363636363636364,0.224
Logistic Regression (unweighted),PR,0.6363636363636364,0.2248995983935743
Logistic Regression (unweighted),PR,0.6363636363636364,0.22580645161290322
Logistic Regression (unweighted),PR,0.6363636363636364,0.22672064777327935
Logistic Regression (unweighted),PR,0.6363636363636364,0.22764227642276422
Logistic Regression (unweighted),PR,0.6363636363636364,0.22857142857142856
Logistic Regression (unweighted),PR,0.6363636363636364,0.22950819672131148
Logistic Regression (unweighted),PR,0.6363636363636364,0.23045267489711935
Logistic Regression (unweighted),PR,0.6363636363636364,0.23140495867768596
Logistic Regression (unweighted),PR,0.6363636363636364,0.23236514522821577
Logistic Regression (unweighted),PR,0.6363636363636364,0.23333333333333334
Logistic Regression (unweighted),PR,0.6363636363636364,0.23430962343096234
Logistic Regression (unweighted),PR,0.6363636363636364,0.23529411764705882
Logistic Regression (unweighted),PR,0.6363636363636364,0.23628691983122363
Logistic Regression (unweighted),PR,0.6363636363636364,0.23728813559322035
Logistic Regression (unweighted),PR,0.6363636363636364,0.23829787234042554
Logistic Regression (unweighted),PR,0.6363636363636364,0.23931623931623933
Logistic Regression (unweighted),PR,0.6363636363636364,0.24034334763948498
Logistic Regression (unweighted),PR,0.625,0.23706896551724138
Logistic Regression (unweighted),PR,0.6136363636363636,0.23376623376623376
Logistic Regression (unweighted),PR,0.6136363636363636,0.23478260869565218
Logistic Regression (unweighted),PR,0.6136363636363636,0.23580786026200873
Logistic Regression (unweighted),PR,0.6136363636363636,0.23684210526315788
Logistic Regression (unweighted),PR,0.6136363636363636,0.23788546255506607
Logistic Regression (unweighted),PR,0.6136363636363636,0.23893805309734514
Logistic Regression (unweighted),PR,0.6136363636363636,0.24
Logistic Regression (unweighted),PR,0.6136363636363636,0.24107142857142858
Logistic Regression (unweighted),PR,0.6136363636363636,0.242152466367713
Logistic Regression (unweighted),PR,0.6136363636363636,0.24324324324324326
Logistic Regression (unweighted),PR,0.6136363636363636,0.24434389140271492
Logistic Regression (unweighted),PR,0.6136363636363636,0.24545454545454545
Logistic Regression (unweighted),PR,0.6022727272727273,0.2420091324200913
Logistic Regression (unweighted),PR,0.6022727272727273,0.24311926605504589
Logistic Regression (unweighted),PR,0.6022727272727273,0.24423963133640553
Logistic Regression (unweighted),PR,0.6022727272727273,0.24537037037037038
Logistic Regression (unweighted),PR,0.5909090909090909,0.24186046511627907
Logistic Regression (unweighted),PR,0.5909090909090909,0.24299065420560748
Logistic Regression (unweighted),PR,0.5909090909090909,0.24413145539906103
Logistic Regression (unweighted),PR,0.5909090909090909,0.24528301886792453
Logistic Regression (unweighted),PR,0.5909090909090909,0.24644549763033174
Logistic Regression (unweighted),PR,0.5909090909090909,0.24761904761904763
Logistic Regression (unweighted),PR,0.5909090909090909,0.24880382775119617
Logistic Regression (unweighted),PR,0.5909090909090909,0.25
Logistic Regression (unweighted),PR,0.5795454545454546,0.2463768115942029
Logistic Regression (unweighted),PR,0.5795454545454546,0.24757281553398058
Logistic Regression (unweighted),PR,0.5795454545454546,0.24878048780487805
Logistic Regression (unweighted),PR,0.5795454545454546,0.25
Logistic Regression (unweighted),PR,0.5795454545454546,0.2512315270935961
Logistic Regression (unweighted),PR,0.5795454545454546,0.2524752475247525
Logistic Regression (unweighted),PR,0.5795454545454546,0.2537313432835821
Logistic Regression (unweighted),PR,0.5795454545454546,0.255
Logistic Regression (unweighted),PR,0.5795454545454546,0.2562814070351759
Logistic Regression (unweighted),PR,0.5795454545454546,0.25757575757575757
Logistic Regression (unweighted),PR,0.5795454545454546,0.25888324873096447
Logistic Regression (unweighted),PR,0.5681818181818182,0.25510204081632654
Logistic Regression (unweighted),PR,0.5681818181818182,0.2564102564102564
Logistic Regression (unweighted),PR,0.5681818181818182,0.25773195876288657
Logistic Regression (unweighted),PR,0.5681818181818182,0.25906735751295334
Logistic Regression (unweighted),PR,0.5681818181818182,0.2604166666666667
Logistic Regression (unweighted),PR,0.5568181818181818,0.25654450261780104
Logistic Regression (unweighted),PR,0.5568181818181818,0.2578947368421053
Logistic Regression (unweighted),PR,0.5568181818181818,0.25925925925925924
Logistic Regression (unweighted),PR,0.5568181818181818,0.26063829787234044
Logistic Regression (unweighted),PR,0.5568181818181818,0.2620320855614973
Logistic Regression (unweighted),PR,0.5568181818181818,0.26344086021505375
Logistic Regression (unweighted),PR,0.5568181818181818,0.2648648648648649
Logistic Regression (unweighted),PR,0.5568181818181818,0.266304347826087
Logistic Regression (unweighted),PR,0.5568181818181818,0.2677595628415301
Logistic Regression (unweighted),PR,0.5454545454545454,0.26373626373626374
Logistic Regression (unweighted),PR,0.5454545454545454,0.26519337016574585
Logistic Regression (unweighted),PR,0.5454545454545454,0.26666666666666666
Logistic Regression (unweighted),PR,0.5454545454545454,0.2681564245810056
Logistic Regression (unweighted),PR,0.5454545454545454,0.2696629213483146
Logistic Regression (unweighted),PR,0.5454545454545454,0.2711864406779661
Logistic Regression (unweighted),PR,0.5454545454545454,0.2727272727272727
Logistic Regression (unweighted),PR,0.5454545454545454,0.2742857142857143
Logistic Regression (unweighted),PR,0.5340909090909091,0.27011494252873564
Logistic Regression (unweighted),PR,0.5227272727272727,0.2658959537572254
Logistic Regression (unweighted),PR,0.5227272727272727,0.26744186046511625
Logistic Regression (unweighted),PR,0.5227272727272727,0.26900584795321636
Logistic Regression (unweighted),PR,0.5227272727272727,0.27058823529411763
Logistic Regression (unweighted),PR,0.5227272727272727,0.27218934911242604
Logistic Regression (unweighted),PR,0.5227272727272727,0.27380952380952384
Logistic Regression (unweighted),PR,0.5113636363636364,0.2694610778443114
Logistic Regression (unweighted),PR,0.5113636363636364,0.2710843373493976
Logistic Regression (unweighted),PR,0.5,0.26666666666666666
Logistic Regression (unweighted),PR,0.5,0.2682926829268293
Logistic Regression (unweighted),PR,0.5,0.26993865030674846
Logistic Regression (unweighted),PR,0.5,0.2716049382716049
Logistic Regression (unweighted),PR,0.5,0.2732919254658385
Logistic Regression (unweighted),PR,0.5,0.275
Logistic Regression (unweighted),PR,0.5,0.27672955974842767
Logistic Regression (unweighted),PR,0.5,0.27848101265822783
Logistic Regression (unweighted),PR,0.5,0.2802547770700637
Logistic Regression (unweighted),PR,0.5,0.28205128205128205
Logistic Regression (unweighted),PR,0.5,0.2838709677419355
Logistic Regression (unweighted),PR,0.5,0.2857142857142857
Logistic Regression (unweighted),PR,0.5,0.2875816993464052
Logistic Regression (unweighted),PR,0.5,0.2894736842105263
Logistic Regression (unweighted),PR,0.5,0.2913907284768212
Logistic Regression (unweighted),PR,0.48863636363636365,0.2866666666666667
Logistic Regression (unweighted),PR,0.48863636363636365,0.28859060402684567
Logistic Regression (unweighted),PR,0.48863636363636365,0.2905405405405405
Logistic Regression (unweighted),PR,0.4772727272727273,0.2857142857142857
Logistic Regression (unweighted),PR,0.4772727272727273,0.2876712328767123
Logistic Regression (unweighted),PR,0.4772727272727273,0.2896551724137931
Logistic Regression (unweighted),PR,0.4772727272727273,0.2916666666666667
Logistic Regression (unweighted),PR,0.4772727272727273,0.2937062937062937
Logistic Regression (unweighted),PR,0.4772727272727273,0.29577464788732394
Logistic Regression (unweighted),PR,0.4772727272727273,0.2978723404255319
Logistic Regression (unweighted),PR,0.4772727272727273,0.3
Logistic Regression (unweighted),PR,0.4772727272727273,0.302158273381295
Logistic Regression (unweighted),PR,0.4772727272727273,0.30434782608695654
Logistic Regression (unweighted),PR,0.4772727272727273,0.30656934306569344
Logistic Regression (unweighted),PR,0.4772727272727273,0.3088235294117647
Logistic Regression (unweighted),PR,0.4659090909090909,0.3037037037037037
Logistic Regression (unweighted),PR,0.45454545454545453,0.29850746268656714
Logistic Regression (unweighted),PR,0.45454545454545453,0.3007518796992481
Logistic Regression (unweighted),PR,0.45454545454545453,0.30303030303030304
Logistic Regression (unweighted),PR,0.4431818181818182,0.29770992366412213
Logistic Regression (unweighted),PR,0.4431818181818182,0.3
Logistic Regression (unweighted),PR,0.4431818181818182,0.3023255813953488
Logistic Regression (unweighted),PR,0.4431818181818182,0.3046875
Logistic Regression (unweighted),PR,0.4431818181818182,0.30708661417322836
Logistic Regression (unweighted),PR,0.4431818181818182,0.30952380952380953
Logistic Regression (unweighted),PR,0.4431818181818182,0.312
Logistic Regression (unweighted),PR,0.4431818181818182,0.31451612903225806
Logistic Regression (unweighted),PR,0.4318181818181818,0.3089430894308943
Logistic Regression (unweighted),PR,0.42045454545454547,0.30327868852459017
Logistic Regression (unweighted),PR,0.42045454545454547,0.30578512396694213
Logistic Regression (unweighted),PR,0.42045454545454547,0.30833333333333335
Logistic Regression (unweighted),PR,0.42045454545454547,0.31092436974789917
Logistic Regression (unweighted),PR,0.42045454545454547,0.3135593220338983
Logistic Regression (unweighted),PR,0.4090909090909091,0.3076923076923077
Logistic Regression (unweighted),PR,0.4090909090909091,0.3103448275862069
Logistic Regression (unweighted),PR,0.4090909090909091,0.3130434782608696
Logistic Regression (unweighted),PR,0.4090909090909091,0.3157894736842105
Logistic Regression (unweighted),PR,0.4090909090909091,0.3185840707964602
Logistic Regression (unweighted),PR,0.4090909090909091,0.32142857142857145
Logistic Regression (unweighted),PR,0.4090909090909091,0.32432432432432434
Logistic Regression (unweighted),PR,0.3977272727272727,0.3181818181818182
Logistic Regression (unweighted),PR,0.3977272727272727,0.3211009174311927
Logistic Regression (unweighted),PR,0.3977272727272727,0.32407407407407407
Logistic Regression (unweighted),PR,0.38636363636363635,0.3177570093457944
Logistic Regression (unweighted),PR,0.38636363636363635,0.32075471698113206
Logistic Regression (unweighted),PR,0.38636363636363635,0.3238095238095238
Logistic Regression (unweighted),PR,0.38636363636363635,0.3269230769230769
Logistic Regression (unweighted),PR,0.38636363636363635,0.3300970873786408
Logistic Regression (unweighted),PR,0.38636363636363635,0.3333333333333333
Logistic Regression (unweighted),PR,0.38636363636363635,0.33663366336633666
Logistic Regression (unweighted),PR,0.38636363636363635,0.34
Logistic Regression (unweighted),PR,0.38636363636363635,0.3434343434343434
Logistic Regression (unweighted),PR,0.375,0.336734693877551
Logistic Regression (unweighted),PR,0.36363636363636365,0.32989690721649484
Logistic Regression (unweighted),PR,0.36363636363636365,0.3333333333333333
Logistic Regression (unweighted),PR,0.3522727272727273,0.3263157894736842
Logistic Regression (unweighted),PR,0.3522727272727273,0.32978723404255317
Logistic Regression (unweighted),PR,0.3522727272727273,0.3333333333333333
Logistic Regression (unweighted),PR,0.3522727272727273,0.33695652173913043
Logistic Regression (unweighted),PR,0.3522727272727273,0.34065934065934067
Logistic Regression (unweighted),PR,0.3522727272727273,0.34444444444444444
Logistic Regression (unweighted),PR,0.3409090909090909,0.33707865168539325
Logistic Regression (unweighted),PR,0.3409090909090909,0.3409090909090909
Logistic Regression (unweighted),PR,0.3409090909090909,0.3448275862068966
Logistic Regression (unweighted),PR,0.3409090909090909,0.3488372093023256
Logistic Regression (unweighted),PR,0.32954545454545453,0.3411764705882353
Logistic Regression (unweighted),PR,0.32954545454545453,0.34523809523809523
Logistic Regression (unweighted),PR,0.32954545454545453,0.3493975903614458
Logistic Regression (unweighted),PR,0.3181818181818182,0.34146341463414637
Logistic Regression (unweighted),PR,0.3181818181818182,0.345679012345679
Logistic Regression (unweighted),PR,0.3068181818181818,0.3375
Logistic Regression (unweighted),PR,0.3068181818181818,0.34177215189873417
Logistic Regression (unweighted),PR,0.3068181818181818,0.34615384615384615
Logistic Regression (unweighted),PR,0.3068181818181818,0.35064935064935066
Logistic Regression (unweighted),PR,0.29545454545454547,0.34210526315789475
Logistic Regression (unweighted),PR,0.29545454545454547,0.3466666666666667
Logistic Regression (unweighted),PR,0.2840909090909091,0.33783783783783783
Logistic Regression (unweighted),PR,0.2727272727272727,0.3287671232876712
Logistic Regression (unweighted),PR,0.26136363636363635,0.3194444444444444
Logistic Regression (unweighted),PR,0.25,0.30985915492957744
Logistic Regression (unweighted),PR,0.25,0.3142857142857143
Logistic Regression (unweighted),PR,0.25,0.3188405797101449
Logistic Regression (unweighted),PR,0.23863636363636365,0.3088235294117647
Logistic Regression (unweighted),PR,0.23863636363636365,0.31343283582089554
Logistic Regression (unweighted),PR,0.22727272727272727,0.30303030303030304
Logistic Regression (unweighted),PR,0.22727272727272727,0.3076923076923077
Logistic Regression (unweighted),PR,0.2159090909090909,0.296875
Logistic Regression (unweighted),PR,0.2159090909090909,0.30158730158730157
Logistic Regression (unweighted),PR,0.2159090909090909,0.3064516129032258
Logistic Regression (unweighted),PR,0.2159090909090909,0.3114754098360656
Logistic Regression (unweighted),PR,0.2159090909090909,0.31666666666666665
Logistic Regression (unweighted),PR,0.2159090909090909,0.3220338983050847
Logistic Regression (unweighted),PR,0.2159090909090909,0.3275862068965517
Logistic Regression (unweighted),PR,0.2159090909090909,0.3333333333333333
Logistic Regression (unweighted),PR,0.20454545454545456,0.32142857142857145
Logistic Regression (unweighted),PR,0.20454545454545456,0.32727272727272727
Logistic Regression (unweighted),PR,0.19318181818181818,0.3148148148148148
Logistic Regression (unweighted),PR,0.19318181818181818,0.32075471698113206
Logistic Regression (unweighted),PR,0.19318181818181818,0.3269230769230769
Logistic Regression (unweighted),PR,0.19318181818181818,0.3333333333333333
Logistic Regression (unweighted),PR,0.19318181818181818,0.34
Logistic Regression (unweighted),PR,0.19318181818181818,0.3469387755102041
Logistic Regression (unweighted),PR,0.19318181818181818,0.3541666666666667
Logistic Regression (unweighted),PR,0.19318181818181818,0.3617021276595745
Logistic Regression (unweighted),PR,0.19318181818181818,0.3695652173913043
Logistic Regression (unweighted),PR,0.19318181818181818,0.37777777777777777
Logistic Regression (unweighted),PR,0.19318181818181818,0.38636363636363635
Logistic Regression (unweighted),PR,0.18181818181818182,0.37209302325581395
Logistic Regression (unweighted),PR,0.18181818181818182,0.38095238095238093
Logistic Regression (unweighted),PR,0.17045454545454544,0.36585365853658536
Logistic Regression (unweighted),PR,0.17045454545454544,0.375
Logistic Regression (unweighted),PR,0.17045454545454544,0.38461538461538464
Logistic Regression (unweighted),PR,0.17045454545454544,0.39473684210526316
Logistic Regression (unweighted),PR,0.1590909090909091,0.3783783783783784
Logistic Regression (unweighted),PR,0.1590909090909091,0.3888888888888889
Logistic Regression (unweighted),PR,0.1590909090909091,0.4
Logistic Regression (unweighted),PR,0.1590909090909091,0.4117647058823529
Logistic Regression (unweighted),PR,0.1590909090909091,0.42424242424242425
Logistic Regression (unweighted),PR,0.1590909090909091,0.4375
Logistic Regression (unweighted),PR,0.1590909090909091,0.45161290322580644
Logistic Regression (unweighted),PR,0.1590909090909091,0.4666666666666667
Logistic Regression (unweighted),PR,0.14772727272727273,0.4482758620689655
Logistic Regression (unweighted),PR,0.14772727272727273,0.4642857142857143
Logistic Regression (unweighted),PR,0.13636363636363635,0.4444444444444444
Logistic Regression (unweighted),PR,0.125,0.4230769230769231
Logistic Regression (unweighted),PR,0.125,0.44
Logistic Regression (unweighted),PR,0.11363636363636363,0.4166666666666667
Logistic Regression (unweighted),PR,0.11363636363636363,0.43478260869565216
Logistic Regression (unweighted),PR,0.11363636363636363,0.45454545454545453
Logistic Regression (unweighted),PR,0.11363636363636363,0.47619047619047616
Logistic Regression (unweighted),PR,0.10227272727272728,0.45
Logistic Regression (unweighted),PR,0.09090909090909091,0.42105263157894735
Logistic Regression (unweighted),PR,0.09090909090909091,0.4444444444444444
Logistic Regression (unweighted),PR,0.09090909090909091,0.47058823529411764
Logistic Regression (unweighted),PR,0.09090909090909091,0.5
Logistic Regression (unweighted),PR,0.09090909090909091,0.5333333333333333
Logistic Regression (unweighted),PR,0.07954545454545454,0.5
Logistic Regression (unweighted),PR,0.06818181818181818,0.46153846153846156
Logistic Regression (unweighted),PR,0.056818181818181816,0.4166666666666667
Logistic Regression (unweighted),PR,0.056818181818181816,0.45454545454545453
Logistic Regression (unweighted),PR,0.056818181818181816,0.5
Logistic Regression (unweighted),PR,0.056818181818181816,0.5555555555555556
Logistic Regression (unweighted),PR,0.056818181818181816,0.625
Logistic Regression (unweighted),PR,0.056818181818181816,0.7142857142857143
Logistic Regression (unweighted),PR,0.056818181818181816,0.8333333333333334
Logistic Regression (unweighted),PR,0.045454545454545456,0.8
Logistic Regression (unweighted),PR,0.045454545454545456,1.0
Logistic Regression (unweighted),PR,0.03409090909090909,1.0
Logistic Regression (unweighted),PR,0.022727272727272728,1.0
Logistic Regression (unweighted),PR,0.011363636363636364,1.0
Logistic Regression (unweighted),PR,0.0,1.0
Decision Tree (unweighted),ROC,0.0,0.0
Decision Tree (unweighted),ROC,0.006578947368421052,0.056818181818181816
Decision Tree (unweighted),ROC,0.008771929824561403,0.056818181818181816
Decision Tree (unweighted),ROC,0.015350877192982455,0.11363636363636363
Decision Tree (unweighted),ROC,0.02412280701754386,0.1590909090909091
Decision Tree (unweighted),ROC,0.039473684210526314,0.23863636363636365
Decision Tree (unweighted),ROC,0.044956140350877194,0.26136363636363635
Decision Tree (unweighted),ROC,0.10416666666666667,0.4090909090909091
Decision Tree (unweighted),ROC,0.12719298245614036,0.5113636363636364
Decision Tree (unweighted),ROC,0.14692982456140352,0.5340909090909091
Decision Tree (unweighted),ROC,0.24013157894736842,0.8181818181818182
Decision Tree (unweighted),ROC,0.24780701754385964,0.8181818181818182
Decision Tree (unweighted),ROC,0.2543859649122807,0.8181818181818182
Decision Tree (unweighted),ROC,0.25877192982456143,0.8636363636363636
Decision Tree (unweighted),ROC,0.2993421052631579,0.8977272727272727
Decision Tree (unweighted),ROC,0.33114035087719296,0.8977272727272727
Decision Tree (unweighted),ROC,0.38706140350877194,0.8977272727272727
Decision Tree (unweighted),ROC,0.4144736842105263,0.8977272727272727
Decision Tree (unweighted),ROC,0.42543859649122806,0.8977272727272727
Decision Tree (unweighted),ROC,0.625,0.9431818181818182
Decision Tree (unweighted),ROC,0.9396929824561403,0.9886363636363636
Decision Tree (unweighted),ROC,1.0,1.0
Decision Tree (unweighted),PR,1.0,0.088
Decision Tree (unweighted),PR,0.9886363636363636,0.09216101694915255
Decision Tree (unweighted),PR,0.9431818181818182,0.12710566615620214
Decision Tree (unweighted),PR,0.8977272727272727,0.16916488222698073
Decision Tree (unweighted),PR,0.8977272727272727,0.17286652078774617
Decision Tree (unweighted),PR,0.8977272727272727,0.18287037037037038
Decision Tree (unweighted),PR,0.8977272727272727,0.2073490813648294
Decision Tree (unweighted),PR,0.8977272727272727,0.22443181818181818
Decision Tree (unweighted),PR,0.8636363636363636,0.24358974358974358
Decision Tree (unweighted),PR,0.8181818181818182,0.23684210526315788
Decision Tree (unweighted),PR,0.8181818181818182,0.24161073825503357
Decision Tree (unweighted),PR,0.8181818181818182,0.24742268041237114
Decision Tree (unweighted),PR,0.5340909090909091,0.2596685082872928
Decision Tree (unweighted),PR,0.5113636363636364,0.2795031055900621
Decision Tree (unweighted),PR,0.4090909090909091,0.2748091603053435
Decision Tree (unweighted),PR,0.26136363636363635,0.359375
Decision Tree (unweighted),PR,0.23863636363636365,0.3684210526315789
Decision Tree (unweighted),PR,0.1590909090909091,0.3888888888888889
Decision Tree (unweighted),PR,0.11363636363636363,0.4166666666666667
Decision Tree (unweighted),PR,0.056818181818181816,0.38461538461538464
Decision Tree (unweighted),PR,0.056818181818181816,0.45454545454545453
Decision Tree (unweighted),PR,0.0,1.0
Random Forest (unweighted),ROC,0.0,0.0
Random Forest (unweighted),ROC,0.0,0.011363636363636364
Random Forest (unweighted),ROC,0.0010964912280701754,0.011363636363636364
Random Forest (unweighted),ROC,0.0010964912280701754,0.022727272727272728
Random Forest (unweighted),ROC,0.003289473684210526,0.022727272727272728
Random Forest (unweighted),ROC,0.003289473684210526,0.03409090909090909
Random Forest (unweighted),ROC,0.0043859649122807015,0.03409090909090909
Random Forest (unweighted),ROC,0.0043859649122807015,0.045454545454545456
Random Forest (unweighted),ROC,0.008771929824561403,0.045454545454545456
Random Forest (unweighted),ROC,0.008771929824561403,0.07954545454545454
Random Forest (unweighted),ROC,0.010964912280701754,0.07954545454545454
Random Forest (unweighted),ROC,0.010964912280701754,0.09090909090909091
Random Forest (unweighted),ROC,0.01206140350877193,0.09090909090909091
Random Forest (unweighted),ROC,0.01206140350877193,0.10227272727272728
Random Forest (unweighted),ROC,0.013157894736842105,0.10227272727272728
Random Forest (unweighted),ROC,0.013157894736842105,0.11363636363636363
Random Forest (unweighted),ROC,0.015350877192982455,0.11363636363636363
Random Forest (unweighted),ROC,0.015350877192982455,0.125
Random Forest (unweighted),ROC,0.017543859649122806,0.125
Random Forest (unweighted),ROC,0.017543859649122806,0.13636363636363635
Random Forest (unweighted),ROC,0.019736842105263157,0.13636363636363635
Random Forest (unweighted),ROC,0.019736842105263157,0.14772727272727273
Random Forest (unweighted),ROC,0.025219298245614034,0.14772727272727273
Random Forest (unweighted),ROC,0.025219298245614034,0.1590909090909091
Random Forest (unweighted),ROC,0.027412280701754384,0.1590909090909091
Random Forest (unweighted),ROC,0.027412280701754384,0.17045454545454544
Random Forest (unweighted),ROC,0.029605263157894735,0.17045454545454544
Random Forest (unweighted),ROC,0.029605263157894735,0.18181818181818182
Random Forest (unweighted),ROC,0.03070175438596491,0.18181818181818182
Random Forest (unweighted),ROC,0.03070175438596491,0.19318181818181818
Random Forest (unweighted),ROC,0.03508771929824561,0.19318181818181818
Random Forest (unweighted),ROC,0.03508771929824561,0.20454545454545456
Random Forest (unweighted),ROC,0.03618421052631579,0.20454545454545456
Random Forest (unweighted),ROC,0.03618421052631579,0.2159090909090909
Random Forest (unweighted),ROC,0.03728070175438596,0.2159090909090909
Random Forest (unweighted),ROC,0.03728070175438596,0.22727272727272727
Random Forest (unweighted),ROC,0.04276315789473684,0.22727272727272727
Random Forest (unweighted),ROC,0.04276315789473684,0.23863636363636365
Random Forest (unweighted),ROC,0.043859649122807015,0.23863636363636365
Random Forest (unweighted),ROC,0.043859649122807015,0.25
Random Forest (unweighted),ROC,0.05263157894736842,0.25
Random Forest (unweighted),ROC,0.05263157894736842,0.26136363636363635
Random Forest (unweighted),ROC,0.0537280701754386,0.26136363636363635
Random Forest (unweighted),ROC,0.0537280701754386,0.2727272727272727
Random Forest (unweighted),ROC,0.05482456140350877,0.2727272727272727
Random Forest (unweighted),ROC,0.05482456140350877,0.2840909090909091
Random Forest (unweighted),ROC,0.05921052631578947,0.2840909090909091
Random Forest (unweighted),ROC,0.05921052631578947,0.29545454545454547
Random Forest (unweighted),ROC,0.06359649122807018,0.29545454545454547
Random Forest (unweighted),ROC,0.06359649122807018,0.3181818181818182
Random Forest (unweighted),ROC,0.06469298245614036,0.3181818181818182
Random Forest (unweighted),ROC,0.06469298245614036,0.3522727272727273
Random Forest (unweighted),ROC,0.07346491228070176,0.3522727272727273
Random Forest (unweighted),ROC,0.07346491228070176,0.36363636363636365
Random Forest (unweighted),ROC,0.07456140350877193,0.36363636363636365
Random Forest (unweighted),ROC,0.07456140350877193,0.3977272727272727
Random Forest (unweighted),ROC,0.0756578947368421,0.3977272727272727
Random Forest (unweighted),ROC,0.0756578947368421,0.4090909090909091
Random Forest (unweighted),ROC,0.08881578947368421,0.4090909090909091
Random Forest (unweighted),ROC,0.08881578947368421,0.42045454545454547
Random Forest (unweighted),ROC,0.09320175438596491,0.42045454545454547
Random Forest (unweighted),ROC,0.09320175438596491,0.45454545454545453
Random Forest (unweighted),ROC,0.09429824561403509,0.45454545454545453
Random Forest (unweighted),ROC,0.09429824561403509,0.4659090909090909
Random Forest (unweighted),ROC,0.09868421052631579,0.4659090909090909
Random Forest (unweighted),ROC,0.09868421052631579,0.48863636363636365
Random Forest (unweighted),ROC,0.09978070175438597,0.48863636363636365
Random Forest (unweighted),ROC,0.09978070175438597,0.5227272727272727
Random Forest (unweighted),ROC,0.10416666666666667,0.5227272727272727
Random Forest (unweighted),ROC,0.10416666666666667,0.5340909090909091
Random Forest (unweighted),ROC,0.10855263157894737,0.5340909090909091
Random Forest (unweighted),ROC,0.10855263157894737,0.5454545454545454
Random Forest (unweighted),ROC,0.1162280701754386,0.5454545454545454
Random Forest (unweighted),ROC,0.1162280701754386,0.5568181818181818
Random Forest (unweighted),ROC,0.11732456140350878,0.5568181818181818
Random Forest (unweighted),ROC,0.11732456140350878,0.5795454545454546
Random Forest (unweighted),ROC,0.13157894736842105,0.5795454545454546
Random Forest (unweighted),ROC,0.13157894736842105,0.5909090909090909
Random Forest (unweighted),ROC,0.13596491228070176,0.5909090909090909
Random Forest (unweighted),ROC,0.13596491228070176,0.625
Random Forest (unweighted),ROC,0.14692982456140352,0.625
Random Forest (unweighted),ROC,0.14692982456140352,0.6363636363636364
Random Forest (unweighted),ROC,0.1600877192982456,0.6363636363636364
Random Forest (unweighted),ROC,0.1600877192982456,0.6477272727272727
Random Forest (unweighted),ROC,0.17543859649122806,0.6477272727272727
Random Forest (unweighted),ROC,0.17543859649122806,0.6590909090909091
Random Forest (unweighted),ROC,0.18530701754385964,0.6590909090909091
Random Forest (unweighted),ROC,0.18530701754385964,0.6704545454545454
Random Forest (unweighted),ROC,0.19078947368421054,0.6704545454545454
Random Forest (unweighted),ROC,0.19078947368421054,0.6818181818181818
Random Forest (unweighted),ROC,0.19517543859649122,0.6818181818181818
Random Forest (unweighted),ROC,0.19517543859649122,0.6931818181818182
Random Forest (unweighted),ROC,0.20833333333333334,0.6931818181818182
Random Forest (unweighted),ROC,0.20833333333333334,0.7045454545454546
Random Forest (unweighted),ROC,0.20942982456140352,0.7045454545454546
Random Forest (unweighted),ROC,0.20942982456140352,0.7159090909090909
Random Forest (unweighted),ROC,0.2149122807017544,0.7159090909090909
Random Forest (unweighted),ROC,0.2149122807017544,0.7272727272727273
Random Forest (unweighted),ROC,0.21820175438596492,0.7272727272727273
Random Forest (unweighted),ROC,0.21820175438596492,0.7386363636363636
Random Forest (unweighted),ROC,0.23464912280701755,0.7386363636363636
Random Forest (unweighted),ROC,0.23464912280701755,0.7613636363636364
Random Forest (unweighted),ROC,0.23903508771929824,0.7613636363636364
Random Forest (unweighted),ROC,0.23903508771929824,0.7727272727272727
Random Forest (unweighted),ROC,0.2412280701754386,0.7727272727272727
Random Forest (unweighted),ROC,0.2412280701754386,0.7840909090909091
Random Forest (unweighted),ROC,0.24451754385964913,0.7840909090909091
Random Forest (unweighted),ROC,0.24451754385964913,0.7954545454545454
Random Forest (unweighted),ROC,0.24561403508771928,0.7954545454545454
Random Forest (unweighted),ROC,0.24561403508771928,0.8068181818181818
Random Forest (unweighted),ROC,0.24780701754385964,0.8068181818181818
Random Forest (unweighted),ROC,0.24780701754385964,0.8181818181818182
Random Forest (unweighted),ROC,0.25,0.8181818181818182
Random Forest (unweighted),ROC,0.25,0.8295454545454546
Random Forest (unweighted),ROC,0.25219298245614036,0.8295454545454546
Random Forest (unweighted),ROC,0.25219298245614036,0.8409090909090909
Random Forest (unweighted),ROC,0.2532894736842105,0.8409090909090909
Random Forest (unweighted),ROC,0.2532894736842105,0.8522727272727273
Random Forest (unweighted),ROC,0.25548245614035087,0.8522727272727273
Random Forest (unweighted),ROC,0.25548245614035087,0.8636363636363636
Random Forest (unweighted),ROC,0.2631578947368421,0.8636363636363636
Random Forest (unweighted),ROC,0.2631578947368421,0.875
Random Forest (unweighted),ROC,0.35855263157894735,0.875
Random Forest (unweighted),ROC,0.35855263157894735,0.8863636363636364
Random Forest (unweighted),ROC,0.38377192982456143,0.8863636363636364
Random Forest (unweighted),ROC,0.38377192982456143,0.8977272727272727
Random Forest (unweighted),ROC,0.42543859649122806,0.8977272727272727
Random Forest (unweighted),ROC,0.42543859649122806,0.9090909090909091
Random Forest (unweighted),ROC,0.5416666666666666,0.9090909090909091
Random Forest (unweighted),ROC,0.5416666666666666,0.9204545454545454
Random Forest (unweighted),ROC,0.5548245614035088,0.9204545454545454
Random Forest (unweighted),ROC,0.5548245614035088,0.9318181818181818
Random Forest (unweighted),ROC,0.6162280701754386,0.9318181818181818
Random Forest (unweighted),ROC,0.6162280701754386,0.9431818181818182
Random Forest (unweighted),ROC,0.7269736842105263,0.9431818181818182
Random Forest (unweighted),ROC,0.7269736842105263,0.9545454545454546
Random Forest (unweighted),ROC,0.8366228070175439,0.9545454545454546
Random Forest (unweighted),ROC,0.8366228070175439,0.9659090909090909
Random Forest (unweighted),ROC,0.8695175438596491,0.9659090909090909
Random Forest (unweighted),ROC,0.8695175438596491,0.9772727272727273
Random Forest (unweighted),ROC,0.8903508771929824,0.9772727272727273
Random Forest (unweighted),ROC,0.8903508771929824,0.9886363636363636
Random Forest (unweighted),ROC,0.9407894736842105,0.9886363636363636
Random Forest (unweighted),ROC,0.9407894736842105,1.0
Random Forest (unweighted),ROC,1.0,1.0
Random Forest (unweighted),PR,1.0,0.088
Random Forest (unweighted),PR,1.0,0.08808808808808809
Random Forest (unweighted),PR,1.0,0.08817635270541083
Random Forest (unweighted),PR,1.0,0.08826479438314945
Random Forest (unweighted),PR,1.0,0.08835341365461848
Random Forest (unweighted),PR,1.0,0.08844221105527639
Random Forest (unweighted),PR,1.0,0.08853118712273642
Random Forest (unweighted),PR,1.0,0.08862034239677745
Random Forest (unweighted),PR,1.0,0.08870967741935484
Random Forest (unweighted),PR,1.0,0.08879919273461151
Random Forest (unweighted),PR,1.0,0.08888888888888889
Random Forest (unweighted),PR,1.0,0.08897876643073811
Random Forest (unweighted),PR,1.0,0.08906882591093117
Random Forest (unweighted),PR,1.0,0.08915906788247213
Random Forest (unweighted),PR,1.0,0.08924949290060852
Random Forest (unweighted),PR,1.0,0.08934010152284264
Random Forest (unweighted),PR,1.0,0.08943089430894309
Random Forest (unweighted),PR,1.0,0.08952187182095625
Random Forest (unweighted),PR,1.0,0.08961303462321792
Random Forest (unweighted),PR,1.0,0.08970438328236494
Random Forest (unweighted),PR,1.0,0.08979591836734693
Random Forest (unweighted),PR,1.0,0.0898876404494382
Random Forest (unweighted),PR,1.0,0.08997955010224949
Random Forest (unweighted),PR,1.0,0.09007164790174002
Random Forest (unweighted),PR,1.0,0.09016393442622951
Random Forest (unweighted),PR,1.0,0.09025641025641026
Random Forest (unweighted),PR,1.0,0.09034907597535935
Random Forest (unweighted),PR,1.0,0.09044193216855087
Random Forest (unweighted),PR,1.0,0.09053497942386832
Random Forest (unweighted),PR,1.0,0.09062821833161688
Random Forest (unweighted),PR,1.0,0.09072164948453608
Random Forest (unweighted),PR,1.0,0.09081527347781218
Random Forest (unweighted),PR,1.0,0.09090909090909091
Random Forest (unweighted),PR,1.0,0.09100310237849017
Random Forest (unweighted),PR,1.0,0.09109730848861283
Random Forest (unweighted),PR,1.0,0.09119170984455958
Random Forest (unweighted),PR,1.0,0.0912863070539419
Random Forest (unweighted),PR,1.0,0.09138110072689512
Random Forest (unweighted),PR,1.0,0.09147609147609148
Random Forest (unweighted),PR,1.0,0.09157127991675339
Random Forest (unweighted),PR,1.0,0.09166666666666666
Random Forest (unweighted),PR,1.0,0.09176225234619395
Random Forest (unweighted),PR,1.0,0.0918580375782881
Random Forest (unweighted),PR,1.0,0.09195402298850575
Random Forest (unweighted),PR,1.0,0.09205020920502092
Random Forest (unweighted),PR,1.0,0.09214659685863874
Random Forest (unweighted),PR,1.0,0.09224318658280922
Random Forest (unweighted),PR,1.0,0.09233997901364113
Random Forest (unweighted),PR,1.0,0.09243697478991597
Random Forest (unweighted),PR,1.0,0.09253417455310199
Random Forest (unweighted),PR,1.0,0.09263157894736843
Random Forest (unweighted),PR,1.0,0.09272918861959958
Random Forest (unweighted),PR,1.0,0.09282700421940929
Random Forest (unweighted),PR,1.0,0.09292502639915523
Random Forest (unweighted),PR,1.0,0.09302325581395349
Random Forest (unweighted),PR,0.9886363636363636,0.09206349206349207
Random Forest (unweighted),PR,0.9886363636363636,0.09216101694915255
Random Forest (unweighted),PR,0.9886363636363636,0.09225874867444327
Random Forest (unweighted),PR,0.9886363636363636,0.09235668789808917
Random Forest (unweighted),PR,0.9886363636363636,0.0924548352816153
Random Forest (unweighted),PR,0.9886363636363636,0.0925531914893617
Random Forest (unweighted),PR,0.9886363636363636,0.0926517571884984
Random Forest (unweighted),PR,0.9886363636363636,0.09275053304904052
Random Forest (unweighted),PR,0.9886363636363636,0.09284951974386339
Random Forest (unweighted),PR,0.9886363636363636,0.09294871794871795
Random Forest (unweighted),PR,0.9886363636363636,0.09304812834224599
Random Forest (unweighted),PR,0.9886363636363636,0.09314775160599571
Random Forest (unweighted),PR,0.9886363636363636,0.0932475884244373
Random Forest (unweighted),PR,0.9886363636363636,0.09334763948497854
Random Forest (unweighted),PR,0.9886363636363636,0.09344790547798067
Random Forest (unweighted),PR,0.9886363636363636,0.0935483870967742
Random Forest (unweighted),PR,0.9886363636363636,0.09364908503767493
Random Forest (unweighted),PR,0.9886363636363636,0.09375
Random Forest (unweighted),PR,0.9886363636363636,0.09385113268608414
Random Forest (unweighted),PR,0.9886363636363636,0.0939524838012959
Random Forest (unweighted),PR,0.9886363636363636,0.09405405405405405
Random Forest (unweighted),PR,0.9886363636363636,0.09415584415584416
Random Forest (unweighted),PR,0.9886363636363636,0.09425785482123511
Random Forest (unweighted),PR,0.9886363636363636,0.09436008676789588
Random Forest (unweighted),PR,0.9886363636363636,0.09446254071661238
Random Forest (unweighted),PR,0.9886363636363636,0.09456521739130434
Random Forest (unweighted),PR,0.9886363636363636,0.09466811751904244
Random Forest (unweighted),PR,0.9886363636363636,0.09477124183006536
Random Forest (unweighted),PR,0.9886363636363636,0.09487459105779716
Random Forest (unweighted),PR,0.9886363636363636,0.09497816593886463
Random Forest (unweighted),PR,0.9886363636363636,0.09508196721311475
Random Forest (unweighted),PR,0.9886363636363636,0.09518599562363239
Random Forest (unweighted),PR,0.9886363636363636,0.09529025191675794
Random Forest (unweighted),PR,0.9886363636363636,0.09539473684210527
Random Forest (unweighted),PR,0.9886363636363636,0.09549945115257959
Random Forest (unweighted),PR,0.9886363636363636,0.0956043956043956
Random Forest (unweighted),PR,0.9886363636363636,0.09570957095709572
Random Forest (unweighted),PR,0.9886363636363636,0.09581497797356828
Random Forest (unweighted),PR,0.9886363636363636,0.09592061742006615
Random Forest (unweighted),PR,0.9886363636363636,0.09602649006622517
Random Forest (unweighted),PR,0.9886363636363636,0.09613259668508287
Random Forest (unweighted),PR,0.9886363636363636,0.09623893805309734
Random Forest (unweighted),PR,0.9886363636363636,0.09634551495016612
Random Forest (unweighted),PR,0.9886363636363636,0.09645232815964523
Random Forest (unweighted),PR,0.9886363636363636,0.09655937846836848
Random Forest (unweighted),PR,0.9886363636363636,0.09666666666666666
Random Forest (unweighted),PR,0.9886363636363636,0.0967741935483871
Random Forest (unweighted),PR,0.9772727272727273,0.0957683741648107
Random Forest (unweighted),PR,0.9772727272727273,0.09587513935340022
Random Forest (unweighted),PR,0.9772727272727273,0.09598214285714286
Random Forest (unweighted),PR,0.9772727272727273,0.09608938547486033
Random Forest (unweighted),PR,0.9772727272727273,0.09619686800894854
Random Forest (unweighted),PR,0.9772727272727273,0.09630459126539753
Random Forest (unweighted),PR,0.9772727272727273,0.09641255605381166
Random Forest (unweighted),PR,0.9772727272727273,0.09652076318742986
Random Forest (unweighted),PR,0.9772727272727273,0.09662921348314607
Random Forest (unweighted),PR,0.9772727272727273,0.09673790776152981
Random Forest (unweighted),PR,0.9772727272727273,0.09684684684684684
Random Forest (unweighted),PR,0.9772727272727273,0.09695603156708005
Random Forest (unweighted),PR,0.9772727272727273,0.09706546275395034
Random Forest (unweighted),PR,0.9772727272727273,0.09717514124293786
Random Forest (unweighted),PR,0.9772727272727273,0.09728506787330317
Random Forest (unweighted),PR,0.9772727272727273,0.09739524348810873
Random Forest (unweighted),PR,0.9772727272727273,0.09750566893424037
Random Forest (unweighted),PR,0.9772727272727273,0.09761634506242906
Random Forest (unweighted),PR,0.9772727272727273,0.09772727272727273
Random Forest (unweighted),PR,0.9772727272727273,0.09783845278725825
Random Forest (unweighted),PR,0.9659090909090909,0.09681093394077449
Random Forest (unweighted),PR,0.9659090909090909,0.09692132269099202
Random Forest (unweighted),PR,0.9659090909090909,0.09703196347031963
Random Forest (unweighted),PR,0.9659090909090909,0.09714285714285714
Random Forest (unweighted),PR,0.9659090909090909,0.09725400457665904
Random Forest (unweighted),PR,0.9659090909090909,0.09736540664375716
Random Forest (unweighted),PR,0.9659090909090909,0.09747706422018348
Random Forest (unweighted),PR,0.9659090909090909,0.09758897818599312
Random Forest (unweighted),PR,0.9659090909090909,0.09770114942528736
Random Forest (unweighted),PR,0.9659090909090909,0.09781357882623705
Random Forest (unweighted),PR,0.9659090909090909,0.097926267281106
Random Forest (unweighted),PR,0.9659090909090909,0.09803921568627451
Random Forest (unweighted),PR,0.9659090909090909,0.09815242494226328
Random Forest (unweighted),PR,0.9659090909090909,0.09826589595375723
Random Forest (unweighted),PR,0.9659090909090909,0.09837962962962964
Random Forest (unweighted),PR,0.9659090909090909,0.0984936268829664
Random Forest (unweighted),PR,0.9659090909090909,0.09860788863109049
Random Forest (unweighted),PR,0.9659090909090909,0.09872241579558652
Random Forest (unweighted),PR,0.9659090909090909,0.09883720930232558
Random Forest (unweighted),PR,0.9659090909090909,0.0989522700814901
Random Forest (unweighted),PR,0.9659090909090909,0.09906759906759907
Random Forest (unweighted),PR,0.9659090909090909,0.09918319719953325
Random Forest (unweighted),PR,0.9659090909090909,0.09929906542056074
Random Forest (unweighted),PR,0.9659090909090909,0.09941520467836257
Random Forest (unweighted),PR,0.9659090909090909,0.09953161592505855
Random Forest (unweighted),PR,0.9659090909090909,0.09964830011723329
Random Forest (unweighted),PR,0.9659090909090909,0.09976525821596244
Random Forest (unweighted),PR,0.9659090909090909,0.099882491186839
Random Forest (unweighted),PR,0.9659090909090909,0.1
Random Forest (unweighted),PR,0.9659090909090909,0.10011778563015312
Random Forest (unweighted),PR,0.9659090909090909,0.10023584905660378
Random Forest (unweighted),PR,0.9545454545454546,0.09917355371900827
Random Forest (unweighted),PR,0.9545454545454546,0.09929078014184398
Random Forest (unweighted),PR,0.9545454545454546,0.09940828402366864
Random Forest (unweighted),PR,0.9545454545454546,0.0995260663507109
Random Forest (unweighted),PR,0.9545454545454546,0.099644128113879
Random Forest (unweighted),PR,0.9545454545454546,0.0997624703087886
Random Forest (unweighted),PR,0.9545454545454546,0.09988109393579073
Random Forest (unweighted),PR,0.9545454545454546,0.1
Random Forest (unweighted),PR,0.9545454545454546,0.10011918951132301
Random Forest (unweighted),PR,0.9545454545454546,0.10023866348448687
Random Forest (unweighted),PR,0.9545454545454546,0.1003584229390681
Random Forest (unweighted),PR,0.9545454545454546,0.10047846889952153
Random Forest (unweighted),PR,0.9545454545454546,0.10059880239520957
Random Forest (unweighted),PR,0.9545454545454546,0.10071942446043165
Random Forest (unweighted),PR,0.9545454545454546,0.10084033613445378
Random Forest (unweighted),PR,0.9545454545454546,0.10096153846153846
Random Forest (unweighted),PR,0.9545454545454546,0.10108303249097472
Random Forest (unweighted),PR,0.9545454545454546,0.10120481927710843
Random Forest (unweighted),PR,0.9545454545454546,0.10132689987937274
Random Forest (unweighted),PR,0.9545454545454546,0.10144927536231885
Random Forest (unweighted),PR,0.9545454545454546,0.10157194679564692
Random Forest (unweighted),PR,0.9545454545454546,0.1016949152542373
Random Forest (unweighted),PR,0.9545454545454546,0.10181818181818182
Random Forest (unweighted),PR,0.9545454545454546,0.10194174757281553
Random Forest (unweighted),PR,0.9545454545454546,0.10206561360874848
Random Forest (unweighted),PR,0.9545454545454546,0.10218978102189781
Random Forest (unweighted),PR,0.9545454545454546,0.1023142509135201
Random Forest (unweighted),PR,0.9545454545454546,0.1024390243902439
Random Forest (unweighted),PR,0.9545454545454546,0.10256410256410256
Random Forest (unweighted),PR,0.9545454545454546,0.10268948655256724
Random Forest (unweighted),PR,0.9545454545454546,0.10281517747858017
Random Forest (unweighted),PR,0.9545454545454546,0.10294117647058823
Random Forest (unweighted),PR,0.9545454545454546,0.10306748466257669
Random Forest (unweighted),PR,0.9545454545454546,0.10319410319410319
Random Forest (unweighted),PR,0.9545454545454546,0.1033210332103321
Random Forest (unweighted),PR,0.9545454545454546,0.10344827586206896
Random Forest (unweighted),PR,0.9545454545454546,0.10357583230579531
Random Forest (unweighted),PR,0.9545454545454546,0.1037037037037037
Random Forest (unweighted),PR,0.9545454545454546,0.103831891223733
Random Forest (unweighted),PR,0.9545454545454546,0.10396039603960396
Random Forest (unweighted),PR,0.9545454545454546,0.10408921933085502
Random Forest (unweighted),PR,0.9545454545454546,0.10421836228287841
Random Forest (unweighted),PR,0.9545454545454546,0.10434782608695652
Random Forest (unweighted),PR,0.9545454545454546,0.1044776119402985
Random Forest (unweighted),PR,0.9545454545454546,0.10460772104607721
Random Forest (unweighted),PR,0.9545454545454546,0.10473815461346633
Random Forest (unweighted),PR,0.9545454545454546,0.10486891385767791
Random Forest (unweighted),PR,0.9545454545454546,0.105
Random Forest (unweighted),PR,0.9545454545454546,0.10513141426783479
Random Forest (unweighted),PR,0.9545454545454546,0.10526315789473684
Random Forest (unweighted),PR,0.9545454545454546,0.1053952321204517
Random Forest (unweighted),PR,0.9545454545454546,0.10552763819095477
Random Forest (unweighted),PR,0.9545454545454546,0.10566037735849057
Random Forest (unweighted),PR,0.9545454545454546,0.10579345088161209
Random Forest (unweighted),PR,0.9545454545454546,0.10592686002522068
Random Forest (unweighted),PR,0.9545454545454546,0.10606060606060606
Random Forest (unweighted),PR,0.9545454545454546,0.10619469026548672
Random Forest (unweighted),PR,0.9545454545454546,0.10632911392405063
Random Forest (unweighted),PR,0.9545454545454546,0.10646387832699619
Random Forest (unweighted),PR,0.9545454545454546,0.1065989847715736
Random Forest (unweighted),PR,0.9545454545454546,0.10673443456162643
Random Forest (unweighted),PR,0.9545454545454546,0.10687022900763359
Random Forest (unweighted),PR,0.9545454545454546,0.1070063694267516
Random Forest (unweighted),PR,0.9545454545454546,0.10714285714285714
Random Forest (unweighted),PR,0.9545454545454546,0.10727969348659004
Random Forest (unweighted),PR,0.9545454545454546,0.10741687979539642
Random Forest (unweighted),PR,0.9545454545454546,0.10755441741357234
Random Forest (unweighted),PR,0.9545454545454546,0.1076923076923077
Random Forest (unweighted),PR,0.9545454545454546,0.10783055198973042
Random Forest (unweighted),PR,0.9545454545454546,0.10796915167095116
Random Forest (unweighted),PR,0.9545454545454546,0.10810810810810811
Random Forest (unweighted),PR,0.9545454545454546,0.10824742268041238
Random Forest (unweighted),PR,0.9545454545454546,0.10838709677419354
Random Forest (unweighted),PR,0.9545454545454546,0.10852713178294573
Random Forest (unweighted),PR,0.9545454545454546,0.10866752910737387
Random Forest (unweighted),PR,0.9545454545454546,0.10880829015544041
Random Forest (unweighted),PR,0.9545454545454546,0.10894941634241245
Random Forest (unweighted),PR,0.9545454545454546,0.10909090909090909
Random Forest (unweighted),PR,0.9545454545454546,0.10923276983094929
Random Forest (unweighted),PR,0.9545454545454546,0.109375
Random Forest (unweighted),PR,0.9545454545454546,0.10951760104302477
Random Forest (unweighted),PR,0.9545454545454546,0.10966057441253264
Random Forest (unweighted),PR,0.9545454545454546,0.10980392156862745
Random Forest (unweighted),PR,0.9545454545454546,0.1099476439790576
Random Forest (unweighted),PR,0.9545454545454546,0.11009174311926606
Random Forest (unweighted),PR,0.9545454545454546,0.11023622047244094
Random Forest (unweighted),PR,0.9545454545454546,0.11038107752956636
Random Forest (unweighted),PR,0.9545454545454546,0.11052631578947368
Random Forest (unweighted),PR,0.9545454545454546,0.11067193675889328
Random Forest (unweighted),PR,0.9545454545454546,0.11081794195250659
Random Forest (unweighted),PR,0.9545454545454546,0.11096433289299867
Random Forest (unweighted),PR,0.9545454545454546,0.1111111111111111
Random Forest (unweighted),PR,0.9545454545454546,0.11125827814569536
Random Forest (unweighted),PR,0.9545454545454546,0.11140583554376658
Random Forest (unweighted),PR,0.9545454545454546,0.11155378486055777
Random Forest (unweighted),PR,0.9545454545454546,0.11170212765957446
Random Forest (unweighted),PR,0.9545454545454546,0.1118508655126498
Random Forest (unweighted),PR,0.9545454545454546,0.112
Random Forest (unweighted),PR,0.9545454545454546,0.11214953271028037
Random Forest (unweighted),PR,0.9545454545454546,0.11229946524064172
Random Forest (unweighted),PR,0.9545454545454546,0.11244979919678715
Random Forest (unweighted),PR,0.9431818181818182,0.11126005361930295
Random Forest (unweighted),PR,0.9431818181818182,0.11140939597315436
Random Forest (unweighted),PR,0.9431818181818182,0.11155913978494623
Random Forest (unweighted),PR,0.9431818181818182,0.1117092866756393
Random Forest (unweighted),PR,0.9431818181818182,0.11185983827493262
Random Forest (unweighted),PR,0.9431818181818182,0.11201079622132254
Random Forest (unweighted),PR,0.9431818181818182,0.11216216216216217
Random Forest (unweighted),PR,0.9431818181818182,0.11231393775372124
Random Forest (unweighted),PR,0.9431818181818182,0.11246612466124661
Random Forest (unweighted),PR,0.9431818181818182,0.11261872455902307
Random Forest (unweighted),PR,0.9431818181818182,0.11277173913043478
Random Forest (unweighted),PR,0.9431818181818182,0.11292517006802721
Random Forest (unweighted),PR,0.9431818181818182,0.11307901907356949
Random Forest (unweighted),PR,0.9431818181818182,0.11323328785811733
Random Forest (unweighted),PR,0.9431818181818182,0.1133879781420765
Random Forest (unweighted),PR,0.9431818181818182,0.11354309165526676
Random Forest (unweighted),PR,0.9431818181818182,0.1136986301369863
Random Forest (unweighted),PR,0.9431818181818182,0.11385459533607682
Random Forest (unweighted),PR,0.9431818181818182,0.11401098901098901
Random Forest (unweighted),PR,0.9431818181818182,0.11416781292984869
Random Forest (unweighted),PR,0.9431818181818182,0.11432506887052342
Random Forest (unweighted),PR,0.9431818181818182,0.11448275862068966
Random Forest (unweighted),PR,0.9431818181818182,0.11464088397790055
Random Forest (unweighted),PR,0.9431818181818182,0.11479944674965421
Random Forest (unweighted),PR,0.9431818181818182,0.1149584487534626
Random Forest (unweighted),PR,0.9431818181818182,0.11511789181692095
Random Forest (unweighted),PR,0.9431818181818182,0.11527777777777778
Random Forest (unweighted),PR,0.9431818181818182,0.11543810848400557
Random Forest (unweighted),PR,0.9431818181818182,0.11559888579387187
Random Forest (unweighted),PR,0.9431818181818182,0.11576011157601115
Random Forest (unweighted),PR,0.9431818181818182,0.11592178770949721
Random Forest (unweighted),PR,0.9431818181818182,0.11608391608391608
Random Forest (unweighted),PR,0.9431818181818182,0.11624649859943978
Random Forest (unweighted),PR,0.9431818181818182,0.11640953716690042
Random Forest (unweighted),PR,0.9431818181818182,0.11657303370786516
Random Forest (unweighted),PR,0.9431818181818182,0.11673699015471167
Random Forest (unweighted),PR,0.9431818181818182,0.11690140845070422
Random Forest (unweighted),PR,0.9431818181818182,0.11706629055007052
Random Forest (unweighted),PR,0.9431818181818182,0.1172316384180791
Random Forest (unweighted),PR,0.9431818181818182,0.1173974540311174
Random Forest (unweighted),PR,0.9431818181818182,0.11756373937677053
Random Forest (unweighted),PR,0.9431818181818182,0.11773049645390071
Random Forest (unweighted),PR,0.9431818181818182,0.11789772727272728
Random Forest (unweighted),PR,0.9431818181818182,0.11806543385490754
Random Forest (unweighted),PR,0.9431818181818182,0.11823361823361823
Random Forest (unweighted),PR,0.9431818181818182,0.11840228245363767
Random Forest (unweighted),PR,0.9431818181818182,0.11857142857142858
Random Forest (unweighted),PR,0.9431818181818182,0.11874105865522175
Random Forest (unweighted),PR,0.9431818181818182,0.11891117478510028
Random Forest (unweighted),PR,0.9431818181818182,0.11908177905308465
Random Forest (unweighted),PR,0.9431818181818182,0.11925287356321838
Random Forest (unweighted),PR,0.9431818181818182,0.11942446043165468
Random Forest (unweighted),PR,0.9431818181818182,0.11959654178674352
Random Forest (unweighted),PR,0.9431818181818182,0.11976911976911978
Random Forest (unweighted),PR,0.9431818181818182,0.1199421965317919
Random Forest (unweighted),PR,0.9431818181818182,0.12011577424023155
Random Forest (unweighted),PR,0.9431818181818182,0.12028985507246377
Random Forest (unweighted),PR,0.9431818181818182,0.1204644412191582
Random Forest (unweighted),PR,0.9431818181818182,0.12063953488372094
Random Forest (unweighted),PR,0.9431818181818182,0.12081513828238719
Random Forest (unweighted),PR,0.9431818181818182,0.12099125364431487
Random Forest (unweighted),PR,0.9431818181818182,0.12116788321167883
Random Forest (unweighted),PR,0.9431818181818182,0.12134502923976608
Random Forest (unweighted),PR,0.9431818181818182,0.12152269399707175
Random Forest (unweighted),PR,0.9431818181818182,0.1217008797653959
Random Forest (unweighted),PR,0.9431818181818182,0.12187958883994127
Random Forest (unweighted),PR,0.9431818181818182,0.12205882352941176
Random Forest (unweighted),PR,0.9431818181818182,0.12223858615611193
Random Forest (unweighted),PR,0.9431818181818182,0.1224188790560472
Random Forest (unweighted),PR,0.9431818181818182,0.12259970457902511
Random Forest (unweighted),PR,0.9431818181818182,0.1227810650887574
Random Forest (unweighted),PR,0.9431818181818182,0.12296296296296297
Random Forest (unweighted),PR,0.9431818181818182,0.12314540059347182
Random Forest (unweighted),PR,0.9431818181818182,0.12332838038632987
Random Forest (unweighted),PR,0.9431818181818182,0.12351190476190477
Random Forest (unweighted),PR,0.9431818181818182,0.12369597615499255
Random Forest (unweighted),PR,0.9431818181818182,0.12388059701492538
Random Forest (unweighted),PR,0.9431818181818182,0.12406576980568013
Random Forest (unweighted),PR,0.9431818181818182,0.12425149700598802
Random Forest (unweighted),PR,0.9431818181818182,0.12443778110944528
Random Forest (unweighted),PR,0.9431818181818182,0.12462462462462462
Random Forest (unweighted),PR,0.9431818181818182,0.12481203007518797
Random Forest (unweighted),PR,0.9431818181818182,0.125
Random Forest (unweighted),PR,0.9431818181818182,0.12518853695324283
Random Forest (unweighted),PR,0.9431818181818182,0.12537764350453173
Random Forest (unweighted),PR,0.9431818181818182,0.12556732223903178
Random Forest (unweighted),PR,0.9431818181818182,0.12575757575757576
Random Forest (unweighted),PR,0.9431818181818182,0.125948406676783
Random Forest (unweighted),PR,0.9431818181818182,0.12613981762917933
Random Forest (unweighted),PR,0.9431818181818182,0.1263318112633181
Random Forest (unweighted),PR,0.9431818181818182,0.12652439024390244
Random Forest (unweighted),PR,0.9431818181818182,0.1267175572519084
Random Forest (unweighted),PR,0.9431818181818182,0.12691131498470948
Random Forest (unweighted),PR,0.9431818181818182,0.12710566615620214
Random Forest (unweighted),PR,0.9431818181818182,0.1273006134969325
Random Forest (unweighted),PR,0.9431818181818182,0.12749615975422426
Random Forest (unweighted),PR,0.9431818181818182,0.1276923076923077
Random Forest (unweighted),PR,0.9431818181818182,0.12788906009244994
Random Forest (unweighted),PR,0.9431818181818182,0.12808641975308643
Random Forest (unweighted),PR,0.9431818181818182,0.12828438948995363
Random Forest (unweighted),PR,0.9431818181818182,0.12848297213622292
Random Forest (unweighted),PR,0.9431818181818182,0.12868217054263567
Random Forest (unweighted),PR,0.9318181818181818,0.12732919254658384
Random Forest (unweighted),PR,0.9318181818181818,0.12752721617418353
Random Forest (unweighted),PR,0.9318181818181818,0.1277258566978193
Random Forest (unweighted),PR,0.9318181818181818,0.12792511700468018
Random Forest (unweighted),PR,0.9318181818181818,0.128125
Random Forest (unweighted),PR,0.9318181818181818,0.12832550860719874
Random Forest (unweighted),PR,0.9318181818181818,0.12852664576802508
Random Forest (unweighted),PR,0.9318181818181818,0.12872841444270017
Random Forest (unweighted),PR,0.9318181818181818,0.1289308176100629
Random Forest (unweighted),PR,0.9318181818181818,0.12913385826771653
Random Forest (unweighted),PR,0.9318181818181818,0.12933753943217666
Random Forest (unweighted),PR,0.9318181818181818,0.12954186413902052
Random Forest (unweighted),PR,0.9318181818181818,0.12974683544303797
Random Forest (unweighted),PR,0.9318181818181818,0.12995245641838352
Random Forest (unweighted),PR,0.9318181818181818,0.13015873015873017
Random Forest (unweighted),PR,0.9318181818181818,0.13036565977742448
Random Forest (unweighted),PR,0.9318181818181818,0.1305732484076433
Random Forest (unweighted),PR,0.9318181818181818,0.13078149920255183
Random Forest (unweighted),PR,0.9318181818181818,0.13099041533546327
Random Forest (unweighted),PR,0.9318181818181818,0.1312
Random Forest (unweighted),PR,0.9318181818181818,0.13141025641025642
Random Forest (unweighted),PR,0.9318181818181818,0.13162118780096307
Random Forest (unweighted),PR,0.9318181818181818,0.13183279742765272
Random Forest (unweighted),PR,0.9318181818181818,0.1320450885668277
Random Forest (unweighted),PR,0.9318181818181818,0.13225806451612904
Random Forest (unweighted),PR,0.9318181818181818,0.13247172859450726
Random Forest (unweighted),PR,0.9318181818181818,0.13268608414239483
Random Forest (unweighted),PR,0.9318181818181818,0.13290113452188007
Random Forest (unweighted),PR,0.9318181818181818,0.1331168831168831
Random Forest (unweighted),PR,0.9318181818181818,0.13333333333333333
Random Forest (unweighted),PR,0.9318181818181818,0.13355048859934854
Random Forest (unweighted),PR,0.9318181818181818,0.13376835236541598
Random Forest (unweighted),PR,0.9318181818181818,0.13398692810457516
Random Forest (unweighted),PR,0.9318181818181818,0.1342062193126023
Random Forest (unweighted),PR,0.9318181818181818,0.13442622950819672
Random Forest (unweighted),PR,0.9318181818181818,0.13464696223316913
Random Forest (unweighted),PR,0.9318181818181818,0.13486842105263158
Random Forest (unweighted),PR,0.9318181818181818,0.13509060955518945
Random Forest (unweighted),PR,0.9318181818181818,0.1353135313531353
Random Forest (unweighted),PR,0.9318181818181818,0.13553719008264462
Random Forest (unweighted),PR,0.9318181818181818,0.1357615894039735
Random Forest (unweighted),PR,0.9318181818181818,0.13598673300165837
Random Forest (unweighted),PR,0.9318181818181818,0.1362126245847176
Random Forest (unweighted),PR,0.9318181818181818,0.13643926788685523
Random Forest (unweighted),PR,0.9318181818181818,0.13666666666666666
Random Forest (unweighted),PR,0.9318181818181818,0.13689482470784642
Random Forest (unweighted),PR,0.9318181818181818,0.13712374581939799
Random Forest (unweighted),PR,0.9318181818181818,0.1373534338358459
Random Forest (unweighted),PR,0.9318181818181818,0.13758389261744966
Random Forest (unweighted),PR,0.9318181818181818,0.13781512605042018
Random Forest (unweighted),PR,0.9318181818181818,0.13804713804713806
Random Forest (unweighted),PR,0.9318181818181818,0.13827993254637436
Random Forest (unweighted),PR,0.9318181818181818,0.13851351351351351
Random Forest (unweighted),PR,0.9318181818181818,0.13874788494077833
Random Forest (unweighted),PR,0.9318181818181818,0.13898305084745763
Random Forest (unweighted),PR,0.9318181818181818,0.13921901528013583
Random Forest (unweighted),PR,0.9318181818181818,0.13945578231292516
Random Forest (unweighted),PR,0.9204545454545454,0.13798977853492334
Random Forest (unweighted),PR,0.9204545454545454,0.13822525597269625
Random Forest (unweighted),PR,0.9204545454545454,0.13846153846153847
Random Forest (unweighted),PR,0.9204545454545454,0.1386986301369863
Random Forest (unweighted),PR,0.9204545454545454,0.13893653516295026
Random Forest (unweighted),PR,0.9204545454545454,0.13917525773195877
Random Forest (unweighted),PR,0.9204545454545454,0.13941480206540446
Random Forest (unweighted),PR,0.9204545454545454,0.1396551724137931
Random Forest (unweighted),PR,0.9204545454545454,0.13989637305699482
Random Forest (unweighted),PR,0.9204545454545454,0.14013840830449828
Random Forest (unweighted),PR,0.9204545454545454,0.14038128249566725
Random Forest (unweighted),PR,0.9204545454545454,0.140625
Random Forest (unweighted),PR,0.9204545454545454,0.1408695652173913
Random Forest (unweighted),PR,0.9090909090909091,0.13937282229965156
Random Forest (unweighted),PR,0.9090909090909091,0.13961605584642234
Random Forest (unweighted),PR,0.9090909090909091,0.13986013986013987
Random Forest (unweighted),PR,0.9090909090909091,0.14010507880910683
Random Forest (unweighted),PR,0.9090909090909091,0.14035087719298245
Random Forest (unweighted),PR,0.9090909090909091,0.140597539543058
Random Forest (unweighted),PR,0.9090909090909091,0.14084507042253522
Random Forest (unweighted),PR,0.9090909090909091,0.14109347442680775
Random Forest (unweighted),PR,0.9090909090909091,0.1413427561837456
Random Forest (unweighted),PR,0.9090909090909091,0.1415929203539823
Random Forest (unweighted),PR,0.9090909090909091,0.14184397163120568
Random Forest (unweighted),PR,0.9090909090909091,0.14209591474245115
Random Forest (unweighted),PR,0.9090909090909091,0.1423487544483986
Random Forest (unweighted),PR,0.9090909090909091,0.14260249554367202
Random Forest (unweighted),PR,0.9090909090909091,0.14285714285714285
Random Forest (unweighted),PR,0.9090909090909091,0.14311270125223613
Random Forest (unweighted),PR,0.9090909090909091,0.14336917562724014
Random Forest (unweighted),PR,0.9090909090909091,0.1436265709156194
Random Forest (unweighted),PR,0.9090909090909091,0.14388489208633093
Random Forest (unweighted),PR,0.9090909090909091,0.14414414414414414
Random Forest (unweighted),PR,0.9090909090909091,0.1444043321299639
Random Forest (unweighted),PR,0.9090909090909091,0.14466546112115733
Random Forest (unweighted),PR,0.9090909090909091,0.14492753623188406
Random Forest (unweighted),PR,0.9090909090909091,0.14519056261343014
Random Forest (unweighted),PR,0.9090909090909091,0.14545454545454545
Random Forest (unweighted),PR,0.9090909090909091,0.14571948998178508
Random Forest (unweighted),PR,0.9090909090909091,0.145985401459854
Random Forest (unweighted),PR,0.9090909090909091,0.14625228519195613
Random Forest (unweighted),PR,0.9090909090909091,0.14652014652014653
Random Forest (unweighted),PR,0.9090909090909091,0.14678899082568808
Random Forest (unweighted),PR,0.9090909090909091,0.14705882352941177
Random Forest (unweighted),PR,0.9090909090909091,0.14732965009208104
Random Forest (unweighted),PR,0.9090909090909091,0.14760147601476015
Random Forest (unweighted),PR,0.9090909090909091,0.1478743068391867
Random Forest (unweighted),PR,0.9090909090909091,0.14814814814814814
Random Forest (unweighted),PR,0.9090909090909091,0.14842300556586271
Random Forest (unweighted),PR,0.9090909090909091,0.14869888475836432
Random Forest (unweighted),PR,0.9090909090909091,0.148975791433892
Random Forest (unweighted),PR,0.9090909090909091,0.14925373134328357
Random Forest (unweighted),PR,0.9090909090909091,0.14953271028037382
Random Forest (unweighted),PR,0.9090909090909091,0.149812734082397
Random Forest (unweighted),PR,0.9090909090909091,0.150093808630394
Random Forest (unweighted),PR,0.9090909090909091,0.15037593984962405
Random Forest (unweighted),PR,0.9090909090909091,0.15065913370998116
Random Forest (unweighted),PR,0.9090909090909091,0.1509433962264151
Random Forest (unweighted),PR,0.9090909090909091,0.15122873345935728
Random Forest (unweighted),PR,0.9090909090909091,0.15151515151515152
Random Forest (unweighted),PR,0.9090909090909091,0.15180265654648956
Random Forest (unweighted),PR,0.9090909090909091,0.1520912547528517
Random Forest (unweighted),PR,0.9090909090909091,0.1523809523809524
Random Forest (unweighted),PR,0.9090909090909091,0.15267175572519084
Random Forest (unweighted),PR,0.9090909090909091,0.15296367112810708
Random Forest (unweighted),PR,0.9090909090909091,0.1532567049808429
Random Forest (unweighted),PR,0.9090909090909091,0.15355086372360843
Random Forest (unweighted),PR,0.9090909090909091,0.15384615384615385
Random Forest (unweighted),PR,0.9090909090909091,0.15414258188824662
Random Forest (unweighted),PR,0.9090909090909091,0.15444015444015444
Random Forest (unweighted),PR,0.9090909090909091,0.15473887814313347
Random Forest (unweighted),PR,0.9090909090909091,0.15503875968992248
Random Forest (unweighted),PR,0.9090909090909091,0.1553398058252427
Random Forest (unweighted),PR,0.9090909090909091,0.1556420233463035
Random Forest (unweighted),PR,0.9090909090909091,0.15594541910331383
Random Forest (unweighted),PR,0.9090909090909091,0.15625
Random Forest (unweighted),PR,0.9090909090909091,0.15655577299412915
Random Forest (unweighted),PR,0.9090909090909091,0.1568627450980392
Random Forest (unweighted),PR,0.9090909090909091,0.15717092337917485
Random Forest (unweighted),PR,0.9090909090909091,0.15748031496062992
Random Forest (unweighted),PR,0.9090909090909091,0.15779092702169625
Random Forest (unweighted),PR,0.9090909090909091,0.15810276679841898
Random Forest (unweighted),PR,0.9090909090909091,0.15841584158415842
Random Forest (unweighted),PR,0.9090909090909091,0.15873015873015872
Random Forest (unweighted),PR,0.9090909090909091,0.15904572564612326
Random Forest (unweighted),PR,0.9090909090909091,0.1593625498007968
Random Forest (unweighted),PR,0.9090909090909091,0.1596806387225549
Random Forest (unweighted),PR,0.9090909090909091,0.16
Random Forest (unweighted),PR,0.9090909090909091,0.16032064128256512
Random Forest (unweighted),PR,0.9090909090909091,0.1606425702811245
Random Forest (unweighted),PR,0.9090909090909091,0.16096579476861167
Random Forest (unweighted),PR,0.9090909090909091,0.16129032258064516
Random Forest (unweighted),PR,0.9090909090909091,0.16161616161616163
Random Forest (unweighted),PR,0.9090909090909091,0.16194331983805668
Random Forest (unweighted),PR,0.9090909090909091,0.16227180527383367
Random Forest (unweighted),PR,0.9090909090909091,0.16260162601626016
Random Forest (unweighted),PR,0.9090909090909091,0.1629327902240326
Random Forest (unweighted),PR,0.9090909090909091,0.16326530612244897
Random Forest (unweighted),PR,0.9090909090909091,0.16359918200409
Random Forest (unweighted),PR,0.9090909090909091,0.16393442622950818
Random Forest (unweighted),PR,0.9090909090909091,0.16427104722792607
Random Forest (unweighted),PR,0.9090909090909091,0.1646090534979424
Random Forest (unweighted),PR,0.9090909090909091,0.16494845360824742
Random Forest (unweighted),PR,0.9090909090909091,0.1652892561983471
Random Forest (unweighted),PR,0.9090909090909091,0.16563146997929606
Random Forest (unweighted),PR,0.9090909090909091,0.16597510373443983
Random Forest (unweighted),PR,0.9090909090909091,0.16632016632016633
Random Forest (unweighted),PR,0.9090909090909091,0.16666666666666666
Random Forest (unweighted),PR,0.9090909090909091,0.16701461377870563
Random Forest (unweighted),PR,0.9090909090909091,0.16736401673640167
Random Forest (unweighted),PR,0.9090909090909091,0.16771488469601678
Random Forest (unweighted),PR,0.9090909090909091,0.16806722689075632
Random Forest (unweighted),PR,0.9090909090909091,0.16842105263157894
Random Forest (unweighted),PR,0.9090909090909091,0.16877637130801687
Random Forest (unweighted),PR,0.9090909090909091,0.16913319238900634
Random Forest (unweighted),PR,0.9090909090909091,0.1694915254237288
Random Forest (unweighted),PR,0.9090909090909091,0.16985138004246284
Random Forest (unweighted),PR,0.9090909090909091,0.1702127659574468
Random Forest (unweighted),PR,0.9090909090909091,0.17057569296375266
Random Forest (unweighted),PR,0.9090909090909091,0.17094017094017094
Random Forest (unweighted),PR,0.8977272727272727,0.16916488222698073
Random Forest (unweighted),PR,0.8977272727272727,0.16952789699570817
Random Forest (unweighted),PR,0.8977272727272727,0.16989247311827957
Random Forest (unweighted),PR,0.8977272727272727,0.17025862068965517
Random Forest (unweighted),PR,0.8977272727272727,0.17062634989200864
Random Forest (unweighted),PR,0.8977272727272727,0.170995670995671
Random Forest (unweighted),PR,0.8977272727272727,0.17136659436008678
Random Forest (unweighted),PR,0.8977272727272727,0.17173913043478262
Random Forest (unweighted),PR,0.8977272727272727,0.1721132897603486
Random Forest (unweighted),PR,0.8977272727272727,0.17248908296943233
Random Forest (unweighted),PR,0.8977272727272727,0.17286652078774617
Random Forest (unweighted),PR,0.8977272727272727,0.17324561403508773
Random Forest (unweighted),PR,0.8977272727272727,0.17362637362637362
Random Forest (unweighted),PR,0.8977272727272727,0.17400881057268722
Random Forest (unweighted),PR,0.8977272727272727,0.17439293598233996
Random Forest (unweighted),PR,0.8977272727272727,0.1747787610619469
Random Forest (unweighted),PR,0.8977272727272727,0.17516629711751663
Random Forest (unweighted),PR,0.8977272727272727,0.17555555555555555
Random Forest (unweighted),PR,0.8977272727272727,0.1759465478841871
Random Forest (unweighted),PR,0.8977272727272727,0.17633928571428573
Random Forest (unweighted),PR,0.8977272727272727,0.1767337807606264
Random Forest (unweighted),PR,0.8977272727272727,0.17713004484304934
Random Forest (unweighted),PR,0.8977272727272727,0.17752808988764046
Random Forest (unweighted),PR,0.8977272727272727,0.17792792792792791
Random Forest (unweighted),PR,0.8977272727272727,0.17832957110609482
Random Forest (unweighted),PR,0.8977272727272727,0.17873303167420815
Random Forest (unweighted),PR,0.8977272727272727,0.17913832199546487
Random Forest (unweighted),PR,0.8977272727272727,0.17954545454545454
Random Forest (unweighted),PR,0.8977272727272727,0.17995444191343962
Random Forest (unweighted),PR,0.8977272727272727,0.18036529680365296
Random Forest (unweighted),PR,0.8977272727272727,0.18077803203661327
Random Forest (unweighted),PR,0.8977272727272727,0.1811926605504587
Random Forest (unweighted),PR,0.8977272727272727,0.18160919540229886
Random Forest (unweighted),PR,0.8977272727272727,0.18202764976958524
Random Forest (unweighted),PR,0.8977272727272727,0.18244803695150116
Random Forest (unweighted),PR,0.8977272727272727,0.18287037037037038
Random Forest (unweighted),PR,0.8977272727272727,0.18329466357308585
Random Forest (unweighted),PR,0.8977272727272727,0.18372093023255814
Random Forest (unweighted),PR,0.8977272727272727,0.18414918414918416
Random Forest (unweighted),PR,0.8863636363636364,0.1822429906542056
Random Forest (unweighted),PR,0.8863636363636364,0.18266978922716628
Random Forest (unweighted),PR,0.8863636363636364,0.18309859154929578
Random Forest (unweighted),PR,0.8863636363636364,0.18352941176470589
Random Forest (unweighted),PR,0.8863636363636364,0.18396226415094338
Random Forest (unweighted),PR,0.8863636363636364,0.18439716312056736
Random Forest (unweighted),PR,0.8863636363636364,0.1848341232227488
Random Forest (unweighted),PR,0.8863636363636364,0.18527315914489312
Random Forest (unweighted),PR,0.8863636363636364,0.18571428571428572
Random Forest (unweighted),PR,0.8863636363636364,0.18615751789976134
Random Forest (unweighted),PR,0.8863636363636364,0.18660287081339713
Random Forest (unweighted),PR,0.8863636363636364,0.18705035971223022
Random Forest (unweighted),PR,0.8863636363636364,0.1875
Random Forest (unweighted),PR,0.8863636363636364,0.18795180722891566
Random Forest (unweighted),PR,0.8863636363636364,0.18840579710144928
Random Forest (unweighted),PR,0.8863636363636364,0.18886198547215496
Random Forest (unweighted),PR,0.8863636363636364,0.18932038834951456
Random Forest (unweighted),PR,0.8863636363636364,0.1897810218978102
Random Forest (unweighted),PR,0.8863636363636364,0.1902439024390244
Random Forest (unweighted),PR,0.8863636363636364,0.19070904645476772
Random Forest (unweighted),PR,0.8863636363636364,0.19117647058823528
Random Forest (unweighted),PR,0.8863636363636364,0.19164619164619165
Random Forest (unweighted),PR,0.8863636363636364,0.1921182266009852
Random Forest (unweighted),PR,0.8863636363636364,0.1925925925925926
Random Forest (unweighted),PR,0.875,0.1905940594059406
Random Forest (unweighted),PR,0.875,0.19106699751861042
Random Forest (unweighted),PR,0.875,0.19154228855721392
Random Forest (unweighted),PR,0.875,0.19201995012468828
Random Forest (unweighted),PR,0.875,0.1925
Random Forest (unweighted),PR,0.875,0.19298245614035087
Random Forest (unweighted),PR,0.875,0.1934673366834171
Random Forest (unweighted),PR,0.875,0.19395465994962216
Random Forest (unweighted),PR,0.875,0.19444444444444445
Random Forest (unweighted),PR,0.875,0.1949367088607595
Random Forest (unweighted),PR,0.875,0.19543147208121828
Random Forest (unweighted),PR,0.875,0.19592875318066158
Random Forest (unweighted),PR,0.875,0.19642857142857142
Random Forest (unweighted),PR,0.875,0.1969309462915601
Random Forest (unweighted),PR,0.875,0.19743589743589743
Random Forest (unweighted),PR,0.875,0.19794344473007713
Random Forest (unweighted),PR,0.875,0.19845360824742267
Random Forest (unweighted),PR,0.875,0.19896640826873385
Random Forest (unweighted),PR,0.875,0.19948186528497408
Random Forest (unweighted),PR,0.875,0.2
Random Forest (unweighted),PR,0.875,0.20052083333333334
Random Forest (unweighted),PR,0.875,0.2010443864229765
Random Forest (unweighted),PR,0.875,0.20157068062827224
Random Forest (unweighted),PR,0.875,0.2020997375328084
Random Forest (unweighted),PR,0.875,0.2026315789473684
Random Forest (unweighted),PR,0.875,0.20316622691292877
Random Forest (unweighted),PR,0.875,0.2037037037037037
Random Forest (unweighted),PR,0.875,0.20424403183023873
Random Forest (unweighted),PR,0.875,0.2047872340425532
Random Forest (unweighted),PR,0.875,0.20533333333333334
Random Forest (unweighted),PR,0.875,0.20588235294117646
Random Forest (unweighted),PR,0.875,0.2064343163538874
Random Forest (unweighted),PR,0.875,0.20698924731182797
Random Forest (unweighted),PR,0.875,0.20754716981132076
Random Forest (unweighted),PR,0.875,0.20810810810810812
Random Forest (unweighted),PR,0.875,0.2086720867208672
Random Forest (unweighted),PR,0.875,0.20923913043478262
Random Forest (unweighted),PR,0.875,0.2098092643051771
Random Forest (unweighted),PR,0.875,0.2103825136612022
Random Forest (unweighted),PR,0.875,0.21095890410958903
Random Forest (unweighted),PR,0.875,0.21153846153846154
Random Forest (unweighted),PR,0.875,0.21212121212121213
Random Forest (unweighted),PR,0.875,0.212707182320442
Random Forest (unweighted),PR,0.875,0.21329639889196675
Random Forest (unweighted),PR,0.875,0.21388888888888888
Random Forest (unweighted),PR,0.875,0.21448467966573817
Random Forest (unweighted),PR,0.875,0.21508379888268156
Random Forest (unweighted),PR,0.875,0.21568627450980393
Random Forest (unweighted),PR,0.875,0.21629213483146068
Random Forest (unweighted),PR,0.875,0.21690140845070421
Random Forest (unweighted),PR,0.875,0.2175141242937853
Random Forest (unweighted),PR,0.875,0.21813031161473087
Random Forest (unweighted),PR,0.875,0.21875
Random Forest (unweighted),PR,0.875,0.21937321937321938
Random Forest (unweighted),PR,0.875,0.22
Random Forest (unweighted),PR,0.875,0.22063037249283668
Random Forest (unweighted),PR,0.875,0.22126436781609196
Random Forest (unweighted),PR,0.875,0.2219020172910663
Random Forest (unweighted),PR,0.875,0.22254335260115607
Random Forest (unweighted),PR,0.875,0.22318840579710145
Random Forest (unweighted),PR,0.875,0.2238372093023256
Random Forest (unweighted),PR,0.875,0.22448979591836735
Random Forest (unweighted),PR,0.875,0.22514619883040934
Random Forest (unweighted),PR,0.875,0.22580645161290322
Random Forest (unweighted),PR,0.875,0.22647058823529412
Random Forest (unweighted),PR,0.875,0.22713864306784662
Random Forest (unweighted),PR,0.875,0.22781065088757396
Random Forest (unweighted),PR,0.875,0.228486646884273
Random Forest (unweighted),PR,0.875,0.22916666666666666
Random Forest (unweighted),PR,0.875,0.2298507462686567
Random Forest (unweighted),PR,0.875,0.23053892215568864
Random Forest (unweighted),PR,0.875,0.23123123123123124
Random Forest (unweighted),PR,0.875,0.2319277108433735
Random Forest (unweighted),PR,0.875,0.2326283987915408
Random Forest (unweighted),PR,0.875,0.23333333333333334
Random Forest (unweighted),PR,0.875,0.23404255319148937
Random Forest (unweighted),PR,0.875,0.2347560975609756
Random Forest (unweighted),PR,0.875,0.23547400611620795
Random Forest (unweighted),PR,0.875,0.2361963190184049
Random Forest (unweighted),PR,0.875,0.23692307692307693
Random Forest (unweighted),PR,0.875,0.23765432098765432
Random Forest (unweighted),PR,0.875,0.23839009287925697
Random Forest (unweighted),PR,0.875,0.2391304347826087
Random Forest (unweighted),PR,0.875,0.2398753894080997
Random Forest (unweighted),PR,0.875,0.240625
Random Forest (unweighted),PR,0.875,0.2413793103448276
Random Forest (unweighted),PR,0.875,0.24213836477987422
Random Forest (unweighted),PR,0.875,0.24290220820189273
Random Forest (unweighted),PR,0.8636363636363636,0.24050632911392406
Random Forest (unweighted),PR,0.8636363636363636,0.24126984126984127
Random Forest (unweighted),PR,0.8636363636363636,0.24203821656050956
Random Forest (unweighted),PR,0.8636363636363636,0.24281150159744408
Random Forest (unweighted),PR,0.8636363636363636,0.24358974358974358
Random Forest (unweighted),PR,0.8636363636363636,0.24437299035369775
Random Forest (unweighted),PR,0.8636363636363636,0.24516129032258063
Random Forest (unweighted),PR,0.8636363636363636,0.2459546925566343
Random Forest (unweighted),PR,0.8522727272727273,0.2435064935064935
Random Forest (unweighted),PR,0.8522727272727273,0.24429967426710097
Random Forest (unweighted),PR,0.8522727272727273,0.24509803921568626
Random Forest (unweighted),PR,0.8409090909090909,0.24262295081967214
Random Forest (unweighted),PR,0.8409090909090909,0.24342105263157895
Random Forest (unweighted),PR,0.8295454545454546,0.24092409240924093
Random Forest (unweighted),PR,0.8295454545454546,0.24172185430463577
Random Forest (unweighted),PR,0.8295454545454546,0.2425249169435216
Random Forest (unweighted),PR,0.8181818181818182,0.24
Random Forest (unweighted),PR,0.8181818181818182,0.2408026755852843
Random Forest (unweighted),PR,0.8181818181818182,0.24161073825503357
Random Forest (unweighted),PR,0.8068181818181818,0.23905723905723905
Random Forest (unweighted),PR,0.8068181818181818,0.23986486486486486
Random Forest (unweighted),PR,0.8068181818181818,0.24067796610169492
Random Forest (unweighted),PR,0.7954545454545454,0.23809523809523808
Random Forest (unweighted),PR,0.7954545454545454,0.23890784982935154
Random Forest (unweighted),PR,0.7840909090909091,0.2363013698630137
Random Forest (unweighted),PR,0.7840909090909091,0.23711340206185566
Random Forest (unweighted),PR,0.7840909090909091,0.23793103448275862
Random Forest (unweighted),PR,0.7840909090909091,0.23875432525951557
Random Forest (unweighted),PR,0.7727272727272727,0.2361111111111111
Random Forest (unweighted),PR,0.7727272727272727,0.23693379790940766
Random Forest (unweighted),PR,0.7727272727272727,0.23776223776223776
Random Forest (unweighted),PR,0.7613636363636364,0.23508771929824562
Random Forest (unweighted),PR,0.7613636363636364,0.23591549295774647
Random Forest (unweighted),PR,0.7613636363636364,0.23674911660777384
Random Forest (unweighted),PR,0.7613636363636364,0.2375886524822695
Random Forest (unweighted),PR,0.7613636363636364,0.23843416370106763
Random Forest (unweighted),PR,0.75,0.2357142857142857
Random Forest (unweighted),PR,0.7386363636363636,0.23297491039426524
Random Forest (unweighted),PR,0.7386363636363636,0.23381294964028776
Random Forest (unweighted),PR,0.7386363636363636,0.23465703971119134
Random Forest (unweighted),PR,0.7386363636363636,0.23550724637681159
Random Forest (unweighted),PR,0.7386363636363636,0.23636363636363636
Random Forest (unweighted),PR,0.7386363636363636,0.23722627737226276
Random Forest (unweighted),PR,0.7386363636363636,0.23809523809523808
Random Forest (unweighted),PR,0.7386363636363636,0.23897058823529413
Random Forest (unweighted),PR,0.7386363636363636,0.23985239852398524
Random Forest (unweighted),PR,0.7386363636363636,0.24074074074074073
Random Forest (unweighted),PR,0.7386363636363636,0.241635687732342
Random Forest (unweighted),PR,0.7386363636363636,0.24253731343283583
Random Forest (unweighted),PR,0.7386363636363636,0.24344569288389514
Random Forest (unweighted),PR,0.7386363636363636,0.24436090225563908
Random Forest (unweighted),PR,0.7386363636363636,0.24528301886792453
Random Forest (unweighted),PR,0.7386363636363636,0.24621212121212122
Random Forest (unweighted),PR,0.7272727272727273,0.24334600760456274
Random Forest (unweighted),PR,0.7272727272727273,0.24427480916030533
Random Forest (unweighted),PR,0.7272727272727273,0.24521072796934865
Random Forest (unweighted),PR,0.7272727272727273,0.24615384615384617
Random Forest (unweighted),PR,0.7159090909090909,0.24324324324324326
Random Forest (unweighted),PR,0.7159090909090909,0.2441860465116279
Random Forest (unweighted),PR,0.7159090909090909,0.245136186770428
Random Forest (unweighted),PR,0.7159090909090909,0.24609375
Random Forest (unweighted),PR,0.7159090909090909,0.24705882352941178
Random Forest (unweighted),PR,0.7159090909090909,0.24803149606299213
Random Forest (unweighted),PR,0.7045454545454546,0.2450592885375494
Random Forest (unweighted),PR,0.7045454545454546,0.24603174603174602
Random Forest (unweighted),PR,0.6931818181818182,0.24302788844621515
Random Forest (unweighted),PR,0.6931818181818182,0.244
Random Forest (unweighted),PR,0.6931818181818182,0.24497991967871485
Random Forest (unweighted),PR,0.6931818181818182,0.24596774193548387
Random Forest (unweighted),PR,0.6931818181818182,0.24696356275303644
Random Forest (unweighted),PR,0.6931818181818182,0.24796747967479674
Random Forest (unweighted),PR,0.6931818181818182,0.24897959183673468
Random Forest (unweighted),PR,0.6931818181818182,0.25
Random Forest (unweighted),PR,0.6931818181818182,0.25102880658436216
Random Forest (unweighted),PR,0.6931818181818182,0.25206611570247933
Random Forest (unweighted),PR,0.6931818181818182,0.25311203319502074
Random Forest (unweighted),PR,0.6931818181818182,0.25416666666666665
Random Forest (unweighted),PR,0.6931818181818182,0.25523012552301255
Random Forest (unweighted),PR,0.6818181818181818,0.25210084033613445
Random Forest (unweighted),PR,0.6818181818181818,0.25316455696202533
Random Forest (unweighted),PR,0.6818181818181818,0.2542372881355932
Random Forest (unweighted),PR,0.6818181818181818,0.2553191489361702
Random Forest (unweighted),PR,0.6818181818181818,0.2564102564102564
Random Forest (unweighted),PR,0.6704545454545454,0.2532188841201717
Random Forest (unweighted),PR,0.6704545454545454,0.2543103448275862
Random Forest (unweighted),PR,0.6704545454545454,0.2554112554112554
Random Forest (unweighted),PR,0.6704545454545454,0.2565217391304348
Random Forest (unweighted),PR,0.6704545454545454,0.2576419213973799
Random Forest (unweighted),PR,0.6704545454545454,0.25877192982456143
Random Forest (unweighted),PR,0.6590909090909091,0.2555066079295154
Random Forest (unweighted),PR,0.6590909090909091,0.25663716814159293
Random Forest (unweighted),PR,0.6590909090909091,0.2577777777777778
Random Forest (unweighted),PR,0.6590909090909091,0.25892857142857145
Random Forest (unweighted),PR,0.6590909090909091,0.2600896860986547
Random Forest (unweighted),PR,0.6590909090909091,0.26126126126126126
Random Forest (unweighted),PR,0.6590909090909091,0.26244343891402716
Random Forest (unweighted),PR,0.6590909090909091,0.2636363636363636
Random Forest (unweighted),PR,0.6590909090909091,0.2648401826484018
Random Forest (unweighted),PR,0.6590909090909091,0.26605504587155965
Random Forest (unweighted),PR,0.6477272727272727,0.2626728110599078
Random Forest (unweighted),PR,0.6477272727272727,0.2638888888888889
Random Forest (unweighted),PR,0.6477272727272727,0.2651162790697674
Random Forest (unweighted),PR,0.6477272727272727,0.26635514018691586
Random Forest (unweighted),PR,0.6477272727272727,0.2676056338028169
Random Forest (unweighted),PR,0.6477272727272727,0.2688679245283019
Random Forest (unweighted),PR,0.6477272727272727,0.27014218009478674
Random Forest (unweighted),PR,0.6477272727272727,0.2714285714285714
Random Forest (unweighted),PR,0.6477272727272727,0.2727272727272727
Random Forest (unweighted),PR,0.6477272727272727,0.27403846153846156
Random Forest (unweighted),PR,0.6477272727272727,0.2753623188405797
Random Forest (unweighted),PR,0.6477272727272727,0.2766990291262136
Random Forest (unweighted),PR,0.6477272727272727,0.2780487804878049
Random Forest (unweighted),PR,0.6477272727272727,0.27941176470588236
Random Forest (unweighted),PR,0.6477272727272727,0.28078817733990147
Random Forest (unweighted),PR,0.6363636363636364,0.27722772277227725
Random Forest (unweighted),PR,0.6363636363636364,0.27860696517412936
Random Forest (unweighted),PR,0.6363636363636364,0.28
Random Forest (unweighted),PR,0.6363636363636364,0.2814070351758794
Random Forest (unweighted),PR,0.6363636363636364,0.2828282828282828
Random Forest (unweighted),PR,0.6363636363636364,0.28426395939086296
Random Forest (unweighted),PR,0.6363636363636364,0.2857142857142857
Random Forest (unweighted),PR,0.6363636363636364,0.28717948717948716
Random Forest (unweighted),PR,0.6363636363636364,0.28865979381443296
Random Forest (unweighted),PR,0.6363636363636364,0.29015544041450775
Random Forest (unweighted),PR,0.6363636363636364,0.2916666666666667
Random Forest (unweighted),PR,0.6363636363636364,0.2931937172774869
Random Forest (unweighted),PR,0.6363636363636364,0.29473684210526313
Random Forest (unweighted),PR,0.625,0.291005291005291
Random Forest (unweighted),PR,0.625,0.2925531914893617
Random Forest (unweighted),PR,0.625,0.29411764705882354
Random Forest (unweighted),PR,0.625,0.2956989247311828
Random Forest (unweighted),PR,0.625,0.2972972972972973
Random Forest (unweighted),PR,0.625,0.29891304347826086
Random Forest (unweighted),PR,0.625,0.3005464480874317
Random Forest (unweighted),PR,0.625,0.3021978021978022
Random Forest (unweighted),PR,0.625,0.30386740331491713
Random Forest (unweighted),PR,0.625,0.3055555555555556
Random Forest (unweighted),PR,0.625,0.30726256983240224
Random Forest (unweighted),PR,0.6136363636363636,0.30337078651685395
Random Forest (unweighted),PR,0.6022727272727273,0.2994350282485876
Random Forest (unweighted),PR,0.5909090909090909,0.29545454545454547
Random Forest (unweighted),PR,0.5909090909090909,0.29714285714285715
Random Forest (unweighted),PR,0.5909090909090909,0.2988505747126437
Random Forest (unweighted),PR,0.5909090909090909,0.30057803468208094
Random Forest (unweighted),PR,0.5909090909090909,0.3023255813953488
Random Forest (unweighted),PR,0.5795454545454546,0.2982456140350877
Random Forest (unweighted),PR,0.5795454545454546,0.3
Random Forest (unweighted),PR,0.5795454545454546,0.30177514792899407
Random Forest (unweighted),PR,0.5795454545454546,0.30357142857142855
Random Forest (unweighted),PR,0.5795454545454546,0.30538922155688625
Random Forest (unweighted),PR,0.5795454545454546,0.3072289156626506
Random Forest (unweighted),PR,0.5795454545454546,0.3090909090909091
Random Forest (unweighted),PR,0.5795454545454546,0.31097560975609756
Random Forest (unweighted),PR,0.5795454545454546,0.3128834355828221
Random Forest (unweighted),PR,0.5795454545454546,0.3148148148148148
Random Forest (unweighted),PR,0.5795454545454546,0.3167701863354037
Random Forest (unweighted),PR,0.5795454545454546,0.31875
Random Forest (unweighted),PR,0.5795454545454546,0.32075471698113206
Random Forest (unweighted),PR,0.5795454545454546,0.3227848101265823
Random Forest (unweighted),PR,0.5681818181818182,0.3184713375796178
Random Forest (unweighted),PR,0.5568181818181818,0.3141025641025641
Random Forest (unweighted),PR,0.5568181818181818,0.3161290322580645
Random Forest (unweighted),PR,0.5454545454545454,0.3116883116883117
Random Forest (unweighted),PR,0.5454545454545454,0.3137254901960784
Random Forest (unweighted),PR,0.5454545454545454,0.3157894736842105
Random Forest (unweighted),PR,0.5454545454545454,0.31788079470198677
Random Forest (unweighted),PR,0.5454545454545454,0.32
Random Forest (unweighted),PR,0.5454545454545454,0.3221476510067114
Random Forest (unweighted),PR,0.5454545454545454,0.32432432432432434
Random Forest (unweighted),PR,0.5454545454545454,0.32653061224489793
Random Forest (unweighted),PR,0.5340909090909091,0.3219178082191781
Random Forest (unweighted),PR,0.5340909090909091,0.32413793103448274
Random Forest (unweighted),PR,0.5340909090909091,0.3263888888888889
Random Forest (unweighted),PR,0.5340909090909091,0.32867132867132864
Random Forest (unweighted),PR,0.5340909090909091,0.33098591549295775
Random Forest (unweighted),PR,0.5227272727272727,0.3262411347517731
Random Forest (unweighted),PR,0.5227272727272727,0.32857142857142857
Random Forest (unweighted),PR,0.5227272727272727,0.33093525179856115
Random Forest (unweighted),PR,0.5227272727272727,0.3333333333333333
Random Forest (unweighted),PR,0.5227272727272727,0.3357664233576642
Random Forest (unweighted),PR,0.5113636363636364,0.33088235294117646
Random Forest (unweighted),PR,0.5,0.32592592592592595
Random Forest (unweighted),PR,0.48863636363636365,0.3208955223880597
Random Forest (unweighted),PR,0.48863636363636365,0.3233082706766917
Random Forest (unweighted),PR,0.4772727272727273,0.3181818181818182
Random Forest (unweighted),PR,0.4659090909090909,0.31297709923664124
Random Forest (unweighted),PR,0.4659090909090909,0.3153846153846154
Random Forest (unweighted),PR,0.4659090909090909,0.3178294573643411
Random Forest (unweighted),PR,0.4659090909090909,0.3203125
Random Forest (unweighted),PR,0.4659090909090909,0.3228346456692913
Random Forest (unweighted),PR,0.45454545454545453,0.31746031746031744
Random Forest (unweighted),PR,0.45454545454545453,0.32
Random Forest (unweighted),PR,0.4431818181818182,0.31451612903225806
Random Forest (unweighted),PR,0.4318181818181818,0.3089430894308943
Random Forest (unweighted),PR,0.42045454545454547,0.30327868852459017
Random Forest (unweighted),PR,0.42045454545454547,0.30578512396694213
Random Forest (unweighted),PR,0.42045454545454547,0.30833333333333335
Random Forest (unweighted),PR,0.42045454545454547,0.31092436974789917
Random Forest (unweighted),PR,0.42045454545454547,0.3135593220338983
Random Forest (unweighted),PR,0.4090909090909091,0.3076923076923077
Random Forest (unweighted),PR,0.4090909090909091,0.3103448275862069
Random Forest (unweighted),PR,0.4090909090909091,0.3130434782608696
Random Forest (unweighted),PR,0.4090909090909091,0.3157894736842105
Random Forest (unweighted),PR,0.4090909090909091,0.3185840707964602
Random Forest (unweighted),PR,0.4090909090909091,0.32142857142857145
Random Forest (unweighted),PR,0.4090909090909091,0.32432432432432434
Random Forest (unweighted),PR,0.4090909090909091,0.32727272727272727
Random Forest (unweighted),PR,0.4090909090909091,0.3302752293577982
Random Forest (unweighted),PR,0.4090909090909091,0.3333333333333333
Random Forest (unweighted),PR,0.4090909090909091,0.3364485981308411
Random Forest (unweighted),PR,0.4090909090909091,0.33962264150943394
Random Forest (unweighted),PR,0.4090909090909091,0.34285714285714286
Random Forest (unweighted),PR,0.3977272727272727,0.33653846153846156
Random Forest (unweighted),PR,0.3977272727272727,0.33980582524271846
Random Forest (unweighted),PR,0.38636363636363635,0.3333333333333333
Random Forest (unweighted),PR,0.375,0.32673267326732675
Random Forest (unweighted),PR,0.36363636363636365,0.32
Random Forest (unweighted),PR,0.36363636363636365,0.32323232323232326
Random Forest (unweighted),PR,0.3522727272727273,0.3163265306122449
Random Forest (unweighted),PR,0.3522727272727273,0.31958762886597936
Random Forest (unweighted),PR,0.3522727272727273,0.3229166666666667
Random Forest (unweighted),PR,0.3522727272727273,0.3263157894736842
Random Forest (unweighted),PR,0.3522727272727273,0.32978723404255317
Random Forest (unweighted),PR,0.3522727272727273,0.3333333333333333
Random Forest (unweighted),PR,0.3522727272727273,0.33695652173913043
Random Forest (unweighted),PR,0.3522727272727273,0.34065934065934067
Random Forest (unweighted),PR,0.3522727272727273,0.34444444444444444
Random Forest (unweighted),PR,0.3409090909090909,0.33707865168539325
Random Forest (unweighted),PR,0.32954545454545453,0.32954545454545453
Random Forest (unweighted),PR,0.3181818181818182,0.3218390804597701
Random Forest (unweighted),PR,0.3181818181818182,0.32558139534883723
Random Forest (unweighted),PR,0.3068181818181818,0.3176470588235294
Random Forest (unweighted),PR,0.29545454545454547,0.30952380952380953
Random Forest (unweighted),PR,0.29545454545454547,0.3132530120481928
Random Forest (unweighted),PR,0.29545454545454547,0.3170731707317073
Random Forest (unweighted),PR,0.29545454545454547,0.32098765432098764
Random Forest (unweighted),PR,0.29545454545454547,0.325
Random Forest (unweighted),PR,0.2840909090909091,0.31645569620253167
Random Forest (unweighted),PR,0.2840909090909091,0.32051282051282054
Random Forest (unweighted),PR,0.2840909090909091,0.3246753246753247
Random Forest (unweighted),PR,0.2840909090909091,0.32894736842105265
Random Forest (unweighted),PR,0.2840909090909091,0.3333333333333333
Random Forest (unweighted),PR,0.2727272727272727,0.32432432432432434
Random Forest (unweighted),PR,0.2727272727272727,0.3287671232876712
Random Forest (unweighted),PR,0.26136363636363635,0.3194444444444444
Random Forest (unweighted),PR,0.26136363636363635,0.323943661971831
Random Forest (unweighted),PR,0.25,0.3142857142857143
Random Forest (unweighted),PR,0.25,0.3188405797101449
Random Forest (unweighted),PR,0.25,0.3235294117647059
Random Forest (unweighted),PR,0.25,0.3283582089552239
Random Forest (unweighted),PR,0.25,0.3333333333333333
Random Forest (unweighted),PR,0.25,0.3384615384615385
Random Forest (unweighted),PR,0.25,0.34375
Random Forest (unweighted),PR,0.25,0.3492063492063492
Random Forest (unweighted),PR,0.25,0.3548387096774194
Random Forest (unweighted),PR,0.23863636363636365,0.3442622950819672
Random Forest (unweighted),PR,0.23863636363636365,0.35
Random Forest (unweighted),PR,0.22727272727272727,0.3389830508474576
Random Forest (unweighted),PR,0.22727272727272727,0.3448275862068966
Random Forest (unweighted),PR,0.22727272727272727,0.3508771929824561
Random Forest (unweighted),PR,0.22727272727272727,0.35714285714285715
Random Forest (unweighted),PR,0.22727272727272727,0.36363636363636365
Random Forest (unweighted),PR,0.22727272727272727,0.37037037037037035
Random Forest (unweighted),PR,0.2159090909090909,0.3584905660377358
Random Forest (unweighted),PR,0.2159090909090909,0.36538461538461536
Random Forest (unweighted),PR,0.20454545454545456,0.35294117647058826
Random Forest (unweighted),PR,0.20454545454545456,0.36
Random Forest (unweighted),PR,0.19318181818181818,0.3469387755102041
Random Forest (unweighted),PR,0.19318181818181818,0.3541666666666667
Random Forest (unweighted),PR,0.19318181818181818,0.3617021276595745
Random Forest (unweighted),PR,0.19318181818181818,0.3695652173913043
Random Forest (unweighted),PR,0.19318181818181818,0.37777777777777777
Random Forest (unweighted),PR,0.18181818181818182,0.36363636363636365
Random Forest (unweighted),PR,0.18181818181818182,0.37209302325581395
Random Forest (unweighted),PR,0.17045454545454544,0.35714285714285715
Random Forest (unweighted),PR,0.17045454545454544,0.36585365853658536
Random Forest (unweighted),PR,0.17045454545454544,0.375
Random Forest (unweighted),PR,0.1590909090909091,0.358974358974359
Random Forest (unweighted),PR,0.1590909090909091,0.3684210526315789
Random Forest (unweighted),PR,0.1590909090909091,0.3783783783783784
Random Forest (unweighted),PR,0.14772727272727273,0.3611111111111111
Random Forest (unweighted),PR,0.14772727272727273,0.37142857142857144
Random Forest (unweighted),PR,0.14772727272727273,0.38235294117647056
Random Forest (unweighted),PR,0.14772727272727273,0.3939393939393939
Random Forest (unweighted),PR,0.14772727272727273,0.40625
Random Forest (unweighted),PR,0.14772727272727273,0.41935483870967744
Random Forest (unweighted),PR,0.13636363636363635,0.4
Random Forest (unweighted),PR,0.13636363636363635,0.41379310344827586
Random Forest (unweighted),PR,0.13636363636363635,0.42857142857142855
Random Forest (unweighted),PR,0.125,0.4074074074074074
Random Forest (unweighted),PR,0.125,0.4230769230769231
Random Forest (unweighted),PR,0.125,0.44
Random Forest (unweighted),PR,0.11363636363636363,0.4166666666666667
Random Forest (unweighted),PR,0.11363636363636363,0.43478260869565216
Random Forest (unweighted),PR,0.11363636363636363,0.45454545454545453
Random Forest (unweighted),PR,0.10227272727272728,0.42857142857142855
Random Forest (unweighted),PR,0.10227272727272728,0.45
Random Forest (unweighted),PR,0.09090909090909091,0.42105263157894735
Random Forest (unweighted),PR,0.09090909090909091,0.4444444444444444
Random Forest (unweighted),PR,0.07954545454545454,0.4117647058823529
Random Forest (unweighted),PR,0.07954545454545454,0.4375
Random Forest (unweighted),PR,0.07954545454545454,0.4666666666666667
Random Forest (unweighted),PR,0.06818181818181818,0.42857142857142855
Random Forest (unweighted),PR,0.056818181818181816,0.38461538461538464
Random Forest (unweighted),PR,0.045454545454545456,0.3333333333333333
Random Forest (unweighted),PR,0.045454545454545456,0.36363636363636365
Random Forest (unweighted),PR,0.045454545454545456,0.4
Random Forest (unweighted),PR,0.045454545454545456,0.4444444444444444
Random Forest (unweighted),PR,0.045454545454545456,0.5
Random Forest (unweighted),PR,0.03409090909090909,0.42857142857142855
Random Forest (unweighted),PR,0.03409090909090909,0.5
Random Forest (unweighted),PR,0.022727272727272728,0.4
Random Forest (unweighted),PR,0.022727272727272728,0.5
Random Forest (unweighted),PR,0.022727272727272728,0.6666666666666666
Random Forest (unweighted),PR,0.011363636363636364,0.5
Random Forest (unweighted),PR,0.011363636363636364,1.0
Random Forest (unweighted),PR,0.0,1.0
Histogram Gradient Boosting (unweighted),ROC,0.0,0.0
Histogram Gradient Boosting (unweighted),ROC,0.0010964912280701754,0.0
Histogram Gradient Boosting (unweighted),ROC,0.0043859649122807015,0.0
Histogram Gradient Boosting (unweighted),ROC,0.0043859649122807015,0.011363636363636364
Histogram Gradient Boosting (unweighted),ROC,0.005482456140350877,0.011363636363636364
Histogram Gradient Boosting (unweighted),ROC,0.005482456140350877,0.022727272727272728
Histogram Gradient Boosting (unweighted),ROC,0.006578947368421052,0.022727272727272728
Histogram Gradient Boosting (unweighted),ROC,0.006578947368421052,0.03409090909090909
Histogram Gradient Boosting (unweighted),ROC,0.009868421052631578,0.03409090909090909
Histogram Gradient Boosting (unweighted),ROC,0.009868421052631578,0.045454545454545456
Histogram Gradient Boosting (unweighted),ROC,0.01206140350877193,0.045454545454545456
Histogram Gradient Boosting (unweighted),ROC,0.01206140350877193,0.06818181818181818
Histogram Gradient Boosting (unweighted),ROC,0.01425438596491228,0.06818181818181818
Histogram Gradient Boosting (unweighted),ROC,0.01425438596491228,0.07954545454545454
Histogram Gradient Boosting (unweighted),ROC,0.017543859649122806,0.07954545454545454
Histogram Gradient Boosting (unweighted),ROC,0.017543859649122806,0.09090909090909091
Histogram Gradient Boosting (unweighted),ROC,0.021929824561403508,0.09090909090909091
Histogram Gradient Boosting (unweighted),ROC,0.021929824561403508,0.11363636363636363
Histogram Gradient Boosting (unweighted),ROC,0.02412280701754386,0.11363636363636363
Histogram Gradient Boosting (unweighted),ROC,0.02412280701754386,0.125
Histogram Gradient Boosting (unweighted),ROC,0.027412280701754384,0.125
Histogram Gradient Boosting (unweighted),ROC,0.027412280701754384,0.13636363636363635
Histogram Gradient Boosting (unweighted),ROC,0.03289473684210526,0.13636363636363635
Histogram Gradient Boosting (unweighted),ROC,0.03289473684210526,0.14772727272727273
Histogram Gradient Boosting (unweighted),ROC,0.03399122807017544,0.14772727272727273
Histogram Gradient Boosting (unweighted),ROC,0.03399122807017544,0.1590909090909091
Histogram Gradient Boosting (unweighted),ROC,0.03618421052631579,0.1590909090909091
Histogram Gradient Boosting (unweighted),ROC,0.03618421052631579,0.17045454545454544
Histogram Gradient Boosting (unweighted),ROC,0.03728070175438596,0.17045454545454544
Histogram Gradient Boosting (unweighted),ROC,0.03728070175438596,0.18181818181818182
Histogram Gradient Boosting (unweighted),ROC,0.039473684210526314,0.18181818181818182
Histogram Gradient Boosting (unweighted),ROC,0.039473684210526314,0.20454545454545456
Histogram Gradient Boosting (unweighted),ROC,0.04057017543859649,0.20454545454545456
Histogram Gradient Boosting (unweighted),ROC,0.04057017543859649,0.2159090909090909
Histogram Gradient Boosting (unweighted),ROC,0.047149122807017545,0.2159090909090909
Histogram Gradient Boosting (unweighted),ROC,0.047149122807017545,0.22727272727272727
Histogram Gradient Boosting (unweighted),ROC,0.05482456140350877,0.22727272727272727
Histogram Gradient Boosting (unweighted),ROC,0.05482456140350877,0.23863636363636365
Histogram Gradient Boosting (unweighted),ROC,0.05592105263157895,0.23863636363636365
Histogram Gradient Boosting (unweighted),ROC,0.05592105263157895,0.2840909090909091
Histogram Gradient Boosting (unweighted),ROC,0.06140350877192982,0.2840909090909091
Histogram Gradient Boosting (unweighted),ROC,0.06140350877192982,0.29545454545454547
Histogram Gradient Boosting (unweighted),ROC,0.0625,0.29545454545454547
Histogram Gradient Boosting (unweighted),ROC,0.0625,0.3068181818181818
Histogram Gradient Boosting (unweighted),ROC,0.06578947368421052,0.3068181818181818
Histogram Gradient Boosting (unweighted),ROC,0.06578947368421052,0.3181818181818182
Histogram Gradient Boosting (unweighted),ROC,0.07017543859649122,0.3181818181818182
Histogram Gradient Boosting (unweighted),ROC,0.07017543859649122,0.32954545454545453
Histogram Gradient Boosting (unweighted),ROC,0.0712719298245614,0.32954545454545453
Histogram Gradient Boosting (unweighted),ROC,0.0712719298245614,0.3522727272727273
Histogram Gradient Boosting (unweighted),ROC,0.07785087719298246,0.3522727272727273
Histogram Gradient Boosting (unweighted),ROC,0.07785087719298246,0.36363636363636365
Histogram Gradient Boosting (unweighted),ROC,0.08114035087719298,0.36363636363636365
Histogram Gradient Boosting (unweighted),ROC,0.08114035087719298,0.375
Histogram Gradient Boosting (unweighted),ROC,0.08223684210526316,0.375
Histogram Gradient Boosting (unweighted),ROC,0.08223684210526316,0.3977272727272727
Histogram Gradient Boosting (unweighted),ROC,0.08333333333333333,0.3977272727272727
Histogram Gradient Boosting (unweighted),ROC,0.08333333333333333,0.4090909090909091
Histogram Gradient Boosting (unweighted),ROC,0.08552631578947369,0.4090909090909091
Histogram Gradient Boosting (unweighted),ROC,0.08552631578947369,0.42045454545454547
Histogram Gradient Boosting (unweighted),ROC,0.09649122807017543,0.42045454545454547
Histogram Gradient Boosting (unweighted),ROC,0.09649122807017543,0.4318181818181818
Histogram Gradient Boosting (unweighted),ROC,0.09758771929824561,0.4318181818181818
Histogram Gradient Boosting (unweighted),ROC,0.09758771929824561,0.45454545454545453
Histogram Gradient Boosting (unweighted),ROC,0.09978070175438597,0.45454545454545453
Histogram Gradient Boosting (unweighted),ROC,0.09978070175438597,0.4659090909090909
Histogram Gradient Boosting (unweighted),ROC,0.1118421052631579,0.4659090909090909
Histogram Gradient Boosting (unweighted),ROC,0.1118421052631579,0.4772727272727273
Histogram Gradient Boosting (unweighted),ROC,0.1206140350877193,0.4772727272727273
Histogram Gradient Boosting (unweighted),ROC,0.1206140350877193,0.48863636363636365
Histogram Gradient Boosting (unweighted),ROC,0.12280701754385964,0.48863636363636365
Histogram Gradient Boosting (unweighted),ROC,0.12280701754385964,0.5
Histogram Gradient Boosting (unweighted),ROC,0.13486842105263158,0.5
Histogram Gradient Boosting (unweighted),ROC,0.13486842105263158,0.5227272727272727
Histogram Gradient Boosting (unweighted),ROC,0.13596491228070176,0.5227272727272727
Histogram Gradient Boosting (unweighted),ROC,0.13596491228070176,0.5454545454545454
Histogram Gradient Boosting (unweighted),ROC,0.13706140350877194,0.5454545454545454
Histogram Gradient Boosting (unweighted),ROC,0.13706140350877194,0.5568181818181818
Histogram Gradient Boosting (unweighted),ROC,0.13925438596491227,0.5568181818181818
Histogram Gradient Boosting (unweighted),ROC,0.13925438596491227,0.5681818181818182
Histogram Gradient Boosting (unweighted),ROC,0.14583333333333334,0.5681818181818182
Histogram Gradient Boosting (unweighted),ROC,0.14583333333333334,0.5795454545454546
Histogram Gradient Boosting (unweighted),ROC,0.15679824561403508,0.5795454545454546
Histogram Gradient Boosting (unweighted),ROC,0.15679824561403508,0.5909090909090909
Histogram Gradient Boosting (unweighted),ROC,0.16337719298245615,0.5909090909090909
Histogram Gradient Boosting (unweighted),ROC,0.16337719298245615,0.6022727272727273
Histogram Gradient Boosting (unweighted),ROC,0.16447368421052633,0.6022727272727273
Histogram Gradient Boosting (unweighted),ROC,0.16447368421052633,0.6136363636363636
Histogram Gradient Boosting (unweighted),ROC,0.16557017543859648,0.6136363636363636
Histogram Gradient Boosting (unweighted),ROC,0.16557017543859648,0.625
Histogram Gradient Boosting (unweighted),ROC,0.17214912280701755,0.625
Histogram Gradient Boosting (unweighted),ROC,0.17214912280701755,0.6363636363636364
Histogram Gradient Boosting (unweighted),ROC,0.17763157894736842,0.6363636363636364
Histogram Gradient Boosting (unweighted),ROC,0.17763157894736842,0.6477272727272727
Histogram Gradient Boosting (unweighted),ROC,0.19517543859649122,0.6477272727272727
Histogram Gradient Boosting (unweighted),ROC,0.19517543859649122,0.6590909090909091
Histogram Gradient Boosting (unweighted),ROC,0.19956140350877194,0.6590909090909091
Histogram Gradient Boosting (unweighted),ROC,0.19956140350877194,0.6818181818181818
Histogram Gradient Boosting (unweighted),ROC,0.20285087719298245,0.6818181818181818
Histogram Gradient Boosting (unweighted),ROC,0.20285087719298245,0.6931818181818182
Histogram Gradient Boosting (unweighted),ROC,0.20614035087719298,0.6931818181818182
Histogram Gradient Boosting (unweighted),ROC,0.20614035087719298,0.7159090909090909
Histogram Gradient Boosting (unweighted),ROC,0.22039473684210525,0.7159090909090909
Histogram Gradient Boosting (unweighted),ROC,0.22039473684210525,0.7272727272727273
Histogram Gradient Boosting (unweighted),ROC,0.22807017543859648,0.7272727272727273
Histogram Gradient Boosting (unweighted),ROC,0.22807017543859648,0.7386363636363636
Histogram Gradient Boosting (unweighted),ROC,0.23355263157894737,0.7386363636363636
Histogram Gradient Boosting (unweighted),ROC,0.23355263157894737,0.75
Histogram Gradient Boosting (unweighted),ROC,0.25219298245614036,0.75
Histogram Gradient Boosting (unweighted),ROC,0.25219298245614036,0.7613636363636364
Histogram Gradient Boosting (unweighted),ROC,0.2598684210526316,0.7613636363636364
Histogram Gradient Boosting (unweighted),ROC,0.2598684210526316,0.7727272727272727
Histogram Gradient Boosting (unweighted),ROC,0.2730263157894737,0.7727272727272727
Histogram Gradient Boosting (unweighted),ROC,0.2730263157894737,0.7840909090909091
Histogram Gradient Boosting (unweighted),ROC,0.27631578947368424,0.7840909090909091
Histogram Gradient Boosting (unweighted),ROC,0.27631578947368424,0.7954545454545454
Histogram Gradient Boosting (unweighted),ROC,0.28618421052631576,0.7954545454545454
Histogram Gradient Boosting (unweighted),ROC,0.28618421052631576,0.8068181818181818
Histogram Gradient Boosting (unweighted),ROC,0.28728070175438597,0.8068181818181818
Histogram Gradient Boosting (unweighted),ROC,0.28728070175438597,0.8181818181818182
Histogram Gradient Boosting (unweighted),ROC,0.29714912280701755,0.8181818181818182
Histogram Gradient Boosting (unweighted),ROC,0.29714912280701755,0.8295454545454546
Histogram Gradient Boosting (unweighted),ROC,0.31798245614035087,0.8295454545454546
Histogram Gradient Boosting (unweighted),ROC,0.31798245614035087,0.8522727272727273
Histogram Gradient Boosting (unweighted),ROC,0.3256578947368421,0.8522727272727273
Histogram Gradient Boosting (unweighted),ROC,0.3256578947368421,0.8636363636363636
Histogram Gradient Boosting (unweighted),ROC,0.32785087719298245,0.8636363636363636
Histogram Gradient Boosting (unweighted),ROC,0.32785087719298245,0.875
Histogram Gradient Boosting (unweighted),ROC,0.3300438596491228,0.875
Histogram Gradient Boosting (unweighted),ROC,0.3300438596491228,0.8863636363636364
Histogram Gradient Boosting (unweighted),ROC,0.35526315789473684,0.8863636363636364
Histogram Gradient Boosting (unweighted),ROC,0.35526315789473684,0.8977272727272727
Histogram Gradient Boosting (unweighted),ROC,0.44298245614035087,0.8977272727272727
Histogram Gradient Boosting (unweighted),ROC,0.44298245614035087,0.9090909090909091
Histogram Gradient Boosting (unweighted),ROC,0.47149122807017546,0.9090909090909091
Histogram Gradient Boosting (unweighted),ROC,0.47149122807017546,0.9204545454545454
Histogram Gradient Boosting (unweighted),ROC,0.5274122807017544,0.9204545454545454
Histogram Gradient Boosting (unweighted),ROC,0.5274122807017544,0.9318181818181818
Histogram Gradient Boosting (unweighted),ROC,0.5570175438596491,0.9318181818181818
Histogram Gradient Boosting (unweighted),ROC,0.5570175438596491,0.9431818181818182
Histogram Gradient Boosting (unweighted),ROC,0.7050438596491229,0.9431818181818182
Histogram Gradient Boosting (unweighted),ROC,0.7050438596491229,0.9545454545454546
Histogram Gradient Boosting (unweighted),ROC,0.7949561403508771,0.9545454545454546
Histogram Gradient Boosting (unweighted),ROC,0.7949561403508771,0.9659090909090909
Histogram Gradient Boosting (unweighted),ROC,0.8114035087719298,0.9659090909090909
Histogram Gradient Boosting (unweighted),ROC,0.8114035087719298,0.9772727272727273
Histogram Gradient Boosting (unweighted),ROC,0.881578947368421,0.9772727272727273
Histogram Gradient Boosting (unweighted),ROC,0.881578947368421,0.9886363636363636
Histogram Gradient Boosting (unweighted),ROC,0.9429824561403509,0.9886363636363636
Histogram Gradient Boosting (unweighted),ROC,0.9429824561403509,1.0
Histogram Gradient Boosting (unweighted),ROC,1.0,1.0
Histogram Gradient Boosting (unweighted),PR,1.0,0.088
Histogram Gradient Boosting (unweighted),PR,1.0,0.08808808808808809
Histogram Gradient Boosting (unweighted),PR,1.0,0.08817635270541083
Histogram Gradient Boosting (unweighted),PR,1.0,0.08826479438314945
Histogram Gradient Boosting (unweighted),PR,1.0,0.08835341365461848
Histogram Gradient Boosting (unweighted),PR,1.0,0.08844221105527639
Histogram Gradient Boosting (unweighted),PR,1.0,0.08853118712273642
Histogram Gradient Boosting (unweighted),PR,1.0,0.08862034239677745
Histogram Gradient Boosting (unweighted),PR,1.0,0.08870967741935484
Histogram Gradient Boosting (unweighted),PR,1.0,0.08879919273461151
Histogram Gradient Boosting (unweighted),PR,1.0,0.08888888888888889
Histogram Gradient Boosting (unweighted),PR,1.0,0.08897876643073811
Histogram Gradient Boosting (unweighted),PR,1.0,0.08906882591093117
Histogram Gradient Boosting (unweighted),PR,1.0,0.08915906788247213
Histogram Gradient Boosting (unweighted),PR,1.0,0.08924949290060852
Histogram Gradient Boosting (unweighted),PR,1.0,0.08934010152284264
Histogram Gradient Boosting (unweighted),PR,1.0,0.08943089430894309
Histogram Gradient Boosting (unweighted),PR,1.0,0.08952187182095625
Histogram Gradient Boosting (unweighted),PR,1.0,0.08961303462321792
Histogram Gradient Boosting (unweighted),PR,1.0,0.08970438328236494
Histogram Gradient Boosting (unweighted),PR,1.0,0.08979591836734693
Histogram Gradient Boosting (unweighted),PR,1.0,0.0898876404494382
Histogram Gradient Boosting (unweighted),PR,1.0,0.08997955010224949
Histogram Gradient Boosting (unweighted),PR,1.0,0.09007164790174002
Histogram Gradient Boosting (unweighted),PR,1.0,0.09016393442622951
Histogram Gradient Boosting (unweighted),PR,1.0,0.09025641025641026
Histogram Gradient Boosting (unweighted),PR,1.0,0.09034907597535935
Histogram Gradient Boosting (unweighted),PR,1.0,0.09044193216855087
Histogram Gradient Boosting (unweighted),PR,1.0,0.09053497942386832
Histogram Gradient Boosting (unweighted),PR,1.0,0.09062821833161688
Histogram Gradient Boosting (unweighted),PR,1.0,0.09072164948453608
Histogram Gradient Boosting (unweighted),PR,1.0,0.09081527347781218
Histogram Gradient Boosting (unweighted),PR,1.0,0.09090909090909091
Histogram Gradient Boosting (unweighted),PR,1.0,0.09100310237849017
Histogram Gradient Boosting (unweighted),PR,1.0,0.09109730848861283
Histogram Gradient Boosting (unweighted),PR,1.0,0.09119170984455958
Histogram Gradient Boosting (unweighted),PR,1.0,0.0912863070539419
Histogram Gradient Boosting (unweighted),PR,1.0,0.09138110072689512
Histogram Gradient Boosting (unweighted),PR,1.0,0.09147609147609148
Histogram Gradient Boosting (unweighted),PR,1.0,0.09157127991675339
Histogram Gradient Boosting (unweighted),PR,1.0,0.09166666666666666
Histogram Gradient Boosting (unweighted),PR,1.0,0.09176225234619395
Histogram Gradient Boosting (unweighted),PR,1.0,0.0918580375782881
Histogram Gradient Boosting (unweighted),PR,1.0,0.09195402298850575
Histogram Gradient Boosting (unweighted),PR,1.0,0.09205020920502092
Histogram Gradient Boosting (unweighted),PR,1.0,0.09214659685863874
Histogram Gradient Boosting (unweighted),PR,1.0,0.09224318658280922
Histogram Gradient Boosting (unweighted),PR,1.0,0.09233997901364113
Histogram Gradient Boosting (unweighted),PR,1.0,0.09243697478991597
Histogram Gradient Boosting (unweighted),PR,1.0,0.09253417455310199
Histogram Gradient Boosting (unweighted),PR,1.0,0.09263157894736843
Histogram Gradient Boosting (unweighted),PR,1.0,0.09272918861959958
Histogram Gradient Boosting (unweighted),PR,1.0,0.09282700421940929
Histogram Gradient Boosting (unweighted),PR,0.9886363636363636,0.09186906019007392
Histogram Gradient Boosting (unweighted),PR,0.9886363636363636,0.0919661733615222
Histogram Gradient Boosting (unweighted),PR,0.9886363636363636,0.09206349206349207
Histogram Gradient Boosting (unweighted),PR,0.9886363636363636,0.09216101694915255
Histogram Gradient Boosting (unweighted),PR,0.9886363636363636,0.09225874867444327
Histogram Gradient Boosting (unweighted),PR,0.9886363636363636,0.09235668789808917
Histogram Gradient Boosting (unweighted),PR,0.9886363636363636,0.0924548352816153
Histogram Gradient Boosting (unweighted),PR,0.9886363636363636,0.0925531914893617
Histogram Gradient Boosting (unweighted),PR,0.9886363636363636,0.0926517571884984
Histogram Gradient Boosting (unweighted),PR,0.9886363636363636,0.09275053304904052
Histogram Gradient Boosting (unweighted),PR,0.9886363636363636,0.09284951974386339
Histogram Gradient Boosting (unweighted),PR,0.9886363636363636,0.09294871794871795
Histogram Gradient Boosting (unweighted),PR,0.9886363636363636,0.09304812834224599
Histogram Gradient Boosting (unweighted),PR,0.9886363636363636,0.09314775160599571
Histogram Gradient Boosting (unweighted),PR,0.9886363636363636,0.0932475884244373
Histogram Gradient Boosting (unweighted),PR,0.9886363636363636,0.09334763948497854
Histogram Gradient Boosting (unweighted),PR,0.9886363636363636,0.09344790547798067
Histogram Gradient Boosting (unweighted),PR,0.9886363636363636,0.0935483870967742
Histogram Gradient Boosting (unweighted),PR,0.9886363636363636,0.09364908503767493
Histogram Gradient Boosting (unweighted),PR,0.9886363636363636,0.09375
Histogram Gradient Boosting (unweighted),PR,0.9886363636363636,0.09385113268608414
Histogram Gradient Boosting (unweighted),PR,0.9886363636363636,0.0939524838012959
Histogram Gradient Boosting (unweighted),PR,0.9886363636363636,0.09405405405405405
Histogram Gradient Boosting (unweighted),PR,0.9886363636363636,0.09415584415584416
Histogram Gradient Boosting (unweighted),PR,0.9886363636363636,0.09425785482123511
Histogram Gradient Boosting (unweighted),PR,0.9886363636363636,0.09436008676789588
Histogram Gradient Boosting (unweighted),PR,0.9886363636363636,0.09446254071661238
Histogram Gradient Boosting (unweighted),PR,0.9886363636363636,0.09456521739130434
Histogram Gradient Boosting (unweighted),PR,0.9886363636363636,0.09466811751904244
Histogram Gradient Boosting (unweighted),PR,0.9886363636363636,0.09477124183006536
Histogram Gradient Boosting (unweighted),PR,0.9886363636363636,0.09487459105779716
Histogram Gradient Boosting (unweighted),PR,0.9886363636363636,0.09497816593886463
Histogram Gradient Boosting (unweighted),PR,0.9886363636363636,0.09508196721311475
Histogram Gradient Boosting (unweighted),PR,0.9886363636363636,0.09518599562363239
Histogram Gradient Boosting (unweighted),PR,0.9886363636363636,0.09529025191675794
Histogram Gradient Boosting (unweighted),PR,0.9886363636363636,0.09539473684210527
Histogram Gradient Boosting (unweighted),PR,0.9886363636363636,0.09549945115257959
Histogram Gradient Boosting (unweighted),PR,0.9886363636363636,0.0956043956043956
Histogram Gradient Boosting (unweighted),PR,0.9886363636363636,0.09570957095709572
Histogram Gradient Boosting (unweighted),PR,0.9886363636363636,0.09581497797356828
Histogram Gradient Boosting (unweighted),PR,0.9886363636363636,0.09592061742006615
Histogram Gradient Boosting (unweighted),PR,0.9886363636363636,0.09602649006622517
Histogram Gradient Boosting (unweighted),PR,0.9886363636363636,0.09613259668508287
Histogram Gradient Boosting (unweighted),PR,0.9886363636363636,0.09623893805309734
Histogram Gradient Boosting (unweighted),PR,0.9886363636363636,0.09634551495016612
Histogram Gradient Boosting (unweighted),PR,0.9886363636363636,0.09645232815964523
Histogram Gradient Boosting (unweighted),PR,0.9886363636363636,0.09655937846836848
Histogram Gradient Boosting (unweighted),PR,0.9886363636363636,0.09666666666666666
Histogram Gradient Boosting (unweighted),PR,0.9886363636363636,0.0967741935483871
Histogram Gradient Boosting (unweighted),PR,0.9886363636363636,0.09688195991091314
Histogram Gradient Boosting (unweighted),PR,0.9886363636363636,0.09698996655518395
Histogram Gradient Boosting (unweighted),PR,0.9886363636363636,0.09709821428571429
Histogram Gradient Boosting (unweighted),PR,0.9886363636363636,0.09720670391061452
Histogram Gradient Boosting (unweighted),PR,0.9886363636363636,0.09731543624161074
Histogram Gradient Boosting (unweighted),PR,0.9886363636363636,0.09742441209406495
Histogram Gradient Boosting (unweighted),PR,0.9886363636363636,0.09753363228699552
Histogram Gradient Boosting (unweighted),PR,0.9886363636363636,0.09764309764309764
Histogram Gradient Boosting (unweighted),PR,0.9772727272727273,0.09662921348314607
Histogram Gradient Boosting (unweighted),PR,0.9772727272727273,0.09673790776152981
Histogram Gradient Boosting (unweighted),PR,0.9772727272727273,0.09684684684684684
Histogram Gradient Boosting (unweighted),PR,0.9772727272727273,0.09695603156708005
Histogram Gradient Boosting (unweighted),PR,0.9772727272727273,0.09706546275395034
Histogram Gradient Boosting (unweighted),PR,0.9772727272727273,0.09717514124293786
Histogram Gradient Boosting (unweighted),PR,0.9772727272727273,0.09728506787330317
Histogram Gradient Boosting (unweighted),PR,0.9772727272727273,0.09739524348810873
Histogram Gradient Boosting (unweighted),PR,0.9772727272727273,0.09750566893424037
Histogram Gradient Boosting (unweighted),PR,0.9772727272727273,0.09761634506242906
Histogram Gradient Boosting (unweighted),PR,0.9772727272727273,0.09772727272727273
Histogram Gradient Boosting (unweighted),PR,0.9772727272727273,0.09783845278725825
Histogram Gradient Boosting (unweighted),PR,0.9772727272727273,0.0979498861047836
Histogram Gradient Boosting (unweighted),PR,0.9772727272727273,0.09806157354618016
Histogram Gradient Boosting (unweighted),PR,0.9772727272727273,0.09817351598173515
Histogram Gradient Boosting (unweighted),PR,0.9772727272727273,0.09828571428571428
Histogram Gradient Boosting (unweighted),PR,0.9772727272727273,0.09839816933638444
Histogram Gradient Boosting (unweighted),PR,0.9772727272727273,0.09851088201603665
Histogram Gradient Boosting (unweighted),PR,0.9772727272727273,0.09862385321100918
Histogram Gradient Boosting (unweighted),PR,0.9772727272727273,0.09873708381171067
Histogram Gradient Boosting (unweighted),PR,0.9772727272727273,0.09885057471264368
Histogram Gradient Boosting (unweighted),PR,0.9772727272727273,0.09896432681242807
Histogram Gradient Boosting (unweighted),PR,0.9772727272727273,0.09907834101382489
Histogram Gradient Boosting (unweighted),PR,0.9772727272727273,0.09919261822376009
Histogram Gradient Boosting (unweighted),PR,0.9772727272727273,0.09930715935334873
Histogram Gradient Boosting (unweighted),PR,0.9772727272727273,0.09942196531791908
Histogram Gradient Boosting (unweighted),PR,0.9772727272727273,0.09953703703703703
Histogram Gradient Boosting (unweighted),PR,0.9772727272727273,0.0996523754345307
Histogram Gradient Boosting (unweighted),PR,0.9772727272727273,0.09976798143851508
Histogram Gradient Boosting (unweighted),PR,0.9772727272727273,0.09988385598141696
Histogram Gradient Boosting (unweighted),PR,0.9772727272727273,0.1
Histogram Gradient Boosting (unweighted),PR,0.9772727272727273,0.10011641443538999
Histogram Gradient Boosting (unweighted),PR,0.9772727272727273,0.10023310023310024
Histogram Gradient Boosting (unweighted),PR,0.9772727272727273,0.10035005834305717
Histogram Gradient Boosting (unweighted),PR,0.9772727272727273,0.10046728971962617
Histogram Gradient Boosting (unweighted),PR,0.9772727272727273,0.10058479532163743
Histogram Gradient Boosting (unweighted),PR,0.9772727272727273,0.10070257611241218
Histogram Gradient Boosting (unweighted),PR,0.9772727272727273,0.10082063305978899
Histogram Gradient Boosting (unweighted),PR,0.9772727272727273,0.10093896713615023
Histogram Gradient Boosting (unweighted),PR,0.9772727272727273,0.10105757931844889
Histogram Gradient Boosting (unweighted),PR,0.9772727272727273,0.1011764705882353
Histogram Gradient Boosting (unweighted),PR,0.9772727272727273,0.10129564193168433
Histogram Gradient Boosting (unweighted),PR,0.9772727272727273,0.10141509433962265
Histogram Gradient Boosting (unweighted),PR,0.9772727272727273,0.10153482880755609
Histogram Gradient Boosting (unweighted),PR,0.9772727272727273,0.1016548463356974
Histogram Gradient Boosting (unweighted),PR,0.9772727272727273,0.10177514792899409
Histogram Gradient Boosting (unweighted),PR,0.9772727272727273,0.1018957345971564
Histogram Gradient Boosting (unweighted),PR,0.9772727272727273,0.10201660735468565
Histogram Gradient Boosting (unweighted),PR,0.9772727272727273,0.1021377672209026
Histogram Gradient Boosting (unweighted),PR,0.9772727272727273,0.10225921521997622
Histogram Gradient Boosting (unweighted),PR,0.9772727272727273,0.10238095238095238
Histogram Gradient Boosting (unweighted),PR,0.9772727272727273,0.10250297973778308
Histogram Gradient Boosting (unweighted),PR,0.9772727272727273,0.1026252983293556
Histogram Gradient Boosting (unweighted),PR,0.9772727272727273,0.1027479091995221
Histogram Gradient Boosting (unweighted),PR,0.9772727272727273,0.10287081339712918
Histogram Gradient Boosting (unweighted),PR,0.9772727272727273,0.1029940119760479
Histogram Gradient Boosting (unweighted),PR,0.9772727272727273,0.10311750599520383
Histogram Gradient Boosting (unweighted),PR,0.9772727272727273,0.10324129651860744
Histogram Gradient Boosting (unweighted),PR,0.9772727272727273,0.10336538461538461
Histogram Gradient Boosting (unweighted),PR,0.9772727272727273,0.10348977135980746
Histogram Gradient Boosting (unweighted),PR,0.9772727272727273,0.10361445783132531
Histogram Gradient Boosting (unweighted),PR,0.9772727272727273,0.1037394451145959
Histogram Gradient Boosting (unweighted),PR,0.9772727272727273,0.10386473429951691
Histogram Gradient Boosting (unweighted),PR,0.9772727272727273,0.10399032648125756
Histogram Gradient Boosting (unweighted),PR,0.9772727272727273,0.10411622276029056
Histogram Gradient Boosting (unweighted),PR,0.9659090909090909,0.10303030303030303
Histogram Gradient Boosting (unweighted),PR,0.9659090909090909,0.10315533980582524
Histogram Gradient Boosting (unweighted),PR,0.9659090909090909,0.10328068043742406
Histogram Gradient Boosting (unweighted),PR,0.9659090909090909,0.10340632603406326
Histogram Gradient Boosting (unweighted),PR,0.9659090909090909,0.10353227771010962
Histogram Gradient Boosting (unweighted),PR,0.9659090909090909,0.10365853658536585
Histogram Gradient Boosting (unweighted),PR,0.9659090909090909,0.10378510378510379
Histogram Gradient Boosting (unweighted),PR,0.9659090909090909,0.1039119804400978
Histogram Gradient Boosting (unweighted),PR,0.9659090909090909,0.10403916768665851
Histogram Gradient Boosting (unweighted),PR,0.9659090909090909,0.10416666666666667
Histogram Gradient Boosting (unweighted),PR,0.9659090909090909,0.10429447852760736
Histogram Gradient Boosting (unweighted),PR,0.9659090909090909,0.10442260442260443
Histogram Gradient Boosting (unweighted),PR,0.9659090909090909,0.1045510455104551
Histogram Gradient Boosting (unweighted),PR,0.9659090909090909,0.10467980295566502
Histogram Gradient Boosting (unweighted),PR,0.9659090909090909,0.10480887792848335
Histogram Gradient Boosting (unweighted),PR,0.9659090909090909,0.10493827160493827
Histogram Gradient Boosting (unweighted),PR,0.9545454545454546,0.103831891223733
Histogram Gradient Boosting (unweighted),PR,0.9545454545454546,0.10396039603960396
Histogram Gradient Boosting (unweighted),PR,0.9545454545454546,0.10408921933085502
Histogram Gradient Boosting (unweighted),PR,0.9545454545454546,0.10421836228287841
Histogram Gradient Boosting (unweighted),PR,0.9545454545454546,0.10434782608695652
Histogram Gradient Boosting (unweighted),PR,0.9545454545454546,0.1044776119402985
Histogram Gradient Boosting (unweighted),PR,0.9545454545454546,0.10460772104607721
Histogram Gradient Boosting (unweighted),PR,0.9545454545454546,0.10473815461346633
Histogram Gradient Boosting (unweighted),PR,0.9545454545454546,0.10486891385767791
Histogram Gradient Boosting (unweighted),PR,0.9545454545454546,0.105
Histogram Gradient Boosting (unweighted),PR,0.9545454545454546,0.10513141426783479
Histogram Gradient Boosting (unweighted),PR,0.9545454545454546,0.10526315789473684
Histogram Gradient Boosting (unweighted),PR,0.9545454545454546,0.1053952321204517
Histogram Gradient Boosting (unweighted),PR,0.9545454545454546,0.10552763819095477
Histogram Gradient Boosting (unweighted),PR,0.9545454545454546,0.10566037735849057
Histogram Gradient Boosting (unweighted),PR,0.9545454545454546,0.10579345088161209
Histogram Gradient Boosting (unweighted),PR,0.9545454545454546,0.10592686002522068
Histogram Gradient Boosting (unweighted),PR,0.9545454545454546,0.10606060606060606
Histogram Gradient Boosting (unweighted),PR,0.9545454545454546,0.10619469026548672
Histogram Gradient Boosting (unweighted),PR,0.9545454545454546,0.10632911392405063
Histogram Gradient Boosting (unweighted),PR,0.9545454545454546,0.10646387832699619
Histogram Gradient Boosting (unweighted),PR,0.9545454545454546,0.1065989847715736
Histogram Gradient Boosting (unweighted),PR,0.9545454545454546,0.10673443456162643
Histogram Gradient Boosting (unweighted),PR,0.9545454545454546,0.10687022900763359
Histogram Gradient Boosting (unweighted),PR,0.9545454545454546,0.1070063694267516
Histogram Gradient Boosting (unweighted),PR,0.9545454545454546,0.10714285714285714
Histogram Gradient Boosting (unweighted),PR,0.9545454545454546,0.10727969348659004
Histogram Gradient Boosting (unweighted),PR,0.9545454545454546,0.10741687979539642
Histogram Gradient Boosting (unweighted),PR,0.9545454545454546,0.10755441741357234
Histogram Gradient Boosting (unweighted),PR,0.9545454545454546,0.1076923076923077
Histogram Gradient Boosting (unweighted),PR,0.9545454545454546,0.10783055198973042
Histogram Gradient Boosting (unweighted),PR,0.9545454545454546,0.10796915167095116
Histogram Gradient Boosting (unweighted),PR,0.9545454545454546,0.10810810810810811
Histogram Gradient Boosting (unweighted),PR,0.9545454545454546,0.10824742268041238
Histogram Gradient Boosting (unweighted),PR,0.9545454545454546,0.10838709677419354
Histogram Gradient Boosting (unweighted),PR,0.9545454545454546,0.10852713178294573
Histogram Gradient Boosting (unweighted),PR,0.9545454545454546,0.10866752910737387
Histogram Gradient Boosting (unweighted),PR,0.9545454545454546,0.10880829015544041
Histogram Gradient Boosting (unweighted),PR,0.9545454545454546,0.10894941634241245
Histogram Gradient Boosting (unweighted),PR,0.9545454545454546,0.10909090909090909
Histogram Gradient Boosting (unweighted),PR,0.9545454545454546,0.10923276983094929
Histogram Gradient Boosting (unweighted),PR,0.9545454545454546,0.109375
Histogram Gradient Boosting (unweighted),PR,0.9545454545454546,0.10951760104302477
Histogram Gradient Boosting (unweighted),PR,0.9545454545454546,0.10966057441253264
Histogram Gradient Boosting (unweighted),PR,0.9545454545454546,0.10980392156862745
Histogram Gradient Boosting (unweighted),PR,0.9545454545454546,0.1099476439790576
Histogram Gradient Boosting (unweighted),PR,0.9545454545454546,0.11009174311926606
Histogram Gradient Boosting (unweighted),PR,0.9545454545454546,0.11023622047244094
Histogram Gradient Boosting (unweighted),PR,0.9545454545454546,0.11038107752956636
Histogram Gradient Boosting (unweighted),PR,0.9545454545454546,0.11052631578947368
Histogram Gradient Boosting (unweighted),PR,0.9545454545454546,0.11067193675889328
Histogram Gradient Boosting (unweighted),PR,0.9545454545454546,0.11081794195250659
Histogram Gradient Boosting (unweighted),PR,0.9545454545454546,0.11096433289299867
Histogram Gradient Boosting (unweighted),PR,0.9545454545454546,0.1111111111111111
Histogram Gradient Boosting (unweighted),PR,0.9545454545454546,0.11125827814569536
Histogram Gradient Boosting (unweighted),PR,0.9545454545454546,0.11140583554376658
Histogram Gradient Boosting (unweighted),PR,0.9545454545454546,0.11155378486055777
Histogram Gradient Boosting (unweighted),PR,0.9545454545454546,0.11170212765957446
Histogram Gradient Boosting (unweighted),PR,0.9545454545454546,0.1118508655126498
Histogram Gradient Boosting (unweighted),PR,0.9545454545454546,0.112
Histogram Gradient Boosting (unweighted),PR,0.9545454545454546,0.11214953271028037
Histogram Gradient Boosting (unweighted),PR,0.9545454545454546,0.11229946524064172
Histogram Gradient Boosting (unweighted),PR,0.9545454545454546,0.11244979919678715
Histogram Gradient Boosting (unweighted),PR,0.9545454545454546,0.1126005361930295
Histogram Gradient Boosting (unweighted),PR,0.9545454545454546,0.11275167785234899
Histogram Gradient Boosting (unweighted),PR,0.9545454545454546,0.11290322580645161
Histogram Gradient Boosting (unweighted),PR,0.9545454545454546,0.11305518169582772
Histogram Gradient Boosting (unweighted),PR,0.9545454545454546,0.11320754716981132
Histogram Gradient Boosting (unweighted),PR,0.9545454545454546,0.11336032388663968
Histogram Gradient Boosting (unweighted),PR,0.9545454545454546,0.11351351351351352
Histogram Gradient Boosting (unweighted),PR,0.9545454545454546,0.11366711772665765
Histogram Gradient Boosting (unweighted),PR,0.9545454545454546,0.11382113821138211
Histogram Gradient Boosting (unweighted),PR,0.9545454545454546,0.11397557666214382
Histogram Gradient Boosting (unweighted),PR,0.9545454545454546,0.11413043478260869
Histogram Gradient Boosting (unweighted),PR,0.9545454545454546,0.11428571428571428
Histogram Gradient Boosting (unweighted),PR,0.9545454545454546,0.11444141689373297
Histogram Gradient Boosting (unweighted),PR,0.9545454545454546,0.1145975443383356
Histogram Gradient Boosting (unweighted),PR,0.9545454545454546,0.11475409836065574
Histogram Gradient Boosting (unweighted),PR,0.9545454545454546,0.11491108071135431
Histogram Gradient Boosting (unweighted),PR,0.9545454545454546,0.11506849315068493
Histogram Gradient Boosting (unweighted),PR,0.9545454545454546,0.11522633744855967
Histogram Gradient Boosting (unweighted),PR,0.9545454545454546,0.11538461538461539
Histogram Gradient Boosting (unweighted),PR,0.9545454545454546,0.1155433287482806
Histogram Gradient Boosting (unweighted),PR,0.9431818181818182,0.11432506887052342
Histogram Gradient Boosting (unweighted),PR,0.9431818181818182,0.11448275862068966
Histogram Gradient Boosting (unweighted),PR,0.9431818181818182,0.11464088397790055
Histogram Gradient Boosting (unweighted),PR,0.9431818181818182,0.11479944674965421
Histogram Gradient Boosting (unweighted),PR,0.9431818181818182,0.1149584487534626
Histogram Gradient Boosting (unweighted),PR,0.9431818181818182,0.11511789181692095
Histogram Gradient Boosting (unweighted),PR,0.9431818181818182,0.11527777777777778
Histogram Gradient Boosting (unweighted),PR,0.9431818181818182,0.11543810848400557
Histogram Gradient Boosting (unweighted),PR,0.9431818181818182,0.11559888579387187
Histogram Gradient Boosting (unweighted),PR,0.9431818181818182,0.11576011157601115
Histogram Gradient Boosting (unweighted),PR,0.9431818181818182,0.11592178770949721
Histogram Gradient Boosting (unweighted),PR,0.9431818181818182,0.11608391608391608
Histogram Gradient Boosting (unweighted),PR,0.9431818181818182,0.11624649859943978
Histogram Gradient Boosting (unweighted),PR,0.9431818181818182,0.11640953716690042
Histogram Gradient Boosting (unweighted),PR,0.9431818181818182,0.11657303370786516
Histogram Gradient Boosting (unweighted),PR,0.9431818181818182,0.11673699015471167
Histogram Gradient Boosting (unweighted),PR,0.9431818181818182,0.11690140845070422
Histogram Gradient Boosting (unweighted),PR,0.9431818181818182,0.11706629055007052
Histogram Gradient Boosting (unweighted),PR,0.9431818181818182,0.1172316384180791
Histogram Gradient Boosting (unweighted),PR,0.9431818181818182,0.1173974540311174
Histogram Gradient Boosting (unweighted),PR,0.9431818181818182,0.11756373937677053
Histogram Gradient Boosting (unweighted),PR,0.9431818181818182,0.11773049645390071
Histogram Gradient Boosting (unweighted),PR,0.9431818181818182,0.11789772727272728
Histogram Gradient Boosting (unweighted),PR,0.9431818181818182,0.11806543385490754
Histogram Gradient Boosting (unweighted),PR,0.9431818181818182,0.11823361823361823
Histogram Gradient Boosting (unweighted),PR,0.9431818181818182,0.11840228245363767
Histogram Gradient Boosting (unweighted),PR,0.9431818181818182,0.11857142857142858
Histogram Gradient Boosting (unweighted),PR,0.9431818181818182,0.11874105865522175
Histogram Gradient Boosting (unweighted),PR,0.9431818181818182,0.11891117478510028
Histogram Gradient Boosting (unweighted),PR,0.9431818181818182,0.11908177905308465
Histogram Gradient Boosting (unweighted),PR,0.9431818181818182,0.11925287356321838
Histogram Gradient Boosting (unweighted),PR,0.9431818181818182,0.11942446043165468
Histogram Gradient Boosting (unweighted),PR,0.9431818181818182,0.11959654178674352
Histogram Gradient Boosting (unweighted),PR,0.9431818181818182,0.11976911976911978
Histogram Gradient Boosting (unweighted),PR,0.9431818181818182,0.1199421965317919
Histogram Gradient Boosting (unweighted),PR,0.9431818181818182,0.12011577424023155
Histogram Gradient Boosting (unweighted),PR,0.9431818181818182,0.12028985507246377
Histogram Gradient Boosting (unweighted),PR,0.9431818181818182,0.1204644412191582
Histogram Gradient Boosting (unweighted),PR,0.9431818181818182,0.12063953488372094
Histogram Gradient Boosting (unweighted),PR,0.9431818181818182,0.12081513828238719
Histogram Gradient Boosting (unweighted),PR,0.9431818181818182,0.12099125364431487
Histogram Gradient Boosting (unweighted),PR,0.9431818181818182,0.12116788321167883
Histogram Gradient Boosting (unweighted),PR,0.9431818181818182,0.12134502923976608
Histogram Gradient Boosting (unweighted),PR,0.9431818181818182,0.12152269399707175
Histogram Gradient Boosting (unweighted),PR,0.9431818181818182,0.1217008797653959
Histogram Gradient Boosting (unweighted),PR,0.9431818181818182,0.12187958883994127
Histogram Gradient Boosting (unweighted),PR,0.9431818181818182,0.12205882352941176
Histogram Gradient Boosting (unweighted),PR,0.9431818181818182,0.12223858615611193
Histogram Gradient Boosting (unweighted),PR,0.9431818181818182,0.1224188790560472
Histogram Gradient Boosting (unweighted),PR,0.9431818181818182,0.12259970457902511
Histogram Gradient Boosting (unweighted),PR,0.9431818181818182,0.1227810650887574
Histogram Gradient Boosting (unweighted),PR,0.9431818181818182,0.12296296296296297
Histogram Gradient Boosting (unweighted),PR,0.9431818181818182,0.12314540059347182
Histogram Gradient Boosting (unweighted),PR,0.9431818181818182,0.12332838038632987
Histogram Gradient Boosting (unweighted),PR,0.9431818181818182,0.12351190476190477
Histogram Gradient Boosting (unweighted),PR,0.9431818181818182,0.12369597615499255
Histogram Gradient Boosting (unweighted),PR,0.9431818181818182,0.12388059701492538
Histogram Gradient Boosting (unweighted),PR,0.9431818181818182,0.12406576980568013
Histogram Gradient Boosting (unweighted),PR,0.9431818181818182,0.12425149700598802
Histogram Gradient Boosting (unweighted),PR,0.9431818181818182,0.12443778110944528
Histogram Gradient Boosting (unweighted),PR,0.9431818181818182,0.12462462462462462
Histogram Gradient Boosting (unweighted),PR,0.9431818181818182,0.12481203007518797
Histogram Gradient Boosting (unweighted),PR,0.9431818181818182,0.125
Histogram Gradient Boosting (unweighted),PR,0.9431818181818182,0.12518853695324283
Histogram Gradient Boosting (unweighted),PR,0.9431818181818182,0.12537764350453173
Histogram Gradient Boosting (unweighted),PR,0.9431818181818182,0.12556732223903178
Histogram Gradient Boosting (unweighted),PR,0.9431818181818182,0.12575757575757576
Histogram Gradient Boosting (unweighted),PR,0.9431818181818182,0.125948406676783
Histogram Gradient Boosting (unweighted),PR,0.9431818181818182,0.12613981762917933
Histogram Gradient Boosting (unweighted),PR,0.9431818181818182,0.1263318112633181
Histogram Gradient Boosting (unweighted),PR,0.9431818181818182,0.12652439024390244
Histogram Gradient Boosting (unweighted),PR,0.9431818181818182,0.1267175572519084
Histogram Gradient Boosting (unweighted),PR,0.9431818181818182,0.12691131498470948
Histogram Gradient Boosting (unweighted),PR,0.9431818181818182,0.12710566615620214
Histogram Gradient Boosting (unweighted),PR,0.9431818181818182,0.1273006134969325
Histogram Gradient Boosting (unweighted),PR,0.9431818181818182,0.12749615975422426
Histogram Gradient Boosting (unweighted),PR,0.9431818181818182,0.1276923076923077
Histogram Gradient Boosting (unweighted),PR,0.9431818181818182,0.12788906009244994
Histogram Gradient Boosting (unweighted),PR,0.9431818181818182,0.12808641975308643
Histogram Gradient Boosting (unweighted),PR,0.9431818181818182,0.12828438948995363
Histogram Gradient Boosting (unweighted),PR,0.9431818181818182,0.12848297213622292
Histogram Gradient Boosting (unweighted),PR,0.9431818181818182,0.12868217054263567
Histogram Gradient Boosting (unweighted),PR,0.9431818181818182,0.12888198757763975
Histogram Gradient Boosting (unweighted),PR,0.9431818181818182,0.1290824261275272
Histogram Gradient Boosting (unweighted),PR,0.9431818181818182,0.1292834890965732
Histogram Gradient Boosting (unweighted),PR,0.9431818181818182,0.1294851794071763
Histogram Gradient Boosting (unweighted),PR,0.9431818181818182,0.1296875
Histogram Gradient Boosting (unweighted),PR,0.9431818181818182,0.1298904538341158
Histogram Gradient Boosting (unweighted),PR,0.9431818181818182,0.13009404388714735
Histogram Gradient Boosting (unweighted),PR,0.9431818181818182,0.130298273155416
Histogram Gradient Boosting (unweighted),PR,0.9431818181818182,0.13050314465408805
Histogram Gradient Boosting (unweighted),PR,0.9431818181818182,0.13070866141732285
Histogram Gradient Boosting (unweighted),PR,0.9431818181818182,0.1309148264984227
Histogram Gradient Boosting (unweighted),PR,0.9431818181818182,0.13112164296998421
Histogram Gradient Boosting (unweighted),PR,0.9431818181818182,0.13132911392405064
Histogram Gradient Boosting (unweighted),PR,0.9431818181818182,0.13153724247226625
Histogram Gradient Boosting (unweighted),PR,0.9431818181818182,0.13174603174603175
Histogram Gradient Boosting (unweighted),PR,0.9431818181818182,0.13195548489666137
Histogram Gradient Boosting (unweighted),PR,0.9431818181818182,0.1321656050955414
Histogram Gradient Boosting (unweighted),PR,0.9431818181818182,0.13237639553429026
Histogram Gradient Boosting (unweighted),PR,0.9431818181818182,0.13258785942492013
Histogram Gradient Boosting (unweighted),PR,0.9431818181818182,0.1328
Histogram Gradient Boosting (unweighted),PR,0.9431818181818182,0.1330128205128205
Histogram Gradient Boosting (unweighted),PR,0.9431818181818182,0.1332263242375602
Histogram Gradient Boosting (unweighted),PR,0.9431818181818182,0.13344051446945338
Histogram Gradient Boosting (unweighted),PR,0.9431818181818182,0.13365539452495975
Histogram Gradient Boosting (unweighted),PR,0.9431818181818182,0.1338709677419355
Histogram Gradient Boosting (unweighted),PR,0.9431818181818182,0.13408723747980614
Histogram Gradient Boosting (unweighted),PR,0.9431818181818182,0.1343042071197411
Histogram Gradient Boosting (unweighted),PR,0.9431818181818182,0.13452188006482982
Histogram Gradient Boosting (unweighted),PR,0.9431818181818182,0.13474025974025974
Histogram Gradient Boosting (unweighted),PR,0.9431818181818182,0.13495934959349593
Histogram Gradient Boosting (unweighted),PR,0.9431818181818182,0.13517915309446255
Histogram Gradient Boosting (unweighted),PR,0.9431818181818182,0.13539967373572595
Histogram Gradient Boosting (unweighted),PR,0.9431818181818182,0.13562091503267973
Histogram Gradient Boosting (unweighted),PR,0.9431818181818182,0.13584288052373159
Histogram Gradient Boosting (unweighted),PR,0.9431818181818182,0.1360655737704918
Histogram Gradient Boosting (unweighted),PR,0.9431818181818182,0.13628899835796388
Histogram Gradient Boosting (unweighted),PR,0.9431818181818182,0.13651315789473684
Histogram Gradient Boosting (unweighted),PR,0.9431818181818182,0.13673805601317957
Histogram Gradient Boosting (unweighted),PR,0.9431818181818182,0.13696369636963696
Histogram Gradient Boosting (unweighted),PR,0.9431818181818182,0.1371900826446281
Histogram Gradient Boosting (unweighted),PR,0.9431818181818182,0.13741721854304637
Histogram Gradient Boosting (unweighted),PR,0.9431818181818182,0.13764510779436154
Histogram Gradient Boosting (unweighted),PR,0.9431818181818182,0.1378737541528239
Histogram Gradient Boosting (unweighted),PR,0.9431818181818182,0.13810316139767054
Histogram Gradient Boosting (unweighted),PR,0.9431818181818182,0.13833333333333334
Histogram Gradient Boosting (unweighted),PR,0.9431818181818182,0.13856427378964942
Histogram Gradient Boosting (unweighted),PR,0.9431818181818182,0.13879598662207357
Histogram Gradient Boosting (unweighted),PR,0.9431818181818182,0.1390284757118928
Histogram Gradient Boosting (unweighted),PR,0.9431818181818182,0.13926174496644295
Histogram Gradient Boosting (unweighted),PR,0.9431818181818182,0.13949579831932774
Histogram Gradient Boosting (unweighted),PR,0.9431818181818182,0.13973063973063973
Histogram Gradient Boosting (unweighted),PR,0.9431818181818182,0.1399662731871838
Histogram Gradient Boosting (unweighted),PR,0.9431818181818182,0.14020270270270271
Histogram Gradient Boosting (unweighted),PR,0.9431818181818182,0.1404399323181049
Histogram Gradient Boosting (unweighted),PR,0.9318181818181818,0.13898305084745763
Histogram Gradient Boosting (unweighted),PR,0.9318181818181818,0.13921901528013583
Histogram Gradient Boosting (unweighted),PR,0.9318181818181818,0.13945578231292516
Histogram Gradient Boosting (unweighted),PR,0.9318181818181818,0.13969335604770017
Histogram Gradient Boosting (unweighted),PR,0.9318181818181818,0.13993174061433447
Histogram Gradient Boosting (unweighted),PR,0.9318181818181818,0.14017094017094017
Histogram Gradient Boosting (unweighted),PR,0.9318181818181818,0.1404109589041096
Histogram Gradient Boosting (unweighted),PR,0.9318181818181818,0.14065180102915953
Histogram Gradient Boosting (unweighted),PR,0.9318181818181818,0.140893470790378
Histogram Gradient Boosting (unweighted),PR,0.9318181818181818,0.14113597246127366
Histogram Gradient Boosting (unweighted),PR,0.9318181818181818,0.1413793103448276
Histogram Gradient Boosting (unweighted),PR,0.9318181818181818,0.14162348877374784
Histogram Gradient Boosting (unweighted),PR,0.9318181818181818,0.14186851211072665
Histogram Gradient Boosting (unweighted),PR,0.9318181818181818,0.14211438474870017
Histogram Gradient Boosting (unweighted),PR,0.9318181818181818,0.1423611111111111
Histogram Gradient Boosting (unweighted),PR,0.9318181818181818,0.1426086956521739
Histogram Gradient Boosting (unweighted),PR,0.9318181818181818,0.14285714285714285
Histogram Gradient Boosting (unweighted),PR,0.9318181818181818,0.1431064572425829
Histogram Gradient Boosting (unweighted),PR,0.9318181818181818,0.14335664335664336
Histogram Gradient Boosting (unweighted),PR,0.9318181818181818,0.1436077057793345
Histogram Gradient Boosting (unweighted),PR,0.9318181818181818,0.14385964912280702
Histogram Gradient Boosting (unweighted),PR,0.9318181818181818,0.14411247803163443
Histogram Gradient Boosting (unweighted),PR,0.9318181818181818,0.1443661971830986
Histogram Gradient Boosting (unweighted),PR,0.9318181818181818,0.14462081128747795
Histogram Gradient Boosting (unweighted),PR,0.9318181818181818,0.14487632508833923
Histogram Gradient Boosting (unweighted),PR,0.9318181818181818,0.14513274336283186
Histogram Gradient Boosting (unweighted),PR,0.9318181818181818,0.1453900709219858
Histogram Gradient Boosting (unweighted),PR,0.9318181818181818,0.14564831261101244
Histogram Gradient Boosting (unweighted),PR,0.9204545454545454,0.14412811387900357
Histogram Gradient Boosting (unweighted),PR,0.9204545454545454,0.1443850267379679
Histogram Gradient Boosting (unweighted),PR,0.9204545454545454,0.14464285714285716
Histogram Gradient Boosting (unweighted),PR,0.9204545454545454,0.1449016100178891
Histogram Gradient Boosting (unweighted),PR,0.9204545454545454,0.14516129032258066
Histogram Gradient Boosting (unweighted),PR,0.9204545454545454,0.14542190305206462
Histogram Gradient Boosting (unweighted),PR,0.9204545454545454,0.14568345323741008
Histogram Gradient Boosting (unweighted),PR,0.9204545454545454,0.14594594594594595
Histogram Gradient Boosting (unweighted),PR,0.9204545454545454,0.14620938628158844
Histogram Gradient Boosting (unweighted),PR,0.9204545454545454,0.14647377938517178
Histogram Gradient Boosting (unweighted),PR,0.9204545454545454,0.14673913043478262
Histogram Gradient Boosting (unweighted),PR,0.9204545454545454,0.147005444646098
Histogram Gradient Boosting (unweighted),PR,0.9204545454545454,0.14727272727272728
Histogram Gradient Boosting (unweighted),PR,0.9204545454545454,0.14754098360655737
Histogram Gradient Boosting (unweighted),PR,0.9204545454545454,0.1478102189781022
Histogram Gradient Boosting (unweighted),PR,0.9204545454545454,0.1480804387568556
Histogram Gradient Boosting (unweighted),PR,0.9204545454545454,0.14835164835164835
Histogram Gradient Boosting (unweighted),PR,0.9204545454545454,0.14862385321100918
Histogram Gradient Boosting (unweighted),PR,0.9204545454545454,0.1488970588235294
Histogram Gradient Boosting (unweighted),PR,0.9204545454545454,0.14917127071823205
Histogram Gradient Boosting (unweighted),PR,0.9204545454545454,0.14944649446494465
Histogram Gradient Boosting (unweighted),PR,0.9204545454545454,0.14972273567467653
Histogram Gradient Boosting (unweighted),PR,0.9204545454545454,0.15
Histogram Gradient Boosting (unweighted),PR,0.9204545454545454,0.150278293135436
Histogram Gradient Boosting (unweighted),PR,0.9204545454545454,0.15055762081784388
Histogram Gradient Boosting (unweighted),PR,0.9204545454545454,0.15083798882681565
Histogram Gradient Boosting (unweighted),PR,0.9204545454545454,0.15111940298507462
Histogram Gradient Boosting (unweighted),PR,0.9204545454545454,0.15140186915887852
Histogram Gradient Boosting (unweighted),PR,0.9204545454545454,0.15168539325842698
Histogram Gradient Boosting (unweighted),PR,0.9204545454545454,0.15196998123827393
Histogram Gradient Boosting (unweighted),PR,0.9204545454545454,0.15225563909774437
Histogram Gradient Boosting (unweighted),PR,0.9204545454545454,0.15254237288135594
Histogram Gradient Boosting (unweighted),PR,0.9204545454545454,0.15283018867924528
Histogram Gradient Boosting (unweighted),PR,0.9204545454545454,0.15311909262759923
Histogram Gradient Boosting (unweighted),PR,0.9204545454545454,0.1534090909090909
Histogram Gradient Boosting (unweighted),PR,0.9204545454545454,0.15370018975332067
Histogram Gradient Boosting (unweighted),PR,0.9204545454545454,0.15399239543726237
Histogram Gradient Boosting (unweighted),PR,0.9204545454545454,0.15428571428571428
Histogram Gradient Boosting (unweighted),PR,0.9204545454545454,0.15458015267175573
Histogram Gradient Boosting (unweighted),PR,0.9204545454545454,0.15487571701720843
Histogram Gradient Boosting (unweighted),PR,0.9204545454545454,0.15517241379310345
Histogram Gradient Boosting (unweighted),PR,0.9204545454545454,0.15547024952015356
Histogram Gradient Boosting (unweighted),PR,0.9204545454545454,0.15576923076923077
Histogram Gradient Boosting (unweighted),PR,0.9204545454545454,0.15606936416184972
Histogram Gradient Boosting (unweighted),PR,0.9204545454545454,0.15637065637065636
Histogram Gradient Boosting (unweighted),PR,0.9204545454545454,0.15667311411992263
Histogram Gradient Boosting (unweighted),PR,0.9204545454545454,0.1569767441860465
Histogram Gradient Boosting (unweighted),PR,0.9204545454545454,0.15728155339805824
Histogram Gradient Boosting (unweighted),PR,0.9204545454545454,0.1575875486381323
Histogram Gradient Boosting (unweighted),PR,0.9204545454545454,0.15789473684210525
Histogram Gradient Boosting (unweighted),PR,0.9204545454545454,0.158203125
Histogram Gradient Boosting (unweighted),PR,0.9204545454545454,0.15851272015655576
Histogram Gradient Boosting (unweighted),PR,0.9090909090909091,0.1568627450980392
Histogram Gradient Boosting (unweighted),PR,0.9090909090909091,0.15717092337917485
Histogram Gradient Boosting (unweighted),PR,0.9090909090909091,0.15748031496062992
Histogram Gradient Boosting (unweighted),PR,0.9090909090909091,0.15779092702169625
Histogram Gradient Boosting (unweighted),PR,0.9090909090909091,0.15810276679841898
Histogram Gradient Boosting (unweighted),PR,0.9090909090909091,0.15841584158415842
Histogram Gradient Boosting (unweighted),PR,0.9090909090909091,0.15873015873015872
Histogram Gradient Boosting (unweighted),PR,0.9090909090909091,0.15904572564612326
Histogram Gradient Boosting (unweighted),PR,0.9090909090909091,0.1593625498007968
Histogram Gradient Boosting (unweighted),PR,0.9090909090909091,0.1596806387225549
Histogram Gradient Boosting (unweighted),PR,0.9090909090909091,0.16
Histogram Gradient Boosting (unweighted),PR,0.9090909090909091,0.16032064128256512
Histogram Gradient Boosting (unweighted),PR,0.9090909090909091,0.1606425702811245
Histogram Gradient Boosting (unweighted),PR,0.9090909090909091,0.16096579476861167
Histogram Gradient Boosting (unweighted),PR,0.9090909090909091,0.16129032258064516
Histogram Gradient Boosting (unweighted),PR,0.9090909090909091,0.16161616161616163
Histogram Gradient Boosting (unweighted),PR,0.9090909090909091,0.16194331983805668
Histogram Gradient Boosting (unweighted),PR,0.9090909090909091,0.16227180527383367
Histogram Gradient Boosting (unweighted),PR,0.9090909090909091,0.16260162601626016
Histogram Gradient Boosting (unweighted),PR,0.9090909090909091,0.1629327902240326
Histogram Gradient Boosting (unweighted),PR,0.9090909090909091,0.16326530612244897
Histogram Gradient Boosting (unweighted),PR,0.9090909090909091,0.16359918200409
Histogram Gradient Boosting (unweighted),PR,0.9090909090909091,0.16393442622950818
Histogram Gradient Boosting (unweighted),PR,0.9090909090909091,0.16427104722792607
Histogram Gradient Boosting (unweighted),PR,0.9090909090909091,0.1646090534979424
Histogram Gradient Boosting (unweighted),PR,0.9090909090909091,0.16494845360824742
Histogram Gradient Boosting (unweighted),PR,0.9090909090909091,0.1652892561983471
Histogram Gradient Boosting (unweighted),PR,0.8977272727272727,0.16356107660455488
Histogram Gradient Boosting (unweighted),PR,0.8977272727272727,0.16390041493775934
Histogram Gradient Boosting (unweighted),PR,0.8977272727272727,0.16424116424116425
Histogram Gradient Boosting (unweighted),PR,0.8977272727272727,0.16458333333333333
Histogram Gradient Boosting (unweighted),PR,0.8977272727272727,0.1649269311064718
Histogram Gradient Boosting (unweighted),PR,0.8977272727272727,0.16527196652719664
Histogram Gradient Boosting (unweighted),PR,0.8977272727272727,0.16561844863731656
Histogram Gradient Boosting (unweighted),PR,0.8977272727272727,0.16596638655462184
Histogram Gradient Boosting (unweighted),PR,0.8977272727272727,0.16631578947368422
Histogram Gradient Boosting (unweighted),PR,0.8977272727272727,0.16666666666666666
Histogram Gradient Boosting (unweighted),PR,0.8977272727272727,0.16701902748414377
Histogram Gradient Boosting (unweighted),PR,0.8977272727272727,0.1673728813559322
Histogram Gradient Boosting (unweighted),PR,0.8977272727272727,0.16772823779193205
Histogram Gradient Boosting (unweighted),PR,0.8977272727272727,0.16808510638297872
Histogram Gradient Boosting (unweighted),PR,0.8977272727272727,0.16844349680170576
Histogram Gradient Boosting (unweighted),PR,0.8977272727272727,0.16880341880341881
Histogram Gradient Boosting (unweighted),PR,0.8977272727272727,0.16916488222698073
Histogram Gradient Boosting (unweighted),PR,0.8977272727272727,0.16952789699570817
Histogram Gradient Boosting (unweighted),PR,0.8977272727272727,0.16989247311827957
Histogram Gradient Boosting (unweighted),PR,0.8977272727272727,0.17025862068965517
Histogram Gradient Boosting (unweighted),PR,0.8977272727272727,0.17062634989200864
Histogram Gradient Boosting (unweighted),PR,0.8977272727272727,0.170995670995671
Histogram Gradient Boosting (unweighted),PR,0.8977272727272727,0.17136659436008678
Histogram Gradient Boosting (unweighted),PR,0.8977272727272727,0.17173913043478262
Histogram Gradient Boosting (unweighted),PR,0.8977272727272727,0.1721132897603486
Histogram Gradient Boosting (unweighted),PR,0.8977272727272727,0.17248908296943233
Histogram Gradient Boosting (unweighted),PR,0.8977272727272727,0.17286652078774617
Histogram Gradient Boosting (unweighted),PR,0.8977272727272727,0.17324561403508773
Histogram Gradient Boosting (unweighted),PR,0.8977272727272727,0.17362637362637362
Histogram Gradient Boosting (unweighted),PR,0.8977272727272727,0.17400881057268722
Histogram Gradient Boosting (unweighted),PR,0.8977272727272727,0.17439293598233996
Histogram Gradient Boosting (unweighted),PR,0.8977272727272727,0.1747787610619469
Histogram Gradient Boosting (unweighted),PR,0.8977272727272727,0.17516629711751663
Histogram Gradient Boosting (unweighted),PR,0.8977272727272727,0.17555555555555555
Histogram Gradient Boosting (unweighted),PR,0.8977272727272727,0.1759465478841871
Histogram Gradient Boosting (unweighted),PR,0.8977272727272727,0.17633928571428573
Histogram Gradient Boosting (unweighted),PR,0.8977272727272727,0.1767337807606264
Histogram Gradient Boosting (unweighted),PR,0.8977272727272727,0.17713004484304934
Histogram Gradient Boosting (unweighted),PR,0.8977272727272727,0.17752808988764046
Histogram Gradient Boosting (unweighted),PR,0.8977272727272727,0.17792792792792791
Histogram Gradient Boosting (unweighted),PR,0.8977272727272727,0.17832957110609482
Histogram Gradient Boosting (unweighted),PR,0.8977272727272727,0.17873303167420815
Histogram Gradient Boosting (unweighted),PR,0.8977272727272727,0.17913832199546487
Histogram Gradient Boosting (unweighted),PR,0.8977272727272727,0.17954545454545454
Histogram Gradient Boosting (unweighted),PR,0.8977272727272727,0.17995444191343962
Histogram Gradient Boosting (unweighted),PR,0.8977272727272727,0.18036529680365296
Histogram Gradient Boosting (unweighted),PR,0.8977272727272727,0.18077803203661327
Histogram Gradient Boosting (unweighted),PR,0.8977272727272727,0.1811926605504587
Histogram Gradient Boosting (unweighted),PR,0.8977272727272727,0.18160919540229886
Histogram Gradient Boosting (unweighted),PR,0.8977272727272727,0.18202764976958524
Histogram Gradient Boosting (unweighted),PR,0.8977272727272727,0.18244803695150116
Histogram Gradient Boosting (unweighted),PR,0.8977272727272727,0.18287037037037038
Histogram Gradient Boosting (unweighted),PR,0.8977272727272727,0.18329466357308585
Histogram Gradient Boosting (unweighted),PR,0.8977272727272727,0.18372093023255814
Histogram Gradient Boosting (unweighted),PR,0.8977272727272727,0.18414918414918416
Histogram Gradient Boosting (unweighted),PR,0.8977272727272727,0.18457943925233644
Histogram Gradient Boosting (unweighted),PR,0.8977272727272727,0.18501170960187355
Histogram Gradient Boosting (unweighted),PR,0.8977272727272727,0.18544600938967137
Histogram Gradient Boosting (unweighted),PR,0.8977272727272727,0.18588235294117647
Histogram Gradient Boosting (unweighted),PR,0.8977272727272727,0.18632075471698112
Histogram Gradient Boosting (unweighted),PR,0.8977272727272727,0.1867612293144208
Histogram Gradient Boosting (unweighted),PR,0.8977272727272727,0.1872037914691943
Histogram Gradient Boosting (unweighted),PR,0.8977272727272727,0.1876484560570071
Histogram Gradient Boosting (unweighted),PR,0.8977272727272727,0.1880952380952381
Histogram Gradient Boosting (unweighted),PR,0.8977272727272727,0.18854415274463007
Histogram Gradient Boosting (unweighted),PR,0.8977272727272727,0.18899521531100477
Histogram Gradient Boosting (unweighted),PR,0.8977272727272727,0.18944844124700239
Histogram Gradient Boosting (unweighted),PR,0.8977272727272727,0.18990384615384615
Histogram Gradient Boosting (unweighted),PR,0.8977272727272727,0.19036144578313252
Histogram Gradient Boosting (unweighted),PR,0.8977272727272727,0.19082125603864733
Histogram Gradient Boosting (unweighted),PR,0.8977272727272727,0.19128329297820823
Histogram Gradient Boosting (unweighted),PR,0.8977272727272727,0.19174757281553398
Histogram Gradient Boosting (unweighted),PR,0.8977272727272727,0.1922141119221411
Histogram Gradient Boosting (unweighted),PR,0.8977272727272727,0.1926829268292683
Histogram Gradient Boosting (unweighted),PR,0.8977272727272727,0.19315403422982885
Histogram Gradient Boosting (unweighted),PR,0.8977272727272727,0.19362745098039216
Histogram Gradient Boosting (unweighted),PR,0.8977272727272727,0.1941031941031941
Histogram Gradient Boosting (unweighted),PR,0.8977272727272727,0.19458128078817735
Histogram Gradient Boosting (unweighted),PR,0.8977272727272727,0.19506172839506172
Histogram Gradient Boosting (unweighted),PR,0.8977272727272727,0.19554455445544555
Histogram Gradient Boosting (unweighted),PR,0.8977272727272727,0.19602977667493796
Histogram Gradient Boosting (unweighted),PR,0.8863636363636364,0.19402985074626866
Histogram Gradient Boosting (unweighted),PR,0.8863636363636364,0.19451371571072318
Histogram Gradient Boosting (unweighted),PR,0.8863636363636364,0.195
Histogram Gradient Boosting (unweighted),PR,0.8863636363636364,0.19548872180451127
Histogram Gradient Boosting (unweighted),PR,0.8863636363636364,0.19597989949748743
Histogram Gradient Boosting (unweighted),PR,0.8863636363636364,0.1964735516372796
Histogram Gradient Boosting (unweighted),PR,0.8863636363636364,0.19696969696969696
Histogram Gradient Boosting (unweighted),PR,0.8863636363636364,0.19746835443037974
Histogram Gradient Boosting (unweighted),PR,0.8863636363636364,0.19796954314720813
Histogram Gradient Boosting (unweighted),PR,0.8863636363636364,0.1984732824427481
Histogram Gradient Boosting (unweighted),PR,0.8863636363636364,0.1989795918367347
Histogram Gradient Boosting (unweighted),PR,0.8863636363636364,0.19948849104859334
Histogram Gradient Boosting (unweighted),PR,0.8863636363636364,0.2
Histogram Gradient Boosting (unweighted),PR,0.8863636363636364,0.20051413881748073
Histogram Gradient Boosting (unweighted),PR,0.8863636363636364,0.20103092783505155
Histogram Gradient Boosting (unweighted),PR,0.8863636363636364,0.20155038759689922
Histogram Gradient Boosting (unweighted),PR,0.8863636363636364,0.20207253886010362
Histogram Gradient Boosting (unweighted),PR,0.8863636363636364,0.2025974025974026
Histogram Gradient Boosting (unweighted),PR,0.8863636363636364,0.203125
Histogram Gradient Boosting (unweighted),PR,0.8863636363636364,0.20365535248041775
Histogram Gradient Boosting (unweighted),PR,0.8863636363636364,0.20418848167539266
Histogram Gradient Boosting (unweighted),PR,0.8863636363636364,0.2047244094488189
Histogram Gradient Boosting (unweighted),PR,0.8863636363636364,0.20526315789473684
Histogram Gradient Boosting (unweighted),PR,0.8863636363636364,0.20580474934036938
Histogram Gradient Boosting (unweighted),PR,0.875,0.2037037037037037
Histogram Gradient Boosting (unweighted),PR,0.875,0.20424403183023873
Histogram Gradient Boosting (unweighted),PR,0.875,0.2047872340425532
Histogram Gradient Boosting (unweighted),PR,0.8636363636363636,0.20266666666666666
Histogram Gradient Boosting (unweighted),PR,0.8636363636363636,0.20320855614973263
Histogram Gradient Boosting (unweighted),PR,0.8636363636363636,0.2037533512064343
Histogram Gradient Boosting (unweighted),PR,0.8522727272727273,0.20161290322580644
Histogram Gradient Boosting (unweighted),PR,0.8522727272727273,0.20215633423180593
Histogram Gradient Boosting (unweighted),PR,0.8522727272727273,0.20270270270270271
Histogram Gradient Boosting (unweighted),PR,0.8522727272727273,0.2032520325203252
Histogram Gradient Boosting (unweighted),PR,0.8522727272727273,0.20380434782608695
Histogram Gradient Boosting (unweighted),PR,0.8522727272727273,0.20435967302452315
Histogram Gradient Boosting (unweighted),PR,0.8522727272727273,0.20491803278688525
Histogram Gradient Boosting (unweighted),PR,0.8522727272727273,0.2054794520547945
Histogram Gradient Boosting (unweighted),PR,0.8409090909090909,0.2032967032967033
Histogram Gradient Boosting (unweighted),PR,0.8295454545454546,0.20110192837465565
Histogram Gradient Boosting (unweighted),PR,0.8295454545454546,0.20165745856353592
Histogram Gradient Boosting (unweighted),PR,0.8295454545454546,0.20221606648199447
Histogram Gradient Boosting (unweighted),PR,0.8295454545454546,0.20277777777777778
Histogram Gradient Boosting (unweighted),PR,0.8295454545454546,0.20334261838440112
Histogram Gradient Boosting (unweighted),PR,0.8295454545454546,0.20391061452513967
Histogram Gradient Boosting (unweighted),PR,0.8295454545454546,0.20448179271708683
Histogram Gradient Boosting (unweighted),PR,0.8295454545454546,0.2050561797752809
Histogram Gradient Boosting (unweighted),PR,0.8295454545454546,0.2056338028169014
Histogram Gradient Boosting (unweighted),PR,0.8295454545454546,0.2062146892655367
Histogram Gradient Boosting (unweighted),PR,0.8295454545454546,0.20679886685552407
Histogram Gradient Boosting (unweighted),PR,0.8295454545454546,0.20738636363636365
Histogram Gradient Boosting (unweighted),PR,0.8295454545454546,0.20797720797720798
Histogram Gradient Boosting (unweighted),PR,0.8295454545454546,0.20857142857142857
Histogram Gradient Boosting (unweighted),PR,0.8295454545454546,0.20916905444126074
Histogram Gradient Boosting (unweighted),PR,0.8295454545454546,0.20977011494252873
Histogram Gradient Boosting (unweighted),PR,0.8295454545454546,0.21037463976945245
Histogram Gradient Boosting (unweighted),PR,0.8295454545454546,0.21098265895953758
Histogram Gradient Boosting (unweighted),PR,0.8295454545454546,0.21159420289855072
Histogram Gradient Boosting (unweighted),PR,0.8295454545454546,0.21220930232558138
Histogram Gradient Boosting (unweighted),PR,0.8181818181818182,0.2099125364431487
Histogram Gradient Boosting (unweighted),PR,0.8181818181818182,0.21052631578947367
Histogram Gradient Boosting (unweighted),PR,0.8181818181818182,0.21114369501466276
Histogram Gradient Boosting (unweighted),PR,0.8181818181818182,0.21176470588235294
Histogram Gradient Boosting (unweighted),PR,0.8181818181818182,0.21238938053097345
Histogram Gradient Boosting (unweighted),PR,0.8181818181818182,0.21301775147928995
Histogram Gradient Boosting (unweighted),PR,0.8181818181818182,0.21364985163204747
Histogram Gradient Boosting (unweighted),PR,0.8181818181818182,0.21428571428571427
Histogram Gradient Boosting (unweighted),PR,0.8181818181818182,0.21492537313432836
Histogram Gradient Boosting (unweighted),PR,0.8181818181818182,0.2155688622754491
Histogram Gradient Boosting (unweighted),PR,0.8068181818181818,0.2132132132132132
Histogram Gradient Boosting (unweighted),PR,0.8068181818181818,0.21385542168674698
Histogram Gradient Boosting (unweighted),PR,0.7954545454545454,0.21148036253776434
Histogram Gradient Boosting (unweighted),PR,0.7954545454545454,0.21212121212121213
Histogram Gradient Boosting (unweighted),PR,0.7954545454545454,0.2127659574468085
Histogram Gradient Boosting (unweighted),PR,0.7954545454545454,0.21341463414634146
Histogram Gradient Boosting (unweighted),PR,0.7954545454545454,0.21406727828746178
Histogram Gradient Boosting (unweighted),PR,0.7954545454545454,0.2147239263803681
Histogram Gradient Boosting (unweighted),PR,0.7954545454545454,0.2153846153846154
Histogram Gradient Boosting (unweighted),PR,0.7954545454545454,0.21604938271604937
Histogram Gradient Boosting (unweighted),PR,0.7954545454545454,0.21671826625386997
Histogram Gradient Boosting (unweighted),PR,0.7954545454545454,0.21739130434782608
Histogram Gradient Boosting (unweighted),PR,0.7840909090909091,0.21495327102803738
Histogram Gradient Boosting (unweighted),PR,0.7840909090909091,0.215625
Histogram Gradient Boosting (unweighted),PR,0.7840909090909091,0.21630094043887146
Histogram Gradient Boosting (unweighted),PR,0.7840909090909091,0.2169811320754717
Histogram Gradient Boosting (unweighted),PR,0.7727272727272727,0.21451104100946372
Histogram Gradient Boosting (unweighted),PR,0.7727272727272727,0.21518987341772153
Histogram Gradient Boosting (unweighted),PR,0.7727272727272727,0.21587301587301588
Histogram Gradient Boosting (unweighted),PR,0.7727272727272727,0.21656050955414013
Histogram Gradient Boosting (unweighted),PR,0.7727272727272727,0.21725239616613418
Histogram Gradient Boosting (unweighted),PR,0.7727272727272727,0.21794871794871795
Histogram Gradient Boosting (unweighted),PR,0.7727272727272727,0.21864951768488747
Histogram Gradient Boosting (unweighted),PR,0.7727272727272727,0.21935483870967742
Histogram Gradient Boosting (unweighted),PR,0.7727272727272727,0.22006472491909385
Histogram Gradient Boosting (unweighted),PR,0.7727272727272727,0.22077922077922077
Histogram Gradient Boosting (unweighted),PR,0.7727272727272727,0.22149837133550487
Histogram Gradient Boosting (unweighted),PR,0.7727272727272727,0.2222222222222222
Histogram Gradient Boosting (unweighted),PR,0.7727272727272727,0.22295081967213115
Histogram Gradient Boosting (unweighted),PR,0.7613636363636364,0.22039473684210525
Histogram Gradient Boosting (unweighted),PR,0.7613636363636364,0.22112211221122113
Histogram Gradient Boosting (unweighted),PR,0.7613636363636364,0.22185430463576158
Histogram Gradient Boosting (unweighted),PR,0.7613636363636364,0.22259136212624583
Histogram Gradient Boosting (unweighted),PR,0.7613636363636364,0.22333333333333333
Histogram Gradient Boosting (unweighted),PR,0.7613636363636364,0.22408026755852842
Histogram Gradient Boosting (unweighted),PR,0.7613636363636364,0.22483221476510068
Histogram Gradient Boosting (unweighted),PR,0.7613636363636364,0.2255892255892256
Histogram Gradient Boosting (unweighted),PR,0.75,0.22297297297297297
Histogram Gradient Boosting (unweighted),PR,0.75,0.22372881355932203
Histogram Gradient Boosting (unweighted),PR,0.75,0.22448979591836735
Histogram Gradient Boosting (unweighted),PR,0.75,0.22525597269624573
Histogram Gradient Boosting (unweighted),PR,0.75,0.22602739726027396
Histogram Gradient Boosting (unweighted),PR,0.75,0.2268041237113402
Histogram Gradient Boosting (unweighted),PR,0.75,0.22758620689655173
Histogram Gradient Boosting (unweighted),PR,0.75,0.22837370242214533
Histogram Gradient Boosting (unweighted),PR,0.75,0.22916666666666666
Histogram Gradient Boosting (unweighted),PR,0.75,0.22996515679442509
Histogram Gradient Boosting (unweighted),PR,0.75,0.23076923076923078
Histogram Gradient Boosting (unweighted),PR,0.75,0.23157894736842105
Histogram Gradient Boosting (unweighted),PR,0.75,0.2323943661971831
Histogram Gradient Boosting (unweighted),PR,0.75,0.2332155477031802
Histogram Gradient Boosting (unweighted),PR,0.75,0.23404255319148937
Histogram Gradient Boosting (unweighted),PR,0.75,0.23487544483985764
Histogram Gradient Boosting (unweighted),PR,0.75,0.2357142857142857
Histogram Gradient Boosting (unweighted),PR,0.75,0.23655913978494625
Histogram Gradient Boosting (unweighted),PR,0.7386363636363636,0.23381294964028776
Histogram Gradient Boosting (unweighted),PR,0.7386363636363636,0.23465703971119134
Histogram Gradient Boosting (unweighted),PR,0.7386363636363636,0.23550724637681159
Histogram Gradient Boosting (unweighted),PR,0.7386363636363636,0.23636363636363636
Histogram Gradient Boosting (unweighted),PR,0.7386363636363636,0.23722627737226276
Histogram Gradient Boosting (unweighted),PR,0.7386363636363636,0.23809523809523808
Histogram Gradient Boosting (unweighted),PR,0.7272727272727273,0.23529411764705882
Histogram Gradient Boosting (unweighted),PR,0.7272727272727273,0.23616236162361623
Histogram Gradient Boosting (unweighted),PR,0.7272727272727273,0.23703703703703705
Histogram Gradient Boosting (unweighted),PR,0.7272727272727273,0.2379182156133829
Histogram Gradient Boosting (unweighted),PR,0.7272727272727273,0.23880597014925373
Histogram Gradient Boosting (unweighted),PR,0.7272727272727273,0.2397003745318352
Histogram Gradient Boosting (unweighted),PR,0.7272727272727273,0.24060150375939848
Histogram Gradient Boosting (unweighted),PR,0.7272727272727273,0.24150943396226415
Histogram Gradient Boosting (unweighted),PR,0.7159090909090909,0.23863636363636365
Histogram Gradient Boosting (unweighted),PR,0.7159090909090909,0.23954372623574144
Histogram Gradient Boosting (unweighted),PR,0.7159090909090909,0.24045801526717558
Histogram Gradient Boosting (unweighted),PR,0.7159090909090909,0.2413793103448276
Histogram Gradient Boosting (unweighted),PR,0.7159090909090909,0.2423076923076923
Histogram Gradient Boosting (unweighted),PR,0.7159090909090909,0.24324324324324326
Histogram Gradient Boosting (unweighted),PR,0.7159090909090909,0.2441860465116279
Histogram Gradient Boosting (unweighted),PR,0.7159090909090909,0.245136186770428
Histogram Gradient Boosting (unweighted),PR,0.7159090909090909,0.24609375
Histogram Gradient Boosting (unweighted),PR,0.7159090909090909,0.24705882352941178
Histogram Gradient Boosting (unweighted),PR,0.7159090909090909,0.24803149606299213
Histogram Gradient Boosting (unweighted),PR,0.7159090909090909,0.2490118577075099
Histogram Gradient Boosting (unweighted),PR,0.7159090909090909,0.25
Histogram Gradient Boosting (unweighted),PR,0.7159090909090909,0.250996015936255
Histogram Gradient Boosting (unweighted),PR,0.7045454545454546,0.248
Histogram Gradient Boosting (unweighted),PR,0.6931818181818182,0.24497991967871485
Histogram Gradient Boosting (unweighted),PR,0.6931818181818182,0.24596774193548387
Histogram Gradient Boosting (unweighted),PR,0.6931818181818182,0.24696356275303644
Histogram Gradient Boosting (unweighted),PR,0.6931818181818182,0.24796747967479674
Histogram Gradient Boosting (unweighted),PR,0.6818181818181818,0.24489795918367346
Histogram Gradient Boosting (unweighted),PR,0.6818181818181818,0.2459016393442623
Histogram Gradient Boosting (unweighted),PR,0.6818181818181818,0.24691358024691357
Histogram Gradient Boosting (unweighted),PR,0.6818181818181818,0.24793388429752067
Histogram Gradient Boosting (unweighted),PR,0.6704545454545454,0.24481327800829875
Histogram Gradient Boosting (unweighted),PR,0.6590909090909091,0.24166666666666667
Histogram Gradient Boosting (unweighted),PR,0.6590909090909091,0.24267782426778242
Histogram Gradient Boosting (unweighted),PR,0.6590909090909091,0.24369747899159663
Histogram Gradient Boosting (unweighted),PR,0.6590909090909091,0.24472573839662448
Histogram Gradient Boosting (unweighted),PR,0.6590909090909091,0.2457627118644068
Histogram Gradient Boosting (unweighted),PR,0.6477272727272727,0.2425531914893617
Histogram Gradient Boosting (unweighted),PR,0.6477272727272727,0.24358974358974358
Histogram Gradient Boosting (unweighted),PR,0.6477272727272727,0.2446351931330472
Histogram Gradient Boosting (unweighted),PR,0.6477272727272727,0.24568965517241378
Histogram Gradient Boosting (unweighted),PR,0.6477272727272727,0.24675324675324675
Histogram Gradient Boosting (unweighted),PR,0.6477272727272727,0.24782608695652175
Histogram Gradient Boosting (unweighted),PR,0.6477272727272727,0.24890829694323144
Histogram Gradient Boosting (unweighted),PR,0.6477272727272727,0.25
Histogram Gradient Boosting (unweighted),PR,0.6477272727272727,0.2511013215859031
Histogram Gradient Boosting (unweighted),PR,0.6477272727272727,0.252212389380531
Histogram Gradient Boosting (unweighted),PR,0.6477272727272727,0.25333333333333335
Histogram Gradient Boosting (unweighted),PR,0.6477272727272727,0.2544642857142857
Histogram Gradient Boosting (unweighted),PR,0.6477272727272727,0.2556053811659193
Histogram Gradient Boosting (unweighted),PR,0.6477272727272727,0.25675675675675674
Histogram Gradient Boosting (unweighted),PR,0.6477272727272727,0.2579185520361991
Histogram Gradient Boosting (unweighted),PR,0.6477272727272727,0.2590909090909091
Histogram Gradient Boosting (unweighted),PR,0.6477272727272727,0.2602739726027397
Histogram Gradient Boosting (unweighted),PR,0.6363636363636364,0.25688073394495414
Histogram Gradient Boosting (unweighted),PR,0.6363636363636364,0.25806451612903225
Histogram Gradient Boosting (unweighted),PR,0.6363636363636364,0.25925925925925924
Histogram Gradient Boosting (unweighted),PR,0.6363636363636364,0.26046511627906976
Histogram Gradient Boosting (unweighted),PR,0.6363636363636364,0.2616822429906542
Histogram Gradient Boosting (unweighted),PR,0.6363636363636364,0.26291079812206575
Histogram Gradient Boosting (unweighted),PR,0.625,0.25943396226415094
Histogram Gradient Boosting (unweighted),PR,0.625,0.26066350710900477
Histogram Gradient Boosting (unweighted),PR,0.625,0.2619047619047619
Histogram Gradient Boosting (unweighted),PR,0.625,0.2631578947368421
Histogram Gradient Boosting (unweighted),PR,0.625,0.2644230769230769
Histogram Gradient Boosting (unweighted),PR,0.625,0.26570048309178745
Histogram Gradient Boosting (unweighted),PR,0.625,0.2669902912621359
Histogram Gradient Boosting (unweighted),PR,0.6136363636363636,0.2634146341463415
Histogram Gradient Boosting (unweighted),PR,0.6136363636363636,0.2647058823529412
Histogram Gradient Boosting (unweighted),PR,0.6022727272727273,0.26108374384236455
Histogram Gradient Boosting (unweighted),PR,0.6022727272727273,0.2623762376237624
Histogram Gradient Boosting (unweighted),PR,0.5909090909090909,0.25870646766169153
Histogram Gradient Boosting (unweighted),PR,0.5909090909090909,0.26
Histogram Gradient Boosting (unweighted),PR,0.5909090909090909,0.2613065326633166
Histogram Gradient Boosting (unweighted),PR,0.5909090909090909,0.26262626262626265
Histogram Gradient Boosting (unweighted),PR,0.5909090909090909,0.2639593908629442
Histogram Gradient Boosting (unweighted),PR,0.5909090909090909,0.2653061224489796
Histogram Gradient Boosting (unweighted),PR,0.5909090909090909,0.26666666666666666
Histogram Gradient Boosting (unweighted),PR,0.5795454545454546,0.26288659793814434
Histogram Gradient Boosting (unweighted),PR,0.5795454545454546,0.26424870466321243
Histogram Gradient Boosting (unweighted),PR,0.5795454545454546,0.265625
Histogram Gradient Boosting (unweighted),PR,0.5795454545454546,0.2670157068062827
Histogram Gradient Boosting (unweighted),PR,0.5795454545454546,0.26842105263157895
Histogram Gradient Boosting (unweighted),PR,0.5795454545454546,0.2698412698412698
Histogram Gradient Boosting (unweighted),PR,0.5795454545454546,0.2712765957446808
Histogram Gradient Boosting (unweighted),PR,0.5795454545454546,0.2727272727272727
Histogram Gradient Boosting (unweighted),PR,0.5795454545454546,0.27419354838709675
Histogram Gradient Boosting (unweighted),PR,0.5795454545454546,0.2756756756756757
Histogram Gradient Boosting (unweighted),PR,0.5795454545454546,0.27717391304347827
Histogram Gradient Boosting (unweighted),PR,0.5681818181818182,0.273224043715847
Histogram Gradient Boosting (unweighted),PR,0.5681818181818182,0.27472527472527475
Histogram Gradient Boosting (unweighted),PR,0.5681818181818182,0.27624309392265195
Histogram Gradient Boosting (unweighted),PR,0.5681818181818182,0.2777777777777778
Histogram Gradient Boosting (unweighted),PR,0.5681818181818182,0.27932960893854747
Histogram Gradient Boosting (unweighted),PR,0.5681818181818182,0.2808988764044944
Histogram Gradient Boosting (unweighted),PR,0.5681818181818182,0.2824858757062147
Histogram Gradient Boosting (unweighted),PR,0.5568181818181818,0.2784090909090909
Histogram Gradient Boosting (unweighted),PR,0.5568181818181818,0.28
Histogram Gradient Boosting (unweighted),PR,0.5568181818181818,0.28160919540229884
Histogram Gradient Boosting (unweighted),PR,0.5454545454545454,0.2774566473988439
Histogram Gradient Boosting (unweighted),PR,0.5454545454545454,0.27906976744186046
Histogram Gradient Boosting (unweighted),PR,0.5340909090909091,0.27485380116959063
Histogram Gradient Boosting (unweighted),PR,0.5227272727272727,0.27058823529411763
Histogram Gradient Boosting (unweighted),PR,0.5227272727272727,0.27218934911242604
Histogram Gradient Boosting (unweighted),PR,0.5113636363636364,0.26785714285714285
Histogram Gradient Boosting (unweighted),PR,0.5,0.2634730538922156
Histogram Gradient Boosting (unweighted),PR,0.5,0.26506024096385544
Histogram Gradient Boosting (unweighted),PR,0.5,0.26666666666666666
Histogram Gradient Boosting (unweighted),PR,0.5,0.2682926829268293
Histogram Gradient Boosting (unweighted),PR,0.5,0.26993865030674846
Histogram Gradient Boosting (unweighted),PR,0.5,0.2716049382716049
Histogram Gradient Boosting (unweighted),PR,0.5,0.2732919254658385
Histogram Gradient Boosting (unweighted),PR,0.5,0.275
Histogram Gradient Boosting (unweighted),PR,0.5,0.27672955974842767
Histogram Gradient Boosting (unweighted),PR,0.5,0.27848101265822783
Histogram Gradient Boosting (unweighted),PR,0.5,0.2802547770700637
Histogram Gradient Boosting (unweighted),PR,0.5,0.28205128205128205
Histogram Gradient Boosting (unweighted),PR,0.48863636363636365,0.27741935483870966
Histogram Gradient Boosting (unweighted),PR,0.48863636363636365,0.2792207792207792
Histogram Gradient Boosting (unweighted),PR,0.48863636363636365,0.28104575163398693
Histogram Gradient Boosting (unweighted),PR,0.4772727272727273,0.27631578947368424
Histogram Gradient Boosting (unweighted),PR,0.4772727272727273,0.2781456953642384
Histogram Gradient Boosting (unweighted),PR,0.4772727272727273,0.28
Histogram Gradient Boosting (unweighted),PR,0.4772727272727273,0.28187919463087246
Histogram Gradient Boosting (unweighted),PR,0.4772727272727273,0.28378378378378377
Histogram Gradient Boosting (unweighted),PR,0.4772727272727273,0.2857142857142857
Histogram Gradient Boosting (unweighted),PR,0.4772727272727273,0.2876712328767123
Histogram Gradient Boosting (unweighted),PR,0.4772727272727273,0.2896551724137931
Histogram Gradient Boosting (unweighted),PR,0.4772727272727273,0.2916666666666667
Histogram Gradient Boosting (unweighted),PR,0.4659090909090909,0.2867132867132867
Histogram Gradient Boosting (unweighted),PR,0.4659090909090909,0.2887323943661972
Histogram Gradient Boosting (unweighted),PR,0.4659090909090909,0.2907801418439716
Histogram Gradient Boosting (unweighted),PR,0.4659090909090909,0.29285714285714287
Histogram Gradient Boosting (unweighted),PR,0.4659090909090909,0.2949640287769784
Histogram Gradient Boosting (unweighted),PR,0.4659090909090909,0.2971014492753623
Histogram Gradient Boosting (unweighted),PR,0.4659090909090909,0.29927007299270075
Histogram Gradient Boosting (unweighted),PR,0.4659090909090909,0.3014705882352941
Histogram Gradient Boosting (unweighted),PR,0.4659090909090909,0.3037037037037037
Histogram Gradient Boosting (unweighted),PR,0.4659090909090909,0.30597014925373134
Histogram Gradient Boosting (unweighted),PR,0.4659090909090909,0.3082706766917293
Histogram Gradient Boosting (unweighted),PR,0.4659090909090909,0.3106060606060606
Histogram Gradient Boosting (unweighted),PR,0.45454545454545453,0.3053435114503817
Histogram Gradient Boosting (unweighted),PR,0.45454545454545453,0.3076923076923077
Histogram Gradient Boosting (unweighted),PR,0.45454545454545453,0.31007751937984496
Histogram Gradient Boosting (unweighted),PR,0.4431818181818182,0.3046875
Histogram Gradient Boosting (unweighted),PR,0.4318181818181818,0.2992125984251969
Histogram Gradient Boosting (unweighted),PR,0.4318181818181818,0.30158730158730157
Histogram Gradient Boosting (unweighted),PR,0.42045454545454547,0.296
Histogram Gradient Boosting (unweighted),PR,0.42045454545454547,0.29838709677419356
Histogram Gradient Boosting (unweighted),PR,0.42045454545454547,0.3008130081300813
Histogram Gradient Boosting (unweighted),PR,0.42045454545454547,0.30327868852459017
Histogram Gradient Boosting (unweighted),PR,0.42045454545454547,0.30578512396694213
Histogram Gradient Boosting (unweighted),PR,0.42045454545454547,0.30833333333333335
Histogram Gradient Boosting (unweighted),PR,0.42045454545454547,0.31092436974789917
Histogram Gradient Boosting (unweighted),PR,0.42045454545454547,0.3135593220338983
Histogram Gradient Boosting (unweighted),PR,0.42045454545454547,0.3162393162393162
Histogram Gradient Boosting (unweighted),PR,0.42045454545454547,0.31896551724137934
Histogram Gradient Boosting (unweighted),PR,0.42045454545454547,0.3217391304347826
Histogram Gradient Boosting (unweighted),PR,0.4090909090909091,0.3157894736842105
Histogram Gradient Boosting (unweighted),PR,0.4090909090909091,0.3185840707964602
Histogram Gradient Boosting (unweighted),PR,0.4090909090909091,0.32142857142857145
Histogram Gradient Boosting (unweighted),PR,0.3977272727272727,0.3153153153153153
Histogram Gradient Boosting (unweighted),PR,0.3977272727272727,0.3181818181818182
Histogram Gradient Boosting (unweighted),PR,0.38636363636363635,0.3119266055045872
Histogram Gradient Boosting (unweighted),PR,0.375,0.3055555555555556
Histogram Gradient Boosting (unweighted),PR,0.375,0.308411214953271
Histogram Gradient Boosting (unweighted),PR,0.36363636363636365,0.3018867924528302
Histogram Gradient Boosting (unweighted),PR,0.36363636363636365,0.3047619047619048
Histogram Gradient Boosting (unweighted),PR,0.36363636363636365,0.3076923076923077
Histogram Gradient Boosting (unweighted),PR,0.36363636363636365,0.3106796116504854
Histogram Gradient Boosting (unweighted),PR,0.3522727272727273,0.30392156862745096
Histogram Gradient Boosting (unweighted),PR,0.3522727272727273,0.3069306930693069
Histogram Gradient Boosting (unweighted),PR,0.3522727272727273,0.31
Histogram Gradient Boosting (unweighted),PR,0.3522727272727273,0.31313131313131315
Histogram Gradient Boosting (unweighted),PR,0.3522727272727273,0.3163265306122449
Histogram Gradient Boosting (unweighted),PR,0.3522727272727273,0.31958762886597936
Histogram Gradient Boosting (unweighted),PR,0.3522727272727273,0.3229166666666667
Histogram Gradient Boosting (unweighted),PR,0.3409090909090909,0.3157894736842105
Histogram Gradient Boosting (unweighted),PR,0.32954545454545453,0.30851063829787234
Histogram Gradient Boosting (unweighted),PR,0.32954545454545453,0.3118279569892473
Histogram Gradient Boosting (unweighted),PR,0.3181818181818182,0.30434782608695654
Histogram Gradient Boosting (unweighted),PR,0.3181818181818182,0.3076923076923077
Histogram Gradient Boosting (unweighted),PR,0.3181818181818182,0.3111111111111111
Histogram Gradient Boosting (unweighted),PR,0.3181818181818182,0.3146067415730337
Histogram Gradient Boosting (unweighted),PR,0.3181818181818182,0.3181818181818182
Histogram Gradient Boosting (unweighted),PR,0.3068181818181818,0.3103448275862069
Histogram Gradient Boosting (unweighted),PR,0.3068181818181818,0.313953488372093
Histogram Gradient Boosting (unweighted),PR,0.3068181818181818,0.3176470588235294
Histogram Gradient Boosting (unweighted),PR,0.3068181818181818,0.32142857142857145
Histogram Gradient Boosting (unweighted),PR,0.29545454545454547,0.3132530120481928
Histogram Gradient Boosting (unweighted),PR,0.29545454545454547,0.3170731707317073
Histogram Gradient Boosting (unweighted),PR,0.2840909090909091,0.30864197530864196
Histogram Gradient Boosting (unweighted),PR,0.2840909090909091,0.3125
Histogram Gradient Boosting (unweighted),PR,0.2840909090909091,0.31645569620253167
Histogram Gradient Boosting (unweighted),PR,0.2840909090909091,0.32051282051282054
Histogram Gradient Boosting (unweighted),PR,0.2840909090909091,0.3246753246753247
Histogram Gradient Boosting (unweighted),PR,0.2840909090909091,0.32894736842105265
Histogram Gradient Boosting (unweighted),PR,0.2727272727272727,0.32
Histogram Gradient Boosting (unweighted),PR,0.26136363636363635,0.3108108108108108
Histogram Gradient Boosting (unweighted),PR,0.25,0.3013698630136986
Histogram Gradient Boosting (unweighted),PR,0.23863636363636365,0.2916666666666667
Histogram Gradient Boosting (unweighted),PR,0.23863636363636365,0.29577464788732394
Histogram Gradient Boosting (unweighted),PR,0.22727272727272727,0.2857142857142857
Histogram Gradient Boosting (unweighted),PR,0.22727272727272727,0.2898550724637681
Histogram Gradient Boosting (unweighted),PR,0.22727272727272727,0.29411764705882354
Histogram Gradient Boosting (unweighted),PR,0.22727272727272727,0.29850746268656714
Histogram Gradient Boosting (unweighted),PR,0.22727272727272727,0.30303030303030304
Histogram Gradient Boosting (unweighted),PR,0.22727272727272727,0.3076923076923077
Histogram Gradient Boosting (unweighted),PR,0.22727272727272727,0.3125
Histogram Gradient Boosting (unweighted),PR,0.22727272727272727,0.31746031746031744
Histogram Gradient Boosting (unweighted),PR,0.2159090909090909,0.3064516129032258
Histogram Gradient Boosting (unweighted),PR,0.2159090909090909,0.3114754098360656
Histogram Gradient Boosting (unweighted),PR,0.2159090909090909,0.31666666666666665
Histogram Gradient Boosting (unweighted),PR,0.2159090909090909,0.3220338983050847
Histogram Gradient Boosting (unweighted),PR,0.2159090909090909,0.3275862068965517
Histogram Gradient Boosting (unweighted),PR,0.2159090909090909,0.3333333333333333
Histogram Gradient Boosting (unweighted),PR,0.2159090909090909,0.3392857142857143
Histogram Gradient Boosting (unweighted),PR,0.20454545454545456,0.32727272727272727
Histogram Gradient Boosting (unweighted),PR,0.20454545454545456,0.3333333333333333
Histogram Gradient Boosting (unweighted),PR,0.19318181818181818,0.32075471698113206
Histogram Gradient Boosting (unweighted),PR,0.18181818181818182,0.3076923076923077
Histogram Gradient Boosting (unweighted),PR,0.18181818181818182,0.3137254901960784
Histogram Gradient Boosting (unweighted),PR,0.18181818181818182,0.32
Histogram Gradient Boosting (unweighted),PR,0.17045454545454544,0.30612244897959184
Histogram Gradient Boosting (unweighted),PR,0.17045454545454544,0.3125
Histogram Gradient Boosting (unweighted),PR,0.1590909090909091,0.2978723404255319
Histogram Gradient Boosting (unweighted),PR,0.1590909090909091,0.30434782608695654
Histogram Gradient Boosting (unweighted),PR,0.1590909090909091,0.3111111111111111
Histogram Gradient Boosting (unweighted),PR,0.14772727272727273,0.29545454545454547
Histogram Gradient Boosting (unweighted),PR,0.14772727272727273,0.3023255813953488
Histogram Gradient Boosting (unweighted),PR,0.13636363636363635,0.2857142857142857
Histogram Gradient Boosting (unweighted),PR,0.13636363636363635,0.2926829268292683
Histogram Gradient Boosting (unweighted),PR,0.13636363636363635,0.3
Histogram Gradient Boosting (unweighted),PR,0.13636363636363635,0.3076923076923077
Histogram Gradient Boosting (unweighted),PR,0.13636363636363635,0.3157894736842105
Histogram Gradient Boosting (unweighted),PR,0.13636363636363635,0.32432432432432434
Histogram Gradient Boosting (unweighted),PR,0.125,0.3055555555555556
Histogram Gradient Boosting (unweighted),PR,0.125,0.3142857142857143
Histogram Gradient Boosting (unweighted),PR,0.125,0.3235294117647059
Histogram Gradient Boosting (unweighted),PR,0.125,0.3333333333333333
Histogram Gradient Boosting (unweighted),PR,0.11363636363636363,0.3125
Histogram Gradient Boosting (unweighted),PR,0.11363636363636363,0.3225806451612903
Histogram Gradient Boosting (unweighted),PR,0.11363636363636363,0.3333333333333333
Histogram Gradient Boosting (unweighted),PR,0.10227272727272728,0.3103448275862069
Histogram Gradient Boosting (unweighted),PR,0.09090909090909091,0.2857142857142857
Histogram Gradient Boosting (unweighted),PR,0.09090909090909091,0.2962962962962963
Histogram Gradient Boosting (unweighted),PR,0.09090909090909091,0.3076923076923077
Histogram Gradient Boosting (unweighted),PR,0.09090909090909091,0.32
Histogram Gradient Boosting (unweighted),PR,0.09090909090909091,0.3333333333333333
Histogram Gradient Boosting (unweighted),PR,0.07954545454545454,0.30434782608695654
Histogram Gradient Boosting (unweighted),PR,0.07954545454545454,0.3181818181818182
Histogram Gradient Boosting (unweighted),PR,0.07954545454545454,0.3333333333333333
Histogram Gradient Boosting (unweighted),PR,0.07954545454545454,0.35
Histogram Gradient Boosting (unweighted),PR,0.06818181818181818,0.3157894736842105
Histogram Gradient Boosting (unweighted),PR,0.06818181818181818,0.3333333333333333
Histogram Gradient Boosting (unweighted),PR,0.06818181818181818,0.35294117647058826
Histogram Gradient Boosting (unweighted),PR,0.056818181818181816,0.3125
Histogram Gradient Boosting (unweighted),PR,0.045454545454545456,0.26666666666666666
Histogram Gradient Boosting (unweighted),PR,0.045454545454545456,0.2857142857142857
Histogram Gradient Boosting (unweighted),PR,0.045454545454545456,0.3076923076923077
Histogram Gradient Boosting (unweighted),PR,0.03409090909090909,0.25
Histogram Gradient Boosting (unweighted),PR,0.03409090909090909,0.2727272727272727
Histogram Gradient Boosting (unweighted),PR,0.03409090909090909,0.3
Histogram Gradient Boosting (unweighted),PR,0.03409090909090909,0.3333333333333333
Histogram Gradient Boosting (unweighted),PR,0.022727272727272728,0.25
Histogram Gradient Boosting (unweighted),PR,0.022727272727272728,0.2857142857142857
Histogram Gradient Boosting (unweighted),PR,0.011363636363636364,0.16666666666666666
Histogram Gradient Boosting (unweighted),PR,0.011363636363636364,0.2
Histogram Gradient Boosting (unweighted),PR,0.0,0.0
Histogram Gradient Boosting (unweighted),PR,0.0,0.0
Histogram Gradient Boosting (unweighted),PR,0.0,0.0
Histogram Gradient Boosting (unweighted),PR,0.0,0.0
Histogram Gradient Boosting (unweighted),PR,0.0,1.0
Logistic Regression (balanced),ROC,0.0,0.0
Logistic Regression (balanced),ROC,0.0,0.011363636363636364
Logistic Regression (balanced),ROC,0.0,0.045454545454545456
Logistic Regression (balanced),ROC,0.003289473684210526,0.045454545454545456
Logistic Regression (balanced),ROC,0.003289473684210526,0.056818181818181816
Logistic Regression (balanced),ROC,0.0043859649122807015,0.056818181818181816
Logistic Regression (balanced),ROC,0.0043859649122807015,0.06818181818181818
Logistic Regression (balanced),ROC,0.006578947368421052,0.06818181818181818
Logistic Regression (balanced),ROC,0.006578947368421052,0.07954545454545454
Logistic Regression (balanced),ROC,0.009868421052631578,0.07954545454545454
Logistic Regression (balanced),ROC,0.009868421052631578,0.10227272727272728
Logistic Regression (balanced),ROC,0.015350877192982455,0.10227272727272728
Logistic Regression (balanced),ROC,0.015350877192982455,0.11363636363636363
Logistic Regression (balanced),ROC,0.017543859649122806,0.11363636363636363
Logistic Regression (balanced),ROC,0.017543859649122806,0.125
Logistic Regression (balanced),ROC,0.019736842105263157,0.125
Logistic Regression (balanced),ROC,0.019736842105263157,0.1590909090909091
Logistic Regression (balanced),ROC,0.025219298245614034,0.1590909090909091
Logistic Regression (balanced),ROC,0.025219298245614034,0.17045454545454544
Logistic Regression (balanced),ROC,0.027412280701754384,0.17045454545454544
Logistic Regression (balanced),ROC,0.027412280701754384,0.18181818181818182
Logistic Regression (balanced),ROC,0.03070175438596491,0.18181818181818182
Logistic Regression (balanced),ROC,0.03070175438596491,0.19318181818181818
Logistic Regression (balanced),ROC,0.03179824561403509,0.19318181818181818
Logistic Regression (balanced),ROC,0.03179824561403509,0.20454545454545456
Logistic Regression (balanced),ROC,0.03618421052631579,0.20454545454545456
Logistic Regression (balanced),ROC,0.03618421052631579,0.2159090909090909
Logistic Regression (balanced),ROC,0.039473684210526314,0.2159090909090909
Logistic Regression (balanced),ROC,0.039473684210526314,0.22727272727272727
Logistic Regression (balanced),ROC,0.043859649122807015,0.22727272727272727
Logistic Regression (balanced),ROC,0.043859649122807015,0.23863636363636365
Logistic Regression (balanced),ROC,0.046052631578947366,0.23863636363636365
Logistic Regression (balanced),ROC,0.046052631578947366,0.25
Logistic Regression (balanced),ROC,0.05043859649122807,0.25
Logistic Regression (balanced),ROC,0.05043859649122807,0.2727272727272727
Logistic Regression (balanced),ROC,0.0537280701754386,0.2727272727272727
Logistic Regression (balanced),ROC,0.0537280701754386,0.29545454545454547
Logistic Regression (balanced),ROC,0.06030701754385965,0.29545454545454547
Logistic Regression (balanced),ROC,0.06030701754385965,0.3068181818181818
Logistic Regression (balanced),ROC,0.06359649122807018,0.3068181818181818
Logistic Regression (balanced),ROC,0.06359649122807018,0.32954545454545453
Logistic Regression (balanced),ROC,0.06907894736842106,0.32954545454545453
Logistic Regression (balanced),ROC,0.06907894736842106,0.3409090909090909
Logistic Regression (balanced),ROC,0.0712719298245614,0.3409090909090909
Logistic Regression (balanced),ROC,0.0712719298245614,0.3522727272727273
Logistic Regression (balanced),ROC,0.07785087719298246,0.3522727272727273
Logistic Regression (balanced),ROC,0.07785087719298246,0.36363636363636365
Logistic Regression (balanced),ROC,0.08223684210526316,0.36363636363636365
Logistic Regression (balanced),ROC,0.08223684210526316,0.375
Logistic Regression (balanced),ROC,0.08442982456140351,0.375
Logistic Regression (balanced),ROC,0.08442982456140351,0.38636363636363635
Logistic Regression (balanced),ROC,0.08552631578947369,0.38636363636363635
Logistic Regression (balanced),ROC,0.08552631578947369,0.3977272727272727
Logistic Regression (balanced),ROC,0.08662280701754387,0.3977272727272727
Logistic Regression (balanced),ROC,0.08662280701754387,0.4090909090909091
Logistic Regression (balanced),ROC,0.08771929824561403,0.4090909090909091
Logistic Regression (balanced),ROC,0.08771929824561403,0.42045454545454547
Logistic Regression (balanced),ROC,0.09320175438596491,0.42045454545454547
Logistic Regression (balanced),ROC,0.09320175438596491,0.4318181818181818
Logistic Regression (balanced),ROC,0.09649122807017543,0.4318181818181818
Logistic Regression (balanced),ROC,0.09649122807017543,0.4431818181818182
Logistic Regression (balanced),ROC,0.09978070175438597,0.4431818181818182
Logistic Regression (balanced),ROC,0.09978070175438597,0.45454545454545453
Logistic Regression (balanced),ROC,0.10307017543859649,0.45454545454545453
Logistic Regression (balanced),ROC,0.10307017543859649,0.4659090909090909
Logistic Regression (balanced),ROC,0.10416666666666667,0.4659090909090909
Logistic Regression (balanced),ROC,0.10416666666666667,0.4772727272727273
Logistic Regression (balanced),ROC,0.12171052631578948,0.4772727272727273
Logistic Regression (balanced),ROC,0.12171052631578948,0.48863636363636365
Logistic Regression (balanced),ROC,0.12280701754385964,0.48863636363636365
Logistic Regression (balanced),ROC,0.12280701754385964,0.5
Logistic Regression (balanced),ROC,0.12938596491228072,0.5
Logistic Regression (balanced),ROC,0.12938596491228072,0.5227272727272727
Logistic Regression (balanced),ROC,0.13925438596491227,0.5227272727272727
Logistic Regression (balanced),ROC,0.13925438596491227,0.5340909090909091
Logistic Regression (balanced),ROC,0.1600877192982456,0.5340909090909091
Logistic Regression (balanced),ROC,0.1600877192982456,0.5454545454545454
Logistic Regression (balanced),ROC,0.16776315789473684,0.5454545454545454
Logistic Regression (balanced),ROC,0.16776315789473684,0.5681818181818182
Logistic Regression (balanced),ROC,0.1875,0.5681818181818182
Logistic Regression (balanced),ROC,0.1875,0.5795454545454546
Logistic Regression (balanced),ROC,0.18859649122807018,0.5795454545454546
Logistic Regression (balanced),ROC,0.18859649122807018,0.5909090909090909
Logistic Regression (balanced),ROC,0.19736842105263158,0.5909090909090909
Logistic Regression (balanced),ROC,0.19736842105263158,0.6022727272727273
Logistic Regression (balanced),ROC,0.2050438596491228,0.6022727272727273
Logistic Regression (balanced),ROC,0.2050438596491228,0.6136363636363636
Logistic Regression (balanced),ROC,0.20614035087719298,0.6136363636363636
Logistic Regression (balanced),ROC,0.20614035087719298,0.625
Logistic Regression (balanced),ROC,0.21052631578947367,0.625
Logistic Regression (balanced),ROC,0.21052631578947367,0.6477272727272727
Logistic Regression (balanced),ROC,0.2236842105263158,0.6477272727272727
Logistic Regression (balanced),ROC,0.2236842105263158,0.6590909090909091
Logistic Regression (balanced),ROC,0.22807017543859648,0.6590909090909091
Logistic Regression (balanced),ROC,0.22807017543859648,0.6704545454545454
Logistic Regression (balanced),ROC,0.24232456140350878,0.6704545454545454
Logistic Regression (balanced),ROC,0.24232456140350878,0.6818181818181818
Logistic Regression (balanced),ROC,0.24671052631578946,0.6818181818181818
Logistic Regression (balanced),ROC,0.24671052631578946,0.6931818181818182
Logistic Regression (balanced),ROC,0.24890350877192982,0.6931818181818182
Logistic Regression (balanced),ROC,0.24890350877192982,0.7045454545454546
Logistic Regression (balanced),ROC,0.25877192982456143,0.7045454545454546
Logistic Regression (balanced),ROC,0.25877192982456143,0.7159090909090909
Logistic Regression (balanced),ROC,0.2708333333333333,0.7159090909090909
Logistic Regression (balanced),ROC,0.2708333333333333,0.7272727272727273
Logistic Regression (balanced),ROC,0.28728070175438597,0.7272727272727273
Logistic Regression (balanced),ROC,0.28728070175438597,0.7386363636363636
Logistic Regression (balanced),ROC,0.2949561403508772,0.7386363636363636
Logistic Regression (balanced),ROC,0.2949561403508772,0.75
Logistic Regression (balanced),ROC,0.2982456140350877,0.75
Logistic Regression (balanced),ROC,0.2982456140350877,0.7613636363636364
Logistic Regression (balanced),ROC,0.30701754385964913,0.7613636363636364
Logistic Regression (balanced),ROC,0.30701754385964913,0.7727272727272727
Logistic Regression (balanced),ROC,0.32785087719298245,0.7727272727272727
Logistic Regression (balanced),ROC,0.32785087719298245,0.7840909090909091
Logistic Regression (balanced),ROC,0.33771929824561403,0.7840909090909091
Logistic Regression (balanced),ROC,0.33771929824561403,0.7954545454545454
Logistic Regression (balanced),ROC,0.35855263157894735,0.7954545454545454
Logistic Regression (balanced),ROC,0.35855263157894735,0.8068181818181818
Logistic Regression (balanced),ROC,0.36293859649122806,0.8068181818181818
Logistic Regression (balanced),ROC,0.36293859649122806,0.8181818181818182
Logistic Regression (balanced),ROC,0.37719298245614036,0.8181818181818182
Logistic Regression (balanced),ROC,0.37719298245614036,0.8295454545454546
Logistic Regression (balanced),ROC,0.3782894736842105,0.8295454545454546
Logistic Regression (balanced),ROC,0.3782894736842105,0.8409090909090909
Logistic Regression (balanced),ROC,0.3793859649122807,0.8409090909090909
Logistic Regression (balanced),ROC,0.3793859649122807,0.8522727272727273
Logistic Regression (balanced),ROC,0.3826754385964912,0.8522727272727273
Logistic Regression (balanced),ROC,0.3826754385964912,0.8636363636363636
Logistic Regression (balanced),ROC,0.41228070175438597,0.8636363636363636
Logistic Regression (balanced),ROC,0.41228070175438597,0.8863636363636364
Logistic Regression (balanced),ROC,0.4232456140350877,0.8863636363636364
Logistic Regression (balanced),ROC,0.4232456140350877,0.8977272727272727
Logistic Regression (balanced),ROC,0.43859649122807015,0.8977272727272727
Logistic Regression (balanced),ROC,0.43859649122807015,0.9090909090909091
Logistic Regression (balanced),ROC,0.5021929824561403,0.9090909090909091
Logistic Regression (balanced),ROC,0.5021929824561403,0.9204545454545454
Logistic Regression (balanced),ROC,0.5076754385964912,0.9204545454545454
Logistic Regression (balanced),ROC,0.5076754385964912,0.9318181818181818
Logistic Regression (balanced),ROC,0.5405701754385965,0.9318181818181818
Logistic Regression (balanced),ROC,0.5405701754385965,0.9431818181818182
Logistic Regression (balanced),ROC,0.7028508771929824,0.9431818181818182
Logistic Regression (balanced),ROC,0.7028508771929824,0.9545454545454546
Logistic Regression (balanced),ROC,0.8278508771929824,0.9545454545454546
Logistic Regression (balanced),ROC,0.8278508771929824,0.9659090909090909
Logistic Regression (balanced),ROC,0.8366228070175439,0.9659090909090909
Logistic Regression (balanced),ROC,0.8366228070175439,0.9772727272727273
Logistic Regression (balanced),ROC,0.9649122807017544,0.9772727272727273
Logistic Regression (balanced),ROC,0.9649122807017544,0.9886363636363636
Logistic Regression (balanced),ROC,0.9780701754385965,0.9886363636363636
Logistic Regression (balanced),ROC,0.9780701754385965,1.0
Logistic Regression (balanced),ROC,1.0,1.0
Logistic Regression (balanced),PR,1.0,0.088
Logistic Regression (balanced),PR,1.0,0.08808808808808809
Logistic Regression (balanced),PR,1.0,0.08817635270541083
Logistic Regression (balanced),PR,1.0,0.08826479438314945
Logistic Regression (balanced),PR,1.0,0.08835341365461848
Logistic Regression (balanced),PR,1.0,0.08844221105527639
Logistic Regression (balanced),PR,1.0,0.08853118712273642
Logistic Regression (balanced),PR,1.0,0.08862034239677745
Logistic Regression (balanced),PR,1.0,0.08870967741935484
Logistic Regression (balanced),PR,1.0,0.08879919273461151
Logistic Regression (balanced),PR,1.0,0.08888888888888889
Logistic Regression (balanced),PR,1.0,0.08897876643073811
Logistic Regression (balanced),PR,1.0,0.08906882591093117
Logistic Regression (balanced),PR,1.0,0.08915906788247213
Logistic Regression (balanced),PR,1.0,0.08924949290060852
Logistic Regression (balanced),PR,1.0,0.08934010152284264
Logistic Regression (balanced),PR,1.0,0.08943089430894309
Logistic Regression (balanced),PR,1.0,0.08952187182095625
Logistic Regression (balanced),PR,1.0,0.08961303462321792
Logistic Regression (balanced),PR,1.0,0.08970438328236494
Logistic Regression (balanced),PR,1.0,0.08979591836734693
Logistic Regression (balanced),PR,0.9886363636363636,0.0888661899897855
Logistic Regression (balanced),PR,0.9886363636363636,0.08895705521472393
Logistic Regression (balanced),PR,0.9886363636363636,0.08904810644831115
Logistic Regression (balanced),PR,0.9886363636363636,0.08913934426229508
Logistic Regression (balanced),PR,0.9886363636363636,0.08923076923076922
Logistic Regression (balanced),PR,0.9886363636363636,0.08932238193018481
Logistic Regression (balanced),PR,0.9886363636363636,0.08941418293936279
Logistic Regression (balanced),PR,0.9886363636363636,0.08950617283950617
Logistic Regression (balanced),PR,0.9886363636363636,0.08959835221421215
Logistic Regression (balanced),PR,0.9886363636363636,0.08969072164948454
Logistic Regression (balanced),PR,0.9886363636363636,0.08978328173374613
Logistic Regression (balanced),PR,0.9886363636363636,0.08987603305785125
Logistic Regression (balanced),PR,0.9886363636363636,0.08996897621509824
Logistic Regression (balanced),PR,0.9772727272727273,0.08902691511387163
Logistic Regression (balanced),PR,0.9772727272727273,0.08911917098445596
Logistic Regression (balanced),PR,0.9772727272727273,0.08921161825726141
Logistic Regression (balanced),PR,0.9772727272727273,0.0893042575285566
Logistic Regression (balanced),PR,0.9772727272727273,0.0893970893970894
Logistic Regression (balanced),PR,0.9772727272727273,0.08949011446409989
Logistic Regression (balanced),PR,0.9772727272727273,0.08958333333333333
Logistic Regression (balanced),PR,0.9772727272727273,0.08967674661105318
Logistic Regression (balanced),PR,0.9772727272727273,0.08977035490605428
Logistic Regression (balanced),PR,0.9772727272727273,0.08986415882967608
Logistic Regression (balanced),PR,0.9772727272727273,0.0899581589958159
Logistic Regression (balanced),PR,0.9772727272727273,0.09005235602094241
Logistic Regression (balanced),PR,0.9772727272727273,0.09014675052410902
Logistic Regression (balanced),PR,0.9772727272727273,0.09024134312696747
Logistic Regression (balanced),PR,0.9772727272727273,0.09033613445378151
Logistic Regression (balanced),PR,0.9772727272727273,0.0904311251314406
Logistic Regression (balanced),PR,0.9772727272727273,0.09052631578947369
Logistic Regression (balanced),PR,0.9772727272727273,0.09062170706006323
Logistic Regression (balanced),PR,0.9772727272727273,0.09071729957805907
Logistic Regression (balanced),PR,0.9772727272727273,0.0908130939809926
Logistic Regression (balanced),PR,0.9772727272727273,0.09090909090909091
Logistic Regression (balanced),PR,0.9772727272727273,0.091005291005291
Logistic Regression (balanced),PR,0.9772727272727273,0.09110169491525423
Logistic Regression (balanced),PR,0.9772727272727273,0.0911983032873807
Logistic Regression (balanced),PR,0.9772727272727273,0.09129511677282377
Logistic Regression (balanced),PR,0.9772727272727273,0.09139213602550478
Logistic Regression (balanced),PR,0.9772727272727273,0.09148936170212765
Logistic Regression (balanced),PR,0.9772727272727273,0.09158679446219382
Logistic Regression (balanced),PR,0.9772727272727273,0.09168443496801706
Logistic Regression (balanced),PR,0.9772727272727273,0.09178228388473852
Logistic Regression (balanced),PR,0.9772727272727273,0.09188034188034189
Logistic Regression (balanced),PR,0.9772727272727273,0.09197860962566845
Logistic Regression (balanced),PR,0.9772727272727273,0.09207708779443255
Logistic Regression (balanced),PR,0.9772727272727273,0.09217577706323687
Logistic Regression (balanced),PR,0.9772727272727273,0.09227467811158799
Logistic Regression (balanced),PR,0.9772727272727273,0.09237379162191192
Logistic Regression (balanced),PR,0.9772727272727273,0.09247311827956989
Logistic Regression (balanced),PR,0.9772727272727273,0.09257265877287406
Logistic Regression (balanced),PR,0.9772727272727273,0.09267241379310345
Logistic Regression (balanced),PR,0.9772727272727273,0.09277238403451996
Logistic Regression (balanced),PR,0.9772727272727273,0.09287257019438445
Logistic Regression (balanced),PR,0.9772727272727273,0.09297297297297297
Logistic Regression (balanced),PR,0.9772727272727273,0.09307359307359307
Logistic Regression (balanced),PR,0.9772727272727273,0.09317443120260022
Logistic Regression (balanced),PR,0.9772727272727273,0.09327548806941431
Logistic Regression (balanced),PR,0.9772727272727273,0.09337676438653637
Logistic Regression (balanced),PR,0.9772727272727273,0.09347826086956522
Logistic Regression (balanced),PR,0.9772727272727273,0.09357997823721437
Logistic Regression (balanced),PR,0.9772727272727273,0.09368191721132897
Logistic Regression (balanced),PR,0.9772727272727273,0.09378407851690294
Logistic Regression (balanced),PR,0.9772727272727273,0.09388646288209607
Logistic Regression (balanced),PR,0.9772727272727273,0.09398907103825137
Logistic Regression (balanced),PR,0.9772727272727273,0.09409190371991247
Logistic Regression (balanced),PR,0.9772727272727273,0.09419496166484119
Logistic Regression (balanced),PR,0.9772727272727273,0.09429824561403509
Logistic Regression (balanced),PR,0.9772727272727273,0.09440175631174534
Logistic Regression (balanced),PR,0.9772727272727273,0.0945054945054945
Logistic Regression (balanced),PR,0.9772727272727273,0.09460946094609461
Logistic Regression (balanced),PR,0.9772727272727273,0.0947136563876652
Logistic Regression (balanced),PR,0.9772727272727273,0.09481808158765159
Logistic Regression (balanced),PR,0.9772727272727273,0.09492273730684327
Logistic Regression (balanced),PR,0.9772727272727273,0.09502762430939227
Logistic Regression (balanced),PR,0.9772727272727273,0.09513274336283185
Logistic Regression (balanced),PR,0.9772727272727273,0.09523809523809523
Logistic Regression (balanced),PR,0.9772727272727273,0.09534368070953436
Logistic Regression (balanced),PR,0.9772727272727273,0.09544950055493896
Logistic Regression (balanced),PR,0.9772727272727273,0.09555555555555556
Logistic Regression (balanced),PR,0.9772727272727273,0.09566184649610679
Logistic Regression (balanced),PR,0.9772727272727273,0.0957683741648107
Logistic Regression (balanced),PR,0.9772727272727273,0.09587513935340022
Logistic Regression (balanced),PR,0.9772727272727273,0.09598214285714286
Logistic Regression (balanced),PR,0.9772727272727273,0.09608938547486033
Logistic Regression (balanced),PR,0.9772727272727273,0.09619686800894854
Logistic Regression (balanced),PR,0.9772727272727273,0.09630459126539753
Logistic Regression (balanced),PR,0.9772727272727273,0.09641255605381166
Logistic Regression (balanced),PR,0.9772727272727273,0.09652076318742986
Logistic Regression (balanced),PR,0.9772727272727273,0.09662921348314607
Logistic Regression (balanced),PR,0.9772727272727273,0.09673790776152981
Logistic Regression (balanced),PR,0.9772727272727273,0.09684684684684684
Logistic Regression (balanced),PR,0.9772727272727273,0.09695603156708005
Logistic Regression (balanced),PR,0.9772727272727273,0.09706546275395034
Logistic Regression (balanced),PR,0.9772727272727273,0.09717514124293786
Logistic Regression (balanced),PR,0.9772727272727273,0.09728506787330317
Logistic Regression (balanced),PR,0.9772727272727273,0.09739524348810873
Logistic Regression (balanced),PR,0.9772727272727273,0.09750566893424037
Logistic Regression (balanced),PR,0.9772727272727273,0.09761634506242906
Logistic Regression (balanced),PR,0.9772727272727273,0.09772727272727273
Logistic Regression (balanced),PR,0.9772727272727273,0.09783845278725825
Logistic Regression (balanced),PR,0.9772727272727273,0.0979498861047836
Logistic Regression (balanced),PR,0.9772727272727273,0.09806157354618016
Logistic Regression (balanced),PR,0.9772727272727273,0.09817351598173515
Logistic Regression (balanced),PR,0.9772727272727273,0.09828571428571428
Logistic Regression (balanced),PR,0.9772727272727273,0.09839816933638444
Logistic Regression (balanced),PR,0.9772727272727273,0.09851088201603665
Logistic Regression (balanced),PR,0.9772727272727273,0.09862385321100918
Logistic Regression (balanced),PR,0.9772727272727273,0.09873708381171067
Logistic Regression (balanced),PR,0.9772727272727273,0.09885057471264368
Logistic Regression (balanced),PR,0.9772727272727273,0.09896432681242807
Logistic Regression (balanced),PR,0.9772727272727273,0.09907834101382489
Logistic Regression (balanced),PR,0.9772727272727273,0.09919261822376009
Logistic Regression (balanced),PR,0.9772727272727273,0.09930715935334873
Logistic Regression (balanced),PR,0.9772727272727273,0.09942196531791908
Logistic Regression (balanced),PR,0.9772727272727273,0.09953703703703703
Logistic Regression (balanced),PR,0.9772727272727273,0.0996523754345307
Logistic Regression (balanced),PR,0.9772727272727273,0.09976798143851508
Logistic Regression (balanced),PR,0.9772727272727273,0.09988385598141696
Logistic Regression (balanced),PR,0.9772727272727273,0.1
Logistic Regression (balanced),PR,0.9772727272727273,0.10011641443538999
Logistic Regression (balanced),PR,0.9772727272727273,0.10023310023310024
Logistic Regression (balanced),PR,0.9772727272727273,0.10035005834305717
Logistic Regression (balanced),PR,0.9772727272727273,0.10046728971962617
Logistic Regression (balanced),PR,0.9772727272727273,0.10058479532163743
Logistic Regression (balanced),PR,0.9772727272727273,0.10070257611241218
Logistic Regression (balanced),PR,0.9772727272727273,0.10082063305978899
Logistic Regression (balanced),PR,0.9772727272727273,0.10093896713615023
Logistic Regression (balanced),PR,0.9772727272727273,0.10105757931844889
Logistic Regression (balanced),PR,0.9772727272727273,0.1011764705882353
Logistic Regression (balanced),PR,0.9772727272727273,0.10129564193168433
Logistic Regression (balanced),PR,0.9659090909090909,0.10023584905660378
Logistic Regression (balanced),PR,0.9659090909090909,0.10035419126328217
Logistic Regression (balanced),PR,0.9659090909090909,0.10047281323877069
Logistic Regression (balanced),PR,0.9659090909090909,0.10059171597633136
Logistic Regression (balanced),PR,0.9659090909090909,0.10071090047393365
Logistic Regression (balanced),PR,0.9659090909090909,0.10083036773428232
Logistic Regression (balanced),PR,0.9659090909090909,0.10095011876484561
Logistic Regression (balanced),PR,0.9659090909090909,0.10107015457788347
Logistic Regression (balanced),PR,0.9659090909090909,0.10119047619047619
Logistic Regression (balanced),PR,0.9545454545454546,0.10011918951132301
Logistic Regression (balanced),PR,0.9545454545454546,0.10023866348448687
Logistic Regression (balanced),PR,0.9545454545454546,0.1003584229390681
Logistic Regression (balanced),PR,0.9545454545454546,0.10047846889952153
Logistic Regression (balanced),PR,0.9545454545454546,0.10059880239520957
Logistic Regression (balanced),PR,0.9545454545454546,0.10071942446043165
Logistic Regression (balanced),PR,0.9545454545454546,0.10084033613445378
Logistic Regression (balanced),PR,0.9545454545454546,0.10096153846153846
Logistic Regression (balanced),PR,0.9545454545454546,0.10108303249097472
Logistic Regression (balanced),PR,0.9545454545454546,0.10120481927710843
Logistic Regression (balanced),PR,0.9545454545454546,0.10132689987937274
Logistic Regression (balanced),PR,0.9545454545454546,0.10144927536231885
Logistic Regression (balanced),PR,0.9545454545454546,0.10157194679564692
Logistic Regression (balanced),PR,0.9545454545454546,0.1016949152542373
Logistic Regression (balanced),PR,0.9545454545454546,0.10181818181818182
Logistic Regression (balanced),PR,0.9545454545454546,0.10194174757281553
Logistic Regression (balanced),PR,0.9545454545454546,0.10206561360874848
Logistic Regression (balanced),PR,0.9545454545454546,0.10218978102189781
Logistic Regression (balanced),PR,0.9545454545454546,0.1023142509135201
Logistic Regression (balanced),PR,0.9545454545454546,0.1024390243902439
Logistic Regression (balanced),PR,0.9545454545454546,0.10256410256410256
Logistic Regression (balanced),PR,0.9545454545454546,0.10268948655256724
Logistic Regression (balanced),PR,0.9545454545454546,0.10281517747858017
Logistic Regression (balanced),PR,0.9545454545454546,0.10294117647058823
Logistic Regression (balanced),PR,0.9545454545454546,0.10306748466257669
Logistic Regression (balanced),PR,0.9545454545454546,0.10319410319410319
Logistic Regression (balanced),PR,0.9545454545454546,0.1033210332103321
Logistic Regression (balanced),PR,0.9545454545454546,0.10344827586206896
Logistic Regression (balanced),PR,0.9545454545454546,0.10357583230579531
Logistic Regression (balanced),PR,0.9545454545454546,0.1037037037037037
Logistic Regression (balanced),PR,0.9545454545454546,0.103831891223733
Logistic Regression (balanced),PR,0.9545454545454546,0.10396039603960396
Logistic Regression (balanced),PR,0.9545454545454546,0.10408921933085502
Logistic Regression (balanced),PR,0.9545454545454546,0.10421836228287841
Logistic Regression (balanced),PR,0.9545454545454546,0.10434782608695652
Logistic Regression (balanced),PR,0.9545454545454546,0.1044776119402985
Logistic Regression (balanced),PR,0.9545454545454546,0.10460772104607721
Logistic Regression (balanced),PR,0.9545454545454546,0.10473815461346633
Logistic Regression (balanced),PR,0.9545454545454546,0.10486891385767791
Logistic Regression (balanced),PR,0.9545454545454546,0.105
Logistic Regression (balanced),PR,0.9545454545454546,0.10513141426783479
Logistic Regression (balanced),PR,0.9545454545454546,0.10526315789473684
Logistic Regression (balanced),PR,0.9545454545454546,0.1053952321204517
Logistic Regression (balanced),PR,0.9545454545454546,0.10552763819095477
Logistic Regression (balanced),PR,0.9545454545454546,0.10566037735849057
Logistic Regression (balanced),PR,0.9545454545454546,0.10579345088161209
Logistic Regression (balanced),PR,0.9545454545454546,0.10592686002522068
Logistic Regression (balanced),PR,0.9545454545454546,0.10606060606060606
Logistic Regression (balanced),PR,0.9545454545454546,0.10619469026548672
Logistic Regression (balanced),PR,0.9545454545454546,0.10632911392405063
Logistic Regression (balanced),PR,0.9545454545454546,0.10646387832699619
Logistic Regression (balanced),PR,0.9545454545454546,0.1065989847715736
Logistic Regression (balanced),PR,0.9545454545454546,0.10673443456162643
Logistic Regression (balanced),PR,0.9545454545454546,0.10687022900763359
Logistic Regression (balanced),PR,0.9545454545454546,0.1070063694267516
Logistic Regression (balanced),PR,0.9545454545454546,0.10714285714285714
Logistic Regression (balanced),PR,0.9545454545454546,0.10727969348659004
Logistic Regression (balanced),PR,0.9545454545454546,0.10741687979539642
Logistic Regression (balanced),PR,0.9545454545454546,0.10755441741357234
Logistic Regression (balanced),PR,0.9545454545454546,0.1076923076923077
Logistic Regression (balanced),PR,0.9545454545454546,0.10783055198973042
Logistic Regression (balanced),PR,0.9545454545454546,0.10796915167095116
Logistic Regression (balanced),PR,0.9545454545454546,0.10810810810810811
Logistic Regression (balanced),PR,0.9545454545454546,0.10824742268041238
Logistic Regression (balanced),PR,0.9545454545454546,0.10838709677419354
Logistic Regression (balanced),PR,0.9545454545454546,0.10852713178294573
Logistic Regression (balanced),PR,0.9545454545454546,0.10866752910737387
Logistic Regression (balanced),PR,0.9545454545454546,0.10880829015544041
Logistic Regression (balanced),PR,0.9545454545454546,0.10894941634241245
Logistic Regression (balanced),PR,0.9545454545454546,0.10909090909090909
Logistic Regression (balanced),PR,0.9545454545454546,0.10923276983094929
Logistic Regression (balanced),PR,0.9545454545454546,0.109375
Logistic Regression (balanced),PR,0.9545454545454546,0.10951760104302477
Logistic Regression (balanced),PR,0.9545454545454546,0.10966057441253264
Logistic Regression (balanced),PR,0.9545454545454546,0.10980392156862745
Logistic Regression (balanced),PR,0.9545454545454546,0.1099476439790576
Logistic Regression (balanced),PR,0.9545454545454546,0.11009174311926606
Logistic Regression (balanced),PR,0.9545454545454546,0.11023622047244094
Logistic Regression (balanced),PR,0.9545454545454546,0.11038107752956636
Logistic Regression (balanced),PR,0.9545454545454546,0.11052631578947368
Logistic Regression (balanced),PR,0.9545454545454546,0.11067193675889328
Logistic Regression (balanced),PR,0.9545454545454546,0.11081794195250659
Logistic Regression (balanced),PR,0.9545454545454546,0.11096433289299867
Logistic Regression (balanced),PR,0.9545454545454546,0.1111111111111111
Logistic Regression (balanced),PR,0.9545454545454546,0.11125827814569536
Logistic Regression (balanced),PR,0.9545454545454546,0.11140583554376658
Logistic Regression (balanced),PR,0.9545454545454546,0.11155378486055777
Logistic Regression (balanced),PR,0.9545454545454546,0.11170212765957446
Logistic Regression (balanced),PR,0.9545454545454546,0.1118508655126498
Logistic Regression (balanced),PR,0.9545454545454546,0.112
Logistic Regression (balanced),PR,0.9545454545454546,0.11214953271028037
Logistic Regression (balanced),PR,0.9545454545454546,0.11229946524064172
Logistic Regression (balanced),PR,0.9545454545454546,0.11244979919678715
Logistic Regression (balanced),PR,0.9545454545454546,0.1126005361930295
Logistic Regression (balanced),PR,0.9545454545454546,0.11275167785234899
Logistic Regression (balanced),PR,0.9545454545454546,0.11290322580645161
Logistic Regression (balanced),PR,0.9545454545454546,0.11305518169582772
Logistic Regression (balanced),PR,0.9545454545454546,0.11320754716981132
Logistic Regression (balanced),PR,0.9545454545454546,0.11336032388663968
Logistic Regression (balanced),PR,0.9545454545454546,0.11351351351351352
Logistic Regression (balanced),PR,0.9545454545454546,0.11366711772665765
Logistic Regression (balanced),PR,0.9545454545454546,0.11382113821138211
Logistic Regression (balanced),PR,0.9545454545454546,0.11397557666214382
Logistic Regression (balanced),PR,0.9545454545454546,0.11413043478260869
Logistic Regression (balanced),PR,0.9545454545454546,0.11428571428571428
Logistic Regression (balanced),PR,0.9545454545454546,0.11444141689373297
Logistic Regression (balanced),PR,0.9545454545454546,0.1145975443383356
Logistic Regression (balanced),PR,0.9545454545454546,0.11475409836065574
Logistic Regression (balanced),PR,0.9545454545454546,0.11491108071135431
Logistic Regression (balanced),PR,0.9545454545454546,0.11506849315068493
Logistic Regression (balanced),PR,0.9545454545454546,0.11522633744855967
Logistic Regression (balanced),PR,0.9545454545454546,0.11538461538461539
Logistic Regression (balanced),PR,0.9545454545454546,0.1155433287482806
Logistic Regression (balanced),PR,0.9545454545454546,0.11570247933884298
Logistic Regression (balanced),PR,0.9545454545454546,0.11586206896551725
Logistic Regression (balanced),PR,0.9431818181818182,0.11464088397790055
Logistic Regression (balanced),PR,0.9431818181818182,0.11479944674965421
Logistic Regression (balanced),PR,0.9431818181818182,0.1149584487534626
Logistic Regression (balanced),PR,0.9431818181818182,0.11511789181692095
Logistic Regression (balanced),PR,0.9431818181818182,0.11527777777777778
Logistic Regression (balanced),PR,0.9431818181818182,0.11543810848400557
Logistic Regression (balanced),PR,0.9431818181818182,0.11559888579387187
Logistic Regression (balanced),PR,0.9431818181818182,0.11576011157601115
Logistic Regression (balanced),PR,0.9431818181818182,0.11592178770949721
Logistic Regression (balanced),PR,0.9431818181818182,0.11608391608391608
Logistic Regression (balanced),PR,0.9431818181818182,0.11624649859943978
Logistic Regression (balanced),PR,0.9431818181818182,0.11640953716690042
Logistic Regression (balanced),PR,0.9431818181818182,0.11657303370786516
Logistic Regression (balanced),PR,0.9431818181818182,0.11673699015471167
Logistic Regression (balanced),PR,0.9431818181818182,0.11690140845070422
Logistic Regression (balanced),PR,0.9431818181818182,0.11706629055007052
Logistic Regression (balanced),PR,0.9431818181818182,0.1172316384180791
Logistic Regression (balanced),PR,0.9431818181818182,0.1173974540311174
Logistic Regression (balanced),PR,0.9431818181818182,0.11756373937677053
Logistic Regression (balanced),PR,0.9431818181818182,0.11773049645390071
Logistic Regression (balanced),PR,0.9431818181818182,0.11789772727272728
Logistic Regression (balanced),PR,0.9431818181818182,0.11806543385490754
Logistic Regression (balanced),PR,0.9431818181818182,0.11823361823361823
Logistic Regression (balanced),PR,0.9431818181818182,0.11840228245363767
Logistic Regression (balanced),PR,0.9431818181818182,0.11857142857142858
Logistic Regression (balanced),PR,0.9431818181818182,0.11874105865522175
Logistic Regression (balanced),PR,0.9431818181818182,0.11891117478510028
Logistic Regression (balanced),PR,0.9431818181818182,0.11908177905308465
Logistic Regression (balanced),PR,0.9431818181818182,0.11925287356321838
Logistic Regression (balanced),PR,0.9431818181818182,0.11942446043165468
Logistic Regression (balanced),PR,0.9431818181818182,0.11959654178674352
Logistic Regression (balanced),PR,0.9431818181818182,0.11976911976911978
Logistic Regression (balanced),PR,0.9431818181818182,0.1199421965317919
Logistic Regression (balanced),PR,0.9431818181818182,0.12011577424023155
Logistic Regression (balanced),PR,0.9431818181818182,0.12028985507246377
Logistic Regression (balanced),PR,0.9431818181818182,0.1204644412191582
Logistic Regression (balanced),PR,0.9431818181818182,0.12063953488372094
Logistic Regression (balanced),PR,0.9431818181818182,0.12081513828238719
Logistic Regression (balanced),PR,0.9431818181818182,0.12099125364431487
Logistic Regression (balanced),PR,0.9431818181818182,0.12116788321167883
Logistic Regression (balanced),PR,0.9431818181818182,0.12134502923976608
Logistic Regression (balanced),PR,0.9431818181818182,0.12152269399707175
Logistic Regression (balanced),PR,0.9431818181818182,0.1217008797653959
Logistic Regression (balanced),PR,0.9431818181818182,0.12187958883994127
Logistic Regression (balanced),PR,0.9431818181818182,0.12205882352941176
Logistic Regression (balanced),PR,0.9431818181818182,0.12223858615611193
Logistic Regression (balanced),PR,0.9431818181818182,0.1224188790560472
Logistic Regression (balanced),PR,0.9431818181818182,0.12259970457902511
Logistic Regression (balanced),PR,0.9431818181818182,0.1227810650887574
Logistic Regression (balanced),PR,0.9431818181818182,0.12296296296296297
Logistic Regression (balanced),PR,0.9431818181818182,0.12314540059347182
Logistic Regression (balanced),PR,0.9431818181818182,0.12332838038632987
Logistic Regression (balanced),PR,0.9431818181818182,0.12351190476190477
Logistic Regression (balanced),PR,0.9431818181818182,0.12369597615499255
Logistic Regression (balanced),PR,0.9431818181818182,0.12388059701492538
Logistic Regression (balanced),PR,0.9431818181818182,0.12406576980568013
Logistic Regression (balanced),PR,0.9431818181818182,0.12425149700598802
Logistic Regression (balanced),PR,0.9431818181818182,0.12443778110944528
Logistic Regression (balanced),PR,0.9431818181818182,0.12462462462462462
Logistic Regression (balanced),PR,0.9431818181818182,0.12481203007518797
Logistic Regression (balanced),PR,0.9431818181818182,0.125
Logistic Regression (balanced),PR,0.9431818181818182,0.12518853695324283
Logistic Regression (balanced),PR,0.9431818181818182,0.12537764350453173
Logistic Regression (balanced),PR,0.9431818181818182,0.12556732223903178
Logistic Regression (balanced),PR,0.9431818181818182,0.12575757575757576
Logistic Regression (balanced),PR,0.9431818181818182,0.125948406676783
Logistic Regression (balanced),PR,0.9431818181818182,0.12613981762917933
Logistic Regression (balanced),PR,0.9431818181818182,0.1263318112633181
Logistic Regression (balanced),PR,0.9431818181818182,0.12652439024390244
Logistic Regression (balanced),PR,0.9431818181818182,0.1267175572519084
Logistic Regression (balanced),PR,0.9431818181818182,0.12691131498470948
Logistic Regression (balanced),PR,0.9431818181818182,0.12710566615620214
Logistic Regression (balanced),PR,0.9431818181818182,0.1273006134969325
Logistic Regression (balanced),PR,0.9431818181818182,0.12749615975422426
Logistic Regression (balanced),PR,0.9431818181818182,0.1276923076923077
Logistic Regression (balanced),PR,0.9431818181818182,0.12788906009244994
Logistic Regression (balanced),PR,0.9431818181818182,0.12808641975308643
Logistic Regression (balanced),PR,0.9431818181818182,0.12828438948995363
Logistic Regression (balanced),PR,0.9431818181818182,0.12848297213622292
Logistic Regression (balanced),PR,0.9431818181818182,0.12868217054263567
Logistic Regression (balanced),PR,0.9431818181818182,0.12888198757763975
Logistic Regression (balanced),PR,0.9431818181818182,0.1290824261275272
Logistic Regression (balanced),PR,0.9431818181818182,0.1292834890965732
Logistic Regression (balanced),PR,0.9431818181818182,0.1294851794071763
Logistic Regression (balanced),PR,0.9431818181818182,0.1296875
Logistic Regression (balanced),PR,0.9431818181818182,0.1298904538341158
Logistic Regression (balanced),PR,0.9431818181818182,0.13009404388714735
Logistic Regression (balanced),PR,0.9431818181818182,0.130298273155416
Logistic Regression (balanced),PR,0.9431818181818182,0.13050314465408805
Logistic Regression (balanced),PR,0.9431818181818182,0.13070866141732285
Logistic Regression (balanced),PR,0.9431818181818182,0.1309148264984227
Logistic Regression (balanced),PR,0.9431818181818182,0.13112164296998421
Logistic Regression (balanced),PR,0.9431818181818182,0.13132911392405064
Logistic Regression (balanced),PR,0.9431818181818182,0.13153724247226625
Logistic Regression (balanced),PR,0.9431818181818182,0.13174603174603175
Logistic Regression (balanced),PR,0.9431818181818182,0.13195548489666137
Logistic Regression (balanced),PR,0.9431818181818182,0.1321656050955414
Logistic Regression (balanced),PR,0.9431818181818182,0.13237639553429026
Logistic Regression (balanced),PR,0.9431818181818182,0.13258785942492013
Logistic Regression (balanced),PR,0.9431818181818182,0.1328
Logistic Regression (balanced),PR,0.9431818181818182,0.1330128205128205
Logistic Regression (balanced),PR,0.9431818181818182,0.1332263242375602
Logistic Regression (balanced),PR,0.9431818181818182,0.13344051446945338
Logistic Regression (balanced),PR,0.9431818181818182,0.13365539452495975
Logistic Regression (balanced),PR,0.9431818181818182,0.1338709677419355
Logistic Regression (balanced),PR,0.9431818181818182,0.13408723747980614
Logistic Regression (balanced),PR,0.9431818181818182,0.1343042071197411
Logistic Regression (balanced),PR,0.9431818181818182,0.13452188006482982
Logistic Regression (balanced),PR,0.9431818181818182,0.13474025974025974
Logistic Regression (balanced),PR,0.9431818181818182,0.13495934959349593
Logistic Regression (balanced),PR,0.9431818181818182,0.13517915309446255
Logistic Regression (balanced),PR,0.9431818181818182,0.13539967373572595
Logistic Regression (balanced),PR,0.9431818181818182,0.13562091503267973
Logistic Regression (balanced),PR,0.9431818181818182,0.13584288052373159
Logistic Regression (balanced),PR,0.9431818181818182,0.1360655737704918
Logistic Regression (balanced),PR,0.9431818181818182,0.13628899835796388
Logistic Regression (balanced),PR,0.9431818181818182,0.13651315789473684
Logistic Regression (balanced),PR,0.9431818181818182,0.13673805601317957
Logistic Regression (balanced),PR,0.9431818181818182,0.13696369636963696
Logistic Regression (balanced),PR,0.9431818181818182,0.1371900826446281
Logistic Regression (balanced),PR,0.9431818181818182,0.13741721854304637
Logistic Regression (balanced),PR,0.9431818181818182,0.13764510779436154
Logistic Regression (balanced),PR,0.9431818181818182,0.1378737541528239
Logistic Regression (balanced),PR,0.9431818181818182,0.13810316139767054
Logistic Regression (balanced),PR,0.9431818181818182,0.13833333333333334
Logistic Regression (balanced),PR,0.9431818181818182,0.13856427378964942
Logistic Regression (balanced),PR,0.9431818181818182,0.13879598662207357
Logistic Regression (balanced),PR,0.9431818181818182,0.1390284757118928
Logistic Regression (balanced),PR,0.9431818181818182,0.13926174496644295
Logistic Regression (balanced),PR,0.9431818181818182,0.13949579831932774
Logistic Regression (balanced),PR,0.9431818181818182,0.13973063973063973
Logistic Regression (balanced),PR,0.9431818181818182,0.1399662731871838
Logistic Regression (balanced),PR,0.9431818181818182,0.14020270270270271
Logistic Regression (balanced),PR,0.9431818181818182,0.1404399323181049
Logistic Regression (balanced),PR,0.9431818181818182,0.14067796610169492
Logistic Regression (balanced),PR,0.9431818181818182,0.14091680814940577
Logistic Regression (balanced),PR,0.9431818181818182,0.141156462585034
Logistic Regression (balanced),PR,0.9431818181818182,0.141396933560477
Logistic Regression (balanced),PR,0.9431818181818182,0.1416382252559727
Logistic Regression (balanced),PR,0.9431818181818182,0.14188034188034188
Logistic Regression (balanced),PR,0.9431818181818182,0.1421232876712329
Logistic Regression (balanced),PR,0.9431818181818182,0.1423670668953688
Logistic Regression (balanced),PR,0.9431818181818182,0.14261168384879724
Logistic Regression (balanced),PR,0.9431818181818182,0.14285714285714285
Logistic Regression (balanced),PR,0.9431818181818182,0.14310344827586208
Logistic Regression (balanced),PR,0.9431818181818182,0.14335060449050085
Logistic Regression (balanced),PR,0.9431818181818182,0.14359861591695502
Logistic Regression (balanced),PR,0.9431818181818182,0.1438474870017331
Logistic Regression (balanced),PR,0.9431818181818182,0.1440972222222222
Logistic Regression (balanced),PR,0.9318181818181818,0.1426086956521739
Logistic Regression (balanced),PR,0.9318181818181818,0.14285714285714285
Logistic Regression (balanced),PR,0.9318181818181818,0.1431064572425829
Logistic Regression (balanced),PR,0.9318181818181818,0.14335664335664336
Logistic Regression (balanced),PR,0.9318181818181818,0.1436077057793345
Logistic Regression (balanced),PR,0.9318181818181818,0.14385964912280702
Logistic Regression (balanced),PR,0.9318181818181818,0.14411247803163443
Logistic Regression (balanced),PR,0.9318181818181818,0.1443661971830986
Logistic Regression (balanced),PR,0.9318181818181818,0.14462081128747795
Logistic Regression (balanced),PR,0.9318181818181818,0.14487632508833923
Logistic Regression (balanced),PR,0.9318181818181818,0.14513274336283186
Logistic Regression (balanced),PR,0.9318181818181818,0.1453900709219858
Logistic Regression (balanced),PR,0.9318181818181818,0.14564831261101244
Logistic Regression (balanced),PR,0.9318181818181818,0.14590747330960854
Logistic Regression (balanced),PR,0.9318181818181818,0.14616755793226383
Logistic Regression (balanced),PR,0.9318181818181818,0.14642857142857144
Logistic Regression (balanced),PR,0.9318181818181818,0.14669051878354203
Logistic Regression (balanced),PR,0.9318181818181818,0.14695340501792115
Logistic Regression (balanced),PR,0.9318181818181818,0.14721723518850988
Logistic Regression (balanced),PR,0.9318181818181818,0.1474820143884892
Logistic Regression (balanced),PR,0.9318181818181818,0.14774774774774774
Logistic Regression (balanced),PR,0.9318181818181818,0.148014440433213
Logistic Regression (balanced),PR,0.9318181818181818,0.14828209764918626
Logistic Regression (balanced),PR,0.9318181818181818,0.14855072463768115
Logistic Regression (balanced),PR,0.9318181818181818,0.14882032667876588
Logistic Regression (balanced),PR,0.9318181818181818,0.14909090909090908
Logistic Regression (balanced),PR,0.9318181818181818,0.1493624772313297
Logistic Regression (balanced),PR,0.9318181818181818,0.14963503649635038
Logistic Regression (balanced),PR,0.9318181818181818,0.14990859232175502
Logistic Regression (balanced),PR,0.9318181818181818,0.15018315018315018
Logistic Regression (balanced),PR,0.9318181818181818,0.15045871559633028
Logistic Regression (balanced),PR,0.9204545454545454,0.1488970588235294
Logistic Regression (balanced),PR,0.9204545454545454,0.14917127071823205
Logistic Regression (balanced),PR,0.9204545454545454,0.14944649446494465
Logistic Regression (balanced),PR,0.9204545454545454,0.14972273567467653
Logistic Regression (balanced),PR,0.9204545454545454,0.15
Logistic Regression (balanced),PR,0.9204545454545454,0.150278293135436
Logistic Regression (balanced),PR,0.9090909090909091,0.14869888475836432
Logistic Regression (balanced),PR,0.9090909090909091,0.148975791433892
Logistic Regression (balanced),PR,0.9090909090909091,0.14925373134328357
Logistic Regression (balanced),PR,0.9090909090909091,0.14953271028037382
Logistic Regression (balanced),PR,0.9090909090909091,0.149812734082397
Logistic Regression (balanced),PR,0.9090909090909091,0.150093808630394
Logistic Regression (balanced),PR,0.9090909090909091,0.15037593984962405
Logistic Regression (balanced),PR,0.9090909090909091,0.15065913370998116
Logistic Regression (balanced),PR,0.9090909090909091,0.1509433962264151
Logistic Regression (balanced),PR,0.9090909090909091,0.15122873345935728
Logistic Regression (balanced),PR,0.9090909090909091,0.15151515151515152
Logistic Regression (balanced),PR,0.9090909090909091,0.15180265654648956
Logistic Regression (balanced),PR,0.9090909090909091,0.1520912547528517
Logistic Regression (balanced),PR,0.9090909090909091,0.1523809523809524
Logistic Regression (balanced),PR,0.9090909090909091,0.15267175572519084
Logistic Regression (balanced),PR,0.9090909090909091,0.15296367112810708
Logistic Regression (balanced),PR,0.9090909090909091,0.1532567049808429
Logistic Regression (balanced),PR,0.9090909090909091,0.15355086372360843
Logistic Regression (balanced),PR,0.9090909090909091,0.15384615384615385
Logistic Regression (balanced),PR,0.9090909090909091,0.15414258188824662
Logistic Regression (balanced),PR,0.9090909090909091,0.15444015444015444
Logistic Regression (balanced),PR,0.9090909090909091,0.15473887814313347
Logistic Regression (balanced),PR,0.9090909090909091,0.15503875968992248
Logistic Regression (balanced),PR,0.9090909090909091,0.1553398058252427
Logistic Regression (balanced),PR,0.9090909090909091,0.1556420233463035
Logistic Regression (balanced),PR,0.9090909090909091,0.15594541910331383
Logistic Regression (balanced),PR,0.9090909090909091,0.15625
Logistic Regression (balanced),PR,0.9090909090909091,0.15655577299412915
Logistic Regression (balanced),PR,0.9090909090909091,0.1568627450980392
Logistic Regression (balanced),PR,0.9090909090909091,0.15717092337917485
Logistic Regression (balanced),PR,0.9090909090909091,0.15748031496062992
Logistic Regression (balanced),PR,0.9090909090909091,0.15779092702169625
Logistic Regression (balanced),PR,0.9090909090909091,0.15810276679841898
Logistic Regression (balanced),PR,0.9090909090909091,0.15841584158415842
Logistic Regression (balanced),PR,0.9090909090909091,0.15873015873015872
Logistic Regression (balanced),PR,0.9090909090909091,0.15904572564612326
Logistic Regression (balanced),PR,0.9090909090909091,0.1593625498007968
Logistic Regression (balanced),PR,0.9090909090909091,0.1596806387225549
Logistic Regression (balanced),PR,0.9090909090909091,0.16
Logistic Regression (balanced),PR,0.9090909090909091,0.16032064128256512
Logistic Regression (balanced),PR,0.9090909090909091,0.1606425702811245
Logistic Regression (balanced),PR,0.9090909090909091,0.16096579476861167
Logistic Regression (balanced),PR,0.9090909090909091,0.16129032258064516
Logistic Regression (balanced),PR,0.9090909090909091,0.16161616161616163
Logistic Regression (balanced),PR,0.9090909090909091,0.16194331983805668
Logistic Regression (balanced),PR,0.9090909090909091,0.16227180527383367
Logistic Regression (balanced),PR,0.9090909090909091,0.16260162601626016
Logistic Regression (balanced),PR,0.9090909090909091,0.1629327902240326
Logistic Regression (balanced),PR,0.9090909090909091,0.16326530612244897
Logistic Regression (balanced),PR,0.9090909090909091,0.16359918200409
Logistic Regression (balanced),PR,0.9090909090909091,0.16393442622950818
Logistic Regression (balanced),PR,0.9090909090909091,0.16427104722792607
Logistic Regression (balanced),PR,0.9090909090909091,0.1646090534979424
Logistic Regression (balanced),PR,0.9090909090909091,0.16494845360824742
Logistic Regression (balanced),PR,0.9090909090909091,0.1652892561983471
Logistic Regression (balanced),PR,0.9090909090909091,0.16563146997929606
Logistic Regression (balanced),PR,0.9090909090909091,0.16597510373443983
Logistic Regression (balanced),PR,0.9090909090909091,0.16632016632016633
Logistic Regression (balanced),PR,0.9090909090909091,0.16666666666666666
Logistic Regression (balanced),PR,0.8977272727272727,0.1649269311064718
Logistic Regression (balanced),PR,0.8977272727272727,0.16527196652719664
Logistic Regression (balanced),PR,0.8977272727272727,0.16561844863731656
Logistic Regression (balanced),PR,0.8977272727272727,0.16596638655462184
Logistic Regression (balanced),PR,0.8977272727272727,0.16631578947368422
Logistic Regression (balanced),PR,0.8977272727272727,0.16666666666666666
Logistic Regression (balanced),PR,0.8977272727272727,0.16701902748414377
Logistic Regression (balanced),PR,0.8977272727272727,0.1673728813559322
Logistic Regression (balanced),PR,0.8977272727272727,0.16772823779193205
Logistic Regression (balanced),PR,0.8977272727272727,0.16808510638297872
Logistic Regression (balanced),PR,0.8977272727272727,0.16844349680170576
Logistic Regression (balanced),PR,0.8977272727272727,0.16880341880341881
Logistic Regression (balanced),PR,0.8977272727272727,0.16916488222698073
Logistic Regression (balanced),PR,0.8977272727272727,0.16952789699570817
Logistic Regression (balanced),PR,0.8977272727272727,0.16989247311827957
Logistic Regression (balanced),PR,0.8863636363636364,0.16810344827586207
Logistic Regression (balanced),PR,0.8863636363636364,0.16846652267818574
Logistic Regression (balanced),PR,0.8863636363636364,0.16883116883116883
Logistic Regression (balanced),PR,0.8863636363636364,0.16919739696312364
Logistic Regression (balanced),PR,0.8863636363636364,0.16956521739130434
Logistic Regression (balanced),PR,0.8863636363636364,0.16993464052287582
Logistic Regression (balanced),PR,0.8863636363636364,0.1703056768558952
Logistic Regression (balanced),PR,0.8863636363636364,0.17067833698030635
Logistic Regression (balanced),PR,0.8863636363636364,0.17105263157894737
Logistic Regression (balanced),PR,0.8863636363636364,0.17142857142857143
Logistic Regression (balanced),PR,0.8863636363636364,0.17180616740088106
Logistic Regression (balanced),PR,0.875,0.16997792494481237
Logistic Regression (balanced),PR,0.8636363636363636,0.168141592920354
Logistic Regression (balanced),PR,0.8636363636363636,0.16851441241685144
Logistic Regression (balanced),PR,0.8636363636363636,0.1688888888888889
Logistic Regression (balanced),PR,0.8636363636363636,0.16926503340757237
Logistic Regression (balanced),PR,0.8636363636363636,0.16964285714285715
Logistic Regression (balanced),PR,0.8636363636363636,0.17002237136465326
Logistic Regression (balanced),PR,0.8636363636363636,0.17040358744394618
Logistic Regression (balanced),PR,0.8636363636363636,0.1707865168539326
Logistic Regression (balanced),PR,0.8636363636363636,0.17117117117117117
Logistic Regression (balanced),PR,0.8636363636363636,0.17155756207674944
Logistic Regression (balanced),PR,0.8636363636363636,0.17194570135746606
Logistic Regression (balanced),PR,0.8636363636363636,0.17233560090702948
Logistic Regression (balanced),PR,0.8636363636363636,0.17272727272727273
Logistic Regression (balanced),PR,0.8636363636363636,0.17312072892938496
Logistic Regression (balanced),PR,0.8636363636363636,0.1735159817351598
Logistic Regression (balanced),PR,0.8636363636363636,0.17391304347826086
Logistic Regression (balanced),PR,0.8636363636363636,0.1743119266055046
Logistic Regression (balanced),PR,0.8636363636363636,0.17471264367816092
Logistic Regression (balanced),PR,0.8636363636363636,0.17511520737327188
Logistic Regression (balanced),PR,0.8636363636363636,0.17551963048498845
Logistic Regression (balanced),PR,0.8636363636363636,0.17592592592592593
Logistic Regression (balanced),PR,0.8636363636363636,0.17633410672853828
Logistic Regression (balanced),PR,0.8636363636363636,0.17674418604651163
Logistic Regression (balanced),PR,0.8636363636363636,0.17715617715617715
Logistic Regression (balanced),PR,0.8636363636363636,0.17757009345794392
Logistic Regression (balanced),PR,0.8636363636363636,0.17798594847775176
Logistic Regression (balanced),PR,0.8636363636363636,0.1784037558685446
Logistic Regression (balanced),PR,0.8636363636363636,0.17882352941176471
Logistic Regression (balanced),PR,0.8522727272727273,0.17688679245283018
Logistic Regression (balanced),PR,0.8522727272727273,0.1773049645390071
Logistic Regression (balanced),PR,0.8522727272727273,0.17772511848341233
Logistic Regression (balanced),PR,0.8522727272727273,0.17814726840855108
Logistic Regression (balanced),PR,0.8409090909090909,0.1761904761904762
Logistic Regression (balanced),PR,0.8409090909090909,0.1766109785202864
Logistic Regression (balanced),PR,0.8295454545454546,0.17464114832535885
Logistic Regression (balanced),PR,0.8295454545454546,0.1750599520383693
Logistic Regression (balanced),PR,0.8181818181818182,0.17307692307692307
Logistic Regression (balanced),PR,0.8181818181818182,0.17349397590361446
Logistic Regression (balanced),PR,0.8181818181818182,0.17391304347826086
Logistic Regression (balanced),PR,0.8181818181818182,0.17433414043583534
Logistic Regression (balanced),PR,0.8181818181818182,0.17475728155339806
Logistic Regression (balanced),PR,0.8181818181818182,0.17518248175182483
Logistic Regression (balanced),PR,0.8181818181818182,0.17560975609756097
Logistic Regression (balanced),PR,0.8181818181818182,0.17603911980440098
Logistic Regression (balanced),PR,0.8181818181818182,0.17647058823529413
Logistic Regression (balanced),PR,0.8181818181818182,0.1769041769041769
Logistic Regression (balanced),PR,0.8181818181818182,0.17733990147783252
Logistic Regression (balanced),PR,0.8181818181818182,0.17777777777777778
Logistic Regression (balanced),PR,0.8181818181818182,0.1782178217821782
Logistic Regression (balanced),PR,0.8181818181818182,0.17866004962779156
Logistic Regression (balanced),PR,0.8068181818181818,0.17661691542288557
Logistic Regression (balanced),PR,0.8068181818181818,0.1770573566084788
Logistic Regression (balanced),PR,0.8068181818181818,0.1775
Logistic Regression (balanced),PR,0.8068181818181818,0.17794486215538846
Logistic Regression (balanced),PR,0.8068181818181818,0.17839195979899497
Logistic Regression (balanced),PR,0.7954545454545454,0.17632241813602015
Logistic Regression (balanced),PR,0.7954545454545454,0.17676767676767677
Logistic Regression (balanced),PR,0.7954545454545454,0.17721518987341772
Logistic Regression (balanced),PR,0.7954545454545454,0.17766497461928935
Logistic Regression (balanced),PR,0.7954545454545454,0.178117048346056
Logistic Regression (balanced),PR,0.7954545454545454,0.17857142857142858
Logistic Regression (balanced),PR,0.7954545454545454,0.17902813299232737
Logistic Regression (balanced),PR,0.7954545454545454,0.1794871794871795
Logistic Regression (balanced),PR,0.7954545454545454,0.17994858611825193
Logistic Regression (balanced),PR,0.7954545454545454,0.18041237113402062
Logistic Regression (balanced),PR,0.7954545454545454,0.18087855297157623
Logistic Regression (balanced),PR,0.7954545454545454,0.18134715025906736
Logistic Regression (balanced),PR,0.7954545454545454,0.18181818181818182
Logistic Regression (balanced),PR,0.7954545454545454,0.18229166666666666
Logistic Regression (balanced),PR,0.7954545454545454,0.18276762402088773
Logistic Regression (balanced),PR,0.7954545454545454,0.18324607329842932
Logistic Regression (balanced),PR,0.7954545454545454,0.1837270341207349
Logistic Regression (balanced),PR,0.7954545454545454,0.18421052631578946
Logistic Regression (balanced),PR,0.7954545454545454,0.18469656992084432
Logistic Regression (balanced),PR,0.7954545454545454,0.18518518518518517
Logistic Regression (balanced),PR,0.7840909090909091,0.1830238726790451
Logistic Regression (balanced),PR,0.7840909090909091,0.18351063829787234
Logistic Regression (balanced),PR,0.7840909090909091,0.184
Logistic Regression (balanced),PR,0.7840909090909091,0.18449197860962566
Logistic Regression (balanced),PR,0.7840909090909091,0.18498659517426275
Logistic Regression (balanced),PR,0.7840909090909091,0.18548387096774194
Logistic Regression (balanced),PR,0.7840909090909091,0.18598382749326145
Logistic Regression (balanced),PR,0.7840909090909091,0.1864864864864865
Logistic Regression (balanced),PR,0.7840909090909091,0.18699186991869918
Logistic Regression (balanced),PR,0.7840909090909091,0.1875
Logistic Regression (balanced),PR,0.7727272727272727,0.18528610354223432
Logistic Regression (balanced),PR,0.7727272727272727,0.18579234972677597
Logistic Regression (balanced),PR,0.7727272727272727,0.1863013698630137
Logistic Regression (balanced),PR,0.7727272727272727,0.18681318681318682
Logistic Regression (balanced),PR,0.7727272727272727,0.18732782369146006
Logistic Regression (balanced),PR,0.7727272727272727,0.1878453038674033
Logistic Regression (balanced),PR,0.7727272727272727,0.1883656509695291
Logistic Regression (balanced),PR,0.7727272727272727,0.18888888888888888
Logistic Regression (balanced),PR,0.7727272727272727,0.1894150417827298
Logistic Regression (balanced),PR,0.7727272727272727,0.18994413407821228
Logistic Regression (balanced),PR,0.7727272727272727,0.19047619047619047
Logistic Regression (balanced),PR,0.7727272727272727,0.19101123595505617
Logistic Regression (balanced),PR,0.7727272727272727,0.19154929577464788
Logistic Regression (balanced),PR,0.7727272727272727,0.192090395480226
Logistic Regression (balanced),PR,0.7727272727272727,0.19263456090651557
Logistic Regression (balanced),PR,0.7727272727272727,0.19318181818181818
Logistic Regression (balanced),PR,0.7727272727272727,0.19373219373219372
Logistic Regression (balanced),PR,0.7727272727272727,0.19428571428571428
Logistic Regression (balanced),PR,0.7727272727272727,0.19484240687679083
Logistic Regression (balanced),PR,0.7727272727272727,0.19540229885057472
Logistic Regression (balanced),PR,0.7613636363636364,0.1930835734870317
Logistic Regression (balanced),PR,0.7613636363636364,0.1936416184971098
Logistic Regression (balanced),PR,0.7613636363636364,0.19420289855072465
Logistic Regression (balanced),PR,0.7613636363636364,0.19476744186046513
Logistic Regression (balanced),PR,0.7613636363636364,0.19533527696793002
Logistic Regression (balanced),PR,0.7613636363636364,0.195906432748538
Logistic Regression (balanced),PR,0.7613636363636364,0.19648093841642228
Logistic Regression (balanced),PR,0.7613636363636364,0.19705882352941176
Logistic Regression (balanced),PR,0.7613636363636364,0.1976401179941003
Logistic Regression (balanced),PR,0.75,0.1952662721893491
Logistic Regression (balanced),PR,0.75,0.19584569732937684
Logistic Regression (balanced),PR,0.75,0.19642857142857142
Logistic Regression (balanced),PR,0.75,0.19701492537313434
Logistic Regression (balanced),PR,0.7386363636363636,0.19461077844311378
Logistic Regression (balanced),PR,0.7386363636363636,0.19519519519519518
Logistic Regression (balanced),PR,0.7386363636363636,0.19578313253012047
Logistic Regression (balanced),PR,0.7386363636363636,0.19637462235649547
Logistic Regression (balanced),PR,0.7386363636363636,0.19696969696969696
Logistic Regression (balanced),PR,0.7386363636363636,0.19756838905775076
Logistic Regression (balanced),PR,0.7386363636363636,0.19817073170731708
Logistic Regression (balanced),PR,0.7386363636363636,0.19877675840978593
Logistic Regression (balanced),PR,0.7272727272727273,0.19631901840490798
Logistic Regression (balanced),PR,0.7272727272727273,0.19692307692307692
Logistic Regression (balanced),PR,0.7272727272727273,0.19753086419753085
Logistic Regression (balanced),PR,0.7272727272727273,0.19814241486068113
Logistic Regression (balanced),PR,0.7272727272727273,0.19875776397515527
Logistic Regression (balanced),PR,0.7272727272727273,0.19937694704049844
Logistic Regression (balanced),PR,0.7272727272727273,0.2
Logistic Regression (balanced),PR,0.7272727272727273,0.2006269592476489
Logistic Regression (balanced),PR,0.7272727272727273,0.20125786163522014
Logistic Regression (balanced),PR,0.7272727272727273,0.20189274447949526
Logistic Regression (balanced),PR,0.7272727272727273,0.20253164556962025
Logistic Regression (balanced),PR,0.7272727272727273,0.20317460317460317
Logistic Regression (balanced),PR,0.7272727272727273,0.20382165605095542
Logistic Regression (balanced),PR,0.7272727272727273,0.20447284345047922
Logistic Regression (balanced),PR,0.7272727272727273,0.20512820512820512
Logistic Regression (balanced),PR,0.7272727272727273,0.2057877813504823
Logistic Regression (balanced),PR,0.7159090909090909,0.2032258064516129
Logistic Regression (balanced),PR,0.7159090909090909,0.20388349514563106
Logistic Regression (balanced),PR,0.7159090909090909,0.20454545454545456
Logistic Regression (balanced),PR,0.7159090909090909,0.20521172638436483
Logistic Regression (balanced),PR,0.7159090909090909,0.20588235294117646
Logistic Regression (balanced),PR,0.7159090909090909,0.20655737704918034
Logistic Regression (balanced),PR,0.7159090909090909,0.20723684210526316
Logistic Regression (balanced),PR,0.7159090909090909,0.2079207920792079
Logistic Regression (balanced),PR,0.7159090909090909,0.20860927152317882
Logistic Regression (balanced),PR,0.7159090909090909,0.20930232558139536
Logistic Regression (balanced),PR,0.7159090909090909,0.21
Logistic Regression (balanced),PR,0.7159090909090909,0.21070234113712374
Logistic Regression (balanced),PR,0.7045454545454546,0.2080536912751678
Logistic Regression (balanced),PR,0.7045454545454546,0.20875420875420875
Logistic Regression (balanced),PR,0.7045454545454546,0.20945945945945946
Logistic Regression (balanced),PR,0.7045454545454546,0.21016949152542372
Logistic Regression (balanced),PR,0.7045454545454546,0.2108843537414966
Logistic Regression (balanced),PR,0.7045454545454546,0.21160409556313994
Logistic Regression (balanced),PR,0.7045454545454546,0.21232876712328766
Logistic Regression (balanced),PR,0.7045454545454546,0.21305841924398625
Logistic Regression (balanced),PR,0.7045454545454546,0.21379310344827587
Logistic Regression (balanced),PR,0.7045454545454546,0.21453287197231835
Logistic Regression (balanced),PR,0.6931818181818182,0.21180555555555555
Logistic Regression (balanced),PR,0.6931818181818182,0.21254355400696864
Logistic Regression (balanced),PR,0.6931818181818182,0.21328671328671328
Logistic Regression (balanced),PR,0.6818181818181818,0.21052631578947367
Logistic Regression (balanced),PR,0.6818181818181818,0.2112676056338028
Logistic Regression (balanced),PR,0.6818181818181818,0.21201413427561838
Logistic Regression (balanced),PR,0.6818181818181818,0.2127659574468085
Logistic Regression (balanced),PR,0.6818181818181818,0.21352313167259787
Logistic Regression (balanced),PR,0.6704545454545454,0.21071428571428572
Logistic Regression (balanced),PR,0.6704545454545454,0.2114695340501792
Logistic Regression (balanced),PR,0.6704545454545454,0.21223021582733814
Logistic Regression (balanced),PR,0.6704545454545454,0.21299638989169675
Logistic Regression (balanced),PR,0.6704545454545454,0.213768115942029
Logistic Regression (balanced),PR,0.6704545454545454,0.21454545454545454
Logistic Regression (balanced),PR,0.6704545454545454,0.21532846715328466
Logistic Regression (balanced),PR,0.6704545454545454,0.21611721611721613
Logistic Regression (balanced),PR,0.6704545454545454,0.21691176470588236
Logistic Regression (balanced),PR,0.6704545454545454,0.2177121771217712
Logistic Regression (balanced),PR,0.6704545454545454,0.21851851851851853
Logistic Regression (balanced),PR,0.6704545454545454,0.21933085501858737
Logistic Regression (balanced),PR,0.6704545454545454,0.22014925373134328
Logistic Regression (balanced),PR,0.6704545454545454,0.2209737827715356
Logistic Regression (balanced),PR,0.6590909090909091,0.21804511278195488
Logistic Regression (balanced),PR,0.6590909090909091,0.2188679245283019
Logistic Regression (balanced),PR,0.6590909090909091,0.2196969696969697
Logistic Regression (balanced),PR,0.6590909090909091,0.22053231939163498
Logistic Regression (balanced),PR,0.6590909090909091,0.22137404580152673
Logistic Regression (balanced),PR,0.6477272727272727,0.21839080459770116
Logistic Regression (balanced),PR,0.6477272727272727,0.21923076923076923
Logistic Regression (balanced),PR,0.6477272727272727,0.22007722007722008
Logistic Regression (balanced),PR,0.6477272727272727,0.22093023255813954
Logistic Regression (balanced),PR,0.6477272727272727,0.22178988326848248
Logistic Regression (balanced),PR,0.6477272727272727,0.22265625
Logistic Regression (balanced),PR,0.6477272727272727,0.2235294117647059
Logistic Regression (balanced),PR,0.6477272727272727,0.22440944881889763
Logistic Regression (balanced),PR,0.6477272727272727,0.22529644268774704
Logistic Regression (balanced),PR,0.6477272727272727,0.2261904761904762
Logistic Regression (balanced),PR,0.6477272727272727,0.22709163346613545
Logistic Regression (balanced),PR,0.6477272727272727,0.228
Logistic Regression (balanced),PR,0.6477272727272727,0.2289156626506024
Logistic Regression (balanced),PR,0.6363636363636364,0.22580645161290322
Logistic Regression (balanced),PR,0.625,0.22267206477732793
Logistic Regression (balanced),PR,0.625,0.22357723577235772
Logistic Regression (balanced),PR,0.625,0.22448979591836735
Logistic Regression (balanced),PR,0.625,0.22540983606557377
Logistic Regression (balanced),PR,0.625,0.22633744855967078
Logistic Regression (balanced),PR,0.6136363636363636,0.2231404958677686
Logistic Regression (balanced),PR,0.6136363636363636,0.22406639004149378
Logistic Regression (balanced),PR,0.6022727272727273,0.22083333333333333
Logistic Regression (balanced),PR,0.6022727272727273,0.2217573221757322
Logistic Regression (balanced),PR,0.6022727272727273,0.22268907563025211
Logistic Regression (balanced),PR,0.6022727272727273,0.22362869198312235
Logistic Regression (balanced),PR,0.6022727272727273,0.2245762711864407
Logistic Regression (balanced),PR,0.6022727272727273,0.225531914893617
Logistic Regression (balanced),PR,0.6022727272727273,0.2264957264957265
Logistic Regression (balanced),PR,0.6022727272727273,0.22746781115879827
Logistic Regression (balanced),PR,0.5909090909090909,0.22413793103448276
Logistic Regression (balanced),PR,0.5909090909090909,0.22510822510822512
Logistic Regression (balanced),PR,0.5909090909090909,0.22608695652173913
Logistic Regression (balanced),PR,0.5909090909090909,0.22707423580786026
Logistic Regression (balanced),PR,0.5909090909090909,0.22807017543859648
Logistic Regression (balanced),PR,0.5909090909090909,0.2290748898678414
Logistic Regression (balanced),PR,0.5909090909090909,0.23008849557522124
Logistic Regression (balanced),PR,0.5909090909090909,0.2311111111111111
Logistic Regression (balanced),PR,0.5909090909090909,0.23214285714285715
Logistic Regression (balanced),PR,0.5795454545454546,0.22869955156950672
Logistic Regression (balanced),PR,0.5795454545454546,0.22972972972972974
Logistic Regression (balanced),PR,0.5681818181818182,0.22624434389140272
Logistic Regression (balanced),PR,0.5681818181818182,0.22727272727272727
Logistic Regression (balanced),PR,0.5681818181818182,0.228310502283105
Logistic Regression (balanced),PR,0.5681818181818182,0.22935779816513763
Logistic Regression (balanced),PR,0.5681818181818182,0.2304147465437788
Logistic Regression (balanced),PR,0.5681818181818182,0.23148148148148148
Logistic Regression (balanced),PR,0.5681818181818182,0.23255813953488372
Logistic Regression (balanced),PR,0.5681818181818182,0.2336448598130841
Logistic Regression (balanced),PR,0.5681818181818182,0.2347417840375587
Logistic Regression (balanced),PR,0.5681818181818182,0.2358490566037736
Logistic Regression (balanced),PR,0.5681818181818182,0.23696682464454977
Logistic Regression (balanced),PR,0.5681818181818182,0.23809523809523808
Logistic Regression (balanced),PR,0.5681818181818182,0.23923444976076555
Logistic Regression (balanced),PR,0.5681818181818182,0.2403846153846154
Logistic Regression (balanced),PR,0.5681818181818182,0.24154589371980675
Logistic Regression (balanced),PR,0.5681818181818182,0.24271844660194175
Logistic Regression (balanced),PR,0.5681818181818182,0.24390243902439024
Logistic Regression (balanced),PR,0.5681818181818182,0.24509803921568626
Logistic Regression (balanced),PR,0.5681818181818182,0.24630541871921183
Logistic Regression (balanced),PR,0.5568181818181818,0.24257425742574257
Logistic Regression (balanced),PR,0.5454545454545454,0.23880597014925373
Logistic Regression (balanced),PR,0.5454545454545454,0.24
Logistic Regression (balanced),PR,0.5454545454545454,0.24120603015075376
Logistic Regression (balanced),PR,0.5454545454545454,0.24242424242424243
Logistic Regression (balanced),PR,0.5454545454545454,0.2436548223350254
Logistic Regression (balanced),PR,0.5454545454545454,0.24489795918367346
Logistic Regression (balanced),PR,0.5454545454545454,0.24615384615384617
Logistic Regression (balanced),PR,0.5454545454545454,0.24742268041237114
Logistic Regression (balanced),PR,0.5340909090909091,0.24352331606217617
Logistic Regression (balanced),PR,0.5340909090909091,0.24479166666666666
Logistic Regression (balanced),PR,0.5340909090909091,0.24607329842931938
Logistic Regression (balanced),PR,0.5340909090909091,0.24736842105263157
Logistic Regression (balanced),PR,0.5340909090909091,0.24867724867724866
Logistic Regression (balanced),PR,0.5340909090909091,0.25
Logistic Regression (balanced),PR,0.5340909090909091,0.25133689839572193
Logistic Regression (balanced),PR,0.5340909090909091,0.25268817204301075
Logistic Regression (balanced),PR,0.5340909090909091,0.25405405405405407
Logistic Regression (balanced),PR,0.5340909090909091,0.2554347826086957
Logistic Regression (balanced),PR,0.5340909090909091,0.2568306010928962
Logistic Regression (balanced),PR,0.5340909090909091,0.25824175824175827
Logistic Regression (balanced),PR,0.5340909090909091,0.2596685082872928
Logistic Regression (balanced),PR,0.5340909090909091,0.2611111111111111
Logistic Regression (balanced),PR,0.5340909090909091,0.26256983240223464
Logistic Regression (balanced),PR,0.5340909090909091,0.2640449438202247
Logistic Regression (balanced),PR,0.5340909090909091,0.2655367231638418
Logistic Regression (balanced),PR,0.5340909090909091,0.26704545454545453
Logistic Regression (balanced),PR,0.5340909090909091,0.26857142857142857
Logistic Regression (balanced),PR,0.5340909090909091,0.27011494252873564
Logistic Regression (balanced),PR,0.5227272727272727,0.2658959537572254
Logistic Regression (balanced),PR,0.5227272727272727,0.26744186046511625
Logistic Regression (balanced),PR,0.5227272727272727,0.26900584795321636
Logistic Regression (balanced),PR,0.5227272727272727,0.27058823529411763
Logistic Regression (balanced),PR,0.5227272727272727,0.27218934911242604
Logistic Regression (balanced),PR,0.5227272727272727,0.27380952380952384
Logistic Regression (balanced),PR,0.5227272727272727,0.2754491017964072
Logistic Regression (balanced),PR,0.5227272727272727,0.27710843373493976
Logistic Regression (balanced),PR,0.5227272727272727,0.2787878787878788
Logistic Regression (balanced),PR,0.5227272727272727,0.2804878048780488
Logistic Regression (balanced),PR,0.5113636363636364,0.27607361963190186
Logistic Regression (balanced),PR,0.5,0.2716049382716049
Logistic Regression (balanced),PR,0.5,0.2732919254658385
Logistic Regression (balanced),PR,0.5,0.275
Logistic Regression (balanced),PR,0.5,0.27672955974842767
Logistic Regression (balanced),PR,0.5,0.27848101265822783
Logistic Regression (balanced),PR,0.5,0.2802547770700637
Logistic Regression (balanced),PR,0.5,0.28205128205128205
Logistic Regression (balanced),PR,0.48863636363636365,0.27741935483870966
Logistic Regression (balanced),PR,0.48863636363636365,0.2792207792207792
Logistic Regression (balanced),PR,0.4772727272727273,0.27450980392156865
Logistic Regression (balanced),PR,0.4772727272727273,0.27631578947368424
Logistic Regression (balanced),PR,0.4772727272727273,0.2781456953642384
Logistic Regression (balanced),PR,0.4772727272727273,0.28
Logistic Regression (balanced),PR,0.4772727272727273,0.28187919463087246
Logistic Regression (balanced),PR,0.4772727272727273,0.28378378378378377
Logistic Regression (balanced),PR,0.4772727272727273,0.2857142857142857
Logistic Regression (balanced),PR,0.4772727272727273,0.2876712328767123
Logistic Regression (balanced),PR,0.4772727272727273,0.2896551724137931
Logistic Regression (balanced),PR,0.4772727272727273,0.2916666666666667
Logistic Regression (balanced),PR,0.4772727272727273,0.2937062937062937
Logistic Regression (balanced),PR,0.4772727272727273,0.29577464788732394
Logistic Regression (balanced),PR,0.4772727272727273,0.2978723404255319
Logistic Regression (balanced),PR,0.4772727272727273,0.3
Logistic Regression (balanced),PR,0.4772727272727273,0.302158273381295
Logistic Regression (balanced),PR,0.4772727272727273,0.30434782608695654
Logistic Regression (balanced),PR,0.4772727272727273,0.30656934306569344
Logistic Regression (balanced),PR,0.4659090909090909,0.3014705882352941
Logistic Regression (balanced),PR,0.4659090909090909,0.3037037037037037
Logistic Regression (balanced),PR,0.45454545454545453,0.29850746268656714
Logistic Regression (balanced),PR,0.45454545454545453,0.3007518796992481
Logistic Regression (balanced),PR,0.45454545454545453,0.30303030303030304
Logistic Regression (balanced),PR,0.45454545454545453,0.3053435114503817
Logistic Regression (balanced),PR,0.4431818181818182,0.3
Logistic Regression (balanced),PR,0.4431818181818182,0.3023255813953488
Logistic Regression (balanced),PR,0.4431818181818182,0.3046875
Logistic Regression (balanced),PR,0.4431818181818182,0.30708661417322836
Logistic Regression (balanced),PR,0.4318181818181818,0.30158730158730157
Logistic Regression (balanced),PR,0.4318181818181818,0.304
Logistic Regression (balanced),PR,0.4318181818181818,0.3064516129032258
Logistic Regression (balanced),PR,0.4318181818181818,0.3089430894308943
Logistic Regression (balanced),PR,0.42045454545454547,0.30327868852459017
Logistic Regression (balanced),PR,0.42045454545454547,0.30578512396694213
Logistic Regression (balanced),PR,0.42045454545454547,0.30833333333333335
Logistic Regression (balanced),PR,0.42045454545454547,0.31092436974789917
Logistic Regression (balanced),PR,0.42045454545454547,0.3135593220338983
Logistic Regression (balanced),PR,0.42045454545454547,0.3162393162393162
Logistic Regression (balanced),PR,0.4090909090909091,0.3103448275862069
Logistic Regression (balanced),PR,0.4090909090909091,0.3130434782608696
Logistic Regression (balanced),PR,0.3977272727272727,0.30701754385964913
Logistic Regression (balanced),PR,0.3977272727272727,0.30973451327433627
Logistic Regression (balanced),PR,0.38636363636363635,0.30357142857142855
Logistic Regression (balanced),PR,0.38636363636363635,0.3063063063063063
Logistic Regression (balanced),PR,0.375,0.3
Logistic Regression (balanced),PR,0.375,0.30275229357798167
Logistic Regression (balanced),PR,0.375,0.3055555555555556
Logistic Regression (balanced),PR,0.36363636363636365,0.29906542056074764
Logistic Regression (balanced),PR,0.36363636363636365,0.3018867924528302
Logistic Regression (balanced),PR,0.36363636363636365,0.3047619047619048
Logistic Regression (balanced),PR,0.36363636363636365,0.3076923076923077
Logistic Regression (balanced),PR,0.36363636363636365,0.3106796116504854
Logistic Regression (balanced),PR,0.3522727272727273,0.30392156862745096
Logistic Regression (balanced),PR,0.3522727272727273,0.3069306930693069
Logistic Regression (balanced),PR,0.3522727272727273,0.31
Logistic Regression (balanced),PR,0.3522727272727273,0.31313131313131315
Logistic Regression (balanced),PR,0.3522727272727273,0.3163265306122449
Logistic Regression (balanced),PR,0.3522727272727273,0.31958762886597936
Logistic Regression (balanced),PR,0.3522727272727273,0.3229166666666667
Logistic Regression (balanced),PR,0.3409090909090909,0.3157894736842105
Logistic Regression (balanced),PR,0.3409090909090909,0.3191489361702128
Logistic Regression (balanced),PR,0.3409090909090909,0.3225806451612903
Logistic Regression (balanced),PR,0.32954545454545453,0.31521739130434784
Logistic Regression (balanced),PR,0.32954545454545453,0.31868131868131866
Logistic Regression (balanced),PR,0.32954545454545453,0.32222222222222224
Logistic Regression (balanced),PR,0.32954545454545453,0.3258426966292135
Logistic Regression (balanced),PR,0.32954545454545453,0.32954545454545453
Logistic Regression (balanced),PR,0.32954545454545453,0.3333333333333333
Logistic Regression (balanced),PR,0.3181818181818182,0.32558139534883723
Logistic Regression (balanced),PR,0.3068181818181818,0.3176470588235294
Logistic Regression (balanced),PR,0.3068181818181818,0.32142857142857145
Logistic Regression (balanced),PR,0.3068181818181818,0.3253012048192771
Logistic Regression (balanced),PR,0.3068181818181818,0.32926829268292684
Logistic Regression (balanced),PR,0.29545454545454547,0.32098765432098764
Logistic Regression (balanced),PR,0.29545454545454547,0.325
Logistic Regression (balanced),PR,0.29545454545454547,0.3291139240506329
Logistic Regression (balanced),PR,0.29545454545454547,0.3333333333333333
Logistic Regression (balanced),PR,0.29545454545454547,0.33766233766233766
Logistic Regression (balanced),PR,0.29545454545454547,0.34210526315789475
Logistic Regression (balanced),PR,0.29545454545454547,0.3466666666666667
Logistic Regression (balanced),PR,0.2840909090909091,0.33783783783783783
Logistic Regression (balanced),PR,0.2727272727272727,0.3287671232876712
Logistic Regression (balanced),PR,0.2727272727272727,0.3333333333333333
Logistic Regression (balanced),PR,0.2727272727272727,0.3380281690140845
Logistic Regression (balanced),PR,0.2727272727272727,0.34285714285714286
Logistic Regression (balanced),PR,0.26136363636363635,0.3333333333333333
Logistic Regression (balanced),PR,0.25,0.3235294117647059
Logistic Regression (balanced),PR,0.25,0.3283582089552239
Logistic Regression (balanced),PR,0.25,0.3333333333333333
Logistic Regression (balanced),PR,0.25,0.3384615384615385
Logistic Regression (balanced),PR,0.25,0.34375
Logistic Regression (balanced),PR,0.23863636363636365,0.3333333333333333
Logistic Regression (balanced),PR,0.23863636363636365,0.3387096774193548
Logistic Regression (balanced),PR,0.23863636363636365,0.3442622950819672
Logistic Regression (balanced),PR,0.22727272727272727,0.3333333333333333
Logistic Regression (balanced),PR,0.22727272727272727,0.3389830508474576
Logistic Regression (balanced),PR,0.22727272727272727,0.3448275862068966
Logistic Regression (balanced),PR,0.22727272727272727,0.3508771929824561
Logistic Regression (balanced),PR,0.22727272727272727,0.35714285714285715
Logistic Regression (balanced),PR,0.2159090909090909,0.34545454545454546
Logistic Regression (balanced),PR,0.2159090909090909,0.35185185185185186
Logistic Regression (balanced),PR,0.2159090909090909,0.3584905660377358
Logistic Regression (balanced),PR,0.2159090909090909,0.36538461538461536
Logistic Regression (balanced),PR,0.20454545454545456,0.35294117647058826
Logistic Regression (balanced),PR,0.20454545454545456,0.36
Logistic Regression (balanced),PR,0.20454545454545456,0.3673469387755102
Logistic Regression (balanced),PR,0.20454545454545456,0.375
Logistic Regression (balanced),PR,0.20454545454545456,0.3829787234042553
Logistic Regression (balanced),PR,0.19318181818181818,0.3695652173913043
Logistic Regression (balanced),PR,0.19318181818181818,0.37777777777777777
Logistic Regression (balanced),PR,0.18181818181818182,0.36363636363636365
Logistic Regression (balanced),PR,0.18181818181818182,0.37209302325581395
Logistic Regression (balanced),PR,0.18181818181818182,0.38095238095238093
Logistic Regression (balanced),PR,0.18181818181818182,0.3902439024390244
Logistic Regression (balanced),PR,0.17045454545454544,0.375
Logistic Regression (balanced),PR,0.17045454545454544,0.38461538461538464
Logistic Regression (balanced),PR,0.17045454545454544,0.39473684210526316
Logistic Regression (balanced),PR,0.1590909090909091,0.3783783783783784
Logistic Regression (balanced),PR,0.1590909090909091,0.3888888888888889
Logistic Regression (balanced),PR,0.1590909090909091,0.4
Logistic Regression (balanced),PR,0.1590909090909091,0.4117647058823529
Logistic Regression (balanced),PR,0.1590909090909091,0.42424242424242425
Logistic Regression (balanced),PR,0.1590909090909091,0.4375
Logistic Regression (balanced),PR,0.14772727272727273,0.41935483870967744
Logistic Regression (balanced),PR,0.13636363636363635,0.4
Logistic Regression (balanced),PR,0.125,0.3793103448275862
Logistic Regression (balanced),PR,0.125,0.39285714285714285
Logistic Regression (balanced),PR,0.125,0.4074074074074074
Logistic Regression (balanced),PR,0.11363636363636363,0.38461538461538464
Logistic Regression (balanced),PR,0.11363636363636363,0.4
Logistic Regression (balanced),PR,0.11363636363636363,0.4166666666666667
Logistic Regression (balanced),PR,0.10227272727272728,0.391304347826087
Logistic Regression (balanced),PR,0.10227272727272728,0.4090909090909091
Logistic Regression (balanced),PR,0.10227272727272728,0.42857142857142855
Logistic Regression (balanced),PR,0.10227272727272728,0.45
Logistic Regression (balanced),PR,0.10227272727272728,0.47368421052631576
Logistic Regression (balanced),PR,0.10227272727272728,0.5
Logistic Regression (balanced),PR,0.09090909090909091,0.47058823529411764
Logistic Regression (balanced),PR,0.07954545454545454,0.4375
Logistic Regression (balanced),PR,0.07954545454545454,0.4666666666666667
Logistic Regression (balanced),PR,0.07954545454545454,0.5
Logistic Regression (balanced),PR,0.07954545454545454,0.5384615384615384
Logistic Regression (balanced),PR,0.06818181818181818,0.5
Logistic Regression (balanced),PR,0.06818181818181818,0.5454545454545454
Logistic Regression (balanced),PR,0.06818181818181818,0.6
Logistic Regression (balanced),PR,0.056818181818181816,0.5555555555555556
Logistic Regression (balanced),PR,0.056818181818181816,0.625
Logistic Regression (balanced),PR,0.045454545454545456,0.5714285714285714
Logistic Regression (balanced),PR,0.045454545454545456,0.6666666666666666
Logistic Regression (balanced),PR,0.045454545454545456,0.8
Logistic Regression (balanced),PR,0.045454545454545456,1.0
Logistic Regression (balanced),PR,0.03409090909090909,1.0
Logistic Regression (balanced),PR,0.022727272727272728,1.0
Logistic Regression (balanced),PR,0.011363636363636364,1.0
Logistic Regression (balanced),PR,0.0,1.0
Decision Tree (balanced),ROC,0.0,0.0
Decision Tree (balanced),ROC,0.009868421052631578,0.056818181818181816
Decision Tree (balanced),ROC,0.017543859649122806,0.125
Decision Tree (balanced),ROC,0.029605263157894735,0.17045454545454544
Decision Tree (balanced),ROC,0.03289473684210526,0.2159090909090909
Decision Tree (balanced),ROC,0.041666666666666664,0.26136363636363635
Decision Tree (balanced),ROC,0.05701754385964912,0.3068181818181818
Decision Tree (balanced),ROC,0.0668859649122807,0.3409090909090909
Decision Tree (balanced),ROC,0.1337719298245614,0.48863636363636365
Decision Tree (balanced),ROC,0.1425438596491228,0.5113636363636364
Decision Tree (balanced),ROC,0.14583333333333334,0.5568181818181818
Decision Tree (balanced),ROC,0.24451754385964913,0.8522727272727273
Decision Tree (balanced),ROC,0.25219298245614036,0.8522727272727273
Decision Tree (balanced),ROC,0.25877192982456143,0.8522727272727273
Decision Tree (balanced),ROC,0.2993421052631579,0.8863636363636364
Decision Tree (balanced),ROC,0.3048245614035088,0.8977272727272727
Decision Tree (balanced),ROC,0.3366228070175439,0.8977272727272727
Decision Tree (balanced),ROC,0.39144736842105265,0.8977272727272727
Decision Tree (balanced),ROC,0.41885964912280704,0.8977272727272727
Decision Tree (balanced),ROC,0.4298245614035088,0.8977272727272727
Decision Tree (balanced),ROC,0.625,0.9431818181818182
Decision Tree (balanced),ROC,0.9396929824561403,0.9886363636363636
Decision Tree (balanced),ROC,1.0,1.0
Decision Tree (balanced),PR,1.0,0.088
Decision Tree (balanced),PR,0.9886363636363636,0.09216101694915255
Decision Tree (balanced),PR,0.9431818181818182,0.12710566615620214
Decision Tree (balanced),PR,0.8977272727272727,0.16772823779193205
Decision Tree (balanced),PR,0.8977272727272727,0.17136659436008678
Decision Tree (balanced),PR,0.8977272727272727,0.1811926605504587
Decision Tree (balanced),PR,0.8977272727272727,0.20466321243523317
Decision Tree (balanced),PR,0.8977272727272727,0.22128851540616246
Decision Tree (balanced),PR,0.8863636363636364,0.2222222222222222
Decision Tree (balanced),PR,0.8522727272727273,0.24115755627009647
Decision Tree (balanced),PR,0.8522727272727273,0.2459016393442623
Decision Tree (balanced),PR,0.8522727272727273,0.2516778523489933
Decision Tree (balanced),PR,0.5568181818181818,0.2692307692307692
Decision Tree (balanced),PR,0.5113636363636364,0.2571428571428571
Decision Tree (balanced),PR,0.48863636363636365,0.2606060606060606
Decision Tree (balanced),PR,0.3409090909090909,0.32967032967032966
Decision Tree (balanced),PR,0.3068181818181818,0.34177215189873417
Decision Tree (balanced),PR,0.26136363636363635,0.3770491803278688
Decision Tree (balanced),PR,0.2159090909090909,0.3877551020408163
Decision Tree (balanced),PR,0.17045454545454544,0.35714285714285715
Decision Tree (balanced),PR,0.125,0.4074074074074074
Decision Tree (balanced),PR,0.056818181818181816,0.35714285714285715
Decision Tree (balanced),PR,0.0,1.0
Random Forest (balanced),ROC,0.0,0.0
Random Forest (balanced),ROC,0.0,0.011363636363636364
Random Forest (balanced),ROC,0.0,0.022727272727272728
Random Forest (balanced),ROC,0.005482456140350877,0.022727272727272728
Random Forest (balanced),ROC,0.005482456140350877,0.03409090909090909
Random Forest (balanced),ROC,0.006578947368421052,0.03409090909090909
Random Forest (balanced),ROC,0.006578947368421052,0.06818181818181818
Random Forest (balanced),ROC,0.008771929824561403,0.06818181818181818
Random Forest (balanced),ROC,0.008771929824561403,0.07954545454545454
Random Forest (balanced),ROC,0.009868421052631578,0.07954545454545454
Random Forest (balanced),ROC,0.009868421052631578,0.10227272727272728
Random Forest (balanced),ROC,0.013157894736842105,0.10227272727272728
Random Forest (balanced),ROC,0.013157894736842105,0.11363636363636363
Random Forest (balanced),ROC,0.015350877192982455,0.11363636363636363
Random Forest (balanced),ROC,0.015350877192982455,0.125
Random Forest (balanced),ROC,0.01644736842105263,0.125
Random Forest (balanced),ROC,0.01644736842105263,0.13636363636363635
Random Forest (balanced),ROC,0.020833333333333332,0.13636363636363635
Random Forest (balanced),ROC,0.020833333333333332,0.14772727272727273
Random Forest (balanced),ROC,0.021929824561403508,0.14772727272727273
Random Forest (balanced),ROC,0.021929824561403508,0.1590909090909091
Random Forest (balanced),ROC,0.02631578947368421,0.1590909090909091
Random Forest (balanced),ROC,0.02631578947368421,0.18181818181818182
Random Forest (balanced),ROC,0.03399122807017544,0.18181818181818182
Random Forest (balanced),ROC,0.03399122807017544,0.20454545454545456
Random Forest (balanced),ROC,0.03837719298245614,0.20454545454545456
Random Forest (balanced),ROC,0.03837719298245614,0.22727272727272727
Random Forest (balanced),ROC,0.043859649122807015,0.22727272727272727
Random Forest (balanced),ROC,0.043859649122807015,0.23863636363636365
Random Forest (balanced),ROC,0.044956140350877194,0.23863636363636365
Random Forest (balanced),ROC,0.044956140350877194,0.26136363636363635
Random Forest (balanced),ROC,0.046052631578947366,0.26136363636363635
Random Forest (balanced),ROC,0.046052631578947366,0.29545454545454547
Random Forest (balanced),ROC,0.051535087719298246,0.29545454545454547
Random Forest (balanced),ROC,0.051535087719298246,0.3068181818181818
Random Forest (balanced),ROC,0.0537280701754386,0.3068181818181818
Random Forest (balanced),ROC,0.0537280701754386,0.32954545454545453
Random Forest (balanced),ROC,0.0625,0.32954545454545453
Random Forest (balanced),ROC,0.0625,0.3522727272727273
Random Forest (balanced),ROC,0.06359649122807018,0.3522727272727273
Random Forest (balanced),ROC,0.06359649122807018,0.375
Random Forest (balanced),ROC,0.07346491228070176,0.375
Random Forest (balanced),ROC,0.07346491228070176,0.38636363636363635
Random Forest (balanced),ROC,0.08552631578947369,0.38636363636363635
Random Forest (balanced),ROC,0.08552631578947369,0.3977272727272727
Random Forest (balanced),ROC,0.08662280701754387,0.3977272727272727
Random Forest (balanced),ROC,0.08662280701754387,0.42045454545454547
Random Forest (balanced),ROC,0.09868421052631579,0.42045454545454547
Random Forest (balanced),ROC,0.09868421052631579,0.4318181818181818
Random Forest (balanced),ROC,0.09978070175438597,0.4318181818181818
Random Forest (balanced),ROC,0.09978070175438597,0.4431818181818182
Random Forest (balanced),ROC,0.10526315789473684,0.4431818181818182
Random Forest (balanced),ROC,0.10526315789473684,0.45454545454545453
Random Forest (balanced),ROC,0.10635964912280702,0.45454545454545453
Random Forest (balanced),ROC,0.10635964912280702,0.4659090909090909
Random Forest (balanced),ROC,0.1118421052631579,0.4659090909090909
Random Forest (balanced),ROC,0.1118421052631579,0.4772727272727273
Random Forest (balanced),ROC,0.11293859649122807,0.4772727272727273
Random Forest (balanced),ROC,0.11293859649122807,0.48863636363636365
Random Forest (balanced),ROC,0.11403508771929824,0.48863636363636365
Random Forest (balanced),ROC,0.11403508771929824,0.5
Random Forest (balanced),ROC,0.125,0.5
Random Forest (balanced),ROC,0.125,0.5113636363636364
Random Forest (balanced),ROC,0.12828947368421054,0.5113636363636364
Random Forest (balanced),ROC,0.12828947368421054,0.5227272727272727
Random Forest (balanced),ROC,0.13267543859649122,0.5227272727272727
Random Forest (balanced),ROC,0.13267543859649122,0.5340909090909091
Random Forest (balanced),ROC,0.13596491228070176,0.5340909090909091
Random Forest (balanced),ROC,0.13596491228070176,0.5454545454545454
Random Forest (balanced),ROC,0.14583333333333334,0.5454545454545454
Random Forest (balanced),ROC,0.14583333333333334,0.5568181818181818
Random Forest (balanced),ROC,0.14692982456140352,0.5568181818181818
Random Forest (balanced),ROC,0.14692982456140352,0.5681818181818182
Random Forest (balanced),ROC,0.14802631578947367,0.5681818181818182
Random Forest (balanced),ROC,0.14802631578947367,0.5795454545454546
Random Forest (balanced),ROC,0.1513157894736842,0.5795454545454546
Random Forest (balanced),ROC,0.1513157894736842,0.6022727272727273
Random Forest (balanced),ROC,0.15460526315789475,0.6022727272727273
Random Forest (balanced),ROC,0.15460526315789475,0.625
Random Forest (balanced),ROC,0.15899122807017543,0.625
Random Forest (balanced),ROC,0.15899122807017543,0.6363636363636364
Random Forest (balanced),ROC,0.16557017543859648,0.6363636363636364
Random Forest (balanced),ROC,0.16557017543859648,0.6477272727272727
Random Forest (balanced),ROC,0.17214912280701755,0.6477272727272727
Random Forest (balanced),ROC,0.17214912280701755,0.6590909090909091
Random Forest (balanced),ROC,0.17763157894736842,0.6590909090909091
Random Forest (balanced),ROC,0.17763157894736842,0.6704545454545454
Random Forest (balanced),ROC,0.18311403508771928,0.6704545454545454
Random Forest (balanced),ROC,0.18311403508771928,0.6931818181818182
Random Forest (balanced),ROC,0.18421052631578946,0.6931818181818182
Random Forest (balanced),ROC,0.18421052631578946,0.7159090909090909
Random Forest (balanced),ROC,0.19188596491228072,0.7159090909090909
Random Forest (balanced),ROC,0.19188596491228072,0.7272727272727273
Random Forest (balanced),ROC,0.20065789473684212,0.7272727272727273
Random Forest (balanced),ROC,0.20065789473684212,0.7386363636363636
Random Forest (balanced),ROC,0.21271929824561403,0.7386363636363636
Random Forest (balanced),ROC,0.21271929824561403,0.75
Random Forest (balanced),ROC,0.22478070175438597,0.75
Random Forest (balanced),ROC,0.22478070175438597,0.7613636363636364
Random Forest (balanced),ROC,0.22587719298245615,0.7613636363636364
Random Forest (balanced),ROC,0.22587719298245615,0.7840909090909091
Random Forest (balanced),ROC,0.22807017543859648,0.7840909090909091
Random Forest (balanced),ROC,0.22807017543859648,0.8068181818181818
Random Forest (balanced),ROC,0.23793859649122806,0.8068181818181818
Random Forest (balanced),ROC,0.23793859649122806,0.8181818181818182
Random Forest (balanced),ROC,0.24451754385964913,0.8181818181818182
Random Forest (balanced),ROC,0.24451754385964913,0.8295454545454546
Random Forest (balanced),ROC,0.24561403508771928,0.8295454545454546
Random Forest (balanced),ROC,0.24561403508771928,0.8409090909090909
Random Forest (balanced),ROC,0.24671052631578946,0.8409090909090909
Random Forest (balanced),ROC,0.24671052631578946,0.8522727272727273
Random Forest (balanced),ROC,0.2598684210526316,0.8522727272727273
Random Forest (balanced),ROC,0.2598684210526316,0.8636363636363636
Random Forest (balanced),ROC,0.2774122807017544,0.8636363636363636
Random Forest (balanced),ROC,0.2774122807017544,0.875
Random Forest (balanced),ROC,0.3519736842105263,0.875
Random Forest (balanced),ROC,0.3519736842105263,0.8863636363636364
Random Forest (balanced),ROC,0.46381578947368424,0.8863636363636364
Random Forest (balanced),ROC,0.46381578947368424,0.8977272727272727
Random Forest (balanced),ROC,0.5307017543859649,0.8977272727272727
Random Forest (balanced),ROC,0.5307017543859649,0.9090909090909091
Random Forest (balanced),ROC,0.5537280701754386,0.9090909090909091
Random Forest (balanced),ROC,0.5537280701754386,0.9204545454545454
Random Forest (balanced),ROC,0.5679824561403509,0.9204545454545454
Random Forest (balanced),ROC,0.5679824561403509,0.9318181818181818
Random Forest (balanced),ROC,0.680921052631579,0.9318181818181818
Random Forest (balanced),ROC,0.680921052631579,0.9431818181818182
Random Forest (balanced),ROC,0.7291666666666666,0.9431818181818182
Random Forest (balanced),ROC,0.7291666666666666,0.9545454545454546
Random Forest (balanced),ROC,0.7489035087719298,0.9545454545454546
Random Forest (balanced),ROC,0.7489035087719298,0.9659090909090909
Random Forest (balanced),ROC,0.7752192982456141,0.9659090909090909
Random Forest (balanced),ROC,0.7752192982456141,0.9772727272727273
Random Forest (balanced),ROC,0.8114035087719298,0.9772727272727273
Random Forest (balanced),ROC,0.8114035087719298,0.9886363636363636
Random Forest (balanced),ROC,0.944078947368421,0.9886363636363636
Random Forest (balanced),ROC,0.944078947368421,1.0
Random Forest (balanced),ROC,1.0,1.0
Random Forest (balanced),PR,1.0,0.088
Random Forest (balanced),PR,1.0,0.08808808808808809
Random Forest (balanced),PR,1.0,0.08817635270541083
Random Forest (balanced),PR,1.0,0.08826479438314945
Random Forest (balanced),PR,1.0,0.08835341365461848
Random Forest (balanced),PR,1.0,0.08844221105527639
Random Forest (balanced),PR,1.0,0.08853118712273642
Random Forest (balanced),PR,1.0,0.08862034239677745
Random Forest (balanced),PR,1.0,0.08870967741935484
Random Forest (balanced),PR,1.0,0.08879919273461151
Random Forest (balanced),PR,1.0,0.08888888888888889
Random Forest (balanced),PR,1.0,0.08897876643073811
Random Forest (balanced),PR,1.0,0.08906882591093117
Random Forest (balanced),PR,1.0,0.08915906788247213
Random Forest (balanced),PR,1.0,0.08924949290060852
Random Forest (balanced),PR,1.0,0.08934010152284264
Random Forest (balanced),PR,1.0,0.08943089430894309
Random Forest (balanced),PR,1.0,0.08952187182095625
Random Forest (balanced),PR,1.0,0.08961303462321792
Random Forest (balanced),PR,1.0,0.08970438328236494
Random Forest (balanced),PR,1.0,0.08979591836734693
Random Forest (balanced),PR,1.0,0.0898876404494382
Random Forest (balanced),PR,1.0,0.08997955010224949
Random Forest (balanced),PR,1.0,0.09007164790174002
Random Forest (balanced),PR,1.0,0.09016393442622951
Random Forest (balanced),PR,1.0,0.09025641025641026
Random Forest (balanced),PR,1.0,0.09034907597535935
Random Forest (balanced),PR,1.0,0.09044193216855087
Random Forest (balanced),PR,1.0,0.09053497942386832
Random Forest (balanced),PR,1.0,0.09062821833161688
Random Forest (balanced),PR,1.0,0.09072164948453608
Random Forest (balanced),PR,1.0,0.09081527347781218
Random Forest (balanced),PR,1.0,0.09090909090909091
Random Forest (balanced),PR,1.0,0.09100310237849017
Random Forest (balanced),PR,1.0,0.09109730848861283
Random Forest (balanced),PR,1.0,0.09119170984455958
Random Forest (balanced),PR,1.0,0.0912863070539419
Random Forest (balanced),PR,1.0,0.09138110072689512
Random Forest (balanced),PR,1.0,0.09147609147609148
Random Forest (balanced),PR,1.0,0.09157127991675339
Random Forest (balanced),PR,1.0,0.09166666666666666
Random Forest (balanced),PR,1.0,0.09176225234619395
Random Forest (balanced),PR,1.0,0.0918580375782881
Random Forest (balanced),PR,1.0,0.09195402298850575
Random Forest (balanced),PR,1.0,0.09205020920502092
Random Forest (balanced),PR,1.0,0.09214659685863874
Random Forest (balanced),PR,1.0,0.09224318658280922
Random Forest (balanced),PR,1.0,0.09233997901364113
Random Forest (balanced),PR,1.0,0.09243697478991597
Random Forest (balanced),PR,1.0,0.09253417455310199
Random Forest (balanced),PR,1.0,0.09263157894736843
Random Forest (balanced),PR,1.0,0.09272918861959958
Random Forest (balanced),PR,0.9886363636363636,0.09177215189873418
Random Forest (balanced),PR,0.9886363636363636,0.09186906019007392
Random Forest (balanced),PR,0.9886363636363636,0.0919661733615222
Random Forest (balanced),PR,0.9886363636363636,0.09206349206349207
Random Forest (balanced),PR,0.9886363636363636,0.09216101694915255
Random Forest (balanced),PR,0.9886363636363636,0.09225874867444327
Random Forest (balanced),PR,0.9886363636363636,0.09235668789808917
Random Forest (balanced),PR,0.9886363636363636,0.0924548352816153
Random Forest (balanced),PR,0.9886363636363636,0.0925531914893617
Random Forest (balanced),PR,0.9886363636363636,0.0926517571884984
Random Forest (balanced),PR,0.9886363636363636,0.09275053304904052
Random Forest (balanced),PR,0.9886363636363636,0.09284951974386339
Random Forest (balanced),PR,0.9886363636363636,0.09294871794871795
Random Forest (balanced),PR,0.9886363636363636,0.09304812834224599
Random Forest (balanced),PR,0.9886363636363636,0.09314775160599571
Random Forest (balanced),PR,0.9886363636363636,0.0932475884244373
Random Forest (balanced),PR,0.9886363636363636,0.09334763948497854
Random Forest (balanced),PR,0.9886363636363636,0.09344790547798067
Random Forest (balanced),PR,0.9886363636363636,0.0935483870967742
Random Forest (balanced),PR,0.9886363636363636,0.09364908503767493
Random Forest (balanced),PR,0.9886363636363636,0.09375
Random Forest (balanced),PR,0.9886363636363636,0.09385113268608414
Random Forest (balanced),PR,0.9886363636363636,0.0939524838012959
Random Forest (balanced),PR,0.9886363636363636,0.09405405405405405
Random Forest (balanced),PR,0.9886363636363636,0.09415584415584416
Random Forest (balanced),PR,0.9886363636363636,0.09425785482123511
Random Forest (balanced),PR,0.9886363636363636,0.09436008676789588
Random Forest (balanced),PR,0.9886363636363636,0.09446254071661238
Random Forest (balanced),PR,0.9886363636363636,0.09456521739130434
Random Forest (balanced),PR,0.9886363636363636,0.09466811751904244
Random Forest (balanced),PR,0.9886363636363636,0.09477124183006536
Random Forest (balanced),PR,0.9886363636363636,0.09487459105779716
Random Forest (balanced),PR,0.9886363636363636,0.09497816593886463
Random Forest (balanced),PR,0.9886363636363636,0.09508196721311475
Random Forest (balanced),PR,0.9886363636363636,0.09518599562363239
Random Forest (balanced),PR,0.9886363636363636,0.09529025191675794
Random Forest (balanced),PR,0.9886363636363636,0.09539473684210527
Random Forest (balanced),PR,0.9886363636363636,0.09549945115257959
Random Forest (balanced),PR,0.9886363636363636,0.0956043956043956
Random Forest (balanced),PR,0.9886363636363636,0.09570957095709572
Random Forest (balanced),PR,0.9886363636363636,0.09581497797356828
Random Forest (balanced),PR,0.9886363636363636,0.09592061742006615
Random Forest (balanced),PR,0.9886363636363636,0.09602649006622517
Random Forest (balanced),PR,0.9886363636363636,0.09613259668508287
Random Forest (balanced),PR,0.9886363636363636,0.09623893805309734
Random Forest (balanced),PR,0.9886363636363636,0.09634551495016612
Random Forest (balanced),PR,0.9886363636363636,0.09645232815964523
Random Forest (balanced),PR,0.9886363636363636,0.09655937846836848
Random Forest (balanced),PR,0.9886363636363636,0.09666666666666666
Random Forest (balanced),PR,0.9886363636363636,0.0967741935483871
Random Forest (balanced),PR,0.9886363636363636,0.09688195991091314
Random Forest (balanced),PR,0.9886363636363636,0.09698996655518395
Random Forest (balanced),PR,0.9886363636363636,0.09709821428571429
Random Forest (balanced),PR,0.9886363636363636,0.09720670391061452
Random Forest (balanced),PR,0.9886363636363636,0.09731543624161074
Random Forest (balanced),PR,0.9886363636363636,0.09742441209406495
Random Forest (balanced),PR,0.9886363636363636,0.09753363228699552
Random Forest (balanced),PR,0.9886363636363636,0.09764309764309764
Random Forest (balanced),PR,0.9886363636363636,0.09775280898876404
Random Forest (balanced),PR,0.9886363636363636,0.09786276715410573
Random Forest (balanced),PR,0.9886363636363636,0.09797297297297297
Random Forest (balanced),PR,0.9886363636363636,0.09808342728297632
Random Forest (balanced),PR,0.9886363636363636,0.0981941309255079
Random Forest (balanced),PR,0.9886363636363636,0.09830508474576272
Random Forest (balanced),PR,0.9886363636363636,0.09841628959276018
Random Forest (balanced),PR,0.9886363636363636,0.0985277463193658
Random Forest (balanced),PR,0.9886363636363636,0.09863945578231292
Random Forest (balanced),PR,0.9886363636363636,0.09875141884222474
Random Forest (balanced),PR,0.9886363636363636,0.09886363636363636
Random Forest (balanced),PR,0.9886363636363636,0.09897610921501707
Random Forest (balanced),PR,0.9886363636363636,0.09908883826879271
Random Forest (balanced),PR,0.9886363636363636,0.09920182440136831
Random Forest (balanced),PR,0.9886363636363636,0.09931506849315068
Random Forest (balanced),PR,0.9886363636363636,0.09942857142857142
Random Forest (balanced),PR,0.9886363636363636,0.09954233409610984
Random Forest (balanced),PR,0.9886363636363636,0.09965635738831616
Random Forest (balanced),PR,0.9886363636363636,0.09977064220183486
Random Forest (balanced),PR,0.9886363636363636,0.09988518943742825
Random Forest (balanced),PR,0.9886363636363636,0.1
Random Forest (balanced),PR,0.9886363636363636,0.1001150747986191
Random Forest (balanced),PR,0.9886363636363636,0.10023041474654378
Random Forest (balanced),PR,0.9886363636363636,0.10034602076124567
Random Forest (balanced),PR,0.9886363636363636,0.10046189376443418
Random Forest (balanced),PR,0.9886363636363636,0.10057803468208093
Random Forest (balanced),PR,0.9886363636363636,0.10069444444444445
Random Forest (balanced),PR,0.9886363636363636,0.10081112398609501
Random Forest (balanced),PR,0.9886363636363636,0.10092807424593968
Random Forest (balanced),PR,0.9886363636363636,0.10104529616724739
Random Forest (balanced),PR,0.9886363636363636,0.10116279069767442
Random Forest (balanced),PR,0.9886363636363636,0.10128055878928988
Random Forest (balanced),PR,0.9886363636363636,0.10139860139860139
Random Forest (balanced),PR,0.9886363636363636,0.10151691948658109
Random Forest (balanced),PR,0.9886363636363636,0.10163551401869159
Random Forest (balanced),PR,0.9886363636363636,0.10175438596491228
Random Forest (balanced),PR,0.9886363636363636,0.10187353629976581
Random Forest (balanced),PR,0.9886363636363636,0.10199296600234467
Random Forest (balanced),PR,0.9886363636363636,0.10211267605633803
Random Forest (balanced),PR,0.9886363636363636,0.10223266745005875
Random Forest (balanced),PR,0.9886363636363636,0.10235294117647059
Random Forest (balanced),PR,0.9886363636363636,0.10247349823321555
Random Forest (balanced),PR,0.9886363636363636,0.10259433962264151
Random Forest (balanced),PR,0.9886363636363636,0.10271546635182999
Random Forest (balanced),PR,0.9886363636363636,0.10283687943262411
Random Forest (balanced),PR,0.9886363636363636,0.10295857988165681
Random Forest (balanced),PR,0.9886363636363636,0.10308056872037914
Random Forest (balanced),PR,0.9886363636363636,0.10320284697508897
Random Forest (balanced),PR,0.9886363636363636,0.10332541567695962
Random Forest (balanced),PR,0.9886363636363636,0.10344827586206896
Random Forest (balanced),PR,0.9886363636363636,0.10357142857142858
Random Forest (balanced),PR,0.9886363636363636,0.10369487485101311
Random Forest (balanced),PR,0.9886363636363636,0.10381861575178998
Random Forest (balanced),PR,0.9886363636363636,0.1039426523297491
Random Forest (balanced),PR,0.9886363636363636,0.10406698564593302
Random Forest (balanced),PR,0.9886363636363636,0.10419161676646707
Random Forest (balanced),PR,0.9886363636363636,0.10431654676258993
Random Forest (balanced),PR,0.9886363636363636,0.10444177671068428
Random Forest (balanced),PR,0.9886363636363636,0.1045673076923077
Random Forest (balanced),PR,0.9886363636363636,0.10469314079422383
Random Forest (balanced),PR,0.9886363636363636,0.10481927710843374
Random Forest (balanced),PR,0.9886363636363636,0.10494571773220748
Random Forest (balanced),PR,0.9886363636363636,0.10507246376811594
Random Forest (balanced),PR,0.9886363636363636,0.10519951632406288
Random Forest (balanced),PR,0.9772727272727273,0.10411622276029056
Random Forest (balanced),PR,0.9772727272727273,0.10424242424242425
Random Forest (balanced),PR,0.9772727272727273,0.10436893203883495
Random Forest (balanced),PR,0.9772727272727273,0.10449574726609964
Random Forest (balanced),PR,0.9772727272727273,0.10462287104622871
Random Forest (balanced),PR,0.9772727272727273,0.10475030450669914
Random Forest (balanced),PR,0.9772727272727273,0.1048780487804878
Random Forest (balanced),PR,0.9772727272727273,0.10500610500610501
Random Forest (balanced),PR,0.9772727272727273,0.10513447432762836
Random Forest (balanced),PR,0.9772727272727273,0.10526315789473684
Random Forest (balanced),PR,0.9772727272727273,0.1053921568627451
Random Forest (balanced),PR,0.9772727272727273,0.10552147239263804
Random Forest (balanced),PR,0.9772727272727273,0.10565110565110565
Random Forest (balanced),PR,0.9772727272727273,0.1057810578105781
Random Forest (balanced),PR,0.9772727272727273,0.10591133004926108
Random Forest (balanced),PR,0.9772727272727273,0.1060419235511714
Random Forest (balanced),PR,0.9772727272727273,0.10617283950617284
Random Forest (balanced),PR,0.9772727272727273,0.10630407911001236
Random Forest (balanced),PR,0.9772727272727273,0.10643564356435643
Random Forest (balanced),PR,0.9772727272727273,0.10656753407682776
Random Forest (balanced),PR,0.9772727272727273,0.10669975186104218
Random Forest (balanced),PR,0.9772727272727273,0.10683229813664596
Random Forest (balanced),PR,0.9772727272727273,0.10696517412935323
Random Forest (balanced),PR,0.9772727272727273,0.10709838107098381
Random Forest (balanced),PR,0.9772727272727273,0.10723192019950124
Random Forest (balanced),PR,0.9772727272727273,0.10736579275905118
Random Forest (balanced),PR,0.9772727272727273,0.1075
Random Forest (balanced),PR,0.9772727272727273,0.10763454317897372
Random Forest (balanced),PR,0.9772727272727273,0.10776942355889724
Random Forest (balanced),PR,0.9772727272727273,0.10790464240903387
Random Forest (balanced),PR,0.9772727272727273,0.10804020100502512
Random Forest (balanced),PR,0.9772727272727273,0.10817610062893082
Random Forest (balanced),PR,0.9772727272727273,0.10831234256926953
Random Forest (balanced),PR,0.9772727272727273,0.10844892812105927
Random Forest (balanced),PR,0.9659090909090909,0.10732323232323232
Random Forest (balanced),PR,0.9659090909090909,0.10745891276864729
Random Forest (balanced),PR,0.9659090909090909,0.10759493670886076
Random Forest (balanced),PR,0.9659090909090909,0.10773130544993663
Random Forest (balanced),PR,0.9659090909090909,0.10786802030456853
Random Forest (balanced),PR,0.9659090909090909,0.10800508259212198
Random Forest (balanced),PR,0.9659090909090909,0.10814249363867684
Random Forest (balanced),PR,0.9659090909090909,0.10828025477707007
Random Forest (balanced),PR,0.9659090909090909,0.10841836734693877
Random Forest (balanced),PR,0.9659090909090909,0.10855683269476372
Random Forest (balanced),PR,0.9659090909090909,0.10869565217391304
Random Forest (balanced),PR,0.9659090909090909,0.1088348271446863
Random Forest (balanced),PR,0.9659090909090909,0.10897435897435898
Random Forest (balanced),PR,0.9659090909090909,0.10911424903722722
Random Forest (balanced),PR,0.9659090909090909,0.10925449871465295
Random Forest (balanced),PR,0.9659090909090909,0.1093951093951094
Random Forest (balanced),PR,0.9659090909090909,0.1095360824742268
Random Forest (balanced),PR,0.9659090909090909,0.10967741935483871
Random Forest (balanced),PR,0.9659090909090909,0.10981912144702842
Random Forest (balanced),PR,0.9659090909090909,0.10996119016817593
Random Forest (balanced),PR,0.9659090909090909,0.11010362694300518
Random Forest (balanced),PR,0.9659090909090909,0.11024643320363164
Random Forest (balanced),PR,0.9659090909090909,0.11038961038961038
Random Forest (balanced),PR,0.9659090909090909,0.11053315994798439
Random Forest (balanced),PR,0.9659090909090909,0.11067708333333333
Random Forest (balanced),PR,0.9545454545454546,0.10951760104302477
Random Forest (balanced),PR,0.9545454545454546,0.10966057441253264
Random Forest (balanced),PR,0.9545454545454546,0.10980392156862745
Random Forest (balanced),PR,0.9545454545454546,0.1099476439790576
Random Forest (balanced),PR,0.9545454545454546,0.11009174311926606
Random Forest (balanced),PR,0.9545454545454546,0.11023622047244094
Random Forest (balanced),PR,0.9545454545454546,0.11038107752956636
Random Forest (balanced),PR,0.9545454545454546,0.11052631578947368
Random Forest (balanced),PR,0.9545454545454546,0.11067193675889328
Random Forest (balanced),PR,0.9545454545454546,0.11081794195250659
Random Forest (balanced),PR,0.9545454545454546,0.11096433289299867
Random Forest (balanced),PR,0.9545454545454546,0.1111111111111111
Random Forest (balanced),PR,0.9545454545454546,0.11125827814569536
Random Forest (balanced),PR,0.9545454545454546,0.11140583554376658
Random Forest (balanced),PR,0.9545454545454546,0.11155378486055777
Random Forest (balanced),PR,0.9545454545454546,0.11170212765957446
Random Forest (balanced),PR,0.9545454545454546,0.1118508655126498
Random Forest (balanced),PR,0.9545454545454546,0.112
Random Forest (balanced),PR,0.9545454545454546,0.11214953271028037
Random Forest (balanced),PR,0.9431818181818182,0.11096256684491979
Random Forest (balanced),PR,0.9431818181818182,0.1111111111111111
Random Forest (balanced),PR,0.9431818181818182,0.11126005361930295
Random Forest (balanced),PR,0.9431818181818182,0.11140939597315436
Random Forest (balanced),PR,0.9431818181818182,0.11155913978494623
Random Forest (balanced),PR,0.9431818181818182,0.1117092866756393
Random Forest (balanced),PR,0.9431818181818182,0.11185983827493262
Random Forest (balanced),PR,0.9431818181818182,0.11201079622132254
Random Forest (balanced),PR,0.9431818181818182,0.11216216216216217
Random Forest (balanced),PR,0.9431818181818182,0.11231393775372124
Random Forest (balanced),PR,0.9431818181818182,0.11246612466124661
Random Forest (balanced),PR,0.9431818181818182,0.11261872455902307
Random Forest (balanced),PR,0.9431818181818182,0.11277173913043478
Random Forest (balanced),PR,0.9431818181818182,0.11292517006802721
Random Forest (balanced),PR,0.9431818181818182,0.11307901907356949
Random Forest (balanced),PR,0.9431818181818182,0.11323328785811733
Random Forest (balanced),PR,0.9431818181818182,0.1133879781420765
Random Forest (balanced),PR,0.9431818181818182,0.11354309165526676
Random Forest (balanced),PR,0.9431818181818182,0.1136986301369863
Random Forest (balanced),PR,0.9431818181818182,0.11385459533607682
Random Forest (balanced),PR,0.9431818181818182,0.11401098901098901
Random Forest (balanced),PR,0.9431818181818182,0.11416781292984869
Random Forest (balanced),PR,0.9431818181818182,0.11432506887052342
Random Forest (balanced),PR,0.9431818181818182,0.11448275862068966
Random Forest (balanced),PR,0.9431818181818182,0.11464088397790055
Random Forest (balanced),PR,0.9431818181818182,0.11479944674965421
Random Forest (balanced),PR,0.9431818181818182,0.1149584487534626
Random Forest (balanced),PR,0.9431818181818182,0.11511789181692095
Random Forest (balanced),PR,0.9431818181818182,0.11527777777777778
Random Forest (balanced),PR,0.9431818181818182,0.11543810848400557
Random Forest (balanced),PR,0.9431818181818182,0.11559888579387187
Random Forest (balanced),PR,0.9431818181818182,0.11576011157601115
Random Forest (balanced),PR,0.9431818181818182,0.11592178770949721
Random Forest (balanced),PR,0.9431818181818182,0.11608391608391608
Random Forest (balanced),PR,0.9431818181818182,0.11624649859943978
Random Forest (balanced),PR,0.9431818181818182,0.11640953716690042
Random Forest (balanced),PR,0.9431818181818182,0.11657303370786516
Random Forest (balanced),PR,0.9431818181818182,0.11673699015471167
Random Forest (balanced),PR,0.9431818181818182,0.11690140845070422
Random Forest (balanced),PR,0.9431818181818182,0.11706629055007052
Random Forest (balanced),PR,0.9431818181818182,0.1172316384180791
Random Forest (balanced),PR,0.9431818181818182,0.1173974540311174
Random Forest (balanced),PR,0.9431818181818182,0.11756373937677053
Random Forest (balanced),PR,0.9431818181818182,0.11773049645390071
Random Forest (balanced),PR,0.9431818181818182,0.11789772727272728
Random Forest (balanced),PR,0.9318181818181818,0.1166429587482219
Random Forest (balanced),PR,0.9318181818181818,0.1168091168091168
Random Forest (balanced),PR,0.9318181818181818,0.11697574893009986
Random Forest (balanced),PR,0.9318181818181818,0.11714285714285715
Random Forest (balanced),PR,0.9318181818181818,0.11731044349070101
Random Forest (balanced),PR,0.9318181818181818,0.1174785100286533
Random Forest (balanced),PR,0.9318181818181818,0.11764705882352941
Random Forest (balanced),PR,0.9318181818181818,0.11781609195402298
Random Forest (balanced),PR,0.9318181818181818,0.11798561151079137
Random Forest (balanced),PR,0.9318181818181818,0.11815561959654179
Random Forest (balanced),PR,0.9318181818181818,0.11832611832611832
Random Forest (balanced),PR,0.9318181818181818,0.11849710982658959
Random Forest (balanced),PR,0.9318181818181818,0.11866859623733719
Random Forest (balanced),PR,0.9318181818181818,0.11884057971014493
Random Forest (balanced),PR,0.9318181818181818,0.11901306240928883
Random Forest (balanced),PR,0.9318181818181818,0.11918604651162791
Random Forest (balanced),PR,0.9318181818181818,0.11935953420669577
Random Forest (balanced),PR,0.9318181818181818,0.119533527696793
Random Forest (balanced),PR,0.9318181818181818,0.11970802919708029
Random Forest (balanced),PR,0.9318181818181818,0.11988304093567251
Random Forest (balanced),PR,0.9318181818181818,0.12005856515373353
Random Forest (balanced),PR,0.9318181818181818,0.12023460410557185
Random Forest (balanced),PR,0.9318181818181818,0.12041116005873716
Random Forest (balanced),PR,0.9318181818181818,0.12058823529411765
Random Forest (balanced),PR,0.9318181818181818,0.12076583210603829
Random Forest (balanced),PR,0.9318181818181818,0.12094395280235988
Random Forest (balanced),PR,0.9318181818181818,0.12112259970457903
Random Forest (balanced),PR,0.9318181818181818,0.12130177514792899
Random Forest (balanced),PR,0.9318181818181818,0.12148148148148148
Random Forest (balanced),PR,0.9318181818181818,0.12166172106824925
Random Forest (balanced),PR,0.9318181818181818,0.12184249628528974
Random Forest (balanced),PR,0.9318181818181818,0.12202380952380952
Random Forest (balanced),PR,0.9318181818181818,0.12220566318926974
Random Forest (balanced),PR,0.9318181818181818,0.12238805970149254
Random Forest (balanced),PR,0.9318181818181818,0.12257100149476831
Random Forest (balanced),PR,0.9318181818181818,0.12275449101796407
Random Forest (balanced),PR,0.9318181818181818,0.12293853073463268
Random Forest (balanced),PR,0.9318181818181818,0.12312312312312312
Random Forest (balanced),PR,0.9318181818181818,0.12330827067669173
Random Forest (balanced),PR,0.9318181818181818,0.12349397590361445
Random Forest (balanced),PR,0.9318181818181818,0.12368024132730016
Random Forest (balanced),PR,0.9318181818181818,0.12386706948640483
Random Forest (balanced),PR,0.9318181818181818,0.12405446293494705
Random Forest (balanced),PR,0.9318181818181818,0.12424242424242424
Random Forest (balanced),PR,0.9318181818181818,0.1244309559939302
Random Forest (balanced),PR,0.9318181818181818,0.12462006079027356
Random Forest (balanced),PR,0.9318181818181818,0.1248097412480974
Random Forest (balanced),PR,0.9318181818181818,0.125
Random Forest (balanced),PR,0.9318181818181818,0.1251908396946565
Random Forest (balanced),PR,0.9318181818181818,0.12538226299694188
Random Forest (balanced),PR,0.9318181818181818,0.12557427258805512
Random Forest (balanced),PR,0.9318181818181818,0.12576687116564417
Random Forest (balanced),PR,0.9318181818181818,0.1259600614439324
Random Forest (balanced),PR,0.9318181818181818,0.12615384615384614
Random Forest (balanced),PR,0.9318181818181818,0.1263482280431433
Random Forest (balanced),PR,0.9318181818181818,0.12654320987654322
Random Forest (balanced),PR,0.9318181818181818,0.1267387944358578
Random Forest (balanced),PR,0.9318181818181818,0.12693498452012383
Random Forest (balanced),PR,0.9318181818181818,0.12713178294573643
Random Forest (balanced),PR,0.9318181818181818,0.12732919254658384
Random Forest (balanced),PR,0.9318181818181818,0.12752721617418353
Random Forest (balanced),PR,0.9318181818181818,0.1277258566978193
Random Forest (balanced),PR,0.9318181818181818,0.12792511700468018
Random Forest (balanced),PR,0.9318181818181818,0.128125
Random Forest (balanced),PR,0.9318181818181818,0.12832550860719874
Random Forest (balanced),PR,0.9318181818181818,0.12852664576802508
Random Forest (balanced),PR,0.9318181818181818,0.12872841444270017
Random Forest (balanced),PR,0.9318181818181818,0.1289308176100629
Random Forest (balanced),PR,0.9318181818181818,0.12913385826771653
Random Forest (balanced),PR,0.9318181818181818,0.12933753943217666
Random Forest (balanced),PR,0.9318181818181818,0.12954186413902052
Random Forest (balanced),PR,0.9318181818181818,0.12974683544303797
Random Forest (balanced),PR,0.9318181818181818,0.12995245641838352
Random Forest (balanced),PR,0.9318181818181818,0.13015873015873017
Random Forest (balanced),PR,0.9318181818181818,0.13036565977742448
Random Forest (balanced),PR,0.9318181818181818,0.1305732484076433
Random Forest (balanced),PR,0.9318181818181818,0.13078149920255183
Random Forest (balanced),PR,0.9318181818181818,0.13099041533546327
Random Forest (balanced),PR,0.9318181818181818,0.1312
Random Forest (balanced),PR,0.9318181818181818,0.13141025641025642
Random Forest (balanced),PR,0.9318181818181818,0.13162118780096307
Random Forest (balanced),PR,0.9318181818181818,0.13183279742765272
Random Forest (balanced),PR,0.9318181818181818,0.1320450885668277
Random Forest (balanced),PR,0.9318181818181818,0.13225806451612904
Random Forest (balanced),PR,0.9318181818181818,0.13247172859450726
Random Forest (balanced),PR,0.9318181818181818,0.13268608414239483
Random Forest (balanced),PR,0.9318181818181818,0.13290113452188007
Random Forest (balanced),PR,0.9318181818181818,0.1331168831168831
Random Forest (balanced),PR,0.9318181818181818,0.13333333333333333
Random Forest (balanced),PR,0.9318181818181818,0.13355048859934854
Random Forest (balanced),PR,0.9318181818181818,0.13376835236541598
Random Forest (balanced),PR,0.9318181818181818,0.13398692810457516
Random Forest (balanced),PR,0.9318181818181818,0.1342062193126023
Random Forest (balanced),PR,0.9318181818181818,0.13442622950819672
Random Forest (balanced),PR,0.9318181818181818,0.13464696223316913
Random Forest (balanced),PR,0.9318181818181818,0.13486842105263158
Random Forest (balanced),PR,0.9318181818181818,0.13509060955518945
Random Forest (balanced),PR,0.9318181818181818,0.1353135313531353
Random Forest (balanced),PR,0.9318181818181818,0.13553719008264462
Random Forest (balanced),PR,0.9318181818181818,0.1357615894039735
Random Forest (balanced),PR,0.9318181818181818,0.13598673300165837
Random Forest (balanced),PR,0.9318181818181818,0.1362126245847176
Random Forest (balanced),PR,0.9318181818181818,0.13643926788685523
Random Forest (balanced),PR,0.9318181818181818,0.13666666666666666
Random Forest (balanced),PR,0.9204545454545454,0.1352253756260434
Random Forest (balanced),PR,0.9204545454545454,0.1354515050167224
Random Forest (balanced),PR,0.9204545454545454,0.135678391959799
Random Forest (balanced),PR,0.9204545454545454,0.13590604026845637
Random Forest (balanced),PR,0.9204545454545454,0.1361344537815126
Random Forest (balanced),PR,0.9204545454545454,0.13636363636363635
Random Forest (balanced),PR,0.9204545454545454,0.13659359190556492
Random Forest (balanced),PR,0.9204545454545454,0.13682432432432431
Random Forest (balanced),PR,0.9204545454545454,0.13705583756345177
Random Forest (balanced),PR,0.9204545454545454,0.13728813559322034
Random Forest (balanced),PR,0.9204545454545454,0.13752122241086587
Random Forest (balanced),PR,0.9204545454545454,0.1377551020408163
Random Forest (balanced),PR,0.9204545454545454,0.13798977853492334
Random Forest (balanced),PR,0.9204545454545454,0.13822525597269625
Random Forest (balanced),PR,0.9090909090909091,0.13675213675213677
Random Forest (balanced),PR,0.9090909090909091,0.136986301369863
Random Forest (balanced),PR,0.9090909090909091,0.137221269296741
Random Forest (balanced),PR,0.9090909090909091,0.13745704467353953
Random Forest (balanced),PR,0.9090909090909091,0.13769363166953527
Random Forest (balanced),PR,0.9090909090909091,0.13793103448275862
Random Forest (balanced),PR,0.9090909090909091,0.1381692573402418
Random Forest (balanced),PR,0.9090909090909091,0.1384083044982699
Random Forest (balanced),PR,0.9090909090909091,0.1386481802426343
Random Forest (balanced),PR,0.9090909090909091,0.1388888888888889
Random Forest (balanced),PR,0.9090909090909091,0.1391304347826087
Random Forest (balanced),PR,0.9090909090909091,0.13937282229965156
Random Forest (balanced),PR,0.9090909090909091,0.13961605584642234
Random Forest (balanced),PR,0.9090909090909091,0.13986013986013987
Random Forest (balanced),PR,0.9090909090909091,0.14010507880910683
Random Forest (balanced),PR,0.9090909090909091,0.14035087719298245
Random Forest (balanced),PR,0.9090909090909091,0.140597539543058
Random Forest (balanced),PR,0.9090909090909091,0.14084507042253522
Random Forest (balanced),PR,0.9090909090909091,0.14109347442680775
Random Forest (balanced),PR,0.9090909090909091,0.1413427561837456
Random Forest (balanced),PR,0.9090909090909091,0.1415929203539823
Random Forest (balanced),PR,0.9090909090909091,0.14184397163120568
Random Forest (balanced),PR,0.8977272727272727,0.14031971580817051
Random Forest (balanced),PR,0.8977272727272727,0.14056939501779359
Random Forest (balanced),PR,0.8977272727272727,0.1408199643493761
Random Forest (balanced),PR,0.8977272727272727,0.14107142857142857
Random Forest (balanced),PR,0.8977272727272727,0.1413237924865832
Random Forest (balanced),PR,0.8977272727272727,0.14157706093189965
Random Forest (balanced),PR,0.8977272727272727,0.14183123877917414
Random Forest (balanced),PR,0.8977272727272727,0.1420863309352518
Random Forest (balanced),PR,0.8977272727272727,0.14234234234234233
Random Forest (balanced),PR,0.8977272727272727,0.14259927797833935
Random Forest (balanced),PR,0.8977272727272727,0.14285714285714285
Random Forest (balanced),PR,0.8977272727272727,0.1431159420289855
Random Forest (balanced),PR,0.8977272727272727,0.14337568058076225
Random Forest (balanced),PR,0.8977272727272727,0.14363636363636365
Random Forest (balanced),PR,0.8977272727272727,0.14389799635701275
Random Forest (balanced),PR,0.8977272727272727,0.14416058394160583
Random Forest (balanced),PR,0.8977272727272727,0.14442413162705667
Random Forest (balanced),PR,0.8977272727272727,0.1446886446886447
Random Forest (balanced),PR,0.8977272727272727,0.14495412844036698
Random Forest (balanced),PR,0.8977272727272727,0.14522058823529413
Random Forest (balanced),PR,0.8977272727272727,0.14548802946593
Random Forest (balanced),PR,0.8977272727272727,0.14575645756457564
Random Forest (balanced),PR,0.8977272727272727,0.14602587800369685
Random Forest (balanced),PR,0.8977272727272727,0.14629629629629629
Random Forest (balanced),PR,0.8977272727272727,0.14656771799628943
Random Forest (balanced),PR,0.8977272727272727,0.14684014869888476
Random Forest (balanced),PR,0.8977272727272727,0.14711359404096835
Random Forest (balanced),PR,0.8977272727272727,0.14738805970149255
Random Forest (balanced),PR,0.8977272727272727,0.14766355140186915
Random Forest (balanced),PR,0.8977272727272727,0.14794007490636704
Random Forest (balanced),PR,0.8977272727272727,0.14821763602251406
Random Forest (balanced),PR,0.8977272727272727,0.14849624060150377
Random Forest (balanced),PR,0.8977272727272727,0.1487758945386064
Random Forest (balanced),PR,0.8977272727272727,0.1490566037735849
Random Forest (balanced),PR,0.8977272727272727,0.14933837429111532
Random Forest (balanced),PR,0.8977272727272727,0.14962121212121213
Random Forest (balanced),PR,0.8977272727272727,0.14990512333965844
Random Forest (balanced),PR,0.8977272727272727,0.15019011406844107
Random Forest (balanced),PR,0.8977272727272727,0.15047619047619049
Random Forest (balanced),PR,0.8977272727272727,0.15076335877862596
Random Forest (balanced),PR,0.8977272727272727,0.15105162523900573
Random Forest (balanced),PR,0.8977272727272727,0.15134099616858238
Random Forest (balanced),PR,0.8977272727272727,0.15163147792706333
Random Forest (balanced),PR,0.8977272727272727,0.1519230769230769
Random Forest (balanced),PR,0.8977272727272727,0.15221579961464354
Random Forest (balanced),PR,0.8977272727272727,0.1525096525096525
Random Forest (balanced),PR,0.8977272727272727,0.1528046421663443
Random Forest (balanced),PR,0.8977272727272727,0.15310077519379844
Random Forest (balanced),PR,0.8977272727272727,0.1533980582524272
Random Forest (balanced),PR,0.8977272727272727,0.15369649805447472
Random Forest (balanced),PR,0.8977272727272727,0.1539961013645224
Random Forest (balanced),PR,0.8977272727272727,0.154296875
Random Forest (balanced),PR,0.8977272727272727,0.15459882583170254
Random Forest (balanced),PR,0.8977272727272727,0.15490196078431373
Random Forest (balanced),PR,0.8977272727272727,0.15520628683693516
Random Forest (balanced),PR,0.8977272727272727,0.15551181102362205
Random Forest (balanced),PR,0.8977272727272727,0.15581854043392504
Random Forest (balanced),PR,0.8977272727272727,0.15612648221343872
Random Forest (balanced),PR,0.8977272727272727,0.15643564356435644
Random Forest (balanced),PR,0.8977272727272727,0.15674603174603174
Random Forest (balanced),PR,0.8977272727272727,0.15705765407554673
Random Forest (balanced),PR,0.8977272727272727,0.15737051792828685
Random Forest (balanced),PR,0.8863636363636364,0.15568862275449102
Random Forest (balanced),PR,0.8863636363636364,0.156
Random Forest (balanced),PR,0.8863636363636364,0.156312625250501
Random Forest (balanced),PR,0.8863636363636364,0.1566265060240964
Random Forest (balanced),PR,0.8863636363636364,0.15694164989939638
Random Forest (balanced),PR,0.8863636363636364,0.15725806451612903
Random Forest (balanced),PR,0.8863636363636364,0.15757575757575756
Random Forest (balanced),PR,0.8863636363636364,0.15789473684210525
Random Forest (balanced),PR,0.8863636363636364,0.15821501014198783
Random Forest (balanced),PR,0.8863636363636364,0.15853658536585366
Random Forest (balanced),PR,0.8863636363636364,0.15885947046843177
Random Forest (balanced),PR,0.8863636363636364,0.15918367346938775
Random Forest (balanced),PR,0.8863636363636364,0.15950920245398773
Random Forest (balanced),PR,0.8863636363636364,0.1598360655737705
Random Forest (balanced),PR,0.8863636363636364,0.1601642710472279
Random Forest (balanced),PR,0.8863636363636364,0.16049382716049382
Random Forest (balanced),PR,0.8863636363636364,0.16082474226804125
Random Forest (balanced),PR,0.8863636363636364,0.16115702479338842
Random Forest (balanced),PR,0.8863636363636364,0.16149068322981366
Random Forest (balanced),PR,0.8863636363636364,0.16182572614107885
Random Forest (balanced),PR,0.8863636363636364,0.16216216216216217
Random Forest (balanced),PR,0.8863636363636364,0.1625
Random Forest (balanced),PR,0.8863636363636364,0.162839248434238
Random Forest (balanced),PR,0.8863636363636364,0.16317991631799164
Random Forest (balanced),PR,0.8863636363636364,0.16352201257861634
Random Forest (balanced),PR,0.8863636363636364,0.1638655462184874
Random Forest (balanced),PR,0.8863636363636364,0.16421052631578947
Random Forest (balanced),PR,0.8863636363636364,0.16455696202531644
Random Forest (balanced),PR,0.8863636363636364,0.1649048625792812
Random Forest (balanced),PR,0.8863636363636364,0.1652542372881356
Random Forest (balanced),PR,0.8863636363636364,0.16560509554140126
Random Forest (balanced),PR,0.8863636363636364,0.16595744680851063
Random Forest (balanced),PR,0.8863636363636364,0.16631130063965885
Random Forest (balanced),PR,0.8863636363636364,0.16666666666666666
Random Forest (balanced),PR,0.8863636363636364,0.1670235546038544
Random Forest (balanced),PR,0.8863636363636364,0.16738197424892703
Random Forest (balanced),PR,0.8863636363636364,0.16774193548387098
Random Forest (balanced),PR,0.8863636363636364,0.16810344827586207
Random Forest (balanced),PR,0.8863636363636364,0.16846652267818574
Random Forest (balanced),PR,0.8863636363636364,0.16883116883116883
Random Forest (balanced),PR,0.8863636363636364,0.16919739696312364
Random Forest (balanced),PR,0.8863636363636364,0.16956521739130434
Random Forest (balanced),PR,0.8863636363636364,0.16993464052287582
Random Forest (balanced),PR,0.8863636363636364,0.1703056768558952
Random Forest (balanced),PR,0.8863636363636364,0.17067833698030635
Random Forest (balanced),PR,0.8863636363636364,0.17105263157894737
Random Forest (balanced),PR,0.8863636363636364,0.17142857142857143
Random Forest (balanced),PR,0.8863636363636364,0.17180616740088106
Random Forest (balanced),PR,0.8863636363636364,0.17218543046357615
Random Forest (balanced),PR,0.8863636363636364,0.17256637168141592
Random Forest (balanced),PR,0.8863636363636364,0.1729490022172949
Random Forest (balanced),PR,0.8863636363636364,0.17333333333333334
Random Forest (balanced),PR,0.8863636363636364,0.17371937639198218
Random Forest (balanced),PR,0.8863636363636364,0.17410714285714285
Random Forest (balanced),PR,0.8863636363636364,0.174496644295302
Random Forest (balanced),PR,0.8863636363636364,0.17488789237668162
Random Forest (balanced),PR,0.8863636363636364,0.1752808988764045
Random Forest (balanced),PR,0.8863636363636364,0.17567567567567569
Random Forest (balanced),PR,0.8863636363636364,0.17607223476297967
Random Forest (balanced),PR,0.8863636363636364,0.17647058823529413
Random Forest (balanced),PR,0.8863636363636364,0.17687074829931973
Random Forest (balanced),PR,0.8863636363636364,0.17727272727272728
Random Forest (balanced),PR,0.8863636363636364,0.1776765375854214
Random Forest (balanced),PR,0.8863636363636364,0.1780821917808219
Random Forest (balanced),PR,0.8863636363636364,0.17848970251716248
Random Forest (balanced),PR,0.8863636363636364,0.17889908256880735
Random Forest (balanced),PR,0.8863636363636364,0.1793103448275862
Random Forest (balanced),PR,0.8863636363636364,0.17972350230414746
Random Forest (balanced),PR,0.8863636363636364,0.18013856812933027
Random Forest (balanced),PR,0.8863636363636364,0.18055555555555555
Random Forest (balanced),PR,0.8863636363636364,0.18097447795823665
Random Forest (balanced),PR,0.8863636363636364,0.1813953488372093
Random Forest (balanced),PR,0.8863636363636364,0.18181818181818182
Random Forest (balanced),PR,0.8863636363636364,0.1822429906542056
Random Forest (balanced),PR,0.8863636363636364,0.18266978922716628
Random Forest (balanced),PR,0.8863636363636364,0.18309859154929578
Random Forest (balanced),PR,0.8863636363636364,0.18352941176470589
Random Forest (balanced),PR,0.8863636363636364,0.18396226415094338
Random Forest (balanced),PR,0.8863636363636364,0.18439716312056736
Random Forest (balanced),PR,0.8863636363636364,0.1848341232227488
Random Forest (balanced),PR,0.8863636363636364,0.18527315914489312
Random Forest (balanced),PR,0.8863636363636364,0.18571428571428572
Random Forest (balanced),PR,0.8863636363636364,0.18615751789976134
Random Forest (balanced),PR,0.8863636363636364,0.18660287081339713
Random Forest (balanced),PR,0.8863636363636364,0.18705035971223022
Random Forest (balanced),PR,0.8863636363636364,0.1875
Random Forest (balanced),PR,0.8863636363636364,0.18795180722891566
Random Forest (balanced),PR,0.8863636363636364,0.18840579710144928
Random Forest (balanced),PR,0.8863636363636364,0.18886198547215496
Random Forest (balanced),PR,0.8863636363636364,0.18932038834951456
Random Forest (balanced),PR,0.8863636363636364,0.1897810218978102
Random Forest (balanced),PR,0.8863636363636364,0.1902439024390244
Random Forest (balanced),PR,0.8863636363636364,0.19070904645476772
Random Forest (balanced),PR,0.8863636363636364,0.19117647058823528
Random Forest (balanced),PR,0.8863636363636364,0.19164619164619165
Random Forest (balanced),PR,0.8863636363636364,0.1921182266009852
Random Forest (balanced),PR,0.8863636363636364,0.1925925925925926
Random Forest (balanced),PR,0.8863636363636364,0.19306930693069307
Random Forest (balanced),PR,0.8863636363636364,0.1935483870967742
Random Forest (balanced),PR,0.8863636363636364,0.19402985074626866
Random Forest (balanced),PR,0.8863636363636364,0.19451371571072318
Random Forest (balanced),PR,0.8863636363636364,0.195
Random Forest (balanced),PR,0.8863636363636364,0.19548872180451127
Random Forest (balanced),PR,0.875,0.1934673366834171
Random Forest (balanced),PR,0.875,0.19395465994962216
Random Forest (balanced),PR,0.875,0.19444444444444445
Random Forest (balanced),PR,0.875,0.1949367088607595
Random Forest (balanced),PR,0.875,0.19543147208121828
Random Forest (balanced),PR,0.875,0.19592875318066158
Random Forest (balanced),PR,0.875,0.19642857142857142
Random Forest (balanced),PR,0.875,0.1969309462915601
Random Forest (balanced),PR,0.875,0.19743589743589743
Random Forest (balanced),PR,0.875,0.19794344473007713
Random Forest (balanced),PR,0.875,0.19845360824742267
Random Forest (balanced),PR,0.875,0.19896640826873385
Random Forest (balanced),PR,0.875,0.19948186528497408
Random Forest (balanced),PR,0.875,0.2
Random Forest (balanced),PR,0.875,0.20052083333333334
Random Forest (balanced),PR,0.875,0.2010443864229765
Random Forest (balanced),PR,0.875,0.20157068062827224
Random Forest (balanced),PR,0.875,0.2020997375328084
Random Forest (balanced),PR,0.875,0.2026315789473684
Random Forest (balanced),PR,0.875,0.20316622691292877
Random Forest (balanced),PR,0.875,0.2037037037037037
Random Forest (balanced),PR,0.875,0.20424403183023873
Random Forest (balanced),PR,0.875,0.2047872340425532
Random Forest (balanced),PR,0.875,0.20533333333333334
Random Forest (balanced),PR,0.875,0.20588235294117646
Random Forest (balanced),PR,0.875,0.2064343163538874
Random Forest (balanced),PR,0.875,0.20698924731182797
Random Forest (balanced),PR,0.875,0.20754716981132076
Random Forest (balanced),PR,0.875,0.20810810810810812
Random Forest (balanced),PR,0.875,0.2086720867208672
Random Forest (balanced),PR,0.875,0.20923913043478262
Random Forest (balanced),PR,0.875,0.2098092643051771
Random Forest (balanced),PR,0.875,0.2103825136612022
Random Forest (balanced),PR,0.875,0.21095890410958903
Random Forest (balanced),PR,0.875,0.21153846153846154
Random Forest (balanced),PR,0.875,0.21212121212121213
Random Forest (balanced),PR,0.875,0.212707182320442
Random Forest (balanced),PR,0.875,0.21329639889196675
Random Forest (balanced),PR,0.875,0.21388888888888888
Random Forest (balanced),PR,0.875,0.21448467966573817
Random Forest (balanced),PR,0.875,0.21508379888268156
Random Forest (balanced),PR,0.875,0.21568627450980393
Random Forest (balanced),PR,0.875,0.21629213483146068
Random Forest (balanced),PR,0.875,0.21690140845070421
Random Forest (balanced),PR,0.875,0.2175141242937853
Random Forest (balanced),PR,0.875,0.21813031161473087
Random Forest (balanced),PR,0.875,0.21875
Random Forest (balanced),PR,0.875,0.21937321937321938
Random Forest (balanced),PR,0.875,0.22
Random Forest (balanced),PR,0.875,0.22063037249283668
Random Forest (balanced),PR,0.875,0.22126436781609196
Random Forest (balanced),PR,0.875,0.2219020172910663
Random Forest (balanced),PR,0.875,0.22254335260115607
Random Forest (balanced),PR,0.875,0.22318840579710145
Random Forest (balanced),PR,0.875,0.2238372093023256
Random Forest (balanced),PR,0.875,0.22448979591836735
Random Forest (balanced),PR,0.875,0.22514619883040934
Random Forest (balanced),PR,0.875,0.22580645161290322
Random Forest (balanced),PR,0.875,0.22647058823529412
Random Forest (balanced),PR,0.875,0.22713864306784662
Random Forest (balanced),PR,0.875,0.22781065088757396
Random Forest (balanced),PR,0.875,0.228486646884273
Random Forest (balanced),PR,0.875,0.22916666666666666
Random Forest (balanced),PR,0.875,0.2298507462686567
Random Forest (balanced),PR,0.875,0.23053892215568864
Random Forest (balanced),PR,0.875,0.23123123123123124
Random Forest (balanced),PR,0.875,0.2319277108433735
Random Forest (balanced),PR,0.875,0.2326283987915408
Random Forest (balanced),PR,0.875,0.23333333333333334
Random Forest (balanced),PR,0.8636363636363636,0.23100303951367782
Random Forest (balanced),PR,0.8636363636363636,0.23170731707317074
Random Forest (balanced),PR,0.8636363636363636,0.2324159021406728
Random Forest (balanced),PR,0.8636363636363636,0.2331288343558282
Random Forest (balanced),PR,0.8636363636363636,0.23384615384615384
Random Forest (balanced),PR,0.8636363636363636,0.2345679012345679
Random Forest (balanced),PR,0.8636363636363636,0.23529411764705882
Random Forest (balanced),PR,0.8636363636363636,0.2360248447204969
Random Forest (balanced),PR,0.8636363636363636,0.2367601246105919
Random Forest (balanced),PR,0.8636363636363636,0.2375
Random Forest (balanced),PR,0.8636363636363636,0.23824451410658307
Random Forest (balanced),PR,0.8636363636363636,0.2389937106918239
Random Forest (balanced),PR,0.8636363636363636,0.23974763406940064
Random Forest (balanced),PR,0.8636363636363636,0.24050632911392406
Random Forest (balanced),PR,0.8636363636363636,0.24126984126984127
Random Forest (balanced),PR,0.8636363636363636,0.24203821656050956
Random Forest (balanced),PR,0.8636363636363636,0.24281150159744408
Random Forest (balanced),PR,0.8522727272727273,0.2403846153846154
Random Forest (balanced),PR,0.8522727272727273,0.24115755627009647
Random Forest (balanced),PR,0.8522727272727273,0.24193548387096775
Random Forest (balanced),PR,0.8522727272727273,0.24271844660194175
Random Forest (balanced),PR,0.8522727272727273,0.2435064935064935
Random Forest (balanced),PR,0.8522727272727273,0.24429967426710097
Random Forest (balanced),PR,0.8522727272727273,0.24509803921568626
Random Forest (balanced),PR,0.8522727272727273,0.2459016393442623
Random Forest (balanced),PR,0.8522727272727273,0.24671052631578946
Random Forest (balanced),PR,0.8522727272727273,0.24752475247524752
Random Forest (balanced),PR,0.8522727272727273,0.24834437086092714
Random Forest (balanced),PR,0.8522727272727273,0.24916943521594684
Random Forest (balanced),PR,0.8522727272727273,0.25
Random Forest (balanced),PR,0.8409090909090909,0.24749163879598662
Random Forest (balanced),PR,0.8409090909090909,0.2483221476510067
Random Forest (balanced),PR,0.8295454545454546,0.24579124579124578
Random Forest (balanced),PR,0.8295454545454546,0.24662162162162163
Random Forest (balanced),PR,0.8181818181818182,0.2440677966101695
Random Forest (balanced),PR,0.8181818181818182,0.24489795918367346
Random Forest (balanced),PR,0.8181818181818182,0.24573378839590443
Random Forest (balanced),PR,0.8181818181818182,0.2465753424657534
Random Forest (balanced),PR,0.8181818181818182,0.24742268041237114
Random Forest (balanced),PR,0.8181818181818182,0.2482758620689655
Random Forest (balanced),PR,0.8181818181818182,0.2491349480968858
Random Forest (balanced),PR,0.8068181818181818,0.2465277777777778
Random Forest (balanced),PR,0.8068181818181818,0.24738675958188153
Random Forest (balanced),PR,0.8068181818181818,0.24825174825174826
Random Forest (balanced),PR,0.8068181818181818,0.24912280701754386
Random Forest (balanced),PR,0.8068181818181818,0.25
Random Forest (balanced),PR,0.8068181818181818,0.2508833922261484
Random Forest (balanced),PR,0.8068181818181818,0.25177304964539005
Random Forest (balanced),PR,0.8068181818181818,0.2526690391459075
Random Forest (balanced),PR,0.8068181818181818,0.25357142857142856
Random Forest (balanced),PR,0.8068181818181818,0.25448028673835127
Random Forest (balanced),PR,0.7954545454545454,0.2517985611510791
Random Forest (balanced),PR,0.7840909090909091,0.2490974729241877
Random Forest (balanced),PR,0.7840909090909091,0.25
Random Forest (balanced),PR,0.7840909090909091,0.2509090909090909
Random Forest (balanced),PR,0.7727272727272727,0.24817518248175183
Random Forest (balanced),PR,0.7613636363636364,0.2454212454212454
Random Forest (balanced),PR,0.7613636363636364,0.24632352941176472
Random Forest (balanced),PR,0.75,0.24354243542435425
Random Forest (balanced),PR,0.75,0.24444444444444444
Random Forest (balanced),PR,0.75,0.24535315985130113
Random Forest (balanced),PR,0.75,0.2462686567164179
Random Forest (balanced),PR,0.75,0.24719101123595505
Random Forest (balanced),PR,0.75,0.24812030075187969
Random Forest (balanced),PR,0.75,0.2490566037735849
Random Forest (balanced),PR,0.75,0.25
Random Forest (balanced),PR,0.75,0.2509505703422053
Random Forest (balanced),PR,0.75,0.25190839694656486
Random Forest (balanced),PR,0.75,0.25287356321839083
Random Forest (balanced),PR,0.75,0.25384615384615383
Random Forest (balanced),PR,0.7386363636363636,0.25096525096525096
Random Forest (balanced),PR,0.7386363636363636,0.25193798449612403
Random Forest (balanced),PR,0.7386363636363636,0.2529182879377432
Random Forest (balanced),PR,0.7386363636363636,0.25390625
Random Forest (balanced),PR,0.7386363636363636,0.2549019607843137
Random Forest (balanced),PR,0.7386363636363636,0.2559055118110236
Random Forest (balanced),PR,0.7386363636363636,0.25691699604743085
Random Forest (balanced),PR,0.7386363636363636,0.25793650793650796
Random Forest (balanced),PR,0.7386363636363636,0.2589641434262948
Random Forest (balanced),PR,0.7386363636363636,0.26
Random Forest (balanced),PR,0.7386363636363636,0.26104417670682734
Random Forest (balanced),PR,0.7386363636363636,0.2620967741935484
Random Forest (balanced),PR,0.7272727272727273,0.2591093117408907
Random Forest (balanced),PR,0.7272727272727273,0.2601626016260163
Random Forest (balanced),PR,0.7272727272727273,0.2612244897959184
Random Forest (balanced),PR,0.7272727272727273,0.26229508196721313
Random Forest (balanced),PR,0.7272727272727273,0.26337448559670784
Random Forest (balanced),PR,0.7272727272727273,0.2644628099173554
Random Forest (balanced),PR,0.7272727272727273,0.26556016597510373
Random Forest (balanced),PR,0.7272727272727273,0.26666666666666666
Random Forest (balanced),PR,0.7272727272727273,0.26778242677824265
Random Forest (balanced),PR,0.7159090909090909,0.2647058823529412
Random Forest (balanced),PR,0.7159090909090909,0.26582278481012656
Random Forest (balanced),PR,0.7159090909090909,0.2669491525423729
Random Forest (balanced),PR,0.7159090909090909,0.2680851063829787
Random Forest (balanced),PR,0.7159090909090909,0.2692307692307692
Random Forest (balanced),PR,0.7159090909090909,0.2703862660944206
Random Forest (balanced),PR,0.7159090909090909,0.27155172413793105
Random Forest (balanced),PR,0.7159090909090909,0.2727272727272727
Random Forest (balanced),PR,0.7045454545454546,0.26956521739130435
Random Forest (balanced),PR,0.6931818181818182,0.2663755458515284
Random Forest (balanced),PR,0.6931818181818182,0.2675438596491228
Random Forest (balanced),PR,0.6818181818181818,0.2643171806167401
Random Forest (balanced),PR,0.6704545454545454,0.2610619469026549
Random Forest (balanced),PR,0.6704545454545454,0.26222222222222225
Random Forest (balanced),PR,0.6704545454545454,0.26339285714285715
Random Forest (balanced),PR,0.6704545454545454,0.2645739910313901
Random Forest (balanced),PR,0.6704545454545454,0.26576576576576577
Random Forest (balanced),PR,0.6704545454545454,0.2669683257918552
Random Forest (balanced),PR,0.6590909090909091,0.2636363636363636
Random Forest (balanced),PR,0.6590909090909091,0.2648401826484018
Random Forest (balanced),PR,0.6590909090909091,0.26605504587155965
Random Forest (balanced),PR,0.6590909090909091,0.2672811059907834
Random Forest (balanced),PR,0.6590909090909091,0.26851851851851855
Random Forest (balanced),PR,0.6590909090909091,0.26976744186046514
Random Forest (balanced),PR,0.6477272727272727,0.26635514018691586
Random Forest (balanced),PR,0.6477272727272727,0.2676056338028169
Random Forest (balanced),PR,0.6477272727272727,0.2688679245283019
Random Forest (balanced),PR,0.6477272727272727,0.27014218009478674
Random Forest (balanced),PR,0.6477272727272727,0.2714285714285714
Random Forest (balanced),PR,0.6477272727272727,0.2727272727272727
Random Forest (balanced),PR,0.6477272727272727,0.27403846153846156
Random Forest (balanced),PR,0.6363636363636364,0.27053140096618356
Random Forest (balanced),PR,0.6363636363636364,0.27184466019417475
Random Forest (balanced),PR,0.6363636363636364,0.2731707317073171
Random Forest (balanced),PR,0.6363636363636364,0.27450980392156865
Random Forest (balanced),PR,0.6363636363636364,0.27586206896551724
Random Forest (balanced),PR,0.6363636363636364,0.27722772277227725
Random Forest (balanced),PR,0.6363636363636364,0.27860696517412936
Random Forest (balanced),PR,0.625,0.275
Random Forest (balanced),PR,0.625,0.27638190954773867
Random Forest (balanced),PR,0.625,0.2777777777777778
Random Forest (balanced),PR,0.625,0.27918781725888325
Random Forest (balanced),PR,0.625,0.28061224489795916
Random Forest (balanced),PR,0.6136363636363636,0.27692307692307694
Random Forest (balanced),PR,0.6022727272727273,0.27319587628865977
Random Forest (balanced),PR,0.6022727272727273,0.27461139896373055
Random Forest (balanced),PR,0.6022727272727273,0.2760416666666667
Random Forest (balanced),PR,0.6022727272727273,0.2774869109947644
Random Forest (balanced),PR,0.5909090909090909,0.2736842105263158
Random Forest (balanced),PR,0.5795454545454546,0.2698412698412698
Random Forest (balanced),PR,0.5795454545454546,0.2712765957446808
Random Forest (balanced),PR,0.5795454545454546,0.2727272727272727
Random Forest (balanced),PR,0.5795454545454546,0.27419354838709675
Random Forest (balanced),PR,0.5681818181818182,0.2702702702702703
Random Forest (balanced),PR,0.5681818181818182,0.2717391304347826
Random Forest (balanced),PR,0.5568181818181818,0.2677595628415301
Random Forest (balanced),PR,0.5568181818181818,0.2692307692307692
Random Forest (balanced),PR,0.5454545454545454,0.26519337016574585
Random Forest (balanced),PR,0.5454545454545454,0.26666666666666666
Random Forest (balanced),PR,0.5454545454545454,0.2681564245810056
Random Forest (balanced),PR,0.5454545454545454,0.2696629213483146
Random Forest (balanced),PR,0.5454545454545454,0.2711864406779661
Random Forest (balanced),PR,0.5454545454545454,0.2727272727272727
Random Forest (balanced),PR,0.5454545454545454,0.2742857142857143
Random Forest (balanced),PR,0.5454545454545454,0.27586206896551724
Random Forest (balanced),PR,0.5454545454545454,0.2774566473988439
Random Forest (balanced),PR,0.5454545454545454,0.27906976744186046
Random Forest (balanced),PR,0.5340909090909091,0.27485380116959063
Random Forest (balanced),PR,0.5340909090909091,0.27647058823529413
Random Forest (balanced),PR,0.5340909090909091,0.2781065088757396
Random Forest (balanced),PR,0.5340909090909091,0.27976190476190477
Random Forest (balanced),PR,0.5227272727272727,0.2754491017964072
Random Forest (balanced),PR,0.5227272727272727,0.27710843373493976
Random Forest (balanced),PR,0.5227272727272727,0.2787878787878788
Random Forest (balanced),PR,0.5227272727272727,0.2804878048780488
Random Forest (balanced),PR,0.5227272727272727,0.2822085889570552
Random Forest (balanced),PR,0.5113636363636364,0.2777777777777778
Random Forest (balanced),PR,0.5113636363636364,0.2795031055900621
Random Forest (balanced),PR,0.5113636363636364,0.28125
Random Forest (balanced),PR,0.5113636363636364,0.2830188679245283
Random Forest (balanced),PR,0.5,0.27848101265822783
Random Forest (balanced),PR,0.5,0.2802547770700637
Random Forest (balanced),PR,0.5,0.28205128205128205
Random Forest (balanced),PR,0.5,0.2838709677419355
Random Forest (balanced),PR,0.5,0.2857142857142857
Random Forest (balanced),PR,0.5,0.2875816993464052
Random Forest (balanced),PR,0.5,0.2894736842105263
Random Forest (balanced),PR,0.5,0.2913907284768212
Random Forest (balanced),PR,0.5,0.29333333333333333
Random Forest (balanced),PR,0.5,0.2953020134228188
Random Forest (balanced),PR,0.5,0.2972972972972973
Random Forest (balanced),PR,0.48863636363636365,0.2925170068027211
Random Forest (balanced),PR,0.48863636363636365,0.2945205479452055
Random Forest (balanced),PR,0.4772727272727273,0.2896551724137931
Random Forest (balanced),PR,0.4772727272727273,0.2916666666666667
Random Forest (balanced),PR,0.4659090909090909,0.2867132867132867
Random Forest (balanced),PR,0.4659090909090909,0.2887323943661972
Random Forest (balanced),PR,0.4659090909090909,0.2907801418439716
Random Forest (balanced),PR,0.4659090909090909,0.29285714285714287
Random Forest (balanced),PR,0.4659090909090909,0.2949640287769784
Random Forest (balanced),PR,0.4659090909090909,0.2971014492753623
Random Forest (balanced),PR,0.45454545454545453,0.291970802919708
Random Forest (balanced),PR,0.45454545454545453,0.29411764705882354
Random Forest (balanced),PR,0.4431818181818182,0.28888888888888886
Random Forest (balanced),PR,0.4431818181818182,0.291044776119403
Random Forest (balanced),PR,0.4431818181818182,0.2932330827067669
Random Forest (balanced),PR,0.4431818181818182,0.29545454545454547
Random Forest (balanced),PR,0.4431818181818182,0.29770992366412213
Random Forest (balanced),PR,0.4431818181818182,0.3
Random Forest (balanced),PR,0.4318181818181818,0.29457364341085274
Random Forest (balanced),PR,0.4318181818181818,0.296875
Random Forest (balanced),PR,0.42045454545454547,0.29133858267716534
Random Forest (balanced),PR,0.42045454545454547,0.29365079365079366
Random Forest (balanced),PR,0.42045454545454547,0.296
Random Forest (balanced),PR,0.42045454545454547,0.29838709677419356
Random Forest (balanced),PR,0.42045454545454547,0.3008130081300813
Random Forest (balanced),PR,0.42045454545454547,0.30327868852459017
Random Forest (balanced),PR,0.42045454545454547,0.30578512396694213
Random Forest (balanced),PR,0.42045454545454547,0.30833333333333335
Random Forest (balanced),PR,0.42045454545454547,0.31092436974789917
Random Forest (balanced),PR,0.42045454545454547,0.3135593220338983
Random Forest (balanced),PR,0.42045454545454547,0.3162393162393162
Random Forest (balanced),PR,0.42045454545454547,0.31896551724137934
Random Forest (balanced),PR,0.4090909090909091,0.3130434782608696
Random Forest (balanced),PR,0.3977272727272727,0.30701754385964913
Random Forest (balanced),PR,0.3977272727272727,0.30973451327433627
Random Forest (balanced),PR,0.38636363636363635,0.30357142857142855
Random Forest (balanced),PR,0.38636363636363635,0.3063063063063063
Random Forest (balanced),PR,0.38636363636363635,0.3090909090909091
Random Forest (balanced),PR,0.38636363636363635,0.3119266055045872
Random Forest (balanced),PR,0.38636363636363635,0.3148148148148148
Random Forest (balanced),PR,0.38636363636363635,0.3177570093457944
Random Forest (balanced),PR,0.38636363636363635,0.32075471698113206
Random Forest (balanced),PR,0.38636363636363635,0.3238095238095238
Random Forest (balanced),PR,0.38636363636363635,0.3269230769230769
Random Forest (balanced),PR,0.38636363636363635,0.3300970873786408
Random Forest (balanced),PR,0.38636363636363635,0.3333333333333333
Random Forest (balanced),PR,0.38636363636363635,0.33663366336633666
Random Forest (balanced),PR,0.375,0.33
Random Forest (balanced),PR,0.375,0.3333333333333333
Random Forest (balanced),PR,0.375,0.336734693877551
Random Forest (balanced),PR,0.375,0.3402061855670103
Random Forest (balanced),PR,0.375,0.34375
Random Forest (balanced),PR,0.375,0.3473684210526316
Random Forest (balanced),PR,0.375,0.35106382978723405
Random Forest (balanced),PR,0.375,0.3548387096774194
Random Forest (balanced),PR,0.375,0.358695652173913
Random Forest (balanced),PR,0.375,0.3626373626373626
Random Forest (balanced),PR,0.36363636363636365,0.35555555555555557
Random Forest (balanced),PR,0.3522727272727273,0.34831460674157305
Random Forest (balanced),PR,0.3522727272727273,0.3522727272727273
Random Forest (balanced),PR,0.3409090909090909,0.3448275862068966
Random Forest (balanced),PR,0.32954545454545453,0.3372093023255814
Random Forest (balanced),PR,0.32954545454545453,0.3411764705882353
Random Forest (balanced),PR,0.32954545454545453,0.34523809523809523
Random Forest (balanced),PR,0.32954545454545453,0.3493975903614458
Random Forest (balanced),PR,0.32954545454545453,0.35365853658536583
Random Forest (balanced),PR,0.32954545454545453,0.35802469135802467
Random Forest (balanced),PR,0.32954545454545453,0.3625
Random Forest (balanced),PR,0.32954545454545453,0.3670886075949367
Random Forest (balanced),PR,0.32954545454545453,0.3717948717948718
Random Forest (balanced),PR,0.3181818181818182,0.36363636363636365
Random Forest (balanced),PR,0.3068181818181818,0.35526315789473684
Random Forest (balanced),PR,0.3068181818181818,0.36
Random Forest (balanced),PR,0.3068181818181818,0.36486486486486486
Random Forest (balanced),PR,0.29545454545454547,0.3561643835616438
Random Forest (balanced),PR,0.29545454545454547,0.3611111111111111
Random Forest (balanced),PR,0.29545454545454547,0.36619718309859156
Random Forest (balanced),PR,0.29545454545454547,0.37142857142857144
Random Forest (balanced),PR,0.29545454545454547,0.37681159420289856
Random Forest (balanced),PR,0.29545454545454547,0.38235294117647056
Random Forest (balanced),PR,0.2840909090909091,0.373134328358209
Random Forest (balanced),PR,0.2727272727272727,0.36363636363636365
Random Forest (balanced),PR,0.26136363636363635,0.35384615384615387
Random Forest (balanced),PR,0.26136363636363635,0.359375
Random Forest (balanced),PR,0.25,0.3492063492063492
Random Forest (balanced),PR,0.23863636363636365,0.3387096774193548
Random Forest (balanced),PR,0.23863636363636365,0.3442622950819672
Random Forest (balanced),PR,0.22727272727272727,0.3333333333333333
Random Forest (balanced),PR,0.22727272727272727,0.3389830508474576
Random Forest (balanced),PR,0.22727272727272727,0.3448275862068966
Random Forest (balanced),PR,0.22727272727272727,0.3508771929824561
Random Forest (balanced),PR,0.22727272727272727,0.35714285714285715
Random Forest (balanced),PR,0.22727272727272727,0.36363636363636365
Random Forest (balanced),PR,0.2159090909090909,0.35185185185185186
Random Forest (balanced),PR,0.20454545454545456,0.33962264150943394
Random Forest (balanced),PR,0.20454545454545456,0.34615384615384615
Random Forest (balanced),PR,0.20454545454545456,0.35294117647058826
Random Forest (balanced),PR,0.20454545454545456,0.36
Random Forest (balanced),PR,0.20454545454545456,0.3673469387755102
Random Forest (balanced),PR,0.19318181818181818,0.3541666666666667
Random Forest (balanced),PR,0.18181818181818182,0.3404255319148936
Random Forest (balanced),PR,0.18181818181818182,0.34782608695652173
Random Forest (balanced),PR,0.18181818181818182,0.35555555555555557
Random Forest (balanced),PR,0.18181818181818182,0.36363636363636365
Random Forest (balanced),PR,0.18181818181818182,0.37209302325581395
Random Forest (balanced),PR,0.18181818181818182,0.38095238095238093
Random Forest (balanced),PR,0.18181818181818182,0.3902439024390244
Random Forest (balanced),PR,0.18181818181818182,0.4
Random Forest (balanced),PR,0.17045454545454544,0.38461538461538464
Random Forest (balanced),PR,0.1590909090909091,0.3684210526315789
Random Forest (balanced),PR,0.1590909090909091,0.3783783783783784
Random Forest (balanced),PR,0.1590909090909091,0.3888888888888889
Random Forest (balanced),PR,0.1590909090909091,0.4
Random Forest (balanced),PR,0.1590909090909091,0.4117647058823529
Random Forest (balanced),PR,0.14772727272727273,0.3939393939393939
Random Forest (balanced),PR,0.14772727272727273,0.40625
Random Forest (balanced),PR,0.13636363636363635,0.3870967741935484
Random Forest (balanced),PR,0.13636363636363635,0.4
Random Forest (balanced),PR,0.13636363636363635,0.41379310344827586
Random Forest (balanced),PR,0.13636363636363635,0.42857142857142855
Random Forest (balanced),PR,0.13636363636363635,0.4444444444444444
Random Forest (balanced),PR,0.125,0.4230769230769231
Random Forest (balanced),PR,0.125,0.44
Random Forest (balanced),PR,0.11363636363636363,0.4166666666666667
Random Forest (balanced),PR,0.11363636363636363,0.43478260869565216
Random Forest (balanced),PR,0.11363636363636363,0.45454545454545453
Random Forest (balanced),PR,0.10227272727272728,0.42857142857142855
Random Forest (balanced),PR,0.10227272727272728,0.45
Random Forest (balanced),PR,0.10227272727272728,0.47368421052631576
Random Forest (balanced),PR,0.10227272727272728,0.5
Random Forest (balanced),PR,0.09090909090909091,0.47058823529411764
Random Forest (balanced),PR,0.07954545454545454,0.4375
Random Forest (balanced),PR,0.07954545454545454,0.4666666666666667
Random Forest (balanced),PR,0.06818181818181818,0.42857142857142855
Random Forest (balanced),PR,0.06818181818181818,0.46153846153846156
Random Forest (balanced),PR,0.06818181818181818,0.5
Random Forest (balanced),PR,0.056818181818181816,0.45454545454545453
Random Forest (balanced),PR,0.045454545454545456,0.4
Random Forest (balanced),PR,0.03409090909090909,0.3333333333333333
Random Forest (balanced),PR,0.03409090909090909,0.375
Random Forest (balanced),PR,0.022727272727272728,0.2857142857142857
Random Forest (balanced),PR,0.022727272727272728,0.3333333333333333
Random Forest (balanced),PR,0.022727272727272728,0.4
Random Forest (balanced),PR,0.022727272727272728,0.5
Random Forest (balanced),PR,0.022727272727272728,0.6666666666666666
Random Forest (balanced),PR,0.022727272727272728,1.0
Random Forest (balanced),PR,0.011363636363636364,1.0
Random Forest (balanced),PR,0.0,1.0
Histogram Gradient Boosting (balanced),ROC,0.0,0.0
Histogram Gradient Boosting (balanced),ROC,0.0,0.011363636363636364
Histogram Gradient Boosting (balanced),ROC,0.0,0.022727272727272728
Histogram Gradient Boosting (balanced),ROC,0.0010964912280701754,0.022727272727272728
Histogram Gradient Boosting (balanced),ROC,0.0010964912280701754,0.03409090909090909
Histogram Gradient Boosting (balanced),ROC,0.003289473684210526,0.03409090909090909
Histogram Gradient Boosting (balanced),ROC,0.003289473684210526,0.045454545454545456
Histogram Gradient Boosting (balanced),ROC,0.008771929824561403,0.045454545454545456
Histogram Gradient Boosting (balanced),ROC,0.008771929824561403,0.056818181818181816
Histogram Gradient Boosting (balanced),ROC,0.009868421052631578,0.056818181818181816
Histogram Gradient Boosting (balanced),ROC,0.009868421052631578,0.07954545454545454
Histogram Gradient Boosting (balanced),ROC,0.01206140350877193,0.07954545454545454
Histogram Gradient Boosting (balanced),ROC,0.01206140350877193,0.09090909090909091
Histogram Gradient Boosting (balanced),ROC,0.021929824561403508,0.09090909090909091
Histogram Gradient Boosting (balanced),ROC,0.021929824561403508,0.11363636363636363
Histogram Gradient Boosting (balanced),ROC,0.023026315789473683,0.11363636363636363
Histogram Gradient Boosting (balanced),ROC,0.023026315789473683,0.125
Histogram Gradient Boosting (balanced),ROC,0.02412280701754386,0.125
Histogram Gradient Boosting (balanced),ROC,0.02412280701754386,0.13636363636363635
Histogram Gradient Boosting (balanced),ROC,0.027412280701754384,0.13636363636363635
Histogram Gradient Boosting (balanced),ROC,0.027412280701754384,0.14772727272727273
Histogram Gradient Boosting (balanced),ROC,0.029605263157894735,0.14772727272727273
Histogram Gradient Boosting (balanced),ROC,0.029605263157894735,0.1590909090909091
Histogram Gradient Boosting (balanced),ROC,0.03070175438596491,0.1590909090909091
Histogram Gradient Boosting (balanced),ROC,0.03070175438596491,0.17045454545454544
Histogram Gradient Boosting (balanced),ROC,0.049342105263157895,0.17045454545454544
Histogram Gradient Boosting (balanced),ROC,0.049342105263157895,0.18181818181818182
Histogram Gradient Boosting (balanced),ROC,0.051535087719298246,0.18181818181818182
Histogram Gradient Boosting (balanced),ROC,0.051535087719298246,0.20454545454545456
Histogram Gradient Boosting (balanced),ROC,0.0537280701754386,0.20454545454545456
Histogram Gradient Boosting (balanced),ROC,0.0537280701754386,0.2159090909090909
Histogram Gradient Boosting (balanced),ROC,0.05482456140350877,0.2159090909090909
Histogram Gradient Boosting (balanced),ROC,0.05482456140350877,0.22727272727272727
Histogram Gradient Boosting (balanced),ROC,0.06140350877192982,0.22727272727272727
Histogram Gradient Boosting (balanced),ROC,0.06140350877192982,0.23863636363636365
Histogram Gradient Boosting (balanced),ROC,0.06359649122807018,0.23863636363636365
Histogram Gradient Boosting (balanced),ROC,0.06359649122807018,0.26136363636363635
Histogram Gradient Boosting (balanced),ROC,0.0668859649122807,0.26136363636363635
Histogram Gradient Boosting (balanced),ROC,0.0668859649122807,0.2727272727272727
Histogram Gradient Boosting (balanced),ROC,0.07017543859649122,0.2727272727272727
Histogram Gradient Boosting (balanced),ROC,0.07017543859649122,0.29545454545454547
Histogram Gradient Boosting (balanced),ROC,0.0712719298245614,0.29545454545454547
Histogram Gradient Boosting (balanced),ROC,0.0712719298245614,0.3181818181818182
Histogram Gradient Boosting (balanced),ROC,0.07236842105263158,0.3181818181818182
Histogram Gradient Boosting (balanced),ROC,0.07236842105263158,0.3409090909090909
Histogram Gradient Boosting (balanced),ROC,0.08114035087719298,0.3409090909090909
Histogram Gradient Boosting (balanced),ROC,0.08114035087719298,0.3522727272727273
Histogram Gradient Boosting (balanced),ROC,0.08223684210526316,0.3522727272727273
Histogram Gradient Boosting (balanced),ROC,0.08223684210526316,0.36363636363636365
Histogram Gradient Boosting (balanced),ROC,0.08552631578947369,0.36363636363636365
Histogram Gradient Boosting (balanced),ROC,0.08552631578947369,0.38636363636363635
Histogram Gradient Boosting (balanced),ROC,0.08881578947368421,0.38636363636363635
Histogram Gradient Boosting (balanced),ROC,0.08881578947368421,0.3977272727272727
Histogram Gradient Boosting (balanced),ROC,0.09429824561403509,0.3977272727272727
Histogram Gradient Boosting (balanced),ROC,0.09429824561403509,0.4090909090909091
Histogram Gradient Boosting (balanced),ROC,0.09868421052631579,0.4090909090909091
Histogram Gradient Boosting (balanced),ROC,0.09868421052631579,0.4431818181818182
Histogram Gradient Boosting (balanced),ROC,0.10526315789473684,0.4431818181818182
Histogram Gradient Boosting (balanced),ROC,0.10526315789473684,0.45454545454545453
Histogram Gradient Boosting (balanced),ROC,0.1074561403508772,0.45454545454545453
Histogram Gradient Boosting (balanced),ROC,0.1074561403508772,0.4659090909090909
Histogram Gradient Boosting (balanced),ROC,0.10964912280701754,0.4659090909090909
Histogram Gradient Boosting (balanced),ROC,0.10964912280701754,0.48863636363636365
Histogram Gradient Boosting (balanced),ROC,0.11293859649122807,0.48863636363636365
Histogram Gradient Boosting (balanced),ROC,0.11293859649122807,0.5
Histogram Gradient Boosting (balanced),ROC,0.12171052631578948,0.5
Histogram Gradient Boosting (balanced),ROC,0.12171052631578948,0.5113636363636364
Histogram Gradient Boosting (balanced),ROC,0.15350877192982457,0.5113636363636364
Histogram Gradient Boosting (balanced),ROC,0.15350877192982457,0.5227272727272727
Histogram Gradient Boosting (balanced),ROC,0.15460526315789475,0.5227272727272727
Histogram Gradient Boosting (balanced),ROC,0.15460526315789475,0.5340909090909091
Histogram Gradient Boosting (balanced),ROC,0.15789473684210525,0.5340909090909091
Histogram Gradient Boosting (balanced),ROC,0.15789473684210525,0.5454545454545454
Histogram Gradient Boosting (balanced),ROC,0.16666666666666666,0.5454545454545454
Histogram Gradient Boosting (balanced),ROC,0.16666666666666666,0.5568181818181818
Histogram Gradient Boosting (balanced),ROC,0.17105263157894737,0.5568181818181818
Histogram Gradient Boosting (balanced),ROC,0.17105263157894737,0.5681818181818182
Histogram Gradient Boosting (balanced),ROC,0.17543859649122806,0.5681818181818182
Histogram Gradient Boosting (balanced),ROC,0.17543859649122806,0.5909090909090909
Histogram Gradient Boosting (balanced),ROC,0.17982456140350878,0.5909090909090909
Histogram Gradient Boosting (balanced),ROC,0.17982456140350878,0.6022727272727273
Histogram Gradient Boosting (balanced),ROC,0.19298245614035087,0.6022727272727273
Histogram Gradient Boosting (balanced),ROC,0.19298245614035087,0.6136363636363636
Histogram Gradient Boosting (balanced),ROC,0.20065789473684212,0.6136363636363636
Histogram Gradient Boosting (balanced),ROC,0.20065789473684212,0.625
Histogram Gradient Boosting (balanced),ROC,0.20175438596491227,0.625
Histogram Gradient Boosting (balanced),ROC,0.20175438596491227,0.6477272727272727
Histogram Gradient Boosting (balanced),ROC,0.2050438596491228,0.6477272727272727
Histogram Gradient Boosting (balanced),ROC,0.2050438596491228,0.6590909090909091
Histogram Gradient Boosting (balanced),ROC,0.20614035087719298,0.6590909090909091
Histogram Gradient Boosting (balanced),ROC,0.20614035087719298,0.6704545454545454
Histogram Gradient Boosting (balanced),ROC,0.20723684210526316,0.6704545454545454
Histogram Gradient Boosting (balanced),ROC,0.20723684210526316,0.6818181818181818
Histogram Gradient Boosting (balanced),ROC,0.20833333333333334,0.6818181818181818
Histogram Gradient Boosting (balanced),ROC,0.20833333333333334,0.7045454545454546
Histogram Gradient Boosting (balanced),ROC,0.21052631578947367,0.7045454545454546
Histogram Gradient Boosting (balanced),ROC,0.21052631578947367,0.7159090909090909
Histogram Gradient Boosting (balanced),ROC,0.21929824561403508,0.7159090909090909
Histogram Gradient Boosting (balanced),ROC,0.21929824561403508,0.7386363636363636
Histogram Gradient Boosting (balanced),ROC,0.24561403508771928,0.7386363636363636
Histogram Gradient Boosting (balanced),ROC,0.24561403508771928,0.75
Histogram Gradient Boosting (balanced),ROC,0.24890350877192982,0.75
Histogram Gradient Boosting (balanced),ROC,0.24890350877192982,0.7613636363636364
Histogram Gradient Boosting (balanced),ROC,0.27631578947368424,0.7613636363636364
Histogram Gradient Boosting (balanced),ROC,0.27631578947368424,0.7954545454545454
Histogram Gradient Boosting (balanced),ROC,0.2817982456140351,0.7954545454545454
Histogram Gradient Boosting (balanced),ROC,0.2817982456140351,0.8068181818181818
Histogram Gradient Boosting (balanced),ROC,0.3125,0.8068181818181818
Histogram Gradient Boosting (balanced),ROC,0.3125,0.8181818181818182
Histogram Gradient Boosting (balanced),ROC,0.32127192982456143,0.8181818181818182
Histogram Gradient Boosting (balanced),ROC,0.32127192982456143,0.8295454545454546
Histogram Gradient Boosting (balanced),ROC,0.33881578947368424,0.8295454545454546
Histogram Gradient Boosting (balanced),ROC,0.33881578947368424,0.8409090909090909
Histogram Gradient Boosting (balanced),ROC,0.34100877192982454,0.8409090909090909
Histogram Gradient Boosting (balanced),ROC,0.34100877192982454,0.8522727272727273
Histogram Gradient Boosting (balanced),ROC,0.3574561403508772,0.8522727272727273
Histogram Gradient Boosting (balanced),ROC,0.3574561403508772,0.8636363636363636
Histogram Gradient Boosting (balanced),ROC,0.3881578947368421,0.8636363636363636
Histogram Gradient Boosting (balanced),ROC,0.3881578947368421,0.875
Histogram Gradient Boosting (balanced),ROC,0.41776315789473684,0.875
Histogram Gradient Boosting (balanced),ROC,0.41776315789473684,0.8863636363636364
Histogram Gradient Boosting (balanced),ROC,0.47478070175438597,0.8863636363636364
Histogram Gradient Boosting (balanced),ROC,0.47478070175438597,0.8977272727272727
Histogram Gradient Boosting (balanced),ROC,0.49890350877192985,0.8977272727272727
Histogram Gradient Boosting (balanced),ROC,0.49890350877192985,0.9090909090909091
Histogram Gradient Boosting (balanced),ROC,0.5043859649122807,0.9090909090909091
Histogram Gradient Boosting (balanced),ROC,0.5043859649122807,0.9204545454545454
Histogram Gradient Boosting (balanced),ROC,0.6151315789473685,0.9204545454545454
Histogram Gradient Boosting (balanced),ROC,0.6151315789473685,0.9318181818181818
Histogram Gradient Boosting (balanced),ROC,0.6447368421052632,0.9318181818181818
Histogram Gradient Boosting (balanced),ROC,0.6447368421052632,0.9431818181818182
Histogram Gradient Boosting (balanced),ROC,0.6831140350877193,0.9431818181818182
Histogram Gradient Boosting (balanced),ROC,0.6831140350877193,0.9545454545454546
Histogram Gradient Boosting (balanced),ROC,0.7510964912280702,0.9545454545454546
Histogram Gradient Boosting (balanced),ROC,0.7510964912280702,0.9659090909090909
Histogram Gradient Boosting (balanced),ROC,0.8048245614035088,0.9659090909090909
Histogram Gradient Boosting (balanced),ROC,0.8048245614035088,0.9772727272727273
Histogram Gradient Boosting (balanced),ROC,0.8410087719298246,0.9772727272727273
Histogram Gradient Boosting (balanced),ROC,0.8410087719298246,0.9886363636363636
Histogram Gradient Boosting (balanced),ROC,0.9024122807017544,0.9886363636363636
Histogram Gradient Boosting (balanced),ROC,0.9024122807017544,1.0
Histogram Gradient Boosting (balanced),ROC,1.0,1.0
Histogram Gradient Boosting (balanced),PR,1.0,0.088
Histogram Gradient Boosting (balanced),PR,1.0,0.08808808808808809
Histogram Gradient Boosting (balanced),PR,1.0,0.08817635270541083
Histogram Gradient Boosting (balanced),PR,1.0,0.08826479438314945
Histogram Gradient Boosting (balanced),PR,1.0,0.08835341365461848
Histogram Gradient Boosting (balanced),PR,1.0,0.08844221105527639
Histogram Gradient Boosting (balanced),PR,1.0,0.08853118712273642
Histogram Gradient Boosting (balanced),PR,1.0,0.08862034239677745
Histogram Gradient Boosting (balanced),PR,1.0,0.08870967741935484
Histogram Gradient Boosting (balanced),PR,1.0,0.08879919273461151
Histogram Gradient Boosting (balanced),PR,1.0,0.08888888888888889
Histogram Gradient Boosting (balanced),PR,1.0,0.08897876643073811
Histogram Gradient Boosting (balanced),PR,1.0,0.08906882591093117
Histogram Gradient Boosting (balanced),PR,1.0,0.08915906788247213
Histogram Gradient Boosting (balanced),PR,1.0,0.08924949290060852
Histogram Gradient Boosting (balanced),PR,1.0,0.08934010152284264
Histogram Gradient Boosting (balanced),PR,1.0,0.08943089430894309
Histogram Gradient Boosting (balanced),PR,1.0,0.08952187182095625
Histogram Gradient Boosting (balanced),PR,1.0,0.08961303462321792
Histogram Gradient Boosting (balanced),PR,1.0,0.08970438328236494
Histogram Gradient Boosting (balanced),PR,1.0,0.08979591836734693
Histogram Gradient Boosting (balanced),PR,1.0,0.0898876404494382
Histogram Gradient Boosting (balanced),PR,1.0,0.08997955010224949
Histogram Gradient Boosting (balanced),PR,1.0,0.09007164790174002
Histogram Gradient Boosting (balanced),PR,1.0,0.09016393442622951
Histogram Gradient Boosting (balanced),PR,1.0,0.09025641025641026
Histogram Gradient Boosting (balanced),PR,1.0,0.09034907597535935
Histogram Gradient Boosting (balanced),PR,1.0,0.09044193216855087
Histogram Gradient Boosting (balanced),PR,1.0,0.09053497942386832
Histogram Gradient Boosting (balanced),PR,1.0,0.09062821833161688
Histogram Gradient Boosting (balanced),PR,1.0,0.09072164948453608
Histogram Gradient Boosting (balanced),PR,1.0,0.09081527347781218
Histogram Gradient Boosting (balanced),PR,1.0,0.09090909090909091
Histogram Gradient Boosting (balanced),PR,1.0,0.09100310237849017
Histogram Gradient Boosting (balanced),PR,1.0,0.09109730848861283
Histogram Gradient Boosting (balanced),PR,1.0,0.09119170984455958
Histogram Gradient Boosting (balanced),PR,1.0,0.0912863070539419
Histogram Gradient Boosting (balanced),PR,1.0,0.09138110072689512
Histogram Gradient Boosting (balanced),PR,1.0,0.09147609147609148
Histogram Gradient Boosting (balanced),PR,1.0,0.09157127991675339
Histogram Gradient Boosting (balanced),PR,1.0,0.09166666666666666
Histogram Gradient Boosting (balanced),PR,1.0,0.09176225234619395
Histogram Gradient Boosting (balanced),PR,1.0,0.0918580375782881
Histogram Gradient Boosting (balanced),PR,1.0,0.09195402298850575
Histogram Gradient Boosting (balanced),PR,1.0,0.09205020920502092
Histogram Gradient Boosting (balanced),PR,1.0,0.09214659685863874
Histogram Gradient Boosting (balanced),PR,1.0,0.09224318658280922
Histogram Gradient Boosting (balanced),PR,1.0,0.09233997901364113
Histogram Gradient Boosting (balanced),PR,1.0,0.09243697478991597
Histogram Gradient Boosting (balanced),PR,1.0,0.09253417455310199
Histogram Gradient Boosting (balanced),PR,1.0,0.09263157894736843
Histogram Gradient Boosting (balanced),PR,1.0,0.09272918861959958
Histogram Gradient Boosting (balanced),PR,1.0,0.09282700421940929
Histogram Gradient Boosting (balanced),PR,1.0,0.09292502639915523
Histogram Gradient Boosting (balanced),PR,1.0,0.09302325581395349
Histogram Gradient Boosting (balanced),PR,1.0,0.09312169312169312
Histogram Gradient Boosting (balanced),PR,1.0,0.09322033898305085
Histogram Gradient Boosting (balanced),PR,1.0,0.09331919406150584
Histogram Gradient Boosting (balanced),PR,1.0,0.09341825902335456
Histogram Gradient Boosting (balanced),PR,1.0,0.09351753453772582
Histogram Gradient Boosting (balanced),PR,1.0,0.09361702127659574
Histogram Gradient Boosting (balanced),PR,1.0,0.09371671991480299
Histogram Gradient Boosting (balanced),PR,1.0,0.09381663113006397
Histogram Gradient Boosting (balanced),PR,1.0,0.09391675560298826
Histogram Gradient Boosting (balanced),PR,1.0,0.09401709401709402
Histogram Gradient Boosting (balanced),PR,1.0,0.09411764705882353
Histogram Gradient Boosting (balanced),PR,1.0,0.09421841541755889
Histogram Gradient Boosting (balanced),PR,1.0,0.09431939978563773
Histogram Gradient Boosting (balanced),PR,1.0,0.0944206008583691
Histogram Gradient Boosting (balanced),PR,1.0,0.09452201933404941
Histogram Gradient Boosting (balanced),PR,1.0,0.09462365591397849
Histogram Gradient Boosting (balanced),PR,1.0,0.09472551130247578
Histogram Gradient Boosting (balanced),PR,1.0,0.09482758620689655
Histogram Gradient Boosting (balanced),PR,1.0,0.09492988133764833
Histogram Gradient Boosting (balanced),PR,1.0,0.09503239740820735
Histogram Gradient Boosting (balanced),PR,1.0,0.09513513513513513
Histogram Gradient Boosting (balanced),PR,1.0,0.09523809523809523
Histogram Gradient Boosting (balanced),PR,1.0,0.09534127843986999
Histogram Gradient Boosting (balanced),PR,1.0,0.09544468546637744
Histogram Gradient Boosting (balanced),PR,1.0,0.09554831704668838
Histogram Gradient Boosting (balanced),PR,1.0,0.09565217391304348
Histogram Gradient Boosting (balanced),PR,1.0,0.0957562568008705
Histogram Gradient Boosting (balanced),PR,1.0,0.09586056644880174
Histogram Gradient Boosting (balanced),PR,1.0,0.09596510359869138
Histogram Gradient Boosting (balanced),PR,1.0,0.09606986899563319
Histogram Gradient Boosting (balanced),PR,1.0,0.09617486338797815
Histogram Gradient Boosting (balanced),PR,1.0,0.0962800875273523
Histogram Gradient Boosting (balanced),PR,1.0,0.0963855421686747
Histogram Gradient Boosting (balanced),PR,1.0,0.09649122807017543
Histogram Gradient Boosting (balanced),PR,1.0,0.09659714599341383
Histogram Gradient Boosting (balanced),PR,0.9886363636363636,0.0956043956043956
Histogram Gradient Boosting (balanced),PR,0.9886363636363636,0.09570957095709572
Histogram Gradient Boosting (balanced),PR,0.9886363636363636,0.09581497797356828
Histogram Gradient Boosting (balanced),PR,0.9886363636363636,0.09592061742006615
Histogram Gradient Boosting (balanced),PR,0.9886363636363636,0.09602649006622517
Histogram Gradient Boosting (balanced),PR,0.9886363636363636,0.09613259668508287
Histogram Gradient Boosting (balanced),PR,0.9886363636363636,0.09623893805309734
Histogram Gradient Boosting (balanced),PR,0.9886363636363636,0.09634551495016612
Histogram Gradient Boosting (balanced),PR,0.9886363636363636,0.09645232815964523
Histogram Gradient Boosting (balanced),PR,0.9886363636363636,0.09655937846836848
Histogram Gradient Boosting (balanced),PR,0.9886363636363636,0.09666666666666666
Histogram Gradient Boosting (balanced),PR,0.9886363636363636,0.0967741935483871
Histogram Gradient Boosting (balanced),PR,0.9886363636363636,0.09688195991091314
Histogram Gradient Boosting (balanced),PR,0.9886363636363636,0.09698996655518395
Histogram Gradient Boosting (balanced),PR,0.9886363636363636,0.09709821428571429
Histogram Gradient Boosting (balanced),PR,0.9886363636363636,0.09720670391061452
Histogram Gradient Boosting (balanced),PR,0.9886363636363636,0.09731543624161074
Histogram Gradient Boosting (balanced),PR,0.9886363636363636,0.09742441209406495
Histogram Gradient Boosting (balanced),PR,0.9886363636363636,0.09753363228699552
Histogram Gradient Boosting (balanced),PR,0.9886363636363636,0.09764309764309764
Histogram Gradient Boosting (balanced),PR,0.9886363636363636,0.09775280898876404
Histogram Gradient Boosting (balanced),PR,0.9886363636363636,0.09786276715410573
Histogram Gradient Boosting (balanced),PR,0.9886363636363636,0.09797297297297297
Histogram Gradient Boosting (balanced),PR,0.9886363636363636,0.09808342728297632
Histogram Gradient Boosting (balanced),PR,0.9886363636363636,0.0981941309255079
Histogram Gradient Boosting (balanced),PR,0.9886363636363636,0.09830508474576272
Histogram Gradient Boosting (balanced),PR,0.9886363636363636,0.09841628959276018
Histogram Gradient Boosting (balanced),PR,0.9886363636363636,0.0985277463193658
Histogram Gradient Boosting (balanced),PR,0.9886363636363636,0.09863945578231292
Histogram Gradient Boosting (balanced),PR,0.9886363636363636,0.09875141884222474
Histogram Gradient Boosting (balanced),PR,0.9886363636363636,0.09886363636363636
Histogram Gradient Boosting (balanced),PR,0.9886363636363636,0.09897610921501707
Histogram Gradient Boosting (balanced),PR,0.9886363636363636,0.09908883826879271
Histogram Gradient Boosting (balanced),PR,0.9886363636363636,0.09920182440136831
Histogram Gradient Boosting (balanced),PR,0.9886363636363636,0.09931506849315068
Histogram Gradient Boosting (balanced),PR,0.9886363636363636,0.09942857142857142
Histogram Gradient Boosting (balanced),PR,0.9886363636363636,0.09954233409610984
Histogram Gradient Boosting (balanced),PR,0.9886363636363636,0.09965635738831616
Histogram Gradient Boosting (balanced),PR,0.9886363636363636,0.09977064220183486
Histogram Gradient Boosting (balanced),PR,0.9886363636363636,0.09988518943742825
Histogram Gradient Boosting (balanced),PR,0.9886363636363636,0.1
Histogram Gradient Boosting (balanced),PR,0.9886363636363636,0.1001150747986191
Histogram Gradient Boosting (balanced),PR,0.9886363636363636,0.10023041474654378
Histogram Gradient Boosting (balanced),PR,0.9886363636363636,0.10034602076124567
Histogram Gradient Boosting (balanced),PR,0.9886363636363636,0.10046189376443418
Histogram Gradient Boosting (balanced),PR,0.9886363636363636,0.10057803468208093
Histogram Gradient Boosting (balanced),PR,0.9886363636363636,0.10069444444444445
Histogram Gradient Boosting (balanced),PR,0.9886363636363636,0.10081112398609501
Histogram Gradient Boosting (balanced),PR,0.9886363636363636,0.10092807424593968
Histogram Gradient Boosting (balanced),PR,0.9886363636363636,0.10104529616724739
Histogram Gradient Boosting (balanced),PR,0.9886363636363636,0.10116279069767442
Histogram Gradient Boosting (balanced),PR,0.9886363636363636,0.10128055878928988
Histogram Gradient Boosting (balanced),PR,0.9886363636363636,0.10139860139860139
Histogram Gradient Boosting (balanced),PR,0.9886363636363636,0.10151691948658109
Histogram Gradient Boosting (balanced),PR,0.9886363636363636,0.10163551401869159
Histogram Gradient Boosting (balanced),PR,0.9886363636363636,0.10175438596491228
Histogram Gradient Boosting (balanced),PR,0.9886363636363636,0.10187353629976581
Histogram Gradient Boosting (balanced),PR,0.9772727272727273,0.10082063305978899
Histogram Gradient Boosting (balanced),PR,0.9772727272727273,0.10093896713615023
Histogram Gradient Boosting (balanced),PR,0.9772727272727273,0.10105757931844889
Histogram Gradient Boosting (balanced),PR,0.9772727272727273,0.1011764705882353
Histogram Gradient Boosting (balanced),PR,0.9772727272727273,0.10129564193168433
Histogram Gradient Boosting (balanced),PR,0.9772727272727273,0.10141509433962265
Histogram Gradient Boosting (balanced),PR,0.9772727272727273,0.10153482880755609
Histogram Gradient Boosting (balanced),PR,0.9772727272727273,0.1016548463356974
Histogram Gradient Boosting (balanced),PR,0.9772727272727273,0.10177514792899409
Histogram Gradient Boosting (balanced),PR,0.9772727272727273,0.1018957345971564
Histogram Gradient Boosting (balanced),PR,0.9772727272727273,0.10201660735468565
Histogram Gradient Boosting (balanced),PR,0.9772727272727273,0.1021377672209026
Histogram Gradient Boosting (balanced),PR,0.9772727272727273,0.10225921521997622
Histogram Gradient Boosting (balanced),PR,0.9772727272727273,0.10238095238095238
Histogram Gradient Boosting (balanced),PR,0.9772727272727273,0.10250297973778308
Histogram Gradient Boosting (balanced),PR,0.9772727272727273,0.1026252983293556
Histogram Gradient Boosting (balanced),PR,0.9772727272727273,0.1027479091995221
Histogram Gradient Boosting (balanced),PR,0.9772727272727273,0.10287081339712918
Histogram Gradient Boosting (balanced),PR,0.9772727272727273,0.1029940119760479
Histogram Gradient Boosting (balanced),PR,0.9772727272727273,0.10311750599520383
Histogram Gradient Boosting (balanced),PR,0.9772727272727273,0.10324129651860744
Histogram Gradient Boosting (balanced),PR,0.9772727272727273,0.10336538461538461
Histogram Gradient Boosting (balanced),PR,0.9772727272727273,0.10348977135980746
Histogram Gradient Boosting (balanced),PR,0.9772727272727273,0.10361445783132531
Histogram Gradient Boosting (balanced),PR,0.9772727272727273,0.1037394451145959
Histogram Gradient Boosting (balanced),PR,0.9772727272727273,0.10386473429951691
Histogram Gradient Boosting (balanced),PR,0.9772727272727273,0.10399032648125756
Histogram Gradient Boosting (balanced),PR,0.9772727272727273,0.10411622276029056
Histogram Gradient Boosting (balanced),PR,0.9772727272727273,0.10424242424242425
Histogram Gradient Boosting (balanced),PR,0.9772727272727273,0.10436893203883495
Histogram Gradient Boosting (balanced),PR,0.9772727272727273,0.10449574726609964
Histogram Gradient Boosting (balanced),PR,0.9772727272727273,0.10462287104622871
Histogram Gradient Boosting (balanced),PR,0.9772727272727273,0.10475030450669914
Histogram Gradient Boosting (balanced),PR,0.9772727272727273,0.1048780487804878
Histogram Gradient Boosting (balanced),PR,0.9659090909090909,0.10378510378510379
Histogram Gradient Boosting (balanced),PR,0.9659090909090909,0.1039119804400978
Histogram Gradient Boosting (balanced),PR,0.9659090909090909,0.10403916768665851
Histogram Gradient Boosting (balanced),PR,0.9659090909090909,0.10416666666666667
Histogram Gradient Boosting (balanced),PR,0.9659090909090909,0.10429447852760736
Histogram Gradient Boosting (balanced),PR,0.9659090909090909,0.10442260442260443
Histogram Gradient Boosting (balanced),PR,0.9659090909090909,0.1045510455104551
Histogram Gradient Boosting (balanced),PR,0.9659090909090909,0.10467980295566502
Histogram Gradient Boosting (balanced),PR,0.9659090909090909,0.10480887792848335
Histogram Gradient Boosting (balanced),PR,0.9659090909090909,0.10493827160493827
Histogram Gradient Boosting (balanced),PR,0.9659090909090909,0.10506798516687268
Histogram Gradient Boosting (balanced),PR,0.9659090909090909,0.1051980198019802
Histogram Gradient Boosting (balanced),PR,0.9659090909090909,0.10532837670384139
Histogram Gradient Boosting (balanced),PR,0.9659090909090909,0.1054590570719603
Histogram Gradient Boosting (balanced),PR,0.9659090909090909,0.10559006211180125
Histogram Gradient Boosting (balanced),PR,0.9659090909090909,0.10572139303482588
Histogram Gradient Boosting (balanced),PR,0.9659090909090909,0.10585305105853052
Histogram Gradient Boosting (balanced),PR,0.9659090909090909,0.1059850374064838
Histogram Gradient Boosting (balanced),PR,0.9659090909090909,0.10611735330836454
Histogram Gradient Boosting (balanced),PR,0.9659090909090909,0.10625
Histogram Gradient Boosting (balanced),PR,0.9659090909090909,0.10638297872340426
Histogram Gradient Boosting (balanced),PR,0.9659090909090909,0.10651629072681704
Histogram Gradient Boosting (balanced),PR,0.9659090909090909,0.10664993726474278
Histogram Gradient Boosting (balanced),PR,0.9659090909090909,0.10678391959798995
Histogram Gradient Boosting (balanced),PR,0.9659090909090909,0.1069182389937107
Histogram Gradient Boosting (balanced),PR,0.9659090909090909,0.1070528967254408
Histogram Gradient Boosting (balanced),PR,0.9659090909090909,0.10718789407313997
Histogram Gradient Boosting (balanced),PR,0.9659090909090909,0.10732323232323232
Histogram Gradient Boosting (balanced),PR,0.9659090909090909,0.10745891276864729
Histogram Gradient Boosting (balanced),PR,0.9659090909090909,0.10759493670886076
Histogram Gradient Boosting (balanced),PR,0.9659090909090909,0.10773130544993663
Histogram Gradient Boosting (balanced),PR,0.9659090909090909,0.10786802030456853
Histogram Gradient Boosting (balanced),PR,0.9659090909090909,0.10800508259212198
Histogram Gradient Boosting (balanced),PR,0.9659090909090909,0.10814249363867684
Histogram Gradient Boosting (balanced),PR,0.9659090909090909,0.10828025477707007
Histogram Gradient Boosting (balanced),PR,0.9659090909090909,0.10841836734693877
Histogram Gradient Boosting (balanced),PR,0.9659090909090909,0.10855683269476372
Histogram Gradient Boosting (balanced),PR,0.9659090909090909,0.10869565217391304
Histogram Gradient Boosting (balanced),PR,0.9659090909090909,0.1088348271446863
Histogram Gradient Boosting (balanced),PR,0.9659090909090909,0.10897435897435898
Histogram Gradient Boosting (balanced),PR,0.9659090909090909,0.10911424903722722
Histogram Gradient Boosting (balanced),PR,0.9659090909090909,0.10925449871465295
Histogram Gradient Boosting (balanced),PR,0.9659090909090909,0.1093951093951094
Histogram Gradient Boosting (balanced),PR,0.9659090909090909,0.1095360824742268
Histogram Gradient Boosting (balanced),PR,0.9659090909090909,0.10967741935483871
Histogram Gradient Boosting (balanced),PR,0.9659090909090909,0.10981912144702842
Histogram Gradient Boosting (balanced),PR,0.9659090909090909,0.10996119016817593
Histogram Gradient Boosting (balanced),PR,0.9659090909090909,0.11010362694300518
Histogram Gradient Boosting (balanced),PR,0.9659090909090909,0.11024643320363164
Histogram Gradient Boosting (balanced),PR,0.9659090909090909,0.11038961038961038
Histogram Gradient Boosting (balanced),PR,0.9545454545454546,0.10923276983094929
Histogram Gradient Boosting (balanced),PR,0.9545454545454546,0.109375
Histogram Gradient Boosting (balanced),PR,0.9545454545454546,0.10951760104302477
Histogram Gradient Boosting (balanced),PR,0.9545454545454546,0.10966057441253264
Histogram Gradient Boosting (balanced),PR,0.9545454545454546,0.10980392156862745
Histogram Gradient Boosting (balanced),PR,0.9545454545454546,0.1099476439790576
Histogram Gradient Boosting (balanced),PR,0.9545454545454546,0.11009174311926606
Histogram Gradient Boosting (balanced),PR,0.9545454545454546,0.11023622047244094
Histogram Gradient Boosting (balanced),PR,0.9545454545454546,0.11038107752956636
Histogram Gradient Boosting (balanced),PR,0.9545454545454546,0.11052631578947368
Histogram Gradient Boosting (balanced),PR,0.9545454545454546,0.11067193675889328
Histogram Gradient Boosting (balanced),PR,0.9545454545454546,0.11081794195250659
Histogram Gradient Boosting (balanced),PR,0.9545454545454546,0.11096433289299867
Histogram Gradient Boosting (balanced),PR,0.9545454545454546,0.1111111111111111
Histogram Gradient Boosting (balanced),PR,0.9545454545454546,0.11125827814569536
Histogram Gradient Boosting (balanced),PR,0.9545454545454546,0.11140583554376658
Histogram Gradient Boosting (balanced),PR,0.9545454545454546,0.11155378486055777
Histogram Gradient Boosting (balanced),PR,0.9545454545454546,0.11170212765957446
Histogram Gradient Boosting (balanced),PR,0.9545454545454546,0.1118508655126498
Histogram Gradient Boosting (balanced),PR,0.9545454545454546,0.112
Histogram Gradient Boosting (balanced),PR,0.9545454545454546,0.11214953271028037
Histogram Gradient Boosting (balanced),PR,0.9545454545454546,0.11229946524064172
Histogram Gradient Boosting (balanced),PR,0.9545454545454546,0.11244979919678715
Histogram Gradient Boosting (balanced),PR,0.9545454545454546,0.1126005361930295
Histogram Gradient Boosting (balanced),PR,0.9545454545454546,0.11275167785234899
Histogram Gradient Boosting (balanced),PR,0.9545454545454546,0.11290322580645161
Histogram Gradient Boosting (balanced),PR,0.9545454545454546,0.11305518169582772
Histogram Gradient Boosting (balanced),PR,0.9545454545454546,0.11320754716981132
Histogram Gradient Boosting (balanced),PR,0.9545454545454546,0.11336032388663968
Histogram Gradient Boosting (balanced),PR,0.9545454545454546,0.11351351351351352
Histogram Gradient Boosting (balanced),PR,0.9545454545454546,0.11366711772665765
Histogram Gradient Boosting (balanced),PR,0.9545454545454546,0.11382113821138211
Histogram Gradient Boosting (balanced),PR,0.9545454545454546,0.11397557666214382
Histogram Gradient Boosting (balanced),PR,0.9545454545454546,0.11413043478260869
Histogram Gradient Boosting (balanced),PR,0.9545454545454546,0.11428571428571428
Histogram Gradient Boosting (balanced),PR,0.9545454545454546,0.11444141689373297
Histogram Gradient Boosting (balanced),PR,0.9545454545454546,0.1145975443383356
Histogram Gradient Boosting (balanced),PR,0.9545454545454546,0.11475409836065574
Histogram Gradient Boosting (balanced),PR,0.9545454545454546,0.11491108071135431
Histogram Gradient Boosting (balanced),PR,0.9545454545454546,0.11506849315068493
Histogram Gradient Boosting (balanced),PR,0.9545454545454546,0.11522633744855967
Histogram Gradient Boosting (balanced),PR,0.9545454545454546,0.11538461538461539
Histogram Gradient Boosting (balanced),PR,0.9545454545454546,0.1155433287482806
Histogram Gradient Boosting (balanced),PR,0.9545454545454546,0.11570247933884298
Histogram Gradient Boosting (balanced),PR,0.9545454545454546,0.11586206896551725
Histogram Gradient Boosting (balanced),PR,0.9545454545454546,0.11602209944751381
Histogram Gradient Boosting (balanced),PR,0.9545454545454546,0.11618257261410789
Histogram Gradient Boosting (balanced),PR,0.9545454545454546,0.11634349030470914
Histogram Gradient Boosting (balanced),PR,0.9545454545454546,0.11650485436893204
Histogram Gradient Boosting (balanced),PR,0.9545454545454546,0.11666666666666667
Histogram Gradient Boosting (balanced),PR,0.9545454545454546,0.1168289290681502
Histogram Gradient Boosting (balanced),PR,0.9545454545454546,0.116991643454039
Histogram Gradient Boosting (balanced),PR,0.9545454545454546,0.11715481171548117
Histogram Gradient Boosting (balanced),PR,0.9545454545454546,0.11731843575418995
Histogram Gradient Boosting (balanced),PR,0.9545454545454546,0.11748251748251748
Histogram Gradient Boosting (balanced),PR,0.9545454545454546,0.11764705882352941
Histogram Gradient Boosting (balanced),PR,0.9545454545454546,0.11781206171107994
Histogram Gradient Boosting (balanced),PR,0.9545454545454546,0.11797752808988764
Histogram Gradient Boosting (balanced),PR,0.9545454545454546,0.11814345991561181
Histogram Gradient Boosting (balanced),PR,0.9545454545454546,0.11830985915492957
Histogram Gradient Boosting (balanced),PR,0.9545454545454546,0.11847672778561354
Histogram Gradient Boosting (balanced),PR,0.9545454545454546,0.11864406779661017
Histogram Gradient Boosting (balanced),PR,0.9545454545454546,0.1188118811881188
Histogram Gradient Boosting (balanced),PR,0.9431818181818182,0.11756373937677053
Histogram Gradient Boosting (balanced),PR,0.9431818181818182,0.11773049645390071
Histogram Gradient Boosting (balanced),PR,0.9431818181818182,0.11789772727272728
Histogram Gradient Boosting (balanced),PR,0.9431818181818182,0.11806543385490754
Histogram Gradient Boosting (balanced),PR,0.9431818181818182,0.11823361823361823
Histogram Gradient Boosting (balanced),PR,0.9431818181818182,0.11840228245363767
Histogram Gradient Boosting (balanced),PR,0.9431818181818182,0.11857142857142858
Histogram Gradient Boosting (balanced),PR,0.9431818181818182,0.11874105865522175
Histogram Gradient Boosting (balanced),PR,0.9431818181818182,0.11891117478510028
Histogram Gradient Boosting (balanced),PR,0.9431818181818182,0.11908177905308465
Histogram Gradient Boosting (balanced),PR,0.9431818181818182,0.11925287356321838
Histogram Gradient Boosting (balanced),PR,0.9431818181818182,0.11942446043165468
Histogram Gradient Boosting (balanced),PR,0.9431818181818182,0.11959654178674352
Histogram Gradient Boosting (balanced),PR,0.9431818181818182,0.11976911976911978
Histogram Gradient Boosting (balanced),PR,0.9431818181818182,0.1199421965317919
Histogram Gradient Boosting (balanced),PR,0.9431818181818182,0.12011577424023155
Histogram Gradient Boosting (balanced),PR,0.9431818181818182,0.12028985507246377
Histogram Gradient Boosting (balanced),PR,0.9431818181818182,0.1204644412191582
Histogram Gradient Boosting (balanced),PR,0.9431818181818182,0.12063953488372094
Histogram Gradient Boosting (balanced),PR,0.9431818181818182,0.12081513828238719
Histogram Gradient Boosting (balanced),PR,0.9431818181818182,0.12099125364431487
Histogram Gradient Boosting (balanced),PR,0.9431818181818182,0.12116788321167883
Histogram Gradient Boosting (balanced),PR,0.9431818181818182,0.12134502923976608
Histogram Gradient Boosting (balanced),PR,0.9431818181818182,0.12152269399707175
Histogram Gradient Boosting (balanced),PR,0.9431818181818182,0.1217008797653959
Histogram Gradient Boosting (balanced),PR,0.9431818181818182,0.12187958883994127
Histogram Gradient Boosting (balanced),PR,0.9431818181818182,0.12205882352941176
Histogram Gradient Boosting (balanced),PR,0.9431818181818182,0.12223858615611193
Histogram Gradient Boosting (balanced),PR,0.9431818181818182,0.1224188790560472
Histogram Gradient Boosting (balanced),PR,0.9431818181818182,0.12259970457902511
Histogram Gradient Boosting (balanced),PR,0.9431818181818182,0.1227810650887574
Histogram Gradient Boosting (balanced),PR,0.9431818181818182,0.12296296296296297
Histogram Gradient Boosting (balanced),PR,0.9431818181818182,0.12314540059347182
Histogram Gradient Boosting (balanced),PR,0.9431818181818182,0.12332838038632987
Histogram Gradient Boosting (balanced),PR,0.9431818181818182,0.12351190476190477
Histogram Gradient Boosting (balanced),PR,0.9431818181818182,0.12369597615499255
Histogram Gradient Boosting (balanced),PR,0.9318181818181818,0.12238805970149254
Histogram Gradient Boosting (balanced),PR,0.9318181818181818,0.12257100149476831
Histogram Gradient Boosting (balanced),PR,0.9318181818181818,0.12275449101796407
Histogram Gradient Boosting (balanced),PR,0.9318181818181818,0.12293853073463268
Histogram Gradient Boosting (balanced),PR,0.9318181818181818,0.12312312312312312
Histogram Gradient Boosting (balanced),PR,0.9318181818181818,0.12330827067669173
Histogram Gradient Boosting (balanced),PR,0.9318181818181818,0.12349397590361445
Histogram Gradient Boosting (balanced),PR,0.9318181818181818,0.12368024132730016
Histogram Gradient Boosting (balanced),PR,0.9318181818181818,0.12386706948640483
Histogram Gradient Boosting (balanced),PR,0.9318181818181818,0.12405446293494705
Histogram Gradient Boosting (balanced),PR,0.9318181818181818,0.12424242424242424
Histogram Gradient Boosting (balanced),PR,0.9318181818181818,0.1244309559939302
Histogram Gradient Boosting (balanced),PR,0.9318181818181818,0.12462006079027356
Histogram Gradient Boosting (balanced),PR,0.9318181818181818,0.1248097412480974
Histogram Gradient Boosting (balanced),PR,0.9318181818181818,0.125
Histogram Gradient Boosting (balanced),PR,0.9318181818181818,0.1251908396946565
Histogram Gradient Boosting (balanced),PR,0.9318181818181818,0.12538226299694188
Histogram Gradient Boosting (balanced),PR,0.9318181818181818,0.12557427258805512
Histogram Gradient Boosting (balanced),PR,0.9318181818181818,0.12576687116564417
Histogram Gradient Boosting (balanced),PR,0.9318181818181818,0.1259600614439324
Histogram Gradient Boosting (balanced),PR,0.9318181818181818,0.12615384615384614
Histogram Gradient Boosting (balanced),PR,0.9318181818181818,0.1263482280431433
Histogram Gradient Boosting (balanced),PR,0.9318181818181818,0.12654320987654322
Histogram Gradient Boosting (balanced),PR,0.9318181818181818,0.1267387944358578
Histogram Gradient Boosting (balanced),PR,0.9318181818181818,0.12693498452012383
Histogram Gradient Boosting (balanced),PR,0.9318181818181818,0.12713178294573643
Histogram Gradient Boosting (balanced),PR,0.9318181818181818,0.12732919254658384
Histogram Gradient Boosting (balanced),PR,0.9318181818181818,0.12752721617418353
Histogram Gradient Boosting (balanced),PR,0.9204545454545454,0.1261682242990654
Histogram Gradient Boosting (balanced),PR,0.9204545454545454,0.12636505460218408
Histogram Gradient Boosting (balanced),PR,0.9204545454545454,0.1265625
Histogram Gradient Boosting (balanced),PR,0.9204545454545454,0.1267605633802817
Histogram Gradient Boosting (balanced),PR,0.9204545454545454,0.12695924764890282
Histogram Gradient Boosting (balanced),PR,0.9204545454545454,0.1271585557299843
Histogram Gradient Boosting (balanced),PR,0.9204545454545454,0.12735849056603774
Histogram Gradient Boosting (balanced),PR,0.9204545454545454,0.12755905511811025
Histogram Gradient Boosting (balanced),PR,0.9204545454545454,0.1277602523659306
Histogram Gradient Boosting (balanced),PR,0.9204545454545454,0.12796208530805686
Histogram Gradient Boosting (balanced),PR,0.9204545454545454,0.1281645569620253
Histogram Gradient Boosting (balanced),PR,0.9204545454545454,0.12836767036450078
Histogram Gradient Boosting (balanced),PR,0.9204545454545454,0.12857142857142856
Histogram Gradient Boosting (balanced),PR,0.9204545454545454,0.1287758346581876
Histogram Gradient Boosting (balanced),PR,0.9204545454545454,0.12898089171974522
Histogram Gradient Boosting (balanced),PR,0.9204545454545454,0.1291866028708134
Histogram Gradient Boosting (balanced),PR,0.9204545454545454,0.12939297124600638
Histogram Gradient Boosting (balanced),PR,0.9204545454545454,0.1296
Histogram Gradient Boosting (balanced),PR,0.9204545454545454,0.12980769230769232
Histogram Gradient Boosting (balanced),PR,0.9204545454545454,0.13001605136436598
Histogram Gradient Boosting (balanced),PR,0.9204545454545454,0.1302250803858521
Histogram Gradient Boosting (balanced),PR,0.9204545454545454,0.13043478260869565
Histogram Gradient Boosting (balanced),PR,0.9204545454545454,0.13064516129032258
Histogram Gradient Boosting (balanced),PR,0.9204545454545454,0.1308562197092084
Histogram Gradient Boosting (balanced),PR,0.9204545454545454,0.13106796116504854
Histogram Gradient Boosting (balanced),PR,0.9204545454545454,0.1312803889789303
Histogram Gradient Boosting (balanced),PR,0.9204545454545454,0.1314935064935065
Histogram Gradient Boosting (balanced),PR,0.9204545454545454,0.13170731707317074
Histogram Gradient Boosting (balanced),PR,0.9204545454545454,0.13192182410423453
Histogram Gradient Boosting (balanced),PR,0.9204545454545454,0.13213703099510604
Histogram Gradient Boosting (balanced),PR,0.9204545454545454,0.1323529411764706
Histogram Gradient Boosting (balanced),PR,0.9204545454545454,0.132569558101473
Histogram Gradient Boosting (balanced),PR,0.9204545454545454,0.13278688524590163
Histogram Gradient Boosting (balanced),PR,0.9204545454545454,0.1330049261083744
Histogram Gradient Boosting (balanced),PR,0.9204545454545454,0.13322368421052633
Histogram Gradient Boosting (balanced),PR,0.9204545454545454,0.13344316309719934
Histogram Gradient Boosting (balanced),PR,0.9204545454545454,0.13366336633663367
Histogram Gradient Boosting (balanced),PR,0.9204545454545454,0.13388429752066117
Histogram Gradient Boosting (balanced),PR,0.9204545454545454,0.13410596026490065
Histogram Gradient Boosting (balanced),PR,0.9204545454545454,0.13432835820895522
Histogram Gradient Boosting (balanced),PR,0.9204545454545454,0.1345514950166113
Histogram Gradient Boosting (balanced),PR,0.9204545454545454,0.13477537437603992
Histogram Gradient Boosting (balanced),PR,0.9204545454545454,0.135
Histogram Gradient Boosting (balanced),PR,0.9204545454545454,0.1352253756260434
Histogram Gradient Boosting (balanced),PR,0.9204545454545454,0.1354515050167224
Histogram Gradient Boosting (balanced),PR,0.9204545454545454,0.135678391959799
Histogram Gradient Boosting (balanced),PR,0.9204545454545454,0.13590604026845637
Histogram Gradient Boosting (balanced),PR,0.9204545454545454,0.1361344537815126
Histogram Gradient Boosting (balanced),PR,0.9204545454545454,0.13636363636363635
Histogram Gradient Boosting (balanced),PR,0.9204545454545454,0.13659359190556492
Histogram Gradient Boosting (balanced),PR,0.9204545454545454,0.13682432432432431
Histogram Gradient Boosting (balanced),PR,0.9204545454545454,0.13705583756345177
Histogram Gradient Boosting (balanced),PR,0.9204545454545454,0.13728813559322034
Histogram Gradient Boosting (balanced),PR,0.9204545454545454,0.13752122241086587
Histogram Gradient Boosting (balanced),PR,0.9204545454545454,0.1377551020408163
Histogram Gradient Boosting (balanced),PR,0.9204545454545454,0.13798977853492334
Histogram Gradient Boosting (balanced),PR,0.9204545454545454,0.13822525597269625
Histogram Gradient Boosting (balanced),PR,0.9204545454545454,0.13846153846153847
Histogram Gradient Boosting (balanced),PR,0.9204545454545454,0.1386986301369863
Histogram Gradient Boosting (balanced),PR,0.9204545454545454,0.13893653516295026
Histogram Gradient Boosting (balanced),PR,0.9204545454545454,0.13917525773195877
Histogram Gradient Boosting (balanced),PR,0.9204545454545454,0.13941480206540446
Histogram Gradient Boosting (balanced),PR,0.9204545454545454,0.1396551724137931
Histogram Gradient Boosting (balanced),PR,0.9204545454545454,0.13989637305699482
Histogram Gradient Boosting (balanced),PR,0.9204545454545454,0.14013840830449828
Histogram Gradient Boosting (balanced),PR,0.9204545454545454,0.14038128249566725
Histogram Gradient Boosting (balanced),PR,0.9204545454545454,0.140625
Histogram Gradient Boosting (balanced),PR,0.9204545454545454,0.1408695652173913
Histogram Gradient Boosting (balanced),PR,0.9204545454545454,0.14111498257839722
Histogram Gradient Boosting (balanced),PR,0.9204545454545454,0.14136125654450263
Histogram Gradient Boosting (balanced),PR,0.9204545454545454,0.14160839160839161
Histogram Gradient Boosting (balanced),PR,0.9204545454545454,0.14185639229422067
Histogram Gradient Boosting (balanced),PR,0.9204545454545454,0.14210526315789473
Histogram Gradient Boosting (balanced),PR,0.9204545454545454,0.14235500878734622
Histogram Gradient Boosting (balanced),PR,0.9204545454545454,0.1426056338028169
Histogram Gradient Boosting (balanced),PR,0.9204545454545454,0.14285714285714285
Histogram Gradient Boosting (balanced),PR,0.9204545454545454,0.1431095406360424
Histogram Gradient Boosting (balanced),PR,0.9204545454545454,0.1433628318584071
Histogram Gradient Boosting (balanced),PR,0.9204545454545454,0.14361702127659576
Histogram Gradient Boosting (balanced),PR,0.9204545454545454,0.1438721136767318
Histogram Gradient Boosting (balanced),PR,0.9204545454545454,0.14412811387900357
Histogram Gradient Boosting (balanced),PR,0.9204545454545454,0.1443850267379679
Histogram Gradient Boosting (balanced),PR,0.9204545454545454,0.14464285714285716
Histogram Gradient Boosting (balanced),PR,0.9204545454545454,0.1449016100178891
Histogram Gradient Boosting (balanced),PR,0.9204545454545454,0.14516129032258066
Histogram Gradient Boosting (balanced),PR,0.9204545454545454,0.14542190305206462
Histogram Gradient Boosting (balanced),PR,0.9204545454545454,0.14568345323741008
Histogram Gradient Boosting (balanced),PR,0.9204545454545454,0.14594594594594595
Histogram Gradient Boosting (balanced),PR,0.9204545454545454,0.14620938628158844
Histogram Gradient Boosting (balanced),PR,0.9204545454545454,0.14647377938517178
Histogram Gradient Boosting (balanced),PR,0.9204545454545454,0.14673913043478262
Histogram Gradient Boosting (balanced),PR,0.9204545454545454,0.147005444646098
Histogram Gradient Boosting (balanced),PR,0.9204545454545454,0.14727272727272728
Histogram Gradient Boosting (balanced),PR,0.9204545454545454,0.14754098360655737
Histogram Gradient Boosting (balanced),PR,0.9204545454545454,0.1478102189781022
Histogram Gradient Boosting (balanced),PR,0.9204545454545454,0.1480804387568556
Histogram Gradient Boosting (balanced),PR,0.9204545454545454,0.14835164835164835
Histogram Gradient Boosting (balanced),PR,0.9204545454545454,0.14862385321100918
Histogram Gradient Boosting (balanced),PR,0.9204545454545454,0.1488970588235294
Histogram Gradient Boosting (balanced),PR,0.9204545454545454,0.14917127071823205
Histogram Gradient Boosting (balanced),PR,0.9204545454545454,0.14944649446494465
Histogram Gradient Boosting (balanced),PR,0.9204545454545454,0.14972273567467653
Histogram Gradient Boosting (balanced),PR,0.9090909090909091,0.14814814814814814
Histogram Gradient Boosting (balanced),PR,0.9090909090909091,0.14842300556586271
Histogram Gradient Boosting (balanced),PR,0.9090909090909091,0.14869888475836432
Histogram Gradient Boosting (balanced),PR,0.9090909090909091,0.148975791433892
Histogram Gradient Boosting (balanced),PR,0.9090909090909091,0.14925373134328357
Histogram Gradient Boosting (balanced),PR,0.9090909090909091,0.14953271028037382
Histogram Gradient Boosting (balanced),PR,0.8977272727272727,0.14794007490636704
Histogram Gradient Boosting (balanced),PR,0.8977272727272727,0.14821763602251406
Histogram Gradient Boosting (balanced),PR,0.8977272727272727,0.14849624060150377
Histogram Gradient Boosting (balanced),PR,0.8977272727272727,0.1487758945386064
Histogram Gradient Boosting (balanced),PR,0.8977272727272727,0.1490566037735849
Histogram Gradient Boosting (balanced),PR,0.8977272727272727,0.14933837429111532
Histogram Gradient Boosting (balanced),PR,0.8977272727272727,0.14962121212121213
Histogram Gradient Boosting (balanced),PR,0.8977272727272727,0.14990512333965844
Histogram Gradient Boosting (balanced),PR,0.8977272727272727,0.15019011406844107
Histogram Gradient Boosting (balanced),PR,0.8977272727272727,0.15047619047619049
Histogram Gradient Boosting (balanced),PR,0.8977272727272727,0.15076335877862596
Histogram Gradient Boosting (balanced),PR,0.8977272727272727,0.15105162523900573
Histogram Gradient Boosting (balanced),PR,0.8977272727272727,0.15134099616858238
Histogram Gradient Boosting (balanced),PR,0.8977272727272727,0.15163147792706333
Histogram Gradient Boosting (balanced),PR,0.8977272727272727,0.1519230769230769
Histogram Gradient Boosting (balanced),PR,0.8977272727272727,0.15221579961464354
Histogram Gradient Boosting (balanced),PR,0.8977272727272727,0.1525096525096525
Histogram Gradient Boosting (balanced),PR,0.8977272727272727,0.1528046421663443
Histogram Gradient Boosting (balanced),PR,0.8977272727272727,0.15310077519379844
Histogram Gradient Boosting (balanced),PR,0.8977272727272727,0.1533980582524272
Histogram Gradient Boosting (balanced),PR,0.8977272727272727,0.15369649805447472
Histogram Gradient Boosting (balanced),PR,0.8977272727272727,0.1539961013645224
Histogram Gradient Boosting (balanced),PR,0.8977272727272727,0.154296875
Histogram Gradient Boosting (balanced),PR,0.8863636363636364,0.15264187866927592
Histogram Gradient Boosting (balanced),PR,0.8863636363636364,0.15294117647058825
Histogram Gradient Boosting (balanced),PR,0.8863636363636364,0.15324165029469547
Histogram Gradient Boosting (balanced),PR,0.8863636363636364,0.15354330708661418
Histogram Gradient Boosting (balanced),PR,0.8863636363636364,0.15384615384615385
Histogram Gradient Boosting (balanced),PR,0.8863636363636364,0.1541501976284585
Histogram Gradient Boosting (balanced),PR,0.8863636363636364,0.15445544554455445
Histogram Gradient Boosting (balanced),PR,0.8863636363636364,0.15476190476190477
Histogram Gradient Boosting (balanced),PR,0.8863636363636364,0.1550695825049702
Histogram Gradient Boosting (balanced),PR,0.8863636363636364,0.1553784860557769
Histogram Gradient Boosting (balanced),PR,0.8863636363636364,0.15568862275449102
Histogram Gradient Boosting (balanced),PR,0.8863636363636364,0.156
Histogram Gradient Boosting (balanced),PR,0.8863636363636364,0.156312625250501
Histogram Gradient Boosting (balanced),PR,0.8863636363636364,0.1566265060240964
Histogram Gradient Boosting (balanced),PR,0.8863636363636364,0.15694164989939638
Histogram Gradient Boosting (balanced),PR,0.8863636363636364,0.15725806451612903
Histogram Gradient Boosting (balanced),PR,0.8863636363636364,0.15757575757575756
Histogram Gradient Boosting (balanced),PR,0.8863636363636364,0.15789473684210525
Histogram Gradient Boosting (balanced),PR,0.8863636363636364,0.15821501014198783
Histogram Gradient Boosting (balanced),PR,0.8863636363636364,0.15853658536585366
Histogram Gradient Boosting (balanced),PR,0.8863636363636364,0.15885947046843177
Histogram Gradient Boosting (balanced),PR,0.8863636363636364,0.15918367346938775
Histogram Gradient Boosting (balanced),PR,0.8863636363636364,0.15950920245398773
Histogram Gradient Boosting (balanced),PR,0.8863636363636364,0.1598360655737705
Histogram Gradient Boosting (balanced),PR,0.8863636363636364,0.1601642710472279
Histogram Gradient Boosting (balanced),PR,0.8863636363636364,0.16049382716049382
Histogram Gradient Boosting (balanced),PR,0.8863636363636364,0.16082474226804125
Histogram Gradient Boosting (balanced),PR,0.8863636363636364,0.16115702479338842
Histogram Gradient Boosting (balanced),PR,0.8863636363636364,0.16149068322981366
Histogram Gradient Boosting (balanced),PR,0.8863636363636364,0.16182572614107885
Histogram Gradient Boosting (balanced),PR,0.8863636363636364,0.16216216216216217
Histogram Gradient Boosting (balanced),PR,0.8863636363636364,0.1625
Histogram Gradient Boosting (balanced),PR,0.8863636363636364,0.162839248434238
Histogram Gradient Boosting (balanced),PR,0.8863636363636364,0.16317991631799164
Histogram Gradient Boosting (balanced),PR,0.8863636363636364,0.16352201257861634
Histogram Gradient Boosting (balanced),PR,0.8863636363636364,0.1638655462184874
Histogram Gradient Boosting (balanced),PR,0.8863636363636364,0.16421052631578947
Histogram Gradient Boosting (balanced),PR,0.8863636363636364,0.16455696202531644
Histogram Gradient Boosting (balanced),PR,0.8863636363636364,0.1649048625792812
Histogram Gradient Boosting (balanced),PR,0.8863636363636364,0.1652542372881356
Histogram Gradient Boosting (balanced),PR,0.8863636363636364,0.16560509554140126
Histogram Gradient Boosting (balanced),PR,0.8863636363636364,0.16595744680851063
Histogram Gradient Boosting (balanced),PR,0.8863636363636364,0.16631130063965885
Histogram Gradient Boosting (balanced),PR,0.8863636363636364,0.16666666666666666
Histogram Gradient Boosting (balanced),PR,0.8863636363636364,0.1670235546038544
Histogram Gradient Boosting (balanced),PR,0.8863636363636364,0.16738197424892703
Histogram Gradient Boosting (balanced),PR,0.8863636363636364,0.16774193548387098
Histogram Gradient Boosting (balanced),PR,0.8863636363636364,0.16810344827586207
Histogram Gradient Boosting (balanced),PR,0.8863636363636364,0.16846652267818574
Histogram Gradient Boosting (balanced),PR,0.8863636363636364,0.16883116883116883
Histogram Gradient Boosting (balanced),PR,0.8863636363636364,0.16919739696312364
Histogram Gradient Boosting (balanced),PR,0.8863636363636364,0.16956521739130434
Histogram Gradient Boosting (balanced),PR,0.8863636363636364,0.16993464052287582
Histogram Gradient Boosting (balanced),PR,0.875,0.16812227074235808
Histogram Gradient Boosting (balanced),PR,0.875,0.16849015317286653
Histogram Gradient Boosting (balanced),PR,0.875,0.16885964912280702
Histogram Gradient Boosting (balanced),PR,0.875,0.16923076923076924
Histogram Gradient Boosting (balanced),PR,0.875,0.1696035242290749
Histogram Gradient Boosting (balanced),PR,0.875,0.16997792494481237
Histogram Gradient Boosting (balanced),PR,0.875,0.17035398230088494
Histogram Gradient Boosting (balanced),PR,0.875,0.17073170731707318
Histogram Gradient Boosting (balanced),PR,0.875,0.1711111111111111
Histogram Gradient Boosting (balanced),PR,0.875,0.1714922048997773
Histogram Gradient Boosting (balanced),PR,0.875,0.171875
Histogram Gradient Boosting (balanced),PR,0.875,0.17225950782997762
Histogram Gradient Boosting (balanced),PR,0.875,0.1726457399103139
Histogram Gradient Boosting (balanced),PR,0.875,0.17303370786516853
Histogram Gradient Boosting (balanced),PR,0.875,0.17342342342342343
Histogram Gradient Boosting (balanced),PR,0.875,0.17381489841986456
Histogram Gradient Boosting (balanced),PR,0.875,0.17420814479638008
Histogram Gradient Boosting (balanced),PR,0.875,0.1746031746031746
Histogram Gradient Boosting (balanced),PR,0.875,0.175
Histogram Gradient Boosting (balanced),PR,0.875,0.17539863325740318
Histogram Gradient Boosting (balanced),PR,0.875,0.17579908675799086
Histogram Gradient Boosting (balanced),PR,0.875,0.17620137299771166
Histogram Gradient Boosting (balanced),PR,0.875,0.17660550458715596
Histogram Gradient Boosting (balanced),PR,0.875,0.17701149425287357
Histogram Gradient Boosting (balanced),PR,0.875,0.1774193548387097
Histogram Gradient Boosting (balanced),PR,0.875,0.17782909930715934
Histogram Gradient Boosting (balanced),PR,0.875,0.17824074074074073
Histogram Gradient Boosting (balanced),PR,0.875,0.17865429234338748
Histogram Gradient Boosting (balanced),PR,0.8636363636363636,0.17674418604651163
Histogram Gradient Boosting (balanced),PR,0.8636363636363636,0.17715617715617715
Histogram Gradient Boosting (balanced),PR,0.8636363636363636,0.17757009345794392
Histogram Gradient Boosting (balanced),PR,0.8636363636363636,0.17798594847775176
Histogram Gradient Boosting (balanced),PR,0.8636363636363636,0.1784037558685446
Histogram Gradient Boosting (balanced),PR,0.8636363636363636,0.17882352941176471
Histogram Gradient Boosting (balanced),PR,0.8636363636363636,0.1792452830188679
Histogram Gradient Boosting (balanced),PR,0.8636363636363636,0.17966903073286053
Histogram Gradient Boosting (balanced),PR,0.8636363636363636,0.18009478672985782
Histogram Gradient Boosting (balanced),PR,0.8636363636363636,0.18052256532066507
Histogram Gradient Boosting (balanced),PR,0.8636363636363636,0.18095238095238095
Histogram Gradient Boosting (balanced),PR,0.8636363636363636,0.18138424821002386
Histogram Gradient Boosting (balanced),PR,0.8636363636363636,0.18181818181818182
Histogram Gradient Boosting (balanced),PR,0.8636363636363636,0.18225419664268586
Histogram Gradient Boosting (balanced),PR,0.8636363636363636,0.18269230769230768
Histogram Gradient Boosting (balanced),PR,0.8636363636363636,0.18313253012048192
Histogram Gradient Boosting (balanced),PR,0.8636363636363636,0.18357487922705315
Histogram Gradient Boosting (balanced),PR,0.8636363636363636,0.18401937046004843
Histogram Gradient Boosting (balanced),PR,0.8636363636363636,0.18446601941747573
Histogram Gradient Boosting (balanced),PR,0.8636363636363636,0.18491484184914841
Histogram Gradient Boosting (balanced),PR,0.8636363636363636,0.18536585365853658
Histogram Gradient Boosting (balanced),PR,0.8636363636363636,0.18581907090464547
Histogram Gradient Boosting (balanced),PR,0.8636363636363636,0.18627450980392157
Histogram Gradient Boosting (balanced),PR,0.8636363636363636,0.18673218673218672
Histogram Gradient Boosting (balanced),PR,0.8636363636363636,0.18719211822660098
Histogram Gradient Boosting (balanced),PR,0.8636363636363636,0.18765432098765433
Histogram Gradient Boosting (balanced),PR,0.8636363636363636,0.18811881188118812
Histogram Gradient Boosting (balanced),PR,0.8636363636363636,0.18858560794044665
Histogram Gradient Boosting (balanced),PR,0.8636363636363636,0.1890547263681592
Histogram Gradient Boosting (balanced),PR,0.8522727272727273,0.18703241895261846
Histogram Gradient Boosting (balanced),PR,0.8522727272727273,0.1875
Histogram Gradient Boosting (balanced),PR,0.8522727272727273,0.18796992481203006
Histogram Gradient Boosting (balanced),PR,0.8522727272727273,0.1884422110552764
Histogram Gradient Boosting (balanced),PR,0.8522727272727273,0.1889168765743073
Histogram Gradient Boosting (balanced),PR,0.8522727272727273,0.1893939393939394
Histogram Gradient Boosting (balanced),PR,0.8522727272727273,0.189873417721519
Histogram Gradient Boosting (balanced),PR,0.8522727272727273,0.19035532994923857
Histogram Gradient Boosting (balanced),PR,0.8522727272727273,0.19083969465648856
Histogram Gradient Boosting (balanced),PR,0.8522727272727273,0.1913265306122449
Histogram Gradient Boosting (balanced),PR,0.8522727272727273,0.1918158567774936
Histogram Gradient Boosting (balanced),PR,0.8522727272727273,0.19230769230769232
Histogram Gradient Boosting (balanced),PR,0.8522727272727273,0.1928020565552699
Histogram Gradient Boosting (balanced),PR,0.8522727272727273,0.19329896907216496
Histogram Gradient Boosting (balanced),PR,0.8522727272727273,0.1937984496124031
Histogram Gradient Boosting (balanced),PR,0.8522727272727273,0.19430051813471502
Histogram Gradient Boosting (balanced),PR,0.8409090909090909,0.19220779220779222
Histogram Gradient Boosting (balanced),PR,0.8409090909090909,0.19270833333333334
Histogram Gradient Boosting (balanced),PR,0.8409090909090909,0.19321148825065274
Histogram Gradient Boosting (balanced),PR,0.8295454545454546,0.19109947643979058
Histogram Gradient Boosting (balanced),PR,0.8295454545454546,0.19160104986876642
Histogram Gradient Boosting (balanced),PR,0.8295454545454546,0.19210526315789472
Histogram Gradient Boosting (balanced),PR,0.8295454545454546,0.19261213720316622
Histogram Gradient Boosting (balanced),PR,0.8295454545454546,0.1931216931216931
Histogram Gradient Boosting (balanced),PR,0.8295454545454546,0.19363395225464192
Histogram Gradient Boosting (balanced),PR,0.8295454545454546,0.19414893617021275
Histogram Gradient Boosting (balanced),PR,0.8295454545454546,0.19466666666666665
Histogram Gradient Boosting (balanced),PR,0.8295454545454546,0.19518716577540107
Histogram Gradient Boosting (balanced),PR,0.8295454545454546,0.19571045576407506
Histogram Gradient Boosting (balanced),PR,0.8295454545454546,0.19623655913978494
Histogram Gradient Boosting (balanced),PR,0.8295454545454546,0.1967654986522911
Histogram Gradient Boosting (balanced),PR,0.8295454545454546,0.1972972972972973
Histogram Gradient Boosting (balanced),PR,0.8295454545454546,0.1978319783197832
Histogram Gradient Boosting (balanced),PR,0.8295454545454546,0.1983695652173913
Histogram Gradient Boosting (balanced),PR,0.8295454545454546,0.1989100817438692
Histogram Gradient Boosting (balanced),PR,0.8295454545454546,0.1994535519125683
Histogram Gradient Boosting (balanced),PR,0.8181818181818182,0.19726027397260273
Histogram Gradient Boosting (balanced),PR,0.8181818181818182,0.1978021978021978
Histogram Gradient Boosting (balanced),PR,0.8181818181818182,0.19834710743801653
Histogram Gradient Boosting (balanced),PR,0.8181818181818182,0.19889502762430938
Histogram Gradient Boosting (balanced),PR,0.8181818181818182,0.1994459833795014
Histogram Gradient Boosting (balanced),PR,0.8181818181818182,0.2
Histogram Gradient Boosting (balanced),PR,0.8181818181818182,0.20055710306406685
Histogram Gradient Boosting (balanced),PR,0.8181818181818182,0.2011173184357542
Histogram Gradient Boosting (balanced),PR,0.8181818181818182,0.20168067226890757
Histogram Gradient Boosting (balanced),PR,0.8068181818181818,0.199438202247191
Histogram Gradient Boosting (balanced),PR,0.8068181818181818,0.2
Histogram Gradient Boosting (balanced),PR,0.8068181818181818,0.20056497175141244
Histogram Gradient Boosting (balanced),PR,0.8068181818181818,0.20113314447592068
Histogram Gradient Boosting (balanced),PR,0.8068181818181818,0.20170454545454544
Histogram Gradient Boosting (balanced),PR,0.8068181818181818,0.2022792022792023
Histogram Gradient Boosting (balanced),PR,0.8068181818181818,0.20285714285714285
Histogram Gradient Boosting (balanced),PR,0.8068181818181818,0.2034383954154728
Histogram Gradient Boosting (balanced),PR,0.8068181818181818,0.20402298850574713
Histogram Gradient Boosting (balanced),PR,0.8068181818181818,0.20461095100864554
Histogram Gradient Boosting (balanced),PR,0.8068181818181818,0.20520231213872833
Histogram Gradient Boosting (balanced),PR,0.8068181818181818,0.20579710144927535
Histogram Gradient Boosting (balanced),PR,0.8068181818181818,0.2063953488372093
Histogram Gradient Boosting (balanced),PR,0.8068181818181818,0.20699708454810495
Histogram Gradient Boosting (balanced),PR,0.8068181818181818,0.20760233918128654
Histogram Gradient Boosting (balanced),PR,0.8068181818181818,0.20821114369501467
Histogram Gradient Boosting (balanced),PR,0.8068181818181818,0.2088235294117647
Histogram Gradient Boosting (balanced),PR,0.8068181818181818,0.20943952802359883
Histogram Gradient Boosting (balanced),PR,0.8068181818181818,0.21005917159763313
Histogram Gradient Boosting (balanced),PR,0.8068181818181818,0.21068249258160238
Histogram Gradient Boosting (balanced),PR,0.8068181818181818,0.2113095238095238
Histogram Gradient Boosting (balanced),PR,0.8068181818181818,0.21194029850746268
Histogram Gradient Boosting (balanced),PR,0.8068181818181818,0.2125748502994012
Histogram Gradient Boosting (balanced),PR,0.8068181818181818,0.2132132132132132
Histogram Gradient Boosting (balanced),PR,0.8068181818181818,0.21385542168674698
Histogram Gradient Boosting (balanced),PR,0.8068181818181818,0.21450151057401812
Histogram Gradient Boosting (balanced),PR,0.8068181818181818,0.21515151515151515
Histogram Gradient Boosting (balanced),PR,0.8068181818181818,0.21580547112462006
Histogram Gradient Boosting (balanced),PR,0.8068181818181818,0.21646341463414634
Histogram Gradient Boosting (balanced),PR,0.7954545454545454,0.21406727828746178
Histogram Gradient Boosting (balanced),PR,0.7954545454545454,0.2147239263803681
Histogram Gradient Boosting (balanced),PR,0.7954545454545454,0.2153846153846154
Histogram Gradient Boosting (balanced),PR,0.7954545454545454,0.21604938271604937
Histogram Gradient Boosting (balanced),PR,0.7954545454545454,0.21671826625386997
Histogram Gradient Boosting (balanced),PR,0.7954545454545454,0.21739130434782608
Histogram Gradient Boosting (balanced),PR,0.7840909090909091,0.21495327102803738
Histogram Gradient Boosting (balanced),PR,0.7727272727272727,0.2125
Histogram Gradient Boosting (balanced),PR,0.7613636363636364,0.21003134796238246
Histogram Gradient Boosting (balanced),PR,0.7613636363636364,0.21069182389937108
Histogram Gradient Boosting (balanced),PR,0.7613636363636364,0.2113564668769716
Histogram Gradient Boosting (balanced),PR,0.7613636363636364,0.2120253164556962
Histogram Gradient Boosting (balanced),PR,0.7613636363636364,0.2126984126984127
Histogram Gradient Boosting (balanced),PR,0.7613636363636364,0.21337579617834396
Histogram Gradient Boosting (balanced),PR,0.7613636363636364,0.21405750798722045
Histogram Gradient Boosting (balanced),PR,0.7613636363636364,0.21474358974358973
Histogram Gradient Boosting (balanced),PR,0.7613636363636364,0.21543408360128619
Histogram Gradient Boosting (balanced),PR,0.7613636363636364,0.2161290322580645
Histogram Gradient Boosting (balanced),PR,0.7613636363636364,0.2168284789644013
Histogram Gradient Boosting (balanced),PR,0.7613636363636364,0.21753246753246752
Histogram Gradient Boosting (balanced),PR,0.7613636363636364,0.2182410423452769
Histogram Gradient Boosting (balanced),PR,0.7613636363636364,0.21895424836601307
Histogram Gradient Boosting (balanced),PR,0.7613636363636364,0.21967213114754097
Histogram Gradient Boosting (balanced),PR,0.7613636363636364,0.22039473684210525
Histogram Gradient Boosting (balanced),PR,0.7613636363636364,0.22112211221122113
Histogram Gradient Boosting (balanced),PR,0.7613636363636364,0.22185430463576158
Histogram Gradient Boosting (balanced),PR,0.7613636363636364,0.22259136212624583
Histogram Gradient Boosting (balanced),PR,0.7613636363636364,0.22333333333333333
Histogram Gradient Boosting (balanced),PR,0.7613636363636364,0.22408026755852842
Histogram Gradient Boosting (balanced),PR,0.7613636363636364,0.22483221476510068
Histogram Gradient Boosting (balanced),PR,0.7613636363636364,0.2255892255892256
Histogram Gradient Boosting (balanced),PR,0.7613636363636364,0.22635135135135134
Histogram Gradient Boosting (balanced),PR,0.7613636363636364,0.2271186440677966
Histogram Gradient Boosting (balanced),PR,0.7613636363636364,0.22789115646258504
Histogram Gradient Boosting (balanced),PR,0.75,0.22525597269624573
Histogram Gradient Boosting (balanced),PR,0.75,0.22602739726027396
Histogram Gradient Boosting (balanced),PR,0.75,0.2268041237113402
Histogram Gradient Boosting (balanced),PR,0.75,0.22758620689655173
Histogram Gradient Boosting (balanced),PR,0.7386363636363636,0.22491349480968859
Histogram Gradient Boosting (balanced),PR,0.7386363636363636,0.22569444444444445
Histogram Gradient Boosting (balanced),PR,0.7386363636363636,0.2264808362369338
Histogram Gradient Boosting (balanced),PR,0.7386363636363636,0.22727272727272727
Histogram Gradient Boosting (balanced),PR,0.7386363636363636,0.22807017543859648
Histogram Gradient Boosting (balanced),PR,0.7386363636363636,0.22887323943661972
Histogram Gradient Boosting (balanced),PR,0.7386363636363636,0.22968197879858657
Histogram Gradient Boosting (balanced),PR,0.7386363636363636,0.23049645390070922
Histogram Gradient Boosting (balanced),PR,0.7386363636363636,0.2313167259786477
Histogram Gradient Boosting (balanced),PR,0.7386363636363636,0.23214285714285715
Histogram Gradient Boosting (balanced),PR,0.7386363636363636,0.23297491039426524
Histogram Gradient Boosting (balanced),PR,0.7386363636363636,0.23381294964028776
Histogram Gradient Boosting (balanced),PR,0.7386363636363636,0.23465703971119134
Histogram Gradient Boosting (balanced),PR,0.7386363636363636,0.23550724637681159
Histogram Gradient Boosting (balanced),PR,0.7386363636363636,0.23636363636363636
Histogram Gradient Boosting (balanced),PR,0.7386363636363636,0.23722627737226276
Histogram Gradient Boosting (balanced),PR,0.7386363636363636,0.23809523809523808
Histogram Gradient Boosting (balanced),PR,0.7386363636363636,0.23897058823529413
Histogram Gradient Boosting (balanced),PR,0.7386363636363636,0.23985239852398524
Histogram Gradient Boosting (balanced),PR,0.7386363636363636,0.24074074074074073
Histogram Gradient Boosting (balanced),PR,0.7386363636363636,0.241635687732342
Histogram Gradient Boosting (balanced),PR,0.7386363636363636,0.24253731343283583
Histogram Gradient Boosting (balanced),PR,0.7386363636363636,0.24344569288389514
Histogram Gradient Boosting (balanced),PR,0.7386363636363636,0.24436090225563908
Histogram Gradient Boosting (balanced),PR,0.7386363636363636,0.24528301886792453
Histogram Gradient Boosting (balanced),PR,0.7272727272727273,0.24242424242424243
Histogram Gradient Boosting (balanced),PR,0.7159090909090909,0.23954372623574144
Histogram Gradient Boosting (balanced),PR,0.7159090909090909,0.24045801526717558
Histogram Gradient Boosting (balanced),PR,0.7159090909090909,0.2413793103448276
Histogram Gradient Boosting (balanced),PR,0.7159090909090909,0.2423076923076923
Histogram Gradient Boosting (balanced),PR,0.7159090909090909,0.24324324324324326
Histogram Gradient Boosting (balanced),PR,0.7159090909090909,0.2441860465116279
Histogram Gradient Boosting (balanced),PR,0.7159090909090909,0.245136186770428
Histogram Gradient Boosting (balanced),PR,0.7159090909090909,0.24609375
Histogram Gradient Boosting (balanced),PR,0.7159090909090909,0.24705882352941178
Histogram Gradient Boosting (balanced),PR,0.7045454545454546,0.2440944881889764
Histogram Gradient Boosting (balanced),PR,0.7045454545454546,0.2450592885375494
Histogram Gradient Boosting (balanced),PR,0.7045454545454546,0.24603174603174602
Histogram Gradient Boosting (balanced),PR,0.6931818181818182,0.24302788844621515
Histogram Gradient Boosting (balanced),PR,0.6818181818181818,0.24
Histogram Gradient Boosting (balanced),PR,0.6818181818181818,0.24096385542168675
Histogram Gradient Boosting (balanced),PR,0.6704545454545454,0.23790322580645162
Histogram Gradient Boosting (balanced),PR,0.6704545454545454,0.2388663967611336
Histogram Gradient Boosting (balanced),PR,0.6590909090909091,0.23577235772357724
Histogram Gradient Boosting (balanced),PR,0.6590909090909091,0.23673469387755103
Histogram Gradient Boosting (balanced),PR,0.6477272727272727,0.2336065573770492
Histogram Gradient Boosting (balanced),PR,0.6477272727272727,0.2345679012345679
Histogram Gradient Boosting (balanced),PR,0.6477272727272727,0.23553719008264462
Histogram Gradient Boosting (balanced),PR,0.6477272727272727,0.23651452282157676
Histogram Gradient Boosting (balanced),PR,0.6363636363636364,0.23333333333333334
Histogram Gradient Boosting (balanced),PR,0.625,0.2301255230125523
Histogram Gradient Boosting (balanced),PR,0.625,0.23109243697478993
Histogram Gradient Boosting (balanced),PR,0.6136363636363636,0.22784810126582278
Histogram Gradient Boosting (balanced),PR,0.6136363636363636,0.2288135593220339
Histogram Gradient Boosting (balanced),PR,0.6136363636363636,0.2297872340425532
Histogram Gradient Boosting (balanced),PR,0.6136363636363636,0.23076923076923078
Histogram Gradient Boosting (balanced),PR,0.6136363636363636,0.2317596566523605
Histogram Gradient Boosting (balanced),PR,0.6136363636363636,0.23275862068965517
Histogram Gradient Boosting (balanced),PR,0.6136363636363636,0.23376623376623376
Histogram Gradient Boosting (balanced),PR,0.6136363636363636,0.23478260869565218
Histogram Gradient Boosting (balanced),PR,0.6022727272727273,0.2314410480349345
Histogram Gradient Boosting (balanced),PR,0.6022727272727273,0.2324561403508772
Histogram Gradient Boosting (balanced),PR,0.6022727272727273,0.23348017621145375
Histogram Gradient Boosting (balanced),PR,0.6022727272727273,0.2345132743362832
Histogram Gradient Boosting (balanced),PR,0.6022727272727273,0.23555555555555555
Histogram Gradient Boosting (balanced),PR,0.6022727272727273,0.23660714285714285
Histogram Gradient Boosting (balanced),PR,0.6022727272727273,0.23766816143497757
Histogram Gradient Boosting (balanced),PR,0.6022727272727273,0.23873873873873874
Histogram Gradient Boosting (balanced),PR,0.6022727272727273,0.2398190045248869
Histogram Gradient Boosting (balanced),PR,0.6022727272727273,0.2409090909090909
Histogram Gradient Boosting (balanced),PR,0.6022727272727273,0.2420091324200913
Histogram Gradient Boosting (balanced),PR,0.6022727272727273,0.24311926605504589
Histogram Gradient Boosting (balanced),PR,0.6022727272727273,0.24423963133640553
Histogram Gradient Boosting (balanced),PR,0.5909090909090909,0.24074074074074073
Histogram Gradient Boosting (balanced),PR,0.5909090909090909,0.24186046511627907
Histogram Gradient Boosting (balanced),PR,0.5909090909090909,0.24299065420560748
Histogram Gradient Boosting (balanced),PR,0.5909090909090909,0.24413145539906103
Histogram Gradient Boosting (balanced),PR,0.5909090909090909,0.24528301886792453
Histogram Gradient Boosting (balanced),PR,0.5795454545454546,0.24170616113744076
Histogram Gradient Boosting (balanced),PR,0.5681818181818182,0.23809523809523808
Histogram Gradient Boosting (balanced),PR,0.5681818181818182,0.23923444976076555
Histogram Gradient Boosting (balanced),PR,0.5681818181818182,0.2403846153846154
Histogram Gradient Boosting (balanced),PR,0.5681818181818182,0.24154589371980675
Histogram Gradient Boosting (balanced),PR,0.5681818181818182,0.24271844660194175
Histogram Gradient Boosting (balanced),PR,0.5568181818181818,0.23902439024390243
Histogram Gradient Boosting (balanced),PR,0.5568181818181818,0.24019607843137256
Histogram Gradient Boosting (balanced),PR,0.5568181818181818,0.2413793103448276
Histogram Gradient Boosting (balanced),PR,0.5568181818181818,0.24257425742574257
Histogram Gradient Boosting (balanced),PR,0.5568181818181818,0.24378109452736318
Histogram Gradient Boosting (balanced),PR,0.5454545454545454,0.24
Histogram Gradient Boosting (balanced),PR,0.5454545454545454,0.24120603015075376
Histogram Gradient Boosting (balanced),PR,0.5454545454545454,0.24242424242424243
Histogram Gradient Boosting (balanced),PR,0.5454545454545454,0.2436548223350254
Histogram Gradient Boosting (balanced),PR,0.5454545454545454,0.24489795918367346
Histogram Gradient Boosting (balanced),PR,0.5454545454545454,0.24615384615384617
Histogram Gradient Boosting (balanced),PR,0.5454545454545454,0.24742268041237114
Histogram Gradient Boosting (balanced),PR,0.5454545454545454,0.24870466321243523
Histogram Gradient Boosting (balanced),PR,0.5454545454545454,0.25
Histogram Gradient Boosting (balanced),PR,0.5340909090909091,0.24607329842931938
Histogram Gradient Boosting (balanced),PR,0.5340909090909091,0.24736842105263157
Histogram Gradient Boosting (balanced),PR,0.5340909090909091,0.24867724867724866
Histogram Gradient Boosting (balanced),PR,0.5340909090909091,0.25
Histogram Gradient Boosting (balanced),PR,0.5227272727272727,0.24598930481283424
Histogram Gradient Boosting (balanced),PR,0.5227272727272727,0.24731182795698925
Histogram Gradient Boosting (balanced),PR,0.5113636363636364,0.24324324324324326
Histogram Gradient Boosting (balanced),PR,0.5113636363636364,0.24456521739130435
Histogram Gradient Boosting (balanced),PR,0.5113636363636364,0.2459016393442623
Histogram Gradient Boosting (balanced),PR,0.5113636363636364,0.24725274725274726
Histogram Gradient Boosting (balanced),PR,0.5113636363636364,0.24861878453038674
Histogram Gradient Boosting (balanced),PR,0.5113636363636364,0.25
Histogram Gradient Boosting (balanced),PR,0.5113636363636364,0.25139664804469275
Histogram Gradient Boosting (balanced),PR,0.5113636363636364,0.25280898876404495
Histogram Gradient Boosting (balanced),PR,0.5113636363636364,0.2542372881355932
Histogram Gradient Boosting (balanced),PR,0.5113636363636364,0.2556818181818182
Histogram Gradient Boosting (balanced),PR,0.5113636363636364,0.2571428571428571
Histogram Gradient Boosting (balanced),PR,0.5113636363636364,0.25862068965517243
Histogram Gradient Boosting (balanced),PR,0.5113636363636364,0.26011560693641617
Histogram Gradient Boosting (balanced),PR,0.5113636363636364,0.2616279069767442
Histogram Gradient Boosting (balanced),PR,0.5113636363636364,0.2631578947368421
Histogram Gradient Boosting (balanced),PR,0.5113636363636364,0.2647058823529412
Histogram Gradient Boosting (balanced),PR,0.5113636363636364,0.26627218934911245
Histogram Gradient Boosting (balanced),PR,0.5113636363636364,0.26785714285714285
Histogram Gradient Boosting (balanced),PR,0.5113636363636364,0.2694610778443114
Histogram Gradient Boosting (balanced),PR,0.5113636363636364,0.2710843373493976
Histogram Gradient Boosting (balanced),PR,0.5113636363636364,0.2727272727272727
Histogram Gradient Boosting (balanced),PR,0.5113636363636364,0.27439024390243905
Histogram Gradient Boosting (balanced),PR,0.5113636363636364,0.27607361963190186
Histogram Gradient Boosting (balanced),PR,0.5113636363636364,0.2777777777777778
Histogram Gradient Boosting (balanced),PR,0.5113636363636364,0.2795031055900621
Histogram Gradient Boosting (balanced),PR,0.5113636363636364,0.28125
Histogram Gradient Boosting (balanced),PR,0.5113636363636364,0.2830188679245283
Histogram Gradient Boosting (balanced),PR,0.5113636363636364,0.2848101265822785
Histogram Gradient Boosting (balanced),PR,0.5113636363636364,0.28662420382165604
Histogram Gradient Boosting (balanced),PR,0.5113636363636364,0.28846153846153844
Histogram Gradient Boosting (balanced),PR,0.5,0.2838709677419355
Histogram Gradient Boosting (balanced),PR,0.5,0.2857142857142857
Histogram Gradient Boosting (balanced),PR,0.5,0.2875816993464052
Histogram Gradient Boosting (balanced),PR,0.5,0.2894736842105263
Histogram Gradient Boosting (balanced),PR,0.5,0.2913907284768212
Histogram Gradient Boosting (balanced),PR,0.5,0.29333333333333333
Histogram Gradient Boosting (balanced),PR,0.5,0.2953020134228188
Histogram Gradient Boosting (balanced),PR,0.5,0.2972972972972973
Histogram Gradient Boosting (balanced),PR,0.5,0.29931972789115646
Histogram Gradient Boosting (balanced),PR,0.48863636363636365,0.2945205479452055
Histogram Gradient Boosting (balanced),PR,0.48863636363636365,0.296551724137931
Histogram Gradient Boosting (balanced),PR,0.48863636363636365,0.2986111111111111
Histogram Gradient Boosting (balanced),PR,0.48863636363636365,0.3006993006993007
Histogram Gradient Boosting (balanced),PR,0.4772727272727273,0.29577464788732394
Histogram Gradient Boosting (balanced),PR,0.4659090909090909,0.2907801418439716
Histogram Gradient Boosting (balanced),PR,0.4659090909090909,0.29285714285714287
Histogram Gradient Boosting (balanced),PR,0.4659090909090909,0.2949640287769784
Histogram Gradient Boosting (balanced),PR,0.45454545454545453,0.2898550724637681
Histogram Gradient Boosting (balanced),PR,0.45454545454545453,0.291970802919708
Histogram Gradient Boosting (balanced),PR,0.45454545454545453,0.29411764705882354
Histogram Gradient Boosting (balanced),PR,0.4431818181818182,0.28888888888888886
Histogram Gradient Boosting (balanced),PR,0.4431818181818182,0.291044776119403
Histogram Gradient Boosting (balanced),PR,0.4431818181818182,0.2932330827067669
Histogram Gradient Boosting (balanced),PR,0.4431818181818182,0.29545454545454547
Histogram Gradient Boosting (balanced),PR,0.4431818181818182,0.29770992366412213
Histogram Gradient Boosting (balanced),PR,0.4431818181818182,0.3
Histogram Gradient Boosting (balanced),PR,0.4431818181818182,0.3023255813953488
Histogram Gradient Boosting (balanced),PR,0.4318181818181818,0.296875
Histogram Gradient Boosting (balanced),PR,0.42045454545454547,0.29133858267716534
Histogram Gradient Boosting (balanced),PR,0.4090909090909091,0.2857142857142857
Histogram Gradient Boosting (balanced),PR,0.4090909090909091,0.288
Histogram Gradient Boosting (balanced),PR,0.4090909090909091,0.2903225806451613
Histogram Gradient Boosting (balanced),PR,0.4090909090909091,0.2926829268292683
Histogram Gradient Boosting (balanced),PR,0.4090909090909091,0.29508196721311475
Histogram Gradient Boosting (balanced),PR,0.3977272727272727,0.2892561983471074
Histogram Gradient Boosting (balanced),PR,0.3977272727272727,0.2916666666666667
Histogram Gradient Boosting (balanced),PR,0.3977272727272727,0.29411764705882354
Histogram Gradient Boosting (balanced),PR,0.3977272727272727,0.2966101694915254
Histogram Gradient Boosting (balanced),PR,0.3977272727272727,0.29914529914529914
Histogram Gradient Boosting (balanced),PR,0.3977272727272727,0.3017241379310345
Histogram Gradient Boosting (balanced),PR,0.38636363636363635,0.2956521739130435
Histogram Gradient Boosting (balanced),PR,0.38636363636363635,0.2982456140350877
Histogram Gradient Boosting (balanced),PR,0.38636363636363635,0.3008849557522124
Histogram Gradient Boosting (balanced),PR,0.38636363636363635,0.30357142857142855
Histogram Gradient Boosting (balanced),PR,0.375,0.2972972972972973
Histogram Gradient Boosting (balanced),PR,0.36363636363636365,0.2909090909090909
Histogram Gradient Boosting (balanced),PR,0.36363636363636365,0.29357798165137616
Histogram Gradient Boosting (balanced),PR,0.36363636363636365,0.2962962962962963
Histogram Gradient Boosting (balanced),PR,0.36363636363636365,0.29906542056074764
Histogram Gradient Boosting (balanced),PR,0.3522727272727273,0.29245283018867924
Histogram Gradient Boosting (balanced),PR,0.3522727272727273,0.29523809523809524
Histogram Gradient Boosting (balanced),PR,0.3409090909090909,0.28846153846153844
Histogram Gradient Boosting (balanced),PR,0.3409090909090909,0.2912621359223301
Histogram Gradient Boosting (balanced),PR,0.3409090909090909,0.29411764705882354
Histogram Gradient Boosting (balanced),PR,0.3409090909090909,0.297029702970297
Histogram Gradient Boosting (balanced),PR,0.3409090909090909,0.3
Histogram Gradient Boosting (balanced),PR,0.3409090909090909,0.30303030303030304
Histogram Gradient Boosting (balanced),PR,0.3409090909090909,0.30612244897959184
Histogram Gradient Boosting (balanced),PR,0.3409090909090909,0.30927835051546393
Histogram Gradient Boosting (balanced),PR,0.3409090909090909,0.3125
Histogram Gradient Boosting (balanced),PR,0.32954545454545453,0.30526315789473685
Histogram Gradient Boosting (balanced),PR,0.3181818181818182,0.2978723404255319
Histogram Gradient Boosting (balanced),PR,0.3181818181818182,0.3010752688172043
Histogram Gradient Boosting (balanced),PR,0.3068181818181818,0.29347826086956524
Histogram Gradient Boosting (balanced),PR,0.29545454545454547,0.2857142857142857
Histogram Gradient Boosting (balanced),PR,0.29545454545454547,0.28888888888888886
Histogram Gradient Boosting (balanced),PR,0.2840909090909091,0.2808988764044944
Histogram Gradient Boosting (balanced),PR,0.2727272727272727,0.2727272727272727
Histogram Gradient Boosting (balanced),PR,0.2727272727272727,0.27586206896551724
Histogram Gradient Boosting (balanced),PR,0.2727272727272727,0.27906976744186046
Histogram Gradient Boosting (balanced),PR,0.2727272727272727,0.2823529411764706
Histogram Gradient Boosting (balanced),PR,0.26136363636363635,0.27380952380952384
Histogram Gradient Boosting (balanced),PR,0.26136363636363635,0.27710843373493976
Histogram Gradient Boosting (balanced),PR,0.26136363636363635,0.2804878048780488
Histogram Gradient Boosting (balanced),PR,0.26136363636363635,0.2839506172839506
Histogram Gradient Boosting (balanced),PR,0.25,0.275
Histogram Gradient Boosting (balanced),PR,0.23863636363636365,0.26582278481012656
Histogram Gradient Boosting (balanced),PR,0.23863636363636365,0.2692307692307692
Histogram Gradient Boosting (balanced),PR,0.23863636363636365,0.2727272727272727
Histogram Gradient Boosting (balanced),PR,0.22727272727272727,0.2631578947368421
Histogram Gradient Boosting (balanced),PR,0.22727272727272727,0.26666666666666666
Histogram Gradient Boosting (balanced),PR,0.22727272727272727,0.2702702702702703
Histogram Gradient Boosting (balanced),PR,0.22727272727272727,0.273972602739726
Histogram Gradient Boosting (balanced),PR,0.22727272727272727,0.2777777777777778
Histogram Gradient Boosting (balanced),PR,0.22727272727272727,0.28169014084507044
Histogram Gradient Boosting (balanced),PR,0.22727272727272727,0.2857142857142857
Histogram Gradient Boosting (balanced),PR,0.2159090909090909,0.2753623188405797
Histogram Gradient Boosting (balanced),PR,0.2159090909090909,0.27941176470588236
Histogram Gradient Boosting (balanced),PR,0.20454545454545456,0.26865671641791045
Histogram Gradient Boosting (balanced),PR,0.20454545454545456,0.2727272727272727
Histogram Gradient Boosting (balanced),PR,0.20454545454545456,0.27692307692307694
Histogram Gradient Boosting (balanced),PR,0.19318181818181818,0.265625
Histogram Gradient Boosting (balanced),PR,0.18181818181818182,0.25396825396825395
Histogram Gradient Boosting (balanced),PR,0.18181818181818182,0.25806451612903225
Histogram Gradient Boosting (balanced),PR,0.18181818181818182,0.26229508196721313
Histogram Gradient Boosting (balanced),PR,0.17045454545454544,0.25
Histogram Gradient Boosting (balanced),PR,0.17045454545454544,0.2542372881355932
Histogram Gradient Boosting (balanced),PR,0.17045454545454544,0.25862068965517243
Histogram Gradient Boosting (balanced),PR,0.17045454545454544,0.2631578947368421
Histogram Gradient Boosting (balanced),PR,0.17045454545454544,0.26785714285714285
Histogram Gradient Boosting (balanced),PR,0.17045454545454544,0.2727272727272727
Histogram Gradient Boosting (balanced),PR,0.17045454545454544,0.2777777777777778
Histogram Gradient Boosting (balanced),PR,0.17045454545454544,0.2830188679245283
Histogram Gradient Boosting (balanced),PR,0.17045454545454544,0.28846153846153844
Histogram Gradient Boosting (balanced),PR,0.17045454545454544,0.29411764705882354
Histogram Gradient Boosting (balanced),PR,0.17045454545454544,0.3
Histogram Gradient Boosting (balanced),PR,0.17045454545454544,0.30612244897959184
Histogram Gradient Boosting (balanced),PR,0.17045454545454544,0.3125
Histogram Gradient Boosting (balanced),PR,0.17045454545454544,0.3191489361702128
Histogram Gradient Boosting (balanced),PR,0.17045454545454544,0.32608695652173914
Histogram Gradient Boosting (balanced),PR,0.17045454545454544,0.3333333333333333
Histogram Gradient Boosting (balanced),PR,0.17045454545454544,0.3409090909090909
Histogram Gradient Boosting (balanced),PR,0.17045454545454544,0.3488372093023256
Histogram Gradient Boosting (balanced),PR,0.1590909090909091,0.3333333333333333
Histogram Gradient Boosting (balanced),PR,0.1590909090909091,0.34146341463414637
Histogram Gradient Boosting (balanced),PR,0.14772727272727273,0.325
Histogram Gradient Boosting (balanced),PR,0.14772727272727273,0.3333333333333333
Histogram Gradient Boosting (balanced),PR,0.14772727272727273,0.34210526315789475
Histogram Gradient Boosting (balanced),PR,0.13636363636363635,0.32432432432432434
Histogram Gradient Boosting (balanced),PR,0.13636363636363635,0.3333333333333333
Histogram Gradient Boosting (balanced),PR,0.13636363636363635,0.34285714285714286
Histogram Gradient Boosting (balanced),PR,0.13636363636363635,0.35294117647058826
Histogram Gradient Boosting (balanced),PR,0.125,0.3333333333333333
Histogram Gradient Boosting (balanced),PR,0.125,0.34375
Histogram Gradient Boosting (balanced),PR,0.11363636363636363,0.3225806451612903
Histogram Gradient Boosting (balanced),PR,0.11363636363636363,0.3333333333333333
Histogram Gradient Boosting (balanced),PR,0.10227272727272728,0.3103448275862069
Histogram Gradient Boosting (balanced),PR,0.09090909090909091,0.2857142857142857
Histogram Gradient Boosting (balanced),PR,0.09090909090909091,0.2962962962962963
Histogram Gradient Boosting (balanced),PR,0.09090909090909091,0.3076923076923077
Histogram Gradient Boosting (balanced),PR,0.09090909090909091,0.32
Histogram Gradient Boosting (balanced),PR,0.09090909090909091,0.3333333333333333
Histogram Gradient Boosting (balanced),PR,0.09090909090909091,0.34782608695652173
Histogram Gradient Boosting (balanced),PR,0.09090909090909091,0.36363636363636365
Histogram Gradient Boosting (balanced),PR,0.09090909090909091,0.38095238095238093
Histogram Gradient Boosting (balanced),PR,0.09090909090909091,0.4
Histogram Gradient Boosting (balanced),PR,0.09090909090909091,0.42105263157894735
Histogram Gradient Boosting (balanced),PR,0.07954545454545454,0.3888888888888889
Histogram Gradient Boosting (balanced),PR,0.07954545454545454,0.4117647058823529
Histogram Gradient Boosting (balanced),PR,0.07954545454545454,0.4375
Histogram Gradient Boosting (balanced),PR,0.06818181818181818,0.4
Histogram Gradient Boosting (balanced),PR,0.056818181818181816,0.35714285714285715
Histogram Gradient Boosting (balanced),PR,0.056818181818181816,0.38461538461538464
Histogram Gradient Boosting (balanced),PR,0.045454545454545456,0.3333333333333333
Histogram Gradient Boosting (balanced),PR,0.045454545454545456,0.36363636363636365
Histogram Gradient Boosting (balanced),PR,0.045454545454545456,0.4
Histogram Gradient Boosting (balanced),PR,0.045454545454545456,0.4444444444444444
Histogram Gradient Boosting (balanced),PR,0.045454545454545456,0.5
Histogram Gradient Boosting (balanced),PR,0.045454545454545456,0.5714285714285714
Histogram Gradient Boosting (balanced),PR,0.03409090909090909,0.5
Histogram Gradient Boosting (balanced),PR,0.03409090909090909,0.6
Histogram Gradient Boosting (balanced),PR,0.03409090909090909,0.75
Histogram Gradient Boosting (balanced),PR,0.022727272727272728,0.6666666666666666
Histogram Gradient Boosting (balanced),PR,0.022727272727272728,1.0
Histogram Gradient Boosting (balanced),PR,0.011363636363636364,1.0
Histogram Gradient Boosting (balanced),PR,0.0,1.0
Isolation Forest,ROC,0.0,0.0
Isolation Forest,ROC,0.0,0.011363636363636364
Isolation Forest,ROC,0.0,0.022727272727272728
Isolation Forest,ROC,0.0021929824561403508,0.022727272727272728
Isolation Forest,ROC,0.0021929824561403508,0.03409090909090909
Isolation Forest,ROC,0.003289473684210526,0.03409090909090909
Isolation Forest,ROC,0.003289473684210526,0.056818181818181816
Isolation Forest,ROC,0.008771929824561403,0.056818181818181816
Isolation Forest,ROC,0.008771929824561403,0.07954545454545454
Isolation Forest,ROC,0.015350877192982455,0.07954545454545454
Isolation Forest,ROC,0.015350877192982455,0.09090909090909091
Isolation Forest,ROC,0.017543859649122806,0.09090909090909091
Isolation Forest,ROC,0.017543859649122806,0.10227272727272728
Isolation Forest,ROC,0.021929824561403508,0.10227272727272728
Isolation Forest,ROC,0.021929824561403508,0.11363636363636363
Isolation Forest,ROC,0.025219298245614034,0.11363636363636363
Isolation Forest,ROC,0.025219298245614034,0.125
Isolation Forest,ROC,0.02631578947368421,0.125
Isolation Forest,ROC,0.02631578947368421,0.13636363636363635
Isolation Forest,ROC,0.02850877192982456,0.13636363636363635
Isolation Forest,ROC,0.02850877192982456,0.1590909090909091
Isolation Forest,ROC,0.03070175438596491,0.1590909090909091
Isolation Forest,ROC,0.03070175438596491,0.17045454545454544
Isolation Forest,ROC,0.03728070175438596,0.17045454545454544
Isolation Forest,ROC,0.03728070175438596,0.18181818181818182
Isolation Forest,ROC,0.046052631578947366,0.18181818181818182
Isolation Forest,ROC,0.046052631578947366,0.19318181818181818
Isolation Forest,ROC,0.047149122807017545,0.19318181818181818
Isolation Forest,ROC,0.047149122807017545,0.2159090909090909
Isolation Forest,ROC,0.04824561403508772,0.2159090909090909
Isolation Forest,ROC,0.04824561403508772,0.22727272727272727
Isolation Forest,ROC,0.05592105263157895,0.22727272727272727
Isolation Forest,ROC,0.05592105263157895,0.23863636363636365
Isolation Forest,ROC,0.05701754385964912,0.23863636363636365
Isolation Forest,ROC,0.05701754385964912,0.25
Isolation Forest,ROC,0.05921052631578947,0.25
Isolation Forest,ROC,0.05921052631578947,0.26136363636363635
Isolation Forest,ROC,0.07017543859649122,0.26136363636363635
Isolation Forest,ROC,0.07017543859649122,0.2840909090909091
Isolation Forest,ROC,0.0712719298245614,0.2840909090909091
Isolation Forest,ROC,0.0712719298245614,0.3068181818181818
Isolation Forest,ROC,0.07236842105263158,0.3068181818181818
Isolation Forest,ROC,0.07236842105263158,0.3181818181818182
Isolation Forest,ROC,0.07456140350877193,0.3181818181818182
Isolation Forest,ROC,0.07456140350877193,0.32954545454545453
Isolation Forest,ROC,0.09868421052631579,0.32954545454545453
Isolation Forest,ROC,0.09868421052631579,0.3409090909090909
Isolation Forest,ROC,0.10087719298245613,0.3409090909090909
Isolation Forest,ROC,0.10087719298245613,0.3522727272727273
Isolation Forest,ROC,0.10635964912280702,0.3522727272727273
Isolation Forest,ROC,0.10635964912280702,0.36363636363636365
Isolation Forest,ROC,0.11293859649122807,0.36363636363636365
Isolation Forest,ROC,0.11293859649122807,0.375
Isolation Forest,ROC,0.125,0.375
Isolation Forest,ROC,0.125,0.38636363636363635
Isolation Forest,ROC,0.16885964912280702,0.38636363636363635
Isolation Forest,ROC,0.16885964912280702,0.3977272727272727
Isolation Forest,ROC,0.18311403508771928,0.3977272727272727
Isolation Forest,ROC,0.18311403508771928,0.4090909090909091
Isolation Forest,ROC,0.19517543859649122,0.4090909090909091
Isolation Forest,ROC,0.19517543859649122,0.42045454545454547
Isolation Forest,ROC,0.22039473684210525,0.42045454545454547
Isolation Forest,ROC,0.22039473684210525,0.4318181818181818
Isolation Forest,ROC,0.22916666666666666,0.4318181818181818
Isolation Forest,ROC,0.22916666666666666,0.4431818181818182
Isolation Forest,ROC,0.24671052631578946,0.4431818181818182
Isolation Forest,ROC,0.24671052631578946,0.45454545454545453
Isolation Forest,ROC,0.26535087719298245,0.45454545454545453
Isolation Forest,ROC,0.26535087719298245,0.4659090909090909
Isolation Forest,ROC,0.2774122807017544,0.4659090909090909
Isolation Forest,ROC,0.2774122807017544,0.4772727272727273
Isolation Forest,ROC,0.27960526315789475,0.4772727272727273
Isolation Forest,ROC,0.27960526315789475,0.48863636363636365
Isolation Forest,ROC,0.2807017543859649,0.48863636363636365
Isolation Forest,ROC,0.2807017543859649,0.5
Isolation Forest,ROC,0.28618421052631576,0.5
Isolation Forest,ROC,0.28618421052631576,0.5113636363636364
Isolation Forest,ROC,0.2982456140350877,0.5113636363636364
Isolation Forest,ROC,0.2982456140350877,0.5227272727272727
Isolation Forest,ROC,0.3168859649122807,0.5227272727272727
Isolation Forest,ROC,0.3168859649122807,0.5340909090909091
Isolation Forest,ROC,0.3333333333333333,0.5340909090909091
Isolation Forest,ROC,0.3333333333333333,0.5454545454545454
Isolation Forest,ROC,0.3399122807017544,0.5454545454545454
Isolation Forest,ROC,0.3399122807017544,0.5568181818181818
Isolation Forest,ROC,0.3826754385964912,0.5568181818181818
Isolation Forest,ROC,0.3826754385964912,0.5681818181818182
Isolation Forest,ROC,0.42105263157894735,0.5681818181818182
Isolation Forest,ROC,0.42105263157894735,0.5909090909090909
Isolation Forest,ROC,0.4298245614035088,0.5909090909090909
Isolation Forest,ROC,0.4298245614035088,0.6022727272727273
Isolation Forest,ROC,0.4407894736842105,0.6022727272727273
Isolation Forest,ROC,0.4407894736842105,0.6136363636363636
Isolation Forest,ROC,0.44298245614035087,0.6136363636363636
Isolation Forest,ROC,0.44298245614035087,0.625
Isolation Forest,ROC,0.4451754385964912,0.625
Isolation Forest,ROC,0.4451754385964912,0.6363636363636364
Isolation Forest,ROC,0.4517543859649123,0.6363636363636364
Isolation Forest,ROC,0.4517543859649123,0.6477272727272727
Isolation Forest,ROC,0.4616228070175439,0.6477272727272727
Isolation Forest,ROC,0.4616228070175439,0.6590909090909091
Isolation Forest,ROC,0.4649122807017544,0.6590909090909091
Isolation Forest,ROC,0.4649122807017544,0.6704545454545454
Isolation Forest,ROC,0.4857456140350877,0.6704545454545454
Isolation Forest,ROC,0.4857456140350877,0.6818181818181818
Isolation Forest,ROC,0.5054824561403509,0.6818181818181818
Isolation Forest,ROC,0.5054824561403509,0.6931818181818182
Isolation Forest,ROC,0.5153508771929824,0.6931818181818182
Isolation Forest,ROC,0.5153508771929824,0.7045454545454546
Isolation Forest,ROC,0.5405701754385965,0.7045454545454546
Isolation Forest,ROC,0.5405701754385965,0.7272727272727273
Isolation Forest,ROC,0.5570175438596491,0.7272727272727273
Isolation Forest,ROC,0.5570175438596491,0.7386363636363636
Isolation Forest,ROC,0.5668859649122807,0.7386363636363636
Isolation Forest,ROC,0.5668859649122807,0.75
Isolation Forest,ROC,0.5734649122807017,0.75
Isolation Forest,ROC,0.5734649122807017,0.7613636363636364
Isolation Forest,ROC,0.581140350877193,0.7613636363636364
Isolation Forest,ROC,0.581140350877193,0.7727272727272727
Isolation Forest,ROC,0.5866228070175439,0.7727272727272727
Isolation Forest,ROC,0.5866228070175439,0.7840909090909091
Isolation Forest,ROC,0.606359649122807,0.7840909090909091
Isolation Forest,ROC,0.606359649122807,0.7954545454545454
Isolation Forest,ROC,0.631578947368421,0.7954545454545454
Isolation Forest,ROC,0.631578947368421,0.8068181818181818
Isolation Forest,ROC,0.6677631578947368,0.8068181818181818
Isolation Forest,ROC,0.6677631578947368,0.8181818181818182
Isolation Forest,ROC,0.6732456140350878,0.8181818181818182
Isolation Forest,ROC,0.6732456140350878,0.8295454545454546
Isolation Forest,ROC,0.6765350877192983,0.8295454545454546
Isolation Forest,ROC,0.6765350877192983,0.8409090909090909
Isolation Forest,ROC,0.6776315789473685,0.8409090909090909
Isolation Forest,ROC,0.6776315789473685,0.8522727272727273
Isolation Forest,ROC,0.694078947368421,0.8522727272727273
Isolation Forest,ROC,0.694078947368421,0.8636363636363636
Isolation Forest,ROC,0.7028508771929824,0.8636363636363636
Isolation Forest,ROC,0.7028508771929824,0.875
Isolation Forest,ROC,0.7247807017543859,0.875
Isolation Forest,ROC,0.7247807017543859,0.8863636363636364
Isolation Forest,ROC,0.7532894736842105,0.8863636363636364
Isolation Forest,ROC,0.7532894736842105,0.8977272727272727
Isolation Forest,ROC,0.7631578947368421,0.8977272727272727
Isolation Forest,ROC,0.7631578947368421,0.9090909090909091
Isolation Forest,ROC,0.768640350877193,0.9090909090909091
Isolation Forest,ROC,0.768640350877193,0.9204545454545454
Isolation Forest,ROC,0.7697368421052632,0.9204545454545454
Isolation Forest,ROC,0.7697368421052632,0.9318181818181818
Isolation Forest,ROC,0.7850877192982456,0.9318181818181818
Isolation Forest,ROC,0.7850877192982456,0.9431818181818182
Isolation Forest,ROC,0.8925438596491229,0.9431818181818182
Isolation Forest,ROC,0.8925438596491229,0.9545454545454546
Isolation Forest,ROC,0.8969298245614035,0.9545454545454546
Isolation Forest,ROC,0.8969298245614035,0.9659090909090909
Isolation Forest,ROC,0.9539473684210527,0.9659090909090909
Isolation Forest,ROC,0.9539473684210527,0.9772727272727273
Isolation Forest,ROC,0.956140350877193,0.9772727272727273
Isolation Forest,ROC,0.956140350877193,0.9886363636363636
Isolation Forest,ROC,0.9967105263157895,0.9886363636363636
Isolation Forest,ROC,0.9967105263157895,1.0
Isolation Forest,ROC,1.0,1.0
Isolation Forest,PR,1.0,0.088
Isolation Forest,PR,1.0,0.08808808808808809
Isolation Forest,PR,1.0,0.08817635270541083
Isolation Forest,PR,1.0,0.08826479438314945
Isolation Forest,PR,0.9886363636363636,0.08734939759036145
Isolation Forest,PR,0.9886363636363636,0.08743718592964825
Isolation Forest,PR,0.9886363636363636,0.0875251509054326
Isolation Forest,PR,0.9886363636363636,0.08761329305135952
Isolation Forest,PR,0.9886363636363636,0.08770161290322581
Isolation Forest,PR,0.9886363636363636,0.08779011099899092
Isolation Forest,PR,0.9886363636363636,0.08787878787878788
Isolation Forest,PR,0.9886363636363636,0.08796764408493428
Isolation Forest,PR,0.9886363636363636,0.08805668016194332
Isolation Forest,PR,0.9886363636363636,0.08814589665653495
Isolation Forest,PR,0.9886363636363636,0.08823529411764706
Isolation Forest,PR,0.9886363636363636,0.0883248730964467
Isolation Forest,PR,0.9886363636363636,0.08841463414634146
Isolation Forest,PR,0.9886363636363636,0.08850457782299084
Isolation Forest,PR,0.9886363636363636,0.08859470468431772
Isolation Forest,PR,0.9886363636363636,0.08868501529051988
Isolation Forest,PR,0.9886363636363636,0.08877551020408163
Isolation Forest,PR,0.9886363636363636,0.0888661899897855
Isolation Forest,PR,0.9886363636363636,0.08895705521472393
Isolation Forest,PR,0.9886363636363636,0.08904810644831115
Isolation Forest,PR,0.9886363636363636,0.08913934426229508
Isolation Forest,PR,0.9886363636363636,0.08923076923076922
Isolation Forest,PR,0.9886363636363636,0.08932238193018481
Isolation Forest,PR,0.9886363636363636,0.08941418293936279
Isolation Forest,PR,0.9886363636363636,0.08950617283950617
Isolation Forest,PR,0.9886363636363636,0.08959835221421215
Isolation Forest,PR,0.9886363636363636,0.08969072164948454
Isolation Forest,PR,0.9886363636363636,0.08978328173374613
Isolation Forest,PR,0.9886363636363636,0.08987603305785125
Isolation Forest,PR,0.9886363636363636,0.08996897621509824
Isolation Forest,PR,0.9886363636363636,0.09006211180124224
Isolation Forest,PR,0.9886363636363636,0.09015544041450778
Isolation Forest,PR,0.9886363636363636,0.09024896265560166
Isolation Forest,PR,0.9886363636363636,0.09034267912772585
Isolation Forest,PR,0.9886363636363636,0.09043659043659044
Isolation Forest,PR,0.9886363636363636,0.09053069719042664
Isolation Forest,PR,0.9886363636363636,0.090625
Isolation Forest,PR,0.9886363636363636,0.09071949947862357
Isolation Forest,PR,0.9772727272727273,0.08977035490605428
Isolation Forest,PR,0.9772727272727273,0.08986415882967608
Isolation Forest,PR,0.9772727272727273,0.0899581589958159
Isolation Forest,PR,0.9659090909090909,0.08900523560209424
Isolation Forest,PR,0.9659090909090909,0.08909853249475891
Isolation Forest,PR,0.9659090909090909,0.08919202518363065
Isolation Forest,PR,0.9659090909090909,0.08928571428571429
Isolation Forest,PR,0.9659090909090909,0.08937960042060988
Isolation Forest,PR,0.9659090909090909,0.08947368421052632
Isolation Forest,PR,0.9659090909090909,0.08956796628029505
Isolation Forest,PR,0.9659090909090909,0.08966244725738397
Isolation Forest,PR,0.9659090909090909,0.0897571277719113
Isolation Forest,PR,0.9659090909090909,0.08985200845665962
Isolation Forest,PR,0.9659090909090909,0.08994708994708994
Isolation Forest,PR,0.9659090909090909,0.09004237288135593
Isolation Forest,PR,0.9659090909090909,0.09013785790031813
Isolation Forest,PR,0.9659090909090909,0.09023354564755838
Isolation Forest,PR,0.9659090909090909,0.09032943676939426
Isolation Forest,PR,0.9659090909090909,0.09042553191489362
Isolation Forest,PR,0.9659090909090909,0.09052183173588925
Isolation Forest,PR,0.9659090909090909,0.0906183368869936
Isolation Forest,PR,0.9659090909090909,0.09071504802561366
Isolation Forest,PR,0.9659090909090909,0.09081196581196581
Isolation Forest,PR,0.9659090909090909,0.09090909090909091
Isolation Forest,PR,0.9659090909090909,0.09100642398286937
Isolation Forest,PR,0.9659090909090909,0.09110396570203644
Isolation Forest,PR,0.9659090909090909,0.09120171673819742
Isolation Forest,PR,0.9659090909090909,0.09129967776584318
Isolation Forest,PR,0.9659090909090909,0.0913978494623656
Isolation Forest,PR,0.9659090909090909,0.09149623250807319
Isolation Forest,PR,0.9659090909090909,0.09159482758620689
Isolation Forest,PR,0.9659090909090909,0.09169363538295577
Isolation Forest,PR,0.9659090909090909,0.091792656587473
Isolation Forest,PR,0.9659090909090909,0.0918918918918919
Isolation Forest,PR,0.9659090909090909,0.09199134199134198
Isolation Forest,PR,0.9659090909090909,0.09209100758396534
Isolation Forest,PR,0.9659090909090909,0.09219088937093275
Isolation Forest,PR,0.9659090909090909,0.09229098805646037
Isolation Forest,PR,0.9659090909090909,0.09239130434782608
Isolation Forest,PR,0.9659090909090909,0.09249183895538629
Isolation Forest,PR,0.9659090909090909,0.09259259259259259
Isolation Forest,PR,0.9659090909090909,0.09269356597600872
Isolation Forest,PR,0.9659090909090909,0.0927947598253275
Isolation Forest,PR,0.9659090909090909,0.09289617486338798
Isolation Forest,PR,0.9659090909090909,0.09299781181619256
Isolation Forest,PR,0.9659090909090909,0.09309967141292443
Isolation Forest,PR,0.9659090909090909,0.09320175438596491
Isolation Forest,PR,0.9659090909090909,0.09330406147091108
Isolation Forest,PR,0.9659090909090909,0.09340659340659341
Isolation Forest,PR,0.9659090909090909,0.09350935093509351
Isolation Forest,PR,0.9659090909090909,0.09361233480176212
Isolation Forest,PR,0.9659090909090909,0.09371554575523705
Isolation Forest,PR,0.9659090909090909,0.09381898454746136
Isolation Forest,PR,0.9659090909090909,0.09392265193370165
Isolation Forest,PR,0.9659090909090909,0.09402654867256637
Isolation Forest,PR,0.9659090909090909,0.09413067552602436
Isolation Forest,PR,0.9545454545454546,0.09312638580931264
Isolation Forest,PR,0.9545454545454546,0.0932297447280799
Isolation Forest,PR,0.9545454545454546,0.09333333333333334
Isolation Forest,PR,0.9545454545454546,0.09343715239154617
Isolation Forest,PR,0.9545454545454546,0.0935412026726058
Isolation Forest,PR,0.9431818181818182,0.09253065774804906
Isolation Forest,PR,0.9431818181818182,0.09263392857142858
Isolation Forest,PR,0.9431818181818182,0.09273743016759776
Isolation Forest,PR,0.9431818181818182,0.09284116331096197
Isolation Forest,PR,0.9431818181818182,0.0929451287793953
Isolation Forest,PR,0.9431818181818182,0.0930493273542601
Isolation Forest,PR,0.9431818181818182,0.0931537598204265
Isolation Forest,PR,0.9431818181818182,0.09325842696629214
Isolation Forest,PR,0.9431818181818182,0.09336332958380203
Isolation Forest,PR,0.9431818181818182,0.09346846846846847
Isolation Forest,PR,0.9431818181818182,0.0935738444193912
Isolation Forest,PR,0.9431818181818182,0.09367945823927765
Isolation Forest,PR,0.9431818181818182,0.09378531073446328
Isolation Forest,PR,0.9431818181818182,0.09389140271493213
Isolation Forest,PR,0.9431818181818182,0.09399773499433749
Isolation Forest,PR,0.9431818181818182,0.09410430839002268
Isolation Forest,PR,0.9431818181818182,0.094211123723042
Isolation Forest,PR,0.9431818181818182,0.09431818181818181
Isolation Forest,PR,0.9431818181818182,0.09442548350398179
Isolation Forest,PR,0.9431818181818182,0.09453302961275627
Isolation Forest,PR,0.9431818181818182,0.09464082098061574
Isolation Forest,PR,0.9431818181818182,0.09474885844748858
Isolation Forest,PR,0.9431818181818182,0.09485714285714286
Isolation Forest,PR,0.9431818181818182,0.09496567505720824
Isolation Forest,PR,0.9431818181818182,0.09507445589919816
Isolation Forest,PR,0.9431818181818182,0.09518348623853211
Isolation Forest,PR,0.9431818181818182,0.09529276693455797
Isolation Forest,PR,0.9431818181818182,0.09540229885057472
Isolation Forest,PR,0.9431818181818182,0.09551208285385501
Isolation Forest,PR,0.9431818181818182,0.0956221198156682
Isolation Forest,PR,0.9431818181818182,0.09573241061130335
Isolation Forest,PR,0.9431818181818182,0.09584295612009237
Isolation Forest,PR,0.9431818181818182,0.09595375722543352
Isolation Forest,PR,0.9431818181818182,0.09606481481481481
Isolation Forest,PR,0.9431818181818182,0.09617612977983778
Isolation Forest,PR,0.9431818181818182,0.0962877030162413
Isolation Forest,PR,0.9431818181818182,0.09639953542392567
Isolation Forest,PR,0.9431818181818182,0.09651162790697675
Isolation Forest,PR,0.9431818181818182,0.09662398137369034
Isolation Forest,PR,0.9431818181818182,0.09673659673659674
Isolation Forest,PR,0.9431818181818182,0.09684947491248541
Isolation Forest,PR,0.9431818181818182,0.0969626168224299
Isolation Forest,PR,0.9431818181818182,0.09707602339181287
Isolation Forest,PR,0.9431818181818182,0.09718969555035128
Isolation Forest,PR,0.9431818181818182,0.09730363423212192
Isolation Forest,PR,0.9431818181818182,0.09741784037558686
Isolation Forest,PR,0.9431818181818182,0.09753231492361927
Isolation Forest,PR,0.9431818181818182,0.0976470588235294
Isolation Forest,PR,0.9431818181818182,0.0977620730270907
Isolation Forest,PR,0.9431818181818182,0.09787735849056604
Isolation Forest,PR,0.9431818181818182,0.09799291617473435
Isolation Forest,PR,0.9431818181818182,0.09810874704491726
Isolation Forest,PR,0.9431818181818182,0.09822485207100591
Isolation Forest,PR,0.9431818181818182,0.09834123222748815
Isolation Forest,PR,0.9431818181818182,0.09845788849347568
Isolation Forest,PR,0.9431818181818182,0.09857482185273159
Isolation Forest,PR,0.9431818181818182,0.09869203329369798
Isolation Forest,PR,0.9431818181818182,0.0988095238095238
Isolation Forest,PR,0.9431818181818182,0.09892729439809297
Isolation Forest,PR,0.9431818181818182,0.09904534606205251
Isolation Forest,PR,0.9431818181818182,0.0991636798088411
Isolation Forest,PR,0.9431818181818182,0.09928229665071771
Isolation Forest,PR,0.9431818181818182,0.09940119760479042
Isolation Forest,PR,0.9431818181818182,0.09952038369304557
Isolation Forest,PR,0.9431818181818182,0.09963985594237695
Isolation Forest,PR,0.9431818181818182,0.09975961538461539
Isolation Forest,PR,0.9431818181818182,0.09987966305655836
Isolation Forest,PR,0.9431818181818182,0.1
Isolation Forest,PR,0.9431818181818182,0.10012062726176116
Isolation Forest,PR,0.9431818181818182,0.10024154589371981
Isolation Forest,PR,0.9431818181818182,0.1003627569528416
Isolation Forest,PR,0.9431818181818182,0.10048426150121065
Isolation Forest,PR,0.9431818181818182,0.1006060606060606
Isolation Forest,PR,0.9431818181818182,0.10072815533980582
Isolation Forest,PR,0.9431818181818182,0.10085054678007291
Isolation Forest,PR,0.9431818181818182,0.10097323600973236
Isolation Forest,PR,0.9431818181818182,0.10109622411693057
Isolation Forest,PR,0.9431818181818182,0.10121951219512196
Isolation Forest,PR,0.9431818181818182,0.10134310134310134
Isolation Forest,PR,0.9431818181818182,0.10146699266503667
Isolation Forest,PR,0.9431818181818182,0.10159118727050184
Isolation Forest,PR,0.9431818181818182,0.1017156862745098
Isolation Forest,PR,0.9431818181818182,0.10184049079754601
Isolation Forest,PR,0.9431818181818182,0.10196560196560196
Isolation Forest,PR,0.9431818181818182,0.10209102091020911
Isolation Forest,PR,0.9431818181818182,0.1022167487684729
Isolation Forest,PR,0.9431818181818182,0.10234278668310727
Isolation Forest,PR,0.9431818181818182,0.10246913580246914
Isolation Forest,PR,0.9431818181818182,0.10259579728059333
Isolation Forest,PR,0.9431818181818182,0.10272277227722772
Isolation Forest,PR,0.9431818181818182,0.10285006195786865
Isolation Forest,PR,0.9431818181818182,0.10297766749379653
Isolation Forest,PR,0.9431818181818182,0.1031055900621118
Isolation Forest,PR,0.9431818181818182,0.10323383084577115
Isolation Forest,PR,0.9431818181818182,0.10336239103362391
Isolation Forest,PR,0.9431818181818182,0.10349127182044887
Isolation Forest,PR,0.9431818181818182,0.10362047440699126
Isolation Forest,PR,0.9431818181818182,0.10375
Isolation Forest,PR,0.9431818181818182,0.10387984981226533
Isolation Forest,PR,0.9318181818181818,0.10275689223057644
Isolation Forest,PR,0.9318181818181818,0.1028858218318695
Isolation Forest,PR,0.9318181818181818,0.10301507537688442
Isolation Forest,PR,0.9318181818181818,0.10314465408805032
Isolation Forest,PR,0.9318181818181818,0.10327455919395466
Isolation Forest,PR,0.9318181818181818,0.1034047919293821
Isolation Forest,PR,0.9318181818181818,0.10353535353535354
Isolation Forest,PR,0.9318181818181818,0.10366624525916561
Isolation Forest,PR,0.9318181818181818,0.10379746835443038
Isolation Forest,PR,0.9318181818181818,0.10392902408111533
Isolation Forest,PR,0.9318181818181818,0.10406091370558376
Isolation Forest,PR,0.9318181818181818,0.10419313850063533
Isolation Forest,PR,0.9318181818181818,0.10432569974554708
Isolation Forest,PR,0.9318181818181818,0.10445859872611465
Isolation Forest,PR,0.9318181818181818,0.10459183673469388
Isolation Forest,PR,0.9204545454545454,0.10344827586206896
Isolation Forest,PR,0.9204545454545454,0.10358056265984655
Isolation Forest,PR,0.9090909090909091,0.10243277848911651
Isolation Forest,PR,0.9090909090909091,0.10256410256410256
Isolation Forest,PR,0.9090909090909091,0.10269576379974327
Isolation Forest,PR,0.9090909090909091,0.10282776349614396
Isolation Forest,PR,0.9090909090909091,0.10296010296010295
Isolation Forest,PR,0.9090909090909091,0.10309278350515463
Isolation Forest,PR,0.8977272727272727,0.10193548387096774
Isolation Forest,PR,0.8977272727272727,0.1020671834625323
Isolation Forest,PR,0.8977272727272727,0.10219922380336352
Isolation Forest,PR,0.8977272727272727,0.10233160621761658
Isolation Forest,PR,0.8977272727272727,0.10246433203631647
Isolation Forest,PR,0.8977272727272727,0.1025974025974026
Isolation Forest,PR,0.8977272727272727,0.10273081924577374
Isolation Forest,PR,0.8977272727272727,0.10286458333333333
Isolation Forest,PR,0.8977272727272727,0.10299869621903521
Isolation Forest,PR,0.8977272727272727,0.1031331592689295
Isolation Forest,PR,0.8863636363636364,0.10196078431372549
Isolation Forest,PR,0.8863636363636364,0.10209424083769633
Isolation Forest,PR,0.8863636363636364,0.10222804718217562
Isolation Forest,PR,0.8863636363636364,0.10236220472440945
Isolation Forest,PR,0.8863636363636364,0.10249671484888305
Isolation Forest,PR,0.8863636363636364,0.10263157894736842
Isolation Forest,PR,0.8863636363636364,0.10276679841897234
Isolation Forest,PR,0.8863636363636364,0.10290237467018469
Isolation Forest,PR,0.8863636363636364,0.10303830911492734
Isolation Forest,PR,0.8863636363636364,0.10317460317460317
Isolation Forest,PR,0.8863636363636364,0.10331125827814569
Isolation Forest,PR,0.8863636363636364,0.10344827586206896
Isolation Forest,PR,0.8863636363636364,0.10358565737051793
Isolation Forest,PR,0.8863636363636364,0.10372340425531915
Isolation Forest,PR,0.8863636363636364,0.10386151797603196
Isolation Forest,PR,0.8863636363636364,0.104
Isolation Forest,PR,0.8863636363636364,0.1041388518024032
Isolation Forest,PR,0.8863636363636364,0.10427807486631016
Isolation Forest,PR,0.8863636363636364,0.10441767068273092
Isolation Forest,PR,0.8863636363636364,0.10455764075067024
Isolation Forest,PR,0.8863636363636364,0.10469798657718121
Isolation Forest,PR,0.8863636363636364,0.10483870967741936
Isolation Forest,PR,0.8863636363636364,0.10497981157469717
Isolation Forest,PR,0.8863636363636364,0.10512129380053908
Isolation Forest,PR,0.8863636363636364,0.10526315789473684
Isolation Forest,PR,0.8863636363636364,0.10540540540540541
Isolation Forest,PR,0.8863636363636364,0.10554803788903924
Isolation Forest,PR,0.875,0.1043360433604336
Isolation Forest,PR,0.875,0.1044776119402985
Isolation Forest,PR,0.875,0.10461956521739131
Isolation Forest,PR,0.875,0.10476190476190476
Isolation Forest,PR,0.875,0.10490463215258855
Isolation Forest,PR,0.875,0.10504774897680765
Isolation Forest,PR,0.875,0.1051912568306011
Isolation Forest,PR,0.875,0.10533515731874145
Isolation Forest,PR,0.875,0.10547945205479452
Isolation Forest,PR,0.875,0.1056241426611797
Isolation Forest,PR,0.875,0.10576923076923077
Isolation Forest,PR,0.875,0.10591471801925723
Isolation Forest,PR,0.875,0.10606060606060606
Isolation Forest,PR,0.875,0.10620689655172413
Isolation Forest,PR,0.875,0.106353591160221
Isolation Forest,PR,0.875,0.10650069156293222
Isolation Forest,PR,0.875,0.10664819944598337
Isolation Forest,PR,0.875,0.10679611650485436
Isolation Forest,PR,0.875,0.10694444444444444
Isolation Forest,PR,0.875,0.1070931849791377
Isolation Forest,PR,0.875,0.10724233983286909
Isolation Forest,PR,0.8636363636363636,0.10599721059972106
Isolation Forest,PR,0.8636363636363636,0.10614525139664804
Isolation Forest,PR,0.8636363636363636,0.1062937062937063
Isolation Forest,PR,0.8636363636363636,0.10644257703081232
Isolation Forest,PR,0.8636363636363636,0.10659186535764376
Isolation Forest,PR,0.8636363636363636,0.10674157303370786
Isolation Forest,PR,0.8636363636363636,0.10689170182841069
Isolation Forest,PR,0.8636363636363636,0.10704225352112676
Isolation Forest,PR,0.8636363636363636,0.1071932299012694
Isolation Forest,PR,0.8522727272727273,0.1059322033898305
Isolation Forest,PR,0.8522727272727273,0.10608203677510608
Isolation Forest,PR,0.8522727272727273,0.10623229461756374
Isolation Forest,PR,0.8522727272727273,0.10638297872340426
Isolation Forest,PR,0.8522727272727273,0.10653409090909091
Isolation Forest,PR,0.8522727272727273,0.10668563300142248
Isolation Forest,PR,0.8522727272727273,0.10683760683760683
Isolation Forest,PR,0.8522727272727273,0.10699001426533523
Isolation Forest,PR,0.8522727272727273,0.10714285714285714
Isolation Forest,PR,0.8522727272727273,0.1072961373390558
Isolation Forest,PR,0.8522727272727273,0.10744985673352435
Isolation Forest,PR,0.8522727272727273,0.10760401721664276
Isolation Forest,PR,0.8522727272727273,0.10775862068965517
Isolation Forest,PR,0.8522727272727273,0.1079136690647482
Isolation Forest,PR,0.8522727272727273,0.10806916426512968
Isolation Forest,PR,0.8522727272727273,0.10822510822510822
Isolation Forest,PR,0.8409090909090909,0.1069364161849711
Isolation Forest,PR,0.8409090909090909,0.10709117221418235
Isolation Forest,PR,0.8295454545454546,0.10579710144927536
Isolation Forest,PR,0.8295454545454546,0.10595065312046444
Isolation Forest,PR,0.8295454545454546,0.10610465116279069
Isolation Forest,PR,0.8295454545454546,0.10625909752547306
Isolation Forest,PR,0.8181818181818182,0.10495626822157435
Isolation Forest,PR,0.8181818181818182,0.10510948905109489
Isolation Forest,PR,0.8181818181818182,0.10526315789473684
Isolation Forest,PR,0.8181818181818182,0.1054172767203514
Isolation Forest,PR,0.8181818181818182,0.10557184750733138
Isolation Forest,PR,0.8181818181818182,0.10572687224669604
Isolation Forest,PR,0.8068181818181818,0.10441176470588236
Isolation Forest,PR,0.8068181818181818,0.10456553755522828
Isolation Forest,PR,0.8068181818181818,0.10471976401179942
Isolation Forest,PR,0.8068181818181818,0.10487444608567208
Isolation Forest,PR,0.8068181818181818,0.10502958579881656
Isolation Forest,PR,0.8068181818181818,0.10518518518518519
Isolation Forest,PR,0.8068181818181818,0.10534124629080119
Isolation Forest,PR,0.8068181818181818,0.10549777117384844
Isolation Forest,PR,0.8068181818181818,0.1056547619047619
Isolation Forest,PR,0.8068181818181818,0.10581222056631892
Isolation Forest,PR,0.8068181818181818,0.10597014925373134
Isolation Forest,PR,0.8068181818181818,0.10612855007473841
Isolation Forest,PR,0.8068181818181818,0.1062874251497006
Isolation Forest,PR,0.8068181818181818,0.10644677661169415
Isolation Forest,PR,0.8068181818181818,0.1066066066066066
Isolation Forest,PR,0.8068181818181818,0.10676691729323308
Isolation Forest,PR,0.8068181818181818,0.10692771084337349
Isolation Forest,PR,0.8068181818181818,0.10708898944193061
Isolation Forest,PR,0.8068181818181818,0.10725075528700906
Isolation Forest,PR,0.8068181818181818,0.10741301059001512
Isolation Forest,PR,0.8068181818181818,0.10757575757575757
Isolation Forest,PR,0.8068181818181818,0.10773899848254932
Isolation Forest,PR,0.8068181818181818,0.10790273556231003
Isolation Forest,PR,0.8068181818181818,0.1080669710806697
Isolation Forest,PR,0.8068181818181818,0.10823170731707317
Isolation Forest,PR,0.8068181818181818,0.1083969465648855
Isolation Forest,PR,0.8068181818181818,0.10856269113149847
Isolation Forest,PR,0.8068181818181818,0.10872894333843798
Isolation Forest,PR,0.8068181818181818,0.10889570552147239
Isolation Forest,PR,0.8068181818181818,0.10906298003072197
Isolation Forest,PR,0.8068181818181818,0.10923076923076923
Isolation Forest,PR,0.8068181818181818,0.10939907550077041
Isolation Forest,PR,0.8068181818181818,0.1095679012345679
Isolation Forest,PR,0.8068181818181818,0.10973724884080371
Isolation Forest,PR,0.7954545454545454,0.10835913312693499
Isolation Forest,PR,0.7954545454545454,0.10852713178294573
Isolation Forest,PR,0.7954545454545454,0.10869565217391304
Isolation Forest,PR,0.7954545454545454,0.1088646967340591
Isolation Forest,PR,0.7954545454545454,0.10903426791277258
Isolation Forest,PR,0.7954545454545454,0.10920436817472699
Isolation Forest,PR,0.7954545454545454,0.109375
Isolation Forest,PR,0.7954545454545454,0.10954616588419405
Isolation Forest,PR,0.7954545454545454,0.109717868338558
Isolation Forest,PR,0.7954545454545454,0.10989010989010989
Isolation Forest,PR,0.7954545454545454,0.11006289308176101
Isolation Forest,PR,0.7954545454545454,0.11023622047244094
Isolation Forest,PR,0.7954545454545454,0.11041009463722397
Isolation Forest,PR,0.7954545454545454,0.11058451816745656
Isolation Forest,PR,0.7954545454545454,0.11075949367088607
Isolation Forest,PR,0.7954545454545454,0.1109350237717908
Isolation Forest,PR,0.7954545454545454,0.1111111111111111
Isolation Forest,PR,0.7954545454545454,0.11128775834658187
Isolation Forest,PR,0.7954545454545454,0.11146496815286625
Isolation Forest,PR,0.7954545454545454,0.11164274322169059
Isolation Forest,PR,0.7954545454545454,0.11182108626198083
Isolation Forest,PR,0.7954545454545454,0.112
Isolation Forest,PR,0.7954545454545454,0.11217948717948718
Isolation Forest,PR,0.7954545454545454,0.11235955056179775
Isolation Forest,PR,0.7840909090909091,0.11093247588424437
Isolation Forest,PR,0.7840909090909091,0.1111111111111111
Isolation Forest,PR,0.7840909090909091,0.11129032258064517
Isolation Forest,PR,0.7840909090909091,0.11147011308562198
Isolation Forest,PR,0.7840909090909091,0.11165048543689321
Isolation Forest,PR,0.7840909090909091,0.11183144246353323
Isolation Forest,PR,0.7840909090909091,0.11201298701298701
Isolation Forest,PR,0.7840909090909091,0.11219512195121951
Isolation Forest,PR,0.7840909090909091,0.11237785016286644
Isolation Forest,PR,0.7840909090909091,0.11256117455138662
Isolation Forest,PR,0.7840909090909091,0.11274509803921569
Isolation Forest,PR,0.7840909090909091,0.11292962356792144
Isolation Forest,PR,0.7840909090909091,0.11311475409836065
Isolation Forest,PR,0.7840909090909091,0.11330049261083744
Isolation Forest,PR,0.7840909090909091,0.11348684210526316
Isolation Forest,PR,0.7840909090909091,0.11367380560131796
Isolation Forest,PR,0.7840909090909091,0.11386138613861387
Isolation Forest,PR,0.7840909090909091,0.1140495867768595
Isolation Forest,PR,0.7840909090909091,0.11423841059602649
Isolation Forest,PR,0.7727272727272727,0.11276948590381426
Isolation Forest,PR,0.7727272727272727,0.11295681063122924
Isolation Forest,PR,0.7727272727272727,0.11314475873544093
Isolation Forest,PR,0.7727272727272727,0.11333333333333333
Isolation Forest,PR,0.7727272727272727,0.11352253756260434
Isolation Forest,PR,0.7727272727272727,0.11371237458193979
Isolation Forest,PR,0.7613636363636364,0.11222780569514237
Isolation Forest,PR,0.7613636363636364,0.11241610738255034
Isolation Forest,PR,0.7613636363636364,0.11260504201680673
Isolation Forest,PR,0.7613636363636364,0.1127946127946128
Isolation Forest,PR,0.7613636363636364,0.11298482293423272
Isolation Forest,PR,0.7613636363636364,0.11317567567567567
Isolation Forest,PR,0.7613636363636364,0.11336717428087986
Isolation Forest,PR,0.7613636363636364,0.1135593220338983
Isolation Forest,PR,0.75,0.11205432937181664
Isolation Forest,PR,0.75,0.11224489795918367
Isolation Forest,PR,0.75,0.11243611584327087
Isolation Forest,PR,0.75,0.11262798634812286
Isolation Forest,PR,0.75,0.11282051282051282
Isolation Forest,PR,0.75,0.11301369863013698
Isolation Forest,PR,0.75,0.11320754716981132
Isolation Forest,PR,0.7386363636363636,0.11168384879725086
Isolation Forest,PR,0.7386363636363636,0.11187607573149742
Isolation Forest,PR,0.7386363636363636,0.11206896551724138
Isolation Forest,PR,0.7386363636363636,0.11226252158894647
Isolation Forest,PR,0.7386363636363636,0.11245674740484429
Isolation Forest,PR,0.7386363636363636,0.11265164644714037
Isolation Forest,PR,0.7386363636363636,0.11284722222222222
Isolation Forest,PR,0.7386363636363636,0.11304347826086956
Isolation Forest,PR,0.7386363636363636,0.1132404181184669
Isolation Forest,PR,0.7386363636363636,0.11343804537521815
Isolation Forest,PR,0.7272727272727273,0.11188811188811189
Isolation Forest,PR,0.7272727272727273,0.11208406304728546
Isolation Forest,PR,0.7272727272727273,0.11228070175438597
Isolation Forest,PR,0.7272727272727273,0.11247803163444639
Isolation Forest,PR,0.7272727272727273,0.11267605633802817
Isolation Forest,PR,0.7272727272727273,0.1128747795414462
Isolation Forest,PR,0.7272727272727273,0.11307420494699646
Isolation Forest,PR,0.7272727272727273,0.11327433628318584
Isolation Forest,PR,0.7272727272727273,0.11347517730496454
Isolation Forest,PR,0.7272727272727273,0.11367673179396093
Isolation Forest,PR,0.7272727272727273,0.11387900355871886
Isolation Forest,PR,0.7272727272727273,0.1140819964349376
Isolation Forest,PR,0.7272727272727273,0.11428571428571428
Isolation Forest,PR,0.7272727272727273,0.11449016100178891
Isolation Forest,PR,0.7272727272727273,0.11469534050179211
Isolation Forest,PR,0.7272727272727273,0.11490125673249552
Isolation Forest,PR,0.7159090909090909,0.11330935251798561
Isolation Forest,PR,0.7045454545454546,0.11171171171171171
Isolation Forest,PR,0.7045454545454546,0.11191335740072202
Isolation Forest,PR,0.7045454545454546,0.11211573236889692
Isolation Forest,PR,0.7045454545454546,0.11231884057971014
Isolation Forest,PR,0.7045454545454546,0.11252268602540835
Isolation Forest,PR,0.7045454545454546,0.11272727272727273
Isolation Forest,PR,0.7045454545454546,0.11293260473588343
Isolation Forest,PR,0.7045454545454546,0.11313868613138686
Isolation Forest,PR,0.7045454545454546,0.113345521023766
Isolation Forest,PR,0.7045454545454546,0.11355311355311355
Isolation Forest,PR,0.7045454545454546,0.11376146788990826
Isolation Forest,PR,0.7045454545454546,0.11397058823529412
Isolation Forest,PR,0.7045454545454546,0.1141804788213628
Isolation Forest,PR,0.7045454545454546,0.11439114391143912
Isolation Forest,PR,0.7045454545454546,0.11460258780036968
Isolation Forest,PR,0.7045454545454546,0.11481481481481481
Isolation Forest,PR,0.7045454545454546,0.1150278293135436
Isolation Forest,PR,0.7045454545454546,0.11524163568773234
Isolation Forest,PR,0.7045454545454546,0.1154562383612663
Isolation Forest,PR,0.7045454545454546,0.11567164179104478
Isolation Forest,PR,0.7045454545454546,0.11588785046728972
Isolation Forest,PR,0.7045454545454546,0.11610486891385768
Isolation Forest,PR,0.7045454545454546,0.11632270168855535
Isolation Forest,PR,0.7045454545454546,0.11654135338345864
Isolation Forest,PR,0.6931818181818182,0.11487758945386065
Isolation Forest,PR,0.6931818181818182,0.11509433962264151
Isolation Forest,PR,0.6931818181818182,0.11531190926275993
Isolation Forest,PR,0.6931818181818182,0.11553030303030302
Isolation Forest,PR,0.6931818181818182,0.1157495256166983
Isolation Forest,PR,0.6931818181818182,0.11596958174904944
Isolation Forest,PR,0.6931818181818182,0.11619047619047619
Isolation Forest,PR,0.6931818181818182,0.11641221374045801
Isolation Forest,PR,0.6931818181818182,0.11663479923518165
Isolation Forest,PR,0.6931818181818182,0.11685823754789272
Isolation Forest,PR,0.6818181818181818,0.11516314779270634
Isolation Forest,PR,0.6818181818181818,0.11538461538461539
Isolation Forest,PR,0.6818181818181818,0.11560693641618497
Isolation Forest,PR,0.6818181818181818,0.11583011583011583
Isolation Forest,PR,0.6818181818181818,0.11605415860735009
Isolation Forest,PR,0.6818181818181818,0.11627906976744186
Isolation Forest,PR,0.6818181818181818,0.11650485436893204
Isolation Forest,PR,0.6818181818181818,0.11673151750972763
Isolation Forest,PR,0.6818181818181818,0.11695906432748537
Isolation Forest,PR,0.6818181818181818,0.1171875
Isolation Forest,PR,0.6818181818181818,0.11741682974559686
Isolation Forest,PR,0.6818181818181818,0.11764705882352941
Isolation Forest,PR,0.6818181818181818,0.11787819253438114
Isolation Forest,PR,0.6818181818181818,0.11811023622047244
Isolation Forest,PR,0.6818181818181818,0.11834319526627218
Isolation Forest,PR,0.6818181818181818,0.11857707509881422
Isolation Forest,PR,0.6818181818181818,0.1188118811881188
Isolation Forest,PR,0.6818181818181818,0.11904761904761904
Isolation Forest,PR,0.6818181818181818,0.11928429423459244
Isolation Forest,PR,0.6704545454545454,0.11752988047808766
Isolation Forest,PR,0.6704545454545454,0.11776447105788423
Isolation Forest,PR,0.6704545454545454,0.118
Isolation Forest,PR,0.6704545454545454,0.11823647294589178
Isolation Forest,PR,0.6704545454545454,0.11847389558232932
Isolation Forest,PR,0.6704545454545454,0.11871227364185111
Isolation Forest,PR,0.6704545454545454,0.11895161290322581
Isolation Forest,PR,0.6704545454545454,0.1191919191919192
Isolation Forest,PR,0.6704545454545454,0.1194331983805668
Isolation Forest,PR,0.6704545454545454,0.11967545638945233
Isolation Forest,PR,0.6704545454545454,0.11991869918699187
Isolation Forest,PR,0.6704545454545454,0.12016293279022404
Isolation Forest,PR,0.6704545454545454,0.12040816326530612
Isolation Forest,PR,0.6704545454545454,0.12065439672801637
Isolation Forest,PR,0.6704545454545454,0.12090163934426229
Isolation Forest,PR,0.6704545454545454,0.12114989733059549
Isolation Forest,PR,0.6704545454545454,0.12139917695473251
Isolation Forest,PR,0.6704545454545454,0.12164948453608247
Isolation Forest,PR,0.6704545454545454,0.12190082644628099
Isolation Forest,PR,0.6704545454545454,0.12215320910973085
Isolation Forest,PR,0.6590909090909091,0.12033195020746888
Isolation Forest,PR,0.6590909090909091,0.12058212058212059
Isolation Forest,PR,0.6590909090909091,0.12083333333333333
Isolation Forest,PR,0.6590909090909091,0.12108559498956159
Isolation Forest,PR,0.6477272727272727,0.1192468619246862
Isolation Forest,PR,0.6477272727272727,0.11949685534591195
Isolation Forest,PR,0.6477272727272727,0.11974789915966387
Isolation Forest,PR,0.6477272727272727,0.12
Isolation Forest,PR,0.6477272727272727,0.12025316455696203
Isolation Forest,PR,0.6477272727272727,0.12050739957716702
Isolation Forest,PR,0.6477272727272727,0.12076271186440678
Isolation Forest,PR,0.6477272727272727,0.12101910828025478
Isolation Forest,PR,0.6477272727272727,0.12127659574468085
Isolation Forest,PR,0.6477272727272727,0.12153518123667377
Isolation Forest,PR,0.6363636363636364,0.11965811965811966
Isolation Forest,PR,0.6363636363636364,0.11991434689507495
Isolation Forest,PR,0.6363636363636364,0.12017167381974249
Isolation Forest,PR,0.6363636363636364,0.12043010752688173
Isolation Forest,PR,0.6363636363636364,0.1206896551724138
Isolation Forest,PR,0.6363636363636364,0.12095032397408208
Isolation Forest,PR,0.6363636363636364,0.12121212121212122
Isolation Forest,PR,0.625,0.1193058568329718
Isolation Forest,PR,0.625,0.11956521739130435
Isolation Forest,PR,0.625,0.11982570806100218
Isolation Forest,PR,0.6136363636363636,0.11790393013100436
Isolation Forest,PR,0.6136363636363636,0.11816192560175055
Isolation Forest,PR,0.6136363636363636,0.11842105263157894
Isolation Forest,PR,0.6022727272727273,0.11648351648351649
Isolation Forest,PR,0.6022727272727273,0.11674008810572688
Isolation Forest,PR,0.6022727272727273,0.11699779249448124
Isolation Forest,PR,0.6022727272727273,0.1172566371681416
Isolation Forest,PR,0.6022727272727273,0.11751662971175167
Isolation Forest,PR,0.6022727272727273,0.11777777777777777
Isolation Forest,PR,0.6022727272727273,0.11804008908685969
Isolation Forest,PR,0.6022727272727273,0.11830357142857142
Isolation Forest,PR,0.6022727272727273,0.1185682326621924
Isolation Forest,PR,0.6022727272727273,0.11883408071748879
Isolation Forest,PR,0.6022727272727273,0.11910112359550562
Isolation Forest,PR,0.5909090909090909,0.11711711711711711
Isolation Forest,PR,0.5909090909090909,0.11738148984198646
Isolation Forest,PR,0.5909090909090909,0.11764705882352941
Isolation Forest,PR,0.5909090909090909,0.11791383219954649
Isolation Forest,PR,0.5909090909090909,0.11818181818181818
Isolation Forest,PR,0.5909090909090909,0.11845102505694761
Isolation Forest,PR,0.5909090909090909,0.1187214611872146
Isolation Forest,PR,0.5909090909090909,0.11899313501144165
Isolation Forest,PR,0.5909090909090909,0.11926605504587157
Isolation Forest,PR,0.5795454545454546,0.11724137931034483
Isolation Forest,PR,0.5681818181818182,0.1152073732718894
Isolation Forest,PR,0.5681818181818182,0.11547344110854503
Isolation Forest,PR,0.5681818181818182,0.11574074074074074
Isolation Forest,PR,0.5681818181818182,0.11600928074245939
Isolation Forest,PR,0.5681818181818182,0.11627906976744186
Isolation Forest,PR,0.5681818181818182,0.11655011655011654
Isolation Forest,PR,0.5681818181818182,0.11682242990654206
Isolation Forest,PR,0.5681818181818182,0.117096018735363
Isolation Forest,PR,0.5681818181818182,0.11737089201877934
Isolation Forest,PR,0.5681818181818182,0.11764705882352941
Isolation Forest,PR,0.5681818181818182,0.1179245283018868
Isolation Forest,PR,0.5681818181818182,0.1182033096926714
Isolation Forest,PR,0.5681818181818182,0.11848341232227488
Isolation Forest,PR,0.5681818181818182,0.1187648456057007
Isolation Forest,PR,0.5681818181818182,0.11904761904761904
Isolation Forest,PR,0.5681818181818182,0.11933174224343675
Isolation Forest,PR,0.5681818181818182,0.11961722488038277
Isolation Forest,PR,0.5681818181818182,0.11990407673860912
Isolation Forest,PR,0.5681818181818182,0.1201923076923077
Isolation Forest,PR,0.5681818181818182,0.12048192771084337
Isolation Forest,PR,0.5681818181818182,0.12077294685990338
Isolation Forest,PR,0.5681818181818182,0.12106537530266344
Isolation Forest,PR,0.5681818181818182,0.12135922330097088
Isolation Forest,PR,0.5681818181818182,0.12165450121654502
Isolation Forest,PR,0.5681818181818182,0.12195121951219512
Isolation Forest,PR,0.5681818181818182,0.12224938875305623
Isolation Forest,PR,0.5681818181818182,0.12254901960784313
Isolation Forest,PR,0.5681818181818182,0.12285012285012285
Isolation Forest,PR,0.5681818181818182,0.12315270935960591
Isolation Forest,PR,0.5681818181818182,0.12345679012345678
Isolation Forest,PR,0.5681818181818182,0.12376237623762376
Isolation Forest,PR,0.5681818181818182,0.12406947890818859
Isolation Forest,PR,0.5681818181818182,0.12437810945273632
Isolation Forest,PR,0.5681818181818182,0.12468827930174564
Isolation Forest,PR,0.5681818181818182,0.125
Isolation Forest,PR,0.5681818181818182,0.12531328320802004
Isolation Forest,PR,0.5568181818181818,0.12311557788944724
Isolation Forest,PR,0.5568181818181818,0.12342569269521411
Isolation Forest,PR,0.5568181818181818,0.12373737373737374
Isolation Forest,PR,0.5568181818181818,0.1240506329113924
Isolation Forest,PR,0.5568181818181818,0.12436548223350254
Isolation Forest,PR,0.5568181818181818,0.12468193384223919
Isolation Forest,PR,0.5568181818181818,0.125
Isolation Forest,PR,0.5568181818181818,0.12531969309462915
Isolation Forest,PR,0.5568181818181818,0.12564102564102564
Isolation Forest,PR,0.5568181818181818,0.12596401028277635
Isolation Forest,PR,0.5568181818181818,0.12628865979381443
Isolation Forest,PR,0.5568181818181818,0.12661498708010335
Isolation Forest,PR,0.5568181818181818,0.12694300518134716
Isolation Forest,PR,0.5568181818181818,0.12727272727272726
Isolation Forest,PR,0.5568181818181818,0.12760416666666666
Isolation Forest,PR,0.5568181818181818,0.1279373368146214
Isolation Forest,PR,0.5568181818181818,0.12827225130890052
Isolation Forest,PR,0.5568181818181818,0.12860892388451445
Isolation Forest,PR,0.5568181818181818,0.12894736842105264
Isolation Forest,PR,0.5568181818181818,0.12928759894459102
Isolation Forest,PR,0.5568181818181818,0.12962962962962962
Isolation Forest,PR,0.5568181818181818,0.129973474801061
Isolation Forest,PR,0.5568181818181818,0.13031914893617022
Isolation Forest,PR,0.5568181818181818,0.13066666666666665
Isolation Forest,PR,0.5568181818181818,0.13101604278074866
Isolation Forest,PR,0.5568181818181818,0.13136729222520108
Isolation Forest,PR,0.5568181818181818,0.13172043010752688
Isolation Forest,PR,0.5568181818181818,0.1320754716981132
Isolation Forest,PR,0.5568181818181818,0.13243243243243244
Isolation Forest,PR,0.5568181818181818,0.13279132791327913
Isolation Forest,PR,0.5568181818181818,0.1331521739130435
Isolation Forest,PR,0.5568181818181818,0.1335149863760218
Isolation Forest,PR,0.5568181818181818,0.13387978142076504
Isolation Forest,PR,0.5568181818181818,0.13424657534246576
Isolation Forest,PR,0.5568181818181818,0.1346153846153846
Isolation Forest,PR,0.5568181818181818,0.1349862258953168
Isolation Forest,PR,0.5568181818181818,0.13535911602209943
Isolation Forest,PR,0.5568181818181818,0.13573407202216067
Isolation Forest,PR,0.5568181818181818,0.1361111111111111
Isolation Forest,PR,0.5568181818181818,0.13649025069637882
Isolation Forest,PR,0.5454545454545454,0.1340782122905028
Isolation Forest,PR,0.5454545454545454,0.13445378151260504
Isolation Forest,PR,0.5454545454545454,0.1348314606741573
Isolation Forest,PR,0.5454545454545454,0.1352112676056338
Isolation Forest,PR,0.5454545454545454,0.13559322033898305
Isolation Forest,PR,0.5454545454545454,0.1359773371104816
Isolation Forest,PR,0.5454545454545454,0.13636363636363635
Isolation Forest,PR,0.5340909090909091,0.1339031339031339
Isolation Forest,PR,0.5340909090909091,0.13428571428571429
Isolation Forest,PR,0.5340909090909091,0.1346704871060172
Isolation Forest,PR,0.5340909090909091,0.13505747126436782
Isolation Forest,PR,0.5340909090909091,0.13544668587896252
Isolation Forest,PR,0.5340909090909091,0.13583815028901733
Isolation Forest,PR,0.5340909090909091,0.13623188405797101
Isolation Forest,PR,0.5340909090909091,0.13662790697674418
Isolation Forest,PR,0.5340909090909091,0.13702623906705538
Isolation Forest,PR,0.5340909090909091,0.13742690058479531
Isolation Forest,PR,0.5340909090909091,0.1378299120234604
Isolation Forest,PR,0.5340909090909091,0.13823529411764707
Isolation Forest,PR,0.5340909090909091,0.13864306784660768
Isolation Forest,PR,0.5340909090909091,0.1390532544378698
Isolation Forest,PR,0.5340909090909091,0.1394658753709199
Isolation Forest,PR,0.5340909090909091,0.13988095238095238
Isolation Forest,PR,0.5227272727272727,0.1373134328358209
Isolation Forest,PR,0.5227272727272727,0.1377245508982036
Isolation Forest,PR,0.5227272727272727,0.13813813813813813
Isolation Forest,PR,0.5227272727272727,0.13855421686746988
Isolation Forest,PR,0.5227272727272727,0.13897280966767372
Isolation Forest,PR,0.5227272727272727,0.1393939393939394
Isolation Forest,PR,0.5227272727272727,0.1398176291793313
Isolation Forest,PR,0.5227272727272727,0.1402439024390244
Isolation Forest,PR,0.5227272727272727,0.14067278287461774
Isolation Forest,PR,0.5227272727272727,0.1411042944785276
Isolation Forest,PR,0.5227272727272727,0.14153846153846153
Isolation Forest,PR,0.5227272727272727,0.1419753086419753
Isolation Forest,PR,0.5227272727272727,0.14241486068111456
Isolation Forest,PR,0.5227272727272727,0.14285714285714285
Isolation Forest,PR,0.5227272727272727,0.14330218068535824
Isolation Forest,PR,0.5227272727272727,0.14375
Isolation Forest,PR,0.5227272727272727,0.14420062695924765
Isolation Forest,PR,0.5227272727272727,0.14465408805031446
Isolation Forest,PR,0.5113636363636364,0.14195583596214512
Isolation Forest,PR,0.5113636363636364,0.14240506329113925
Isolation Forest,PR,0.5113636363636364,0.14285714285714285
Isolation Forest,PR,0.5113636363636364,0.14331210191082802
Isolation Forest,PR,0.5113636363636364,0.14376996805111822
Isolation Forest,PR,0.5113636363636364,0.14423076923076922
Isolation Forest,PR,0.5113636363636364,0.14469453376205788
Isolation Forest,PR,0.5113636363636364,0.14516129032258066
Isolation Forest,PR,0.5113636363636364,0.14563106796116504
Isolation Forest,PR,0.5113636363636364,0.1461038961038961
Isolation Forest,PR,0.5113636363636364,0.1465798045602606
Isolation Forest,PR,0.5113636363636364,0.14705882352941177
Isolation Forest,PR,0.5,0.14426229508196722
Isolation Forest,PR,0.5,0.14473684210526316
Isolation Forest,PR,0.5,0.14521452145214522
Isolation Forest,PR,0.5,0.1456953642384106
Isolation Forest,PR,0.5,0.1461794019933555
Isolation Forest,PR,0.5,0.14666666666666667
Isolation Forest,PR,0.48863636363636365,0.14381270903010032
Isolation Forest,PR,0.48863636363636365,0.14429530201342283
Isolation Forest,PR,0.4772727272727273,0.1414141414141414
Isolation Forest,PR,0.4772727272727273,0.14189189189189189
Isolation Forest,PR,0.4772727272727273,0.1423728813559322
Isolation Forest,PR,0.4659090909090909,0.13945578231292516
Isolation Forest,PR,0.4659090909090909,0.13993174061433447
Isolation Forest,PR,0.4659090909090909,0.1404109589041096
Isolation Forest,PR,0.4659090909090909,0.140893470790378
Isolation Forest,PR,0.4659090909090909,0.1413793103448276
Isolation Forest,PR,0.4659090909090909,0.14186851211072665
Isolation Forest,PR,0.4659090909090909,0.1423611111111111
Isolation Forest,PR,0.4659090909090909,0.14285714285714285
Isolation Forest,PR,0.4659090909090909,0.14335664335664336
Isolation Forest,PR,0.4659090909090909,0.14385964912280702
Isolation Forest,PR,0.4659090909090909,0.1443661971830986
Isolation Forest,PR,0.4659090909090909,0.14487632508833923
Isolation Forest,PR,0.45454545454545453,0.14184397163120568
Isolation Forest,PR,0.45454545454545453,0.1423487544483986
Isolation Forest,PR,0.45454545454545453,0.14285714285714285
Isolation Forest,PR,0.45454545454545453,0.14336917562724014
Isolation Forest,PR,0.45454545454545453,0.14388489208633093
Isolation Forest,PR,0.45454545454545453,0.1444043321299639
Isolation Forest,PR,0.45454545454545453,0.14492753623188406
Isolation Forest,PR,0.45454545454545453,0.14545454545454545
Isolation Forest,PR,0.45454545454545453,0.145985401459854
Isolation Forest,PR,0.45454545454545453,0.14652014652014653
Isolation Forest,PR,0.45454545454545453,0.14705882352941177
Isolation Forest,PR,0.45454545454545453,0.14760147601476015
Isolation Forest,PR,0.45454545454545453,0.14814814814814814
Isolation Forest,PR,0.45454545454545453,0.14869888475836432
Isolation Forest,PR,0.45454545454545453,0.14925373134328357
Isolation Forest,PR,0.45454545454545453,0.149812734082397
Isolation Forest,PR,0.45454545454545453,0.15037593984962405
Isolation Forest,PR,0.45454545454545453,0.1509433962264151
Isolation Forest,PR,0.4431818181818182,0.14772727272727273
Isolation Forest,PR,0.4431818181818182,0.1482889733840304
Isolation Forest,PR,0.4431818181818182,0.14885496183206107
Isolation Forest,PR,0.4431818181818182,0.14942528735632185
Isolation Forest,PR,0.4431818181818182,0.15
Isolation Forest,PR,0.4431818181818182,0.15057915057915058
Isolation Forest,PR,0.4431818181818182,0.1511627906976744
Isolation Forest,PR,0.4431818181818182,0.1517509727626459
Isolation Forest,PR,0.4431818181818182,0.15234375
Isolation Forest,PR,0.4431818181818182,0.15294117647058825
Isolation Forest,PR,0.4431818181818182,0.15354330708661418
Isolation Forest,PR,0.4431818181818182,0.1541501976284585
Isolation Forest,PR,0.4431818181818182,0.15476190476190477
Isolation Forest,PR,0.4431818181818182,0.1553784860557769
Isolation Forest,PR,0.4431818181818182,0.156
Isolation Forest,PR,0.4431818181818182,0.1566265060240964
Isolation Forest,PR,0.4431818181818182,0.15725806451612903
Isolation Forest,PR,0.4318181818181818,0.15384615384615385
Isolation Forest,PR,0.4318181818181818,0.15447154471544716
Isolation Forest,PR,0.4318181818181818,0.15510204081632653
Isolation Forest,PR,0.4318181818181818,0.1557377049180328
Isolation Forest,PR,0.4318181818181818,0.15637860082304528
Isolation Forest,PR,0.4318181818181818,0.15702479338842976
Isolation Forest,PR,0.4318181818181818,0.15767634854771784
Isolation Forest,PR,0.4318181818181818,0.15833333333333333
Isolation Forest,PR,0.4318181818181818,0.1589958158995816
Isolation Forest,PR,0.42045454545454547,0.15546218487394958
Isolation Forest,PR,0.42045454545454547,0.15611814345991562
Isolation Forest,PR,0.42045454545454547,0.15677966101694915
Isolation Forest,PR,0.42045454545454547,0.1574468085106383
Isolation Forest,PR,0.42045454545454547,0.1581196581196581
Isolation Forest,PR,0.42045454545454547,0.15879828326180256
Isolation Forest,PR,0.42045454545454547,0.15948275862068967
Isolation Forest,PR,0.42045454545454547,0.16017316017316016
Isolation Forest,PR,0.42045454545454547,0.1608695652173913
Isolation Forest,PR,0.42045454545454547,0.1615720524017467
Isolation Forest,PR,0.42045454545454547,0.16228070175438597
Isolation Forest,PR,0.42045454545454547,0.16299559471365638
Isolation Forest,PR,0.42045454545454547,0.16371681415929204
Isolation Forest,PR,0.42045454545454547,0.16444444444444445
Isolation Forest,PR,0.42045454545454547,0.16517857142857142
Isolation Forest,PR,0.42045454545454547,0.16591928251121077
Isolation Forest,PR,0.42045454545454547,0.16666666666666666
Isolation Forest,PR,0.42045454545454547,0.167420814479638
Isolation Forest,PR,0.42045454545454547,0.16818181818181818
Isolation Forest,PR,0.42045454545454547,0.1689497716894977
Isolation Forest,PR,0.42045454545454547,0.16972477064220184
Isolation Forest,PR,0.42045454545454547,0.17050691244239632
Isolation Forest,PR,0.42045454545454547,0.1712962962962963
Isolation Forest,PR,0.42045454545454547,0.17209302325581396
Isolation Forest,PR,0.4090909090909091,0.16822429906542055
Isolation Forest,PR,0.4090909090909091,0.16901408450704225
Isolation Forest,PR,0.4090909090909091,0.16981132075471697
Isolation Forest,PR,0.4090909090909091,0.17061611374407584
Isolation Forest,PR,0.4090909090909091,0.17142857142857143
Isolation Forest,PR,0.4090909090909091,0.1722488038277512
Isolation Forest,PR,0.4090909090909091,0.17307692307692307
Isolation Forest,PR,0.4090909090909091,0.17391304347826086
Isolation Forest,PR,0.4090909090909091,0.17475728155339806
Isolation Forest,PR,0.4090909090909091,0.17560975609756097
Isolation Forest,PR,0.4090909090909091,0.17647058823529413
Isolation Forest,PR,0.4090909090909091,0.17733990147783252
Isolation Forest,PR,0.3977272727272727,0.17326732673267325
Isolation Forest,PR,0.3977272727272727,0.17412935323383086
Isolation Forest,PR,0.3977272727272727,0.175
Isolation Forest,PR,0.3977272727272727,0.17587939698492464
Isolation Forest,PR,0.3977272727272727,0.17676767676767677
Isolation Forest,PR,0.3977272727272727,0.17766497461928935
Isolation Forest,PR,0.3977272727272727,0.17857142857142858
Isolation Forest,PR,0.3977272727272727,0.1794871794871795
Isolation Forest,PR,0.3977272727272727,0.18041237113402062
Isolation Forest,PR,0.3977272727272727,0.18134715025906736
Isolation Forest,PR,0.3977272727272727,0.18229166666666666
Isolation Forest,PR,0.3977272727272727,0.18324607329842932
Isolation Forest,PR,0.3977272727272727,0.18421052631578946
Isolation Forest,PR,0.3977272727272727,0.18518518518518517
Isolation Forest,PR,0.38636363636363635,0.18085106382978725
Isolation Forest,PR,0.38636363636363635,0.18181818181818182
Isolation Forest,PR,0.38636363636363635,0.1827956989247312
Isolation Forest,PR,0.38636363636363635,0.1837837837837838
Isolation Forest,PR,0.38636363636363635,0.18478260869565216
Isolation Forest,PR,0.38636363636363635,0.18579234972677597
Isolation Forest,PR,0.38636363636363635,0.18681318681318682
Isolation Forest,PR,0.38636363636363635,0.1878453038674033
Isolation Forest,PR,0.38636363636363635,0.18888888888888888
Isolation Forest,PR,0.38636363636363635,0.18994413407821228
Isolation Forest,PR,0.38636363636363635,0.19101123595505617
Isolation Forest,PR,0.38636363636363635,0.192090395480226
Isolation Forest,PR,0.38636363636363635,0.19318181818181818
Isolation Forest,PR,0.38636363636363635,0.19428571428571428
Isolation Forest,PR,0.38636363636363635,0.19540229885057472
Isolation Forest,PR,0.38636363636363635,0.19653179190751446
Isolation Forest,PR,0.38636363636363635,0.19767441860465115
Isolation Forest,PR,0.38636363636363635,0.19883040935672514
Isolation Forest,PR,0.38636363636363635,0.2
Isolation Forest,PR,0.38636363636363635,0.20118343195266272
Isolation Forest,PR,0.38636363636363635,0.20238095238095238
Isolation Forest,PR,0.38636363636363635,0.20359281437125748
Isolation Forest,PR,0.38636363636363635,0.20481927710843373
Isolation Forest,PR,0.38636363636363635,0.20606060606060606
Isolation Forest,PR,0.38636363636363635,0.2073170731707317
Isolation Forest,PR,0.38636363636363635,0.2085889570552147
Isolation Forest,PR,0.38636363636363635,0.20987654320987653
Isolation Forest,PR,0.38636363636363635,0.2111801242236025
Isolation Forest,PR,0.38636363636363635,0.2125
Isolation Forest,PR,0.38636363636363635,0.2138364779874214
Isolation Forest,PR,0.38636363636363635,0.21518987341772153
Isolation Forest,PR,0.38636363636363635,0.21656050955414013
Isolation Forest,PR,0.38636363636363635,0.21794871794871795
Isolation Forest,PR,0.38636363636363635,0.21935483870967742
Isolation Forest,PR,0.38636363636363635,0.22077922077922077
Isolation Forest,PR,0.38636363636363635,0.2222222222222222
Isolation Forest,PR,0.38636363636363635,0.2236842105263158
Isolation Forest,PR,0.38636363636363635,0.2251655629139073
Isolation Forest,PR,0.38636363636363635,0.22666666666666666
Isolation Forest,PR,0.38636363636363635,0.22818791946308725
Isolation Forest,PR,0.38636363636363635,0.22972972972972974
Isolation Forest,PR,0.375,0.22448979591836735
Isolation Forest,PR,0.375,0.22602739726027396
Isolation Forest,PR,0.375,0.22758620689655173
Isolation Forest,PR,0.375,0.22916666666666666
Isolation Forest,PR,0.375,0.23076923076923078
Isolation Forest,PR,0.375,0.2323943661971831
Isolation Forest,PR,0.375,0.23404255319148937
Isolation Forest,PR,0.375,0.2357142857142857
Isolation Forest,PR,0.375,0.23741007194244604
Isolation Forest,PR,0.375,0.2391304347826087
Isolation Forest,PR,0.375,0.24087591240875914
Isolation Forest,PR,0.375,0.2426470588235294
Isolation Forest,PR,0.36363636363636365,0.23703703703703705
Isolation Forest,PR,0.36363636363636365,0.23880597014925373
Isolation Forest,PR,0.36363636363636365,0.24060150375939848
Isolation Forest,PR,0.36363636363636365,0.24242424242424243
Isolation Forest,PR,0.36363636363636365,0.24427480916030533
Isolation Forest,PR,0.36363636363636365,0.24615384615384617
Isolation Forest,PR,0.36363636363636365,0.24806201550387597
Isolation Forest,PR,0.3522727272727273,0.2421875
Isolation Forest,PR,0.3522727272727273,0.2440944881889764
Isolation Forest,PR,0.3522727272727273,0.24603174603174602
Isolation Forest,PR,0.3522727272727273,0.248
Isolation Forest,PR,0.3522727272727273,0.25
Isolation Forest,PR,0.3522727272727273,0.25203252032520324
Isolation Forest,PR,0.3409090909090909,0.2459016393442623
Isolation Forest,PR,0.3409090909090909,0.24793388429752067
Isolation Forest,PR,0.3409090909090909,0.25
Isolation Forest,PR,0.32954545454545453,0.24369747899159663
Isolation Forest,PR,0.32954545454545453,0.2457627118644068
Isolation Forest,PR,0.32954545454545453,0.24786324786324787
Isolation Forest,PR,0.32954545454545453,0.25
Isolation Forest,PR,0.32954545454545453,0.25217391304347825
Isolation Forest,PR,0.32954545454545453,0.2543859649122807
Isolation Forest,PR,0.32954545454545453,0.25663716814159293
Isolation Forest,PR,0.32954545454545453,0.25892857142857145
Isolation Forest,PR,0.32954545454545453,0.26126126126126126
Isolation Forest,PR,0.32954545454545453,0.2636363636363636
Isolation Forest,PR,0.32954545454545453,0.26605504587155965
Isolation Forest,PR,0.32954545454545453,0.26851851851851855
Isolation Forest,PR,0.32954545454545453,0.27102803738317754
Isolation Forest,PR,0.32954545454545453,0.27358490566037735
Isolation Forest,PR,0.32954545454545453,0.2761904761904762
Isolation Forest,PR,0.32954545454545453,0.27884615384615385
Isolation Forest,PR,0.32954545454545453,0.2815533980582524
Isolation Forest,PR,0.32954545454545453,0.28431372549019607
Isolation Forest,PR,0.32954545454545453,0.2871287128712871
Isolation Forest,PR,0.32954545454545453,0.29
Isolation Forest,PR,0.32954545454545453,0.29292929292929293
Isolation Forest,PR,0.32954545454545453,0.29591836734693877
Isolation Forest,PR,0.32954545454545453,0.29896907216494845
Isolation Forest,PR,0.3181818181818182,0.2916666666666667
Isolation Forest,PR,0.3181818181818182,0.29473684210526313
Isolation Forest,PR,0.3181818181818182,0.2978723404255319
Isolation Forest,PR,0.3068181818181818,0.2903225806451613
Isolation Forest,PR,0.3068181818181818,0.29347826086956524
Isolation Forest,PR,0.29545454545454547,0.2857142857142857
Isolation Forest,PR,0.2840909090909091,0.2777777777777778
Isolation Forest,PR,0.2840909090909091,0.2808988764044944
Isolation Forest,PR,0.2727272727272727,0.2727272727272727
Isolation Forest,PR,0.26136363636363635,0.26436781609195403
Isolation Forest,PR,0.26136363636363635,0.26744186046511625
Isolation Forest,PR,0.26136363636363635,0.27058823529411763
Isolation Forest,PR,0.26136363636363635,0.27380952380952384
Isolation Forest,PR,0.26136363636363635,0.27710843373493976
Isolation Forest,PR,0.26136363636363635,0.2804878048780488
Isolation Forest,PR,0.26136363636363635,0.2839506172839506
Isolation Forest,PR,0.26136363636363635,0.2875
Isolation Forest,PR,0.26136363636363635,0.2911392405063291
Isolation Forest,PR,0.26136363636363635,0.2948717948717949
Isolation Forest,PR,0.26136363636363635,0.2987012987012987
Isolation Forest,PR,0.25,0.2894736842105263
Isolation Forest,PR,0.25,0.29333333333333333
Isolation Forest,PR,0.25,0.2972972972972973
Isolation Forest,PR,0.23863636363636365,0.2876712328767123
Isolation Forest,PR,0.23863636363636365,0.2916666666666667
Isolation Forest,PR,0.22727272727272727,0.28169014084507044
Isolation Forest,PR,0.22727272727272727,0.2857142857142857
Isolation Forest,PR,0.22727272727272727,0.2898550724637681
Isolation Forest,PR,0.22727272727272727,0.29411764705882354
Isolation Forest,PR,0.22727272727272727,0.29850746268656714
Isolation Forest,PR,0.22727272727272727,0.30303030303030304
Isolation Forest,PR,0.22727272727272727,0.3076923076923077
Isolation Forest,PR,0.22727272727272727,0.3125
Isolation Forest,PR,0.2159090909090909,0.30158730158730157
Isolation Forest,PR,0.2159090909090909,0.3064516129032258
Isolation Forest,PR,0.20454545454545456,0.29508196721311475
Isolation Forest,PR,0.19318181818181818,0.2833333333333333
Isolation Forest,PR,0.19318181818181818,0.288135593220339
Isolation Forest,PR,0.18181818181818182,0.27586206896551724
Isolation Forest,PR,0.18181818181818182,0.2807017543859649
Isolation Forest,PR,0.18181818181818182,0.2857142857142857
Isolation Forest,PR,0.18181818181818182,0.2909090909090909
Isolation Forest,PR,0.18181818181818182,0.2962962962962963
Isolation Forest,PR,0.18181818181818182,0.3018867924528302
Isolation Forest,PR,0.18181818181818182,0.3076923076923077
Isolation Forest,PR,0.18181818181818182,0.3137254901960784
Isolation Forest,PR,0.18181818181818182,0.32
Isolation Forest,PR,0.17045454545454544,0.30612244897959184
Isolation Forest,PR,0.17045454545454544,0.3125
Isolation Forest,PR,0.17045454545454544,0.3191489361702128
Isolation Forest,PR,0.17045454545454544,0.32608695652173914
Isolation Forest,PR,0.17045454545454544,0.3333333333333333
Isolation Forest,PR,0.17045454545454544,0.3409090909090909
Isolation Forest,PR,0.17045454545454544,0.3488372093023256
Isolation Forest,PR,0.1590909090909091,0.3333333333333333
Isolation Forest,PR,0.1590909090909091,0.34146341463414637
Isolation Forest,PR,0.1590909090909091,0.35
Isolation Forest,PR,0.14772727272727273,0.3333333333333333
Isolation Forest,PR,0.13636363636363635,0.3157894736842105
Isolation Forest,PR,0.13636363636363635,0.32432432432432434
Isolation Forest,PR,0.13636363636363635,0.3333333333333333
Isolation Forest,PR,0.125,0.3142857142857143
Isolation Forest,PR,0.125,0.3235294117647059
Isolation Forest,PR,0.11363636363636363,0.30303030303030304
Isolation Forest,PR,0.11363636363636363,0.3125
Isolation Forest,PR,0.11363636363636363,0.3225806451612903
Isolation Forest,PR,0.11363636363636363,0.3333333333333333
Isolation Forest,PR,0.10227272727272728,0.3103448275862069
Isolation Forest,PR,0.10227272727272728,0.32142857142857145
Isolation Forest,PR,0.10227272727272728,0.3333333333333333
Isolation Forest,PR,0.10227272727272728,0.34615384615384615
Isolation Forest,PR,0.10227272727272728,0.36
Isolation Forest,PR,0.09090909090909091,0.3333333333333333
Isolation Forest,PR,0.09090909090909091,0.34782608695652173
Isolation Forest,PR,0.09090909090909091,0.36363636363636365
Isolation Forest,PR,0.07954545454545454,0.3333333333333333
Isolation Forest,PR,0.07954545454545454,0.35
Isolation Forest,PR,0.07954545454545454,0.3684210526315789
Isolation Forest,PR,0.07954545454545454,0.3888888888888889
Isolation Forest,PR,0.07954545454545454,0.4117647058823529
Isolation Forest,PR,0.07954545454545454,0.4375
Isolation Forest,PR,0.07954545454545454,0.4666666666666667
Isolation Forest,PR,0.06818181818181818,0.42857142857142855
Isolation Forest,PR,0.056818181818181816,0.38461538461538464
Isolation Forest,PR,0.056818181818181816,0.4166666666666667
Isolation Forest,PR,0.056818181818181816,0.45454545454545453
Isolation Forest,PR,0.056818181818181816,0.5
Isolation Forest,PR,0.056818181818181816,0.5555555555555556
Isolation Forest,PR,0.056818181818181816,0.625
Isolation Forest,PR,0.045454545454545456,0.5714285714285714
Isolation Forest,PR,0.03409090909090909,0.5
Isolation Forest,PR,0.03409090909090909,0.6
Isolation Forest,PR,0.022727272727272728,0.5
Isolation Forest,PR,0.022727272727272728,0.6666666666666666
Isolation Forest,PR,0.022727272727272728,1.0
Isolation Forest,PR,0.011363636363636364,1.0
Isolation Forest,PR,0.0,1.0
