Transaction_ID,Customer_ID,Transaction_Date,Transaction_Amount,Merchant_Category,Payment_Method,Device_Type,Location,Is_International,Previous_Transactions,Average_Spend,Account_Age_Days,Suspicious_Keyword,Fraudulent,Fraud_Score,Predicted_Fraud,Anomaly_Score,Anomaly_Flag,Review_Status,Split,Score_Context
T103438,CUST3131,2023-01-01 02:16:00,210.69,Grocery,PayPal,Desktop,Hyderabad,0,69,450.9,1824,Yes,0,0.16860321568051895,1,0.5169062483616531,0,Model review,train,in-sample
T104159,CUST6885,2023-01-01 05:46:00,66.73,Entertainment,Debit Card,Desktop,Hyderabad,1,50,421.59,79,No,0,0.580359291734377,1,0.5285094655360185,1,Model review,train,in-sample
T102971,CUST1470,2023-01-01 09:06:00,14.24,Utilities,Debit Card,POS,Pune,0,82,472.06,790,No,0,0.03520647295461594,0,0.4970016357046317,0,Lower score,train,in-sample
T102322,CUST6619,2023-01-01 11:34:00,74.9,Fashion,Debit Card,Desktop,Hyderabad,0,152,236.3,388,Yes,0,0.02462622872529416,0,0.49314780670055747,0,Lower score,train,in-sample
T104734,CUST6625,2023-01-01 11:41:00,45.04,Grocery,NetBanking,POS,Chennai,0,76,173.08,1300,No,0,0.019693064215711334,0,0.4895712364225802,0,Lower score,train,in-sample
T103896,CUST2862,2023-01-01 11:51:00,12.67,Travel,Credit Card,Mobile,Hyderabad,0,93,464.75,634,No,0,0.018279070977860908,0,0.4953895700895001,0,Lower score,train,in-sample
T100514,CUST1837,2023-01-01 12:08:00,3.7,Entertainment,Credit Card,POS,Mumbai,0,182,187.62,1260,No,0,0.020606780388047474,0,0.5072489287934469,0,Lower score,train,in-sample
T101258,CUST7931,2023-01-01 14:42:00,5.31,Entertainment,PayPal,Desktop,Hyderabad,0,186,305.9,1336,No,0,0.011972676754522993,0,0.5167953055058769,0,Lower score,train,in-sample
T102688,CUST6543,2023-01-01 18:05:00,54.32,Fashion,PayPal,Desktop,Hyderabad,0,178,47.71,671,No,0,0.02280824588123123,0,0.49736604985679533,0,Lower score,train,in-sample
T101230,CUST5189,2023-01-01 18:56:00,179.62,Health,UPI,Mobile,Bengaluru,0,46,264.55,287,No,0,0.03606400938841713,0,0.5075991830303175,0,Lower score,train,in-sample
T102855,CUST6624,2023-01-01 19:42:00,56.41,Electronics,NetBanking,POS,Bengaluru,0,24,473.53,491,No,0,0.02883044586242334,0,0.4899412511593135,0,Lower score,train,in-sample
T100508,CUST4133,2023-01-01 22:32:00,239.34,Electronics,Debit Card,Desktop,Hyderabad,0,4,332.15,211,No,0,0.08156567204127747,0,0.5205584907135129,1,Anomaly review,train,in-sample
T101738,CUST8012,2023-01-02 01:07:00,36.68,Food,UPI,POS,Bengaluru,0,137,320.2,761,No,0,0.2185958995751072,1,0.4893419045109939,0,Model review,train,in-sample
T100012,CUST3603,2023-01-02 04:32:00,142.91,Utilities,Debit Card,POS,Pune,0,120,218.44,839,No,0,0.14716703424146443,0,0.4908114804577759,0,Lower score,train,in-sample
T100819,CUST3018,2023-01-02 07:17:00,32.66,Health,Debit Card,Desktop,Mumbai,0,104,258.23,1500,No,0,0.07603946208174424,0,0.4841559616116753,0,Lower score,train,in-sample
T104985,CUST1221,2023-01-02 14:09:00,13.3,Entertainment,PayPal,Desktop,Bengaluru,1,1,150.39,1568,No,0,0.11646693883569165,0,0.5190870748685493,1,Anomaly review,train,in-sample
T101255,CUST2412,2023-01-02 14:12:00,45.01,Grocery,NetBanking,Desktop,Hyderabad,0,49,299.95,287,No,0,0.010821618303781623,0,0.47682003518782584,0,Lower score,train,in-sample
T102682,CUST5535,2023-01-02 22:53:00,1.18,Grocery,Credit Card,Desktop,Mumbai,1,40,445.6,1460,No,0,0.4644637885207724,1,0.5365353221514757,1,Model review,train,in-sample
T103562,CUST2028,2023-01-03 00:44:00,4.69,Entertainment,NetBanking,Desktop,Kolkata,1,120,363.08,1996,Yes,1,0.596129191490191,1,0.5345806616927054,1,Model review,train,in-sample
T102712,CUST4333,2023-01-03 01:03:00,34.23,Utilities,NetBanking,Desktop,Chennai,0,180,137.67,675,No,1,0.18135089064606466,1,0.47382205026289825,0,Model review,train,in-sample
T102790,CUST4041,2023-01-03 02:52:00,99.51,Utilities,PayPal,POS,Kolkata,0,67,226.79,1338,No,0,0.15522744339105077,0,0.4820065689390501,0,Lower score,train,in-sample
T101486,CUST8736,2023-01-03 05:22:00,40.36,Health,NetBanking,Mobile,Chennai,0,36,163.3,582,No,0,0.15583422723179363,0,0.48307762770541374,0,Lower score,train,in-sample
T101966,CUST2644,2023-01-03 06:29:00,16.31,Entertainment,UPI,Desktop,Pune,0,194,489.2,1466,No,0,0.12239853431798912,0,0.48024541543242044,0,Lower score,train,in-sample
T100021,CUST6465,2023-01-03 07:09:00,12.02,Grocery,Debit Card,Desktop,Mumbai,0,22,129.55,543,No,0,0.08816617725030913,0,0.4889366694392917,0,Lower score,train,in-sample
T100982,CUST1426,2023-01-03 07:11:00,9.02,Utilities,Debit Card,POS,Bengaluru,0,191,283.83,488,No,0,0.10121485663674347,0,0.49411691836561905,0,Lower score,train,in-sample
T103552,CUST2599,2023-01-03 07:52:00,69.53,Food,Debit Card,POS,Bengaluru,0,172,91.15,74,No,0,0.11314284474141309,0,0.4802391880269276,0,Lower score,train,in-sample
T101285,CUST3717,2023-01-03 12:08:00,58.34,Electronics,NetBanking,Desktop,Mumbai,0,133,366.38,1848,No,0,0.015844816071494582,0,0.4784178053135686,0,Lower score,train,in-sample
T103035,CUST7786,2023-01-03 12:59:00,25.87,Entertainment,Debit Card,POS,Pune,0,118,296.15,1555,No,0,0.01766957429143345,0,0.47999723947160877,0,Lower score,train,in-sample
T101418,CUST6112,2023-01-03 13:44:00,48.15,Electronics,Debit Card,POS,Mumbai,0,19,280.28,620,No,0,0.012804439301143116,0,0.4759681572999056,0,Lower score,train,in-sample
T100297,CUST1019,2023-01-03 15:07:00,19.45,Electronics,Debit Card,Desktop,Mumbai,0,74,272.94,102,Yes,0,0.011320662737700903,0,0.47875656411540335,0,Lower score,train,in-sample
T102415,CUST5637,2023-01-03 16:34:00,265.98,Health,UPI,Desktop,Pune,1,108,210.86,1925,No,1,0.16677641763469356,1,0.5427283974682041,1,Model review,train,in-sample
T101485,CUST7997,2023-01-03 18:17:00,36.51,Entertainment,UPI,POS,Mumbai,1,31,66.68,1471,No,0,0.243873458464995,1,0.5268868738178422,1,Model review,train,in-sample
T100364,CUST2304,2023-01-03 20:05:00,227.05,Grocery,NetBanking,POS,Hyderabad,0,163,121.07,1775,No,0,0.05267233096788996,0,0.49443827070116564,0,Lower score,train,in-sample
T101795,CUST9219,2023-01-03 20:33:00,7.09,Health,UPI,Mobile,Delhi,0,143,148.02,649,No,0,0.048007156587942273,0,0.4957681865656179,0,Lower score,train,in-sample
T101215,CUST3778,2023-01-03 22:03:00,19.96,Grocery,Credit Card,Mobile,Hyderabad,0,190,64.08,769,No,0,0.07750773451216118,0,0.48656397843295507,0,Lower score,train,in-sample
T103779,CUST7470,2023-01-04 00:49:00,182.93,Travel,Debit Card,Desktop,Hyderabad,1,164,382.3,430,No,0,0.6914772597077754,1,0.5279558131126406,1,Model review,train,in-sample
T100339,CUST2853,2023-01-04 01:15:00,8.24,Entertainment,Credit Card,POS,Delhi,0,148,427.44,202,No,0,0.18639308134885535,1,0.4896085911596209,0,Model review,train,in-sample
T101495,CUST9221,2023-01-04 01:17:00,88.26,Electronics,Debit Card,POS,Bengaluru,0,144,402.96,337,No,0,0.1640276112725408,1,0.48219712789450847,0,Model review,train,in-sample
T102384,CUST6370,2023-01-04 02:26:00,30.72,Food,PayPal,Mobile,Pune,0,12,389.76,1347,Yes,1,0.18350447861150496,1,0.4827717974217271,0,Model review,train,in-sample
T102881,CUST5996,2023-01-04 06:30:00,154.5,Health,PayPal,Mobile,Mumbai,0,79,178.55,1143,No,0,0.11789701734573517,0,0.49774651900452777,0,Lower score,train,in-sample
T103919,CUST4508,2023-01-04 06:38:00,130.96,Electronics,PayPal,Mobile,Chennai,0,163,458.17,679,No,0,0.09540583955501501,0,0.487301705644788,0,Lower score,train,in-sample
T102491,CUST1425,2023-01-04 06:57:00,18.17,Electronics,Debit Card,POS,Chennai,0,32,249.56,1902,No,0,0.08486918388894588,0,0.4783001862239751,0,Lower score,train,in-sample
T103540,CUST8435,2023-01-04 08:53:00,18.91,Utilities,PayPal,POS,Delhi,1,64,331.6,871,No,0,0.28891824102775926,1,0.5241313316671925,1,Model review,train,in-sample
T101909,CUST8833,2023-01-04 09:25:00,12.9,Grocery,UPI,Desktop,Chennai,0,80,348.33,1825,No,0,0.0472664281487825,0,0.47985275320346177,0,Lower score,train,in-sample
T100152,CUST1013,2023-01-04 09:48:00,12.52,Grocery,Credit Card,Desktop,Pune,0,16,260.52,277,No,0,0.030646084448908834,0,0.48846314398203283,0,Lower score,train,in-sample
T100903,CUST8668,2023-01-04 09:51:00,69.98,Fashion,Credit Card,Mobile,Pune,0,116,451.51,1961,No,0,0.04445648923443264,0,0.4794621369053781,0,Lower score,train,in-sample
T102302,CUST5534,2023-01-04 17:50:00,57.5,Fashion,PayPal,POS,Bengaluru,0,171,191.39,683,No,0,0.03021066901903066,0,0.47481557582054884,0,Lower score,train,in-sample
T104957,CUST4204,2023-01-04 18:11:00,80.57,Grocery,Debit Card,Desktop,Mumbai,0,140,213.85,1238,No,0,0.02408266133735023,0,0.48239571032947426,0,Lower score,train,in-sample
T100488,CUST7985,2023-01-04 20:54:00,240.32,Fashion,UPI,Desktop,Mumbai,0,79,125.29,858,No,0,0.10571394072215108,0,0.5013222539647831,0,Lower score,train,in-sample
T103801,CUST9254,2023-01-04 22:19:00,222.86,Grocery,PayPal,Mobile,Pune,0,156,337.27,843,Yes,1,0.08626323504868266,0,0.505531220990514,0,Lower score,train,in-sample
T101765,CUST6251,2023-01-05 06:59:00,31.41,Grocery,PayPal,Desktop,Mumbai,1,19,373.16,1782,No,0,0.39599143087181227,1,0.524356193816616,1,Model review,train,in-sample
T104501,CUST3443,2023-01-05 18:32:00,57.68,Electronics,PayPal,Mobile,Bengaluru,0,85,67.84,376,No,0,0.016351911401779582,0,0.4830169122536404,0,Lower score,train,in-sample
T102188,CUST8005,2023-01-05 19:51:00,124.26,Health,Debit Card,Mobile,Hyderabad,0,87,101.1,776,No,0,0.032769556648615625,0,0.4794036950429501,0,Lower score,train,in-sample
T101109,CUST8785,2023-01-05 21:00:00,13.37,Utilities,PayPal,Mobile,Kolkata,0,160,170.57,1111,No,0,0.03077161828164203,0,0.4887760486784685,0,Lower score,train,in-sample
T104430,CUST2930,2023-01-05 21:39:00,90.54,Fashion,Credit Card,POS,Delhi,0,70,382.35,766,No,0,0.07853366514224679,0,0.4804199747309198,0,Lower score,train,in-sample
T101613,CUST2860,2023-01-05 21:58:00,31.36,Food,NetBanking,Desktop,Mumbai,1,102,310.06,263,No,0,0.4430056300915728,1,0.5167089718533978,0,Model review,train,in-sample
T100867,CUST2229,2023-01-05 22:16:00,16.06,Food,UPI,Desktop,Hyderabad,0,118,279.67,1430,No,0,0.09007002142959329,0,0.48486442790427203,0,Lower score,train,in-sample
T103149,CUST3995,2023-01-06 03:59:00,48.46,Health,Debit Card,POS,Delhi,0,140,210.81,679,No,0,0.10715281105328532,0,0.4824968774218007,0,Lower score,train,in-sample
T102309,CUST8209,2023-01-06 04:03:00,33.88,Travel,UPI,POS,Chennai,0,49,57.83,1289,No,0,0.1503309346061676,0,0.49914915842685575,0,Lower score,train,in-sample
T103931,CUST4458,2023-01-06 07:44:00,15.99,Entertainment,Credit Card,POS,Bengaluru,0,124,359.87,191,No,0,0.06445285571202425,0,0.48399454081813426,0,Lower score,train,in-sample
T104796,CUST5589,2023-01-06 14:09:00,14.36,Health,Debit Card,POS,Mumbai,0,104,427.5,981,No,0,0.008788100064282472,0,0.4877701401408864,0,Lower score,train,in-sample
T101880,CUST2580,2023-01-06 15:39:00,93.41,Fashion,NetBanking,Desktop,Chennai,0,56,426.61,732,No,0,0.01364244352909491,0,0.4757301812040146,0,Lower score,train,in-sample
T101925,CUST2012,2023-01-06 15:39:00,7.81,Entertainment,NetBanking,Mobile,Kolkata,0,102,475.26,867,No,0,0.007364717316618573,0,0.4978428752568958,0,Lower score,train,in-sample
T103199,CUST3953,2023-01-06 17:17:00,39.9,Utilities,Credit Card,Desktop,Pune,1,11,137.62,1242,No,0,0.0840208935755675,0,0.5100513307823036,0,Lower score,train,in-sample
T101980,CUST3500,2023-01-06 17:52:00,16.47,Grocery,NetBanking,Desktop,Mumbai,0,36,257.66,1701,No,0,0.011956869261748486,0,0.48155557230122287,0,Lower score,train,in-sample
T103957,CUST2702,2023-01-06 19:00:00,43.53,Utilities,NetBanking,POS,Hyderabad,0,46,349.73,443,No,0,0.017546120254769402,0,0.4765031302955526,0,Lower score,train,in-sample
T104100,CUST6633,2023-01-06 19:17:00,79.84,Utilities,Credit Card,Desktop,Pune,0,47,94.63,1522,No,0,0.01875440143411523,0,0.47430879672038134,0,Lower score,train,in-sample
T102083,CUST7040,2023-01-06 22:54:00,191.95,Entertainment,NetBanking,POS,Delhi,0,86,266.91,1600,No,0,0.0898403199557939,0,0.5004959164666444,0,Lower score,train,in-sample
T102464,CUST5304,2023-01-06 23:09:00,77.55,Travel,Credit Card,POS,Kolkata,1,109,10.93,571,No,1,0.4001207993680552,1,0.5243221178084362,1,Model review,train,in-sample
T101805,CUST9256,2023-01-06 23:54:00,119.21,Utilities,Debit Card,Desktop,Mumbai,0,139,30.23,1795,No,0,0.09763845548890587,0,0.4883849505242556,0,Lower score,train,in-sample
T101002,CUST8960,2023-01-07 01:43:00,165.05,Utilities,NetBanking,Mobile,Pune,1,157,379.27,1812,No,0,0.5831944023903768,1,0.529268940117269,1,Model review,train,in-sample
T102420,CUST8716,2023-01-07 01:53:00,13.95,Food,NetBanking,Desktop,Kolkata,0,32,260.13,1603,No,0,0.1281910985795567,0,0.4920640760622023,0,Lower score,train,in-sample
T100283,CUST7825,2023-01-07 05:07:00,7.9,Entertainment,Debit Card,Mobile,Bengaluru,0,13,387.23,901,No,1,0.13897160972669134,0,0.5031530219321927,0,Lower score,train,in-sample
T103366,CUST9796,2023-01-07 05:55:00,31.39,Travel,Debit Card,Desktop,Delhi,0,85,276.9,1239,No,1,0.09531524646247932,0,0.49460083925457105,0,Lower score,train,in-sample
T101069,CUST7218,2023-01-07 08:20:00,27.09,Utilities,PayPal,Mobile,Hyderabad,0,151,42.56,570,No,0,0.03904636070655776,0,0.4952412962139411,0,Lower score,train,in-sample
T103749,CUST3226,2023-01-07 08:36:00,172.74,Travel,Credit Card,Mobile,Pune,0,181,163.06,1892,No,0,0.049704328526615195,0,0.5062012072141029,0,Lower score,train,in-sample
T101269,CUST3605,2023-01-07 11:03:00,27.59,Grocery,NetBanking,Mobile,Bengaluru,0,69,438.32,1618,No,0,0.01852173449949151,0,0.4812996066604425,0,Lower score,train,in-sample
T100648,CUST2153,2023-01-07 11:27:00,124.54,Travel,PayPal,Mobile,Pune,0,98,323.97,394,No,0,0.01628639340006988,0,0.4999177818465844,0,Lower score,train,in-sample
T103300,CUST4765,2023-01-07 12:28:00,45.46,Entertainment,NetBanking,Mobile,Hyderabad,1,91,93.74,819,No,1,0.1172090207691725,0,0.5316585638240149,1,Anomaly review,train,in-sample
T100640,CUST5893,2023-01-07 16:35:00,1.62,Health,NetBanking,Mobile,Kolkata,0,77,192.49,937,No,0,0.00816706565021567,0,0.5008888099579589,0,Lower score,train,in-sample
T100397,CUST4015,2023-01-07 16:38:00,44.83,Health,Credit Card,Desktop,Kolkata,0,172,64.39,1694,No,0,0.009488591583959963,0,0.48130065904225444,0,Lower score,train,in-sample
T104939,CUST7039,2023-01-07 17:04:00,133.62,Electronics,Credit Card,Mobile,Delhi,0,69,142.36,386,No,0,0.010841959550736772,0,0.4975931252597764,0,Lower score,train,in-sample
T102274,CUST6137,2023-01-07 21:59:00,240.51,Food,UPI,Mobile,Delhi,0,27,441.32,1370,No,0,0.09858044180532821,0,0.5158459991490546,0,Lower score,train,in-sample
T101637,CUST5039,2023-01-08 02:29:00,13.23,Utilities,Debit Card,Desktop,Bengaluru,0,130,465.74,1524,No,0,0.16999447318707372,1,0.4967547424492001,0,Model review,train,in-sample
T102451,CUST8407,2023-01-08 02:59:00,271.5,Grocery,PayPal,Mobile,Kolkata,0,61,174.07,510,No,0,0.14891187496435876,0,0.5283312852693445,1,Anomaly review,train,in-sample
T102040,CUST8958,2023-01-08 17:14:00,152.1,Fashion,NetBanking,Desktop,Kolkata,0,152,473.19,1387,No,0,0.01803680867829295,0,0.4995614642538157,0,Lower score,train,in-sample
T101191,CUST4411,2023-01-08 18:52:00,69.81,Grocery,NetBanking,POS,Bengaluru,0,47,76.13,304,No,0,0.027262216379148035,0,0.48113102600462265,0,Lower score,train,in-sample
T100553,CUST9065,2023-01-09 05:53:00,65.85,Grocery,NetBanking,Mobile,Chennai,0,16,424.21,1430,No,1,0.11716298769768849,0,0.48245547915291787,0,Lower score,train,in-sample
T101504,CUST8890,2023-01-09 07:12:00,38.27,Travel,PayPal,Mobile,Hyderabad,0,28,304.57,320,No,0,0.07462334533432628,0,0.48699720308573974,0,Lower score,train,in-sample
T101311,CUST3363,2023-01-09 08:23:00,180.16,Food,Credit Card,Mobile,Bengaluru,0,143,334.35,1572,No,0,0.09221040267006789,0,0.4871455478177819,0,Lower score,train,in-sample
T103574,CUST2696,2023-01-09 09:09:00,176.23,Fashion,NetBanking,Desktop,Hyderabad,0,145,273.62,1784,No,0,0.05917304026561967,0,0.4982020942173977,0,Lower score,train,in-sample
T100178,CUST1659,2023-01-09 10:11:00,220.83,Travel,NetBanking,POS,Hyderabad,0,179,366.25,1477,No,0,0.03947191948296958,0,0.4987893631714118,0,Lower score,train,in-sample
T100827,CUST7437,2023-01-09 13:37:00,34.09,Entertainment,Debit Card,POS,Hyderabad,0,92,144.43,57,No,0,0.015063302920153804,0,0.4906135386522235,0,Lower score,train,in-sample
T103371,CUST3484,2023-01-09 14:09:00,72.37,Health,NetBanking,POS,Bengaluru,0,12,335.41,1556,No,0,0.014312852415760935,0,0.47889828638615356,0,Lower score,train,in-sample
T100368,CUST9553,2023-01-09 15:58:00,17.43,Grocery,UPI,POS,Delhi,0,60,359.21,472,No,0,0.012117784424433599,0,0.4887924109522303,0,Lower score,train,in-sample
T104053,CUST5251,2023-01-09 16:21:00,64.99,Fashion,NetBanking,Desktop,Hyderabad,0,187,226.59,1477,No,0,0.017102538941952204,0,0.4814905319388329,0,Lower score,train,in-sample
T101113,CUST5642,2023-01-09 16:55:00,61.6,Travel,NetBanking,Desktop,Delhi,0,3,183.97,1305,No,0,0.015130916268689643,0,0.4848404805986561,0,Lower score,train,in-sample
T104343,CUST3363,2023-01-09 19:24:00,140.05,Travel,Credit Card,Desktop,Bengaluru,0,32,355.77,490,No,0,0.042939196837693275,0,0.4933623525640628,0,Lower score,train,in-sample
T104997,CUST6812,2023-01-09 22:14:00,31.78,Grocery,Debit Card,Mobile,Kolkata,1,76,442.62,1474,No,1,0.3396889755605127,1,0.526566951197666,1,Model review,train,in-sample
T104901,CUST8699,2023-01-10 00:38:00,52.91,Food,NetBanking,POS,Pune,1,171,136.21,1646,No,1,0.6655131682240231,1,0.5145000528972837,0,Model review,train,in-sample
T103066,CUST2525,2023-01-10 09:53:00,1.22,Grocery,UPI,POS,Bengaluru,0,51,486.13,661,No,0,0.04245781784517335,0,0.5003963857871664,0,Lower score,train,in-sample
T104314,CUST6303,2023-01-10 11:17:00,283.07,Entertainment,NetBanking,Mobile,Pune,0,183,123.05,679,No,0,0.03454011060008257,0,0.5076819648614624,0,Lower score,train,in-sample
T102827,CUST5015,2023-01-10 11:21:00,8.02,Entertainment,Credit Card,Desktop,Bengaluru,0,181,438.62,1093,No,0,0.03180027975858858,0,0.4881566024394108,0,Lower score,train,in-sample
T100996,CUST6520,2023-01-10 12:39:00,199.42,Utilities,NetBanking,Mobile,Hyderabad,0,92,174.75,1945,No,0,0.020481040540935483,0,0.4838000022343255,0,Lower score,train,in-sample
T100439,CUST6532,2023-01-10 13:04:00,6.79,Fashion,UPI,Mobile,Delhi,0,178,314.07,1826,No,0,0.020232231121851053,0,0.49457002883135137,0,Lower score,train,in-sample
T104463,CUST1922,2023-01-10 13:15:00,11.62,Entertainment,Credit Card,Mobile,Bengaluru,0,7,412.35,1925,No,0,0.021230615506776563,0,0.4886437802003625,0,Lower score,train,in-sample
T103621,CUST3809,2023-01-10 18:10:00,19.93,Health,Debit Card,Desktop,Bengaluru,0,14,127.65,1022,No,0,0.025793015417423935,0,0.48614495074472,0,Lower score,train,in-sample
T102452,CUST7296,2023-01-10 19:43:00,65.26,Food,PayPal,POS,Delhi,0,25,46.24,732,No,0,0.045315082937763235,0,0.4817277966257666,0,Lower score,train,in-sample
T101008,CUST6773,2023-01-10 21:16:00,22.98,Food,PayPal,Desktop,Kolkata,0,48,343.92,789,No,0,0.05865604514042553,0,0.4914775903358971,0,Lower score,train,in-sample
T103398,CUST1321,2023-01-11 05:48:00,22.91,Food,PayPal,Desktop,Delhi,0,50,179.27,469,No,0,0.13592198556205096,0,0.4863228325140248,0,Lower score,train,in-sample
T101122,CUST1988,2023-01-11 07:41:00,158.51,Fashion,UPI,Desktop,Chennai,0,156,152.03,432,Yes,0,0.13738683617374628,0,0.4864827358591584,0,Lower score,train,in-sample
T103511,CUST5100,2023-01-11 09:09:00,5.55,Travel,Debit Card,Mobile,Mumbai,1,122,22.62,1445,No,1,0.322374664676253,1,0.5350177493342505,1,Model review,train,in-sample
T101250,CUST9594,2023-01-11 09:41:00,127.38,Food,PayPal,Mobile,Chennai,0,8,279.63,1498,Yes,1,0.05751362619047568,0,0.48091169980348875,0,Lower score,train,in-sample
T103270,CUST4548,2023-01-11 10:59:00,23.36,Utilities,UPI,Desktop,Mumbai,0,59,242.45,772,No,0,0.027986511183480226,0,0.4804536580137934,0,Lower score,train,in-sample
T104627,CUST3450,2023-01-11 13:15:00,55.54,Fashion,NetBanking,Mobile,Hyderabad,0,75,300.37,984,No,0,0.019162040419733625,0,0.4701541322267495,0,Lower score,train,in-sample
T104493,CUST3870,2023-01-11 15:02:00,127.27,Entertainment,UPI,Desktop,Hyderabad,0,2,251.18,1198,No,0,0.01988930693385075,0,0.4920263756918869,0,Lower score,train,in-sample
T102023,CUST7870,2023-01-11 16:43:00,4.29,Fashion,UPI,Desktop,Chennai,0,72,362.77,1320,No,0,0.02522779548357766,0,0.49189905051261873,0,Lower score,train,in-sample
T100138,CUST2117,2023-01-11 18:28:00,36.16,Food,Debit Card,POS,Hyderabad,1,156,213.89,1525,No,0,0.23077695813959748,1,0.5139896293742993,0,Model review,train,in-sample
T101968,CUST2072,2023-01-11 19:24:00,32.58,Entertainment,Debit Card,Desktop,Hyderabad,0,113,13.02,793,No,0,0.03824807078520318,0,0.48609320545364715,0,Lower score,train,in-sample
T100366,CUST8962,2023-01-11 19:35:00,259.93,Health,Credit Card,Desktop,Bengaluru,0,82,157.46,1900,No,0,0.055714370988261985,0,0.5076319465947021,0,Lower score,train,in-sample
T102539,CUST7400,2023-01-11 21:03:00,117.2,Travel,UPI,POS,Delhi,0,29,124.01,376,No,0,0.07490138977817605,0,0.49520962162980026,0,Lower score,train,in-sample
T103483,CUST7068,2023-01-11 23:17:00,203.38,Electronics,Credit Card,POS,Pune,1,37,397.63,1308,No,0,0.5215000112130138,1,0.5263668758310782,1,Model review,train,in-sample
T103305,CUST9439,2023-01-12 02:28:00,34.53,Electronics,NetBanking,Desktop,Bengaluru,0,1,413.98,1282,Yes,0,0.1282859980754767,0,0.4827803121452745,0,Lower score,train,in-sample
T101568,CUST8523,2023-01-12 03:04:00,78.22,Grocery,PayPal,Mobile,Mumbai,0,142,316.66,317,No,0,0.14138005440093987,0,0.48345632605901123,0,Lower score,train,in-sample
T102838,CUST1045,2023-01-12 05:43:00,114.51,Utilities,PayPal,POS,Bengaluru,0,23,371.99,240,No,0,0.12330108316313294,0,0.48482668874027934,0,Lower score,train,in-sample
T104775,CUST3018,2023-01-12 08:33:00,140.6,Travel,Debit Card,Desktop,Delhi,0,55,339.6,1789,No,0,0.05307085272714636,0,0.495811413546281,0,Lower score,train,in-sample
T103577,CUST9842,2023-01-12 09:29:00,53.77,Electronics,Credit Card,Mobile,Pune,0,84,140.32,199,No,0,0.02324914089575809,0,0.48116906842522883,0,Lower score,train,in-sample
T101265,CUST1482,2023-01-12 11:49:00,6.02,Fashion,UPI,Mobile,Pune,0,1,353.67,498,No,0,0.018673795890638174,0,0.4938762192762109,0,Lower score,train,in-sample
T101373,CUST7261,2023-01-12 11:57:00,54.23,Fashion,UPI,Desktop,Pune,0,97,417.59,1442,No,0,0.019645014887404433,0,0.475868999330429,0,Lower score,train,in-sample
T102726,CUST7569,2023-01-12 12:07:00,5.44,Grocery,Debit Card,POS,Bengaluru,0,60,246.22,49,No,0,0.015633496908965774,0,0.5048382811267652,0,Lower score,train,in-sample
T100534,CUST8276,2023-01-12 12:30:00,117.22,Food,PayPal,Desktop,Pune,0,102,184.99,480,No,0,0.015892923775179667,0,0.4895806361934151,0,Lower score,train,in-sample
T104195,CUST2733,2023-01-12 13:16:00,16.53,Entertainment,NetBanking,Mobile,Delhi,0,157,406.64,731,No,0,0.012401484143229601,0,0.47992289560400314,0,Lower score,train,in-sample
T102674,CUST6368,2023-01-12 13:44:00,176.74,Utilities,UPI,POS,Chennai,0,3,398.39,196,No,0,0.017748088666834753,0,0.49960639704554716,0,Lower score,train,in-sample
T101757,CUST8136,2023-01-12 14:54:00,53.53,Electronics,Debit Card,POS,Bengaluru,0,43,30.8,1285,No,0,0.010066259488855906,0,0.47886829709689643,0,Lower score,train,in-sample
T103916,CUST1686,2023-01-12 20:17:00,104.27,Entertainment,UPI,Mobile,Delhi,0,29,78.38,1035,No,0,0.04626429921616219,0,0.48116761733511565,0,Lower score,train,in-sample
T103593,CUST9451,2023-01-12 22:58:00,69.27,Entertainment,UPI,Desktop,Kolkata,0,141,85.61,298,No,0,0.0894651414256021,0,0.4900383108657089,0,Lower score,train,in-sample
T100080,CUST5115,2023-01-13 03:23:00,159.08,Electronics,Debit Card,Desktop,Hyderabad,0,167,414.48,1591,No,0,0.10496634540566675,0,0.4961032595848001,0,Lower score,train,in-sample
T103197,CUST7680,2023-01-13 05:12:00,167.2,Travel,Debit Card,Desktop,Mumbai,0,133,419.44,1306,No,0,0.12511676212145928,0,0.48974309659067367,0,Lower score,train,in-sample
T104039,CUST5186,2023-01-13 07:56:00,68.98,Electronics,PayPal,Desktop,Delhi,1,60,160.21,214,No,1,0.21720872652982745,1,0.5169959457940997,0,Model review,train,in-sample
T103050,CUST5066,2023-01-13 08:04:00,18.39,Electronics,NetBanking,Desktop,Pune,0,63,228.6,1909,No,0,0.026698920049162824,0,0.4749730997343179,0,Lower score,train,in-sample
T104265,CUST7097,2023-01-13 08:33:00,46.68,Health,UPI,Desktop,Delhi,0,171,134.82,547,No,0,0.035139732549852275,0,0.4823817523573626,0,Lower score,train,in-sample
T100556,CUST3652,2023-01-13 09:22:00,11.51,Food,Credit Card,Desktop,Bengaluru,0,190,450.69,1296,No,0,0.03805053693053672,0,0.4866818018457711,0,Lower score,train,in-sample
T100527,CUST3383,2023-01-13 11:03:00,25.55,Entertainment,Debit Card,POS,Mumbai,0,193,483.44,1041,No,0,0.01929353089991253,0,0.48895441740417345,0,Lower score,train,in-sample
T102076,CUST7728,2023-01-13 11:59:00,21.83,Electronics,UPI,POS,Hyderabad,0,6,210.61,378,No,0,0.00976783829083128,0,0.48889614982620994,0,Lower score,train,in-sample
T102771,CUST7474,2023-01-13 12:19:00,25.69,Utilities,Debit Card,Desktop,Chennai,0,143,365.33,96,No,0,0.012106961832102855,0,0.4804378451549431,0,Lower score,train,in-sample
T101573,CUST4015,2023-01-13 16:59:00,158.9,Fashion,Credit Card,Desktop,Mumbai,0,94,303.35,956,No,0,0.017705493040043388,0,0.4815915242276505,0,Lower score,train,in-sample
T100199,CUST7751,2023-01-13 18:21:00,121.08,Fashion,Credit Card,POS,Chennai,1,85,211.24,1302,Yes,1,0.19667469591353381,1,0.5292853868118699,1,Model review,train,in-sample
T103747,CUST3421,2023-01-14 02:50:00,42.37,Food,NetBanking,Desktop,Delhi,0,50,325.35,270,No,0,0.16032019562970026,1,0.4867299963102324,0,Model review,train,in-sample
T101132,CUST3380,2023-01-14 07:23:00,6.76,Food,PayPal,POS,Kolkata,1,99,374.87,200,No,0,0.351059249833219,1,0.5431123434755144,1,Model review,train,in-sample
T103378,CUST6771,2023-01-14 11:13:00,7.4,Fashion,NetBanking,Desktop,Delhi,0,133,314.85,580,No,0,0.01959236999811179,0,0.5038070318333067,0,Lower score,train,in-sample
T102765,CUST3789,2023-01-14 14:48:00,253.48,Travel,NetBanking,Mobile,Chennai,0,32,281.55,844,No,0,0.01676917482870192,0,0.5200151735355255,1,Anomaly review,train,in-sample
T101673,CUST2533,2023-01-14 18:43:00,131.16,Fashion,Credit Card,Mobile,Pune,0,187,350.09,568,No,0,0.026462146787593174,0,0.49239329039755747,0,Lower score,train,in-sample
T102190,CUST8127,2023-01-14 20:32:00,24.12,Food,UPI,Mobile,Kolkata,0,52,37.31,173,No,0,0.0380447200362975,0,0.5040818339395278,0,Lower score,train,in-sample
T100223,CUST3148,2023-01-14 20:42:00,36.67,Electronics,PayPal,POS,Chennai,0,106,42.98,1656,No,0,0.032273328065175744,0,0.49045386416830616,0,Lower score,train,in-sample
T102937,CUST1343,2023-01-15 00:46:00,70.12,Electronics,PayPal,POS,Hyderabad,0,16,448.62,227,No,1,0.10565987313053363,0,0.49376738059005154,0,Lower score,train,in-sample
T102474,CUST5831,2023-01-15 05:40:00,60.98,Travel,UPI,Desktop,Hyderabad,1,197,130.26,1913,No,1,0.5869217067134331,1,0.5353868061376572,1,Model review,train,in-sample
T104125,CUST2065,2023-01-15 05:45:00,90.25,Utilities,Debit Card,POS,Delhi,0,101,89.01,203,No,0,0.11522369535374401,0,0.5017765889361396,0,Lower score,train,in-sample
T103308,CUST1164,2023-01-15 09:36:00,36.91,Utilities,Credit Card,Desktop,Mumbai,0,198,343.86,1300,Yes,1,0.03648445165089819,0,0.4916079994594232,0,Lower score,train,in-sample
T102285,CUST2414,2023-01-15 09:57:00,25.93,Utilities,UPI,POS,Bengaluru,0,43,171.33,825,No,0,0.037460882820375525,0,0.4926260741595834,0,Lower score,train,in-sample
T102102,CUST4378,2023-01-15 10:32:00,13.75,Electronics,UPI,POS,Pune,0,162,438.58,131,No,0,0.018484362359356656,0,0.49303274690232135,0,Lower score,train,in-sample
T101618,CUST6553,2023-01-15 10:55:00,65.28,Electronics,UPI,POS,Bengaluru,0,30,221.46,321,No,0,0.022836060037983524,0,0.4865641993940808,0,Lower score,train,in-sample
T100149,CUST6382,2023-01-15 11:37:00,26.13,Grocery,Credit Card,POS,Bengaluru,1,158,478.78,738,No,1,0.15953257514995645,1,0.5158532448204723,0,Model review,train,in-sample
T100470,CUST9752,2023-01-15 14:33:00,0.98,Food,Credit Card,Mobile,Pune,0,38,32.7,551,No,0,0.012970204160645444,0,0.5095268164656982,0,Lower score,train,in-sample
T101206,CUST1599,2023-01-15 16:09:00,91.98,Travel,Credit Card,POS,Kolkata,1,197,351.99,1681,No,0,0.10532885737012837,0,0.5288967870630477,1,Anomaly review,train,in-sample
T104976,CUST9665,2023-01-15 17:31:00,10.54,Travel,Debit Card,Mobile,Chennai,0,136,351.11,1876,No,0,0.01983848172692354,0,0.49607275968732994,0,Lower score,train,in-sample
T102545,CUST2482,2023-01-15 18:42:00,53.5,Grocery,UPI,Mobile,Hyderabad,0,136,143.99,1580,Yes,0,0.02308645957301355,0,0.48838360184365914,0,Lower score,train,in-sample
T100661,CUST9052,2023-01-15 18:43:00,344.5,Fashion,Credit Card,Desktop,Kolkata,0,7,240.87,1531,No,0,0.037168666738212355,0,0.5241938129889787,1,Anomaly review,train,in-sample
T104585,CUST3817,2023-01-15 23:00:00,269.67,Electronics,NetBanking,POS,Kolkata,0,41,446.34,1882,No,0,0.07948834794497911,0,0.5282856878151193,1,Anomaly review,train,in-sample
T104814,CUST3827,2023-01-16 00:46:00,117.38,Food,Debit Card,Mobile,Kolkata,0,108,53.99,754,No,1,0.14927187538406755,0,0.4882870883166076,0,Lower score,train,in-sample
T101853,CUST9478,2023-01-16 02:48:00,149.93,Electronics,Credit Card,Desktop,Hyderabad,0,177,239.06,1196,No,0,0.1485740848984253,0,0.49344374556766174,0,Lower score,train,in-sample
T101043,CUST9493,2023-01-16 02:57:00,78.66,Electronics,Debit Card,Desktop,Mumbai,0,170,198.71,1157,No,0,0.13996247720229282,0,0.48389185856415645,0,Lower score,train,in-sample
T101000,CUST7397,2023-01-16 03:50:00,16.38,Food,UPI,Mobile,Delhi,0,170,298.69,1458,No,0,0.1839705614916501,1,0.4892634644277275,0,Model review,train,in-sample
T103274,CUST1811,2023-01-16 07:03:00,144.69,Entertainment,NetBanking,POS,Hyderabad,1,27,216.11,434,No,0,0.519275007782227,1,0.5281761605576042,1,Model review,train,in-sample
T100639,CUST2460,2023-01-16 09:25:00,37.89,Entertainment,PayPal,Mobile,Delhi,0,132,274.44,452,No,0,0.03636951347704599,0,0.4848616702134345,0,Lower score,train,in-sample
T100562,CUST5937,2023-01-16 14:41:00,11.73,Food,PayPal,POS,Kolkata,0,138,267.93,1798,No,0,0.010808690614864678,0,0.4933504888679032,0,Lower score,train,in-sample
T104827,CUST5978,2023-01-16 16:28:00,14.67,Travel,PayPal,Desktop,Kolkata,0,116,103.4,1877,No,0,0.01025472310781568,0,0.49039897794184173,0,Lower score,train,in-sample
T102286,CUST3914,2023-01-16 23:27:00,284.72,Grocery,UPI,Mobile,Chennai,0,155,460.37,537,No,0,0.16293721215426865,1,0.5224362515863213,1,Model review,train,in-sample
T103542,CUST7284,2023-01-17 02:54:00,12.71,Fashion,Debit Card,Mobile,Kolkata,0,142,39.21,185,No,0,0.18135789205630204,1,0.48486251187209684,0,Model review,train,in-sample
T104172,CUST9700,2023-01-17 05:26:00,46.97,Utilities,Debit Card,Desktop,Kolkata,1,122,59.16,1817,No,1,0.53723075116973,1,0.5156840330251533,0,Model review,train,in-sample
T104412,CUST1335,2023-01-17 05:47:00,88.8,Entertainment,NetBanking,POS,Delhi,1,138,338.61,1213,Yes,1,0.6256450511386324,1,0.5235479127517133,1,Model review,train,in-sample
T102341,CUST3490,2023-01-17 07:34:00,5.89,Utilities,PayPal,Desktop,Delhi,0,28,181.92,652,No,0,0.06604801069332246,0,0.49238671271463064,0,Lower score,train,in-sample
T104027,CUST2253,2023-01-17 08:44:00,13.6,Entertainment,Credit Card,POS,Mumbai,1,13,159.63,68,No,1,0.4082246678399776,1,0.5306566077920144,1,Model review,train,in-sample
T102013,CUST4503,2023-01-17 09:19:00,12.0,Health,Credit Card,POS,Kolkata,0,130,70.52,1274,No,0,0.03599695268690616,0,0.48031011543689817,0,Lower score,train,in-sample
T103348,CUST3622,2023-01-17 13:15:00,30.13,Entertainment,PayPal,Desktop,Kolkata,0,169,136.22,500,No,0,0.013318699211534533,0,0.4966268483192969,0,Lower score,train,in-sample
T100244,CUST2827,2023-01-17 15:48:00,1.25,Grocery,Debit Card,POS,Mumbai,0,175,244.25,113,No,0,0.014586133680043073,0,0.5130879623192496,0,Lower score,train,in-sample
T102934,CUST2497,2023-01-17 16:29:00,98.84,Travel,Credit Card,Mobile,Hyderabad,0,128,360.32,1308,No,0,0.019806172938666048,0,0.4869536285126924,0,Lower score,train,in-sample
T100755,CUST6074,2023-01-17 19:45:00,126.4,Grocery,UPI,Desktop,Delhi,0,106,262.29,122,No,0,0.04187190324471465,0,0.4817784881772863,0,Lower score,train,in-sample
T101427,CUST9826,2023-01-18 08:03:00,242.61,Utilities,Credit Card,POS,Mumbai,0,13,411.57,1289,No,0,0.09800432304479902,0,0.497920461800565,0,Lower score,train,in-sample
T100912,CUST2228,2023-01-18 08:28:00,78.28,Travel,PayPal,Desktop,Pune,0,147,54.6,1397,No,0,0.05516829472829172,0,0.4892440925289972,0,Lower score,train,in-sample
T104422,CUST9347,2023-01-18 11:28:00,73.18,Electronics,NetBanking,POS,Delhi,0,9,243.71,1718,No,0,0.016875486766664363,0,0.48088442761578143,0,Lower score,train,in-sample
T100030,CUST2161,2023-01-18 12:48:00,74.83,Electronics,Credit Card,POS,Hyderabad,0,38,16.44,810,No,0,0.014021671897375482,0,0.4781424565080788,0,Lower score,train,in-sample
T102041,CUST1269,2023-01-18 13:53:00,65.9,Grocery,PayPal,POS,Chennai,0,33,327.85,357,No,0,0.015219088408038647,0,0.48054159726379847,0,Lower score,train,in-sample
T102727,CUST4592,2023-01-18 19:28:00,20.73,Entertainment,NetBanking,POS,Chennai,0,137,84.53,1841,No,0,0.045515846408569566,0,0.4897628283012168,0,Lower score,train,in-sample
T101647,CUST9851,2023-01-18 20:27:00,139.93,Utilities,Debit Card,Desktop,Chennai,0,190,259.38,614,No,0,0.061429477904515854,0,0.4882331997026539,0,Lower score,train,in-sample
T100861,CUST4834,2023-01-18 21:15:00,48.31,Travel,UPI,Desktop,Hyderabad,0,42,239.38,296,Yes,1,0.07367231925851636,0,0.48732560910329153,0,Lower score,train,in-sample
T102632,CUST7883,2023-01-18 23:06:00,0.35,Grocery,PayPal,Desktop,Hyderabad,0,153,238.91,1239,No,0,0.08903746427534552,0,0.5079330833749184,0,Lower score,train,in-sample
T102075,CUST2182,2023-01-19 00:10:00,163.57,Food,PayPal,POS,Delhi,0,4,447.22,639,No,0,0.1497605619896521,0,0.48785061863291507,0,Lower score,train,in-sample
T101570,CUST7242,2023-01-19 03:54:00,70.67,Food,PayPal,POS,Bengaluru,1,195,193.46,979,No,1,0.6848455706448786,1,0.5176184292074194,1,Model review,train,in-sample
T102814,CUST2028,2023-01-19 03:56:00,66.61,Health,PayPal,POS,Kolkata,0,97,268.91,1619,No,0,0.10973286186220295,0,0.48758978215005866,0,Lower score,train,in-sample
T104677,CUST5436,2023-01-19 04:25:00,260.39,Electronics,PayPal,POS,Delhi,1,176,423.47,1608,No,0,0.5644179958415161,1,0.5418873487903365,1,Model review,train,in-sample
T104266,CUST8777,2023-01-19 08:02:00,83.58,Entertainment,PayPal,Desktop,Mumbai,1,43,15.58,1327,Yes,1,0.38626755285309144,1,0.5302079367561569,1,Model review,train,in-sample
T102578,CUST1159,2023-01-19 11:11:00,35.43,Food,UPI,Desktop,Hyderabad,0,5,171.18,1492,No,0,0.025606465785811987,0,0.4840956981213122,0,Lower score,train,in-sample
T103063,CUST6900,2023-01-19 15:30:00,78.18,Travel,Debit Card,POS,Hyderabad,0,144,472.89,769,No,0,0.013170629872616964,0,0.4842686087874233,0,Lower score,train,in-sample
T103168,CUST3222,2023-01-19 15:43:00,115.66,Food,UPI,Desktop,Delhi,0,151,420.1,42,No,0,0.016465882986619565,0,0.48472250158483354,0,Lower score,train,in-sample
T101735,CUST8049,2023-01-19 15:47:00,174.15,Utilities,PayPal,POS,Chennai,0,20,345.87,200,No,0,0.01490594413449479,0,0.4898507706776451,0,Lower score,train,in-sample
T104321,CUST1102,2023-01-19 15:57:00,219.83,Health,Debit Card,Mobile,Kolkata,0,94,43.45,1599,No,0,0.01131090569141814,0,0.5020372222538525,0,Lower score,train,in-sample
T103655,CUST2726,2023-01-19 16:02:00,18.3,Utilities,UPI,POS,Kolkata,0,128,88.29,1019,No,0,0.009821462069181788,0,0.4869286858146792,0,Lower score,train,in-sample
T102675,CUST2526,2023-01-19 16:13:00,27.11,Health,Credit Card,POS,Mumbai,0,123,318.44,1369,No,0,0.013126850873812042,0,0.47872325350439304,0,Lower score,train,in-sample
T102380,CUST5363,2023-01-19 16:54:00,138.27,Grocery,Debit Card,Desktop,Mumbai,0,197,371.43,288,No,0,0.015230149149155391,0,0.4885321483333232,0,Lower score,train,in-sample
T102264,CUST5510,2023-01-19 19:22:00,74.73,Food,Credit Card,Desktop,Kolkata,0,95,282.66,217,No,0,0.028410341680819195,0,0.4732703265277207,0,Lower score,train,in-sample
T102910,CUST9191,2023-01-19 19:54:00,20.95,Entertainment,PayPal,Mobile,Hyderabad,0,58,158.06,1316,No,0,0.03198599894852262,0,0.4941493885960169,0,Lower score,train,in-sample
T102466,CUST4848,2023-01-19 20:20:00,40.22,Entertainment,UPI,Desktop,Chennai,0,125,464.24,208,No,0,0.05324638780383941,0,0.4853621623059926,0,Lower score,train,in-sample
T101575,CUST4554,2023-01-19 21:35:00,8.05,Utilities,Debit Card,Mobile,Hyderabad,1,52,414.78,1918,No,0,0.32493242030393715,1,0.5311440087066552,1,Model review,train,in-sample
T104499,CUST1931,2023-01-19 23:58:00,43.45,Fashion,PayPal,Mobile,Delhi,0,192,448.92,543,Yes,1,0.1193451434585472,0,0.4702954524389637,0,Lower score,train,in-sample
T100935,CUST8756,2023-01-20 04:52:00,25.43,Health,PayPal,Mobile,Mumbai,0,44,375.8,1741,No,0,0.09103999311897283,0,0.4886424336528828,0,Lower score,train,in-sample
T102184,CUST7493,2023-01-20 08:24:00,84.71,Electronics,PayPal,Mobile,Chennai,0,166,152.29,1064,No,0,0.03152289092723965,0,0.4806381667203438,0,Lower score,train,in-sample
T100171,CUST5317,2023-01-20 12:10:00,1.34,Electronics,Credit Card,Desktop,Delhi,0,165,76.81,481,No,0,0.007914858619973686,0,0.49503728987216866,0,Lower score,train,in-sample
T103470,CUST3856,2023-01-20 14:55:00,1.55,Fashion,PayPal,Desktop,Chennai,0,154,91.75,1305,No,0,0.010799875220617034,0,0.5007574847210915,0,Lower score,train,in-sample
T100577,CUST5617,2023-01-20 15:13:00,208.93,Electronics,PayPal,POS,Chennai,0,7,196.66,1961,No,0,0.00905079444134883,0,0.497485236294708,0,Lower score,train,in-sample
T103706,CUST9513,2023-01-21 00:10:00,107.48,Grocery,Credit Card,Desktop,Kolkata,0,170,210.25,1849,No,0,0.09082053983163284,0,0.4922604922400861,0,Lower score,train,in-sample
T103085,CUST7919,2023-01-21 00:30:00,91.18,Grocery,Debit Card,POS,Hyderabad,0,32,496.18,1823,No,0,0.11667264004427146,0,0.4988619098116548,0,Lower score,train,in-sample
T101588,CUST6290,2023-01-21 01:05:00,44.72,Fashion,NetBanking,POS,Bengaluru,1,35,456.42,1464,No,0,0.6618509429170336,1,0.5235896498894606,1,Model review,train,in-sample
T102581,CUST8645,2023-01-21 02:43:00,175.61,Entertainment,Credit Card,POS,Chennai,0,195,224.4,1895,No,0,0.22736251028911053,1,0.5130628170199192,0,Model review,train,in-sample
T104988,CUST5939,2023-01-21 03:31:00,105.12,Food,NetBanking,Desktop,Kolkata,0,26,309.2,1007,No,0,0.14506422362227167,0,0.4882436219296219,0,Lower score,train,in-sample
T104164,CUST3693,2023-01-21 04:46:00,74.74,Entertainment,UPI,Mobile,Pune,0,148,66.51,1159,No,0,0.13852591186772825,0,0.4960839983719679,0,Lower score,train,in-sample
T100548,CUST9039,2023-01-21 06:57:00,58.77,Grocery,PayPal,POS,Chennai,0,10,243.44,1609,No,0,0.0747589544027646,0,0.49125815644755355,0,Lower score,train,in-sample
T102465,CUST2815,2023-01-21 08:15:00,17.98,Fashion,PayPal,POS,Mumbai,0,160,468.85,589,No,0,0.05843189072593678,0,0.48958284483162307,0,Lower score,train,in-sample
T104396,CUST4840,2023-01-21 08:39:00,28.15,Utilities,PayPal,POS,Hyderabad,0,31,409.24,700,No,0,0.036786442004120255,0,0.5020185591685914,0,Lower score,train,in-sample
T102844,CUST4991,2023-01-21 09:27:00,68.85,Travel,Credit Card,Desktop,Pune,0,7,478.36,363,No,0,0.032392670123795216,0,0.49017659542944686,0,Lower score,train,in-sample
T103205,CUST9184,2023-01-21 10:04:00,145.57,Utilities,Debit Card,Desktop,Pune,1,53,494.97,1538,No,0,0.1891780791082954,1,0.5298094104609795,1,Model review,train,in-sample
T103680,CUST7328,2023-01-21 10:20:00,111.15,Grocery,Debit Card,POS,Pune,0,61,340.6,1817,No,0,0.021767230613392353,0,0.49918250150711563,0,Lower score,train,in-sample
T102363,CUST7092,2023-01-21 10:59:00,53.24,Utilities,Debit Card,Mobile,Bengaluru,0,6,365.69,1222,No,0,0.02108752593604909,0,0.4864629242172851,0,Lower score,train,in-sample
T102608,CUST7687,2023-01-21 12:04:00,98.2,Health,UPI,POS,Mumbai,0,53,322.15,379,No,0,0.017822813477133083,0,0.49380441530954844,0,Lower score,train,in-sample
T100316,CUST1803,2023-01-21 13:05:00,42.07,Electronics,Debit Card,Desktop,Mumbai,0,103,437.49,1563,No,0,0.009332015977211021,0,0.48068993483184097,0,Lower score,train,in-sample
T104185,CUST7035,2023-01-21 13:18:00,80.06,Electronics,Debit Card,POS,Bengaluru,0,6,236.66,284,Yes,1,0.010749319016509351,0,0.4934183829492296,0,Lower score,train,in-sample
T104860,CUST4419,2023-01-21 15:40:00,78.56,Food,PayPal,Desktop,Mumbai,0,128,394.81,1828,No,0,0.013818986119695183,0,0.4890971660419724,0,Lower score,train,in-sample
T100382,CUST9643,2023-01-21 21:01:00,79.31,Utilities,Credit Card,Desktop,Delhi,0,41,377.62,344,No,0,0.043288904240869744,0,0.4837444470678673,0,Lower score,train,in-sample
T100929,CUST6800,2023-01-21 22:27:00,23.86,Utilities,UPI,Mobile,Hyderabad,0,68,117.66,223,No,0,0.06963522600713426,0,0.49603870849070303,0,Lower score,train,in-sample
T104243,CUST4686,2023-01-22 02:51:00,48.44,Utilities,PayPal,Desktop,Bengaluru,0,4,29.66,604,No,0,0.16572768392961917,1,0.4924178958915629,0,Model review,train,in-sample
T103184,CUST6942,2023-01-22 06:47:00,57.89,Entertainment,UPI,POS,Bengaluru,0,169,166.41,1386,No,0,0.13032256640265852,0,0.49565221804430726,0,Lower score,train,in-sample
T103980,CUST2158,2023-01-22 07:19:00,142.88,Fashion,Debit Card,Desktop,Kolkata,0,82,372.51,1916,No,0,0.08516914175643082,0,0.49635815824463897,0,Lower score,train,in-sample
T103007,CUST1747,2023-01-22 08:20:00,0.98,Electronics,PayPal,Desktop,Kolkata,0,142,296.81,263,No,0,0.027634682187540137,0,0.5056750729582464,0,Lower score,train,in-sample
T104836,CUST8610,2023-01-22 13:34:00,37.9,Fashion,NetBanking,POS,Mumbai,0,10,483.14,1049,No,0,0.017438804456392235,0,0.4877299346308144,0,Lower score,train,in-sample
T101594,CUST5452,2023-01-22 16:38:00,103.09,Entertainment,PayPal,Mobile,Delhi,0,46,39.0,687,No,0,0.015281162609364143,0,0.499810140811138,0,Lower score,train,in-sample
T100139,CUST5188,2023-01-22 18:03:00,285.42,Health,NetBanking,POS,Bengaluru,0,172,202.93,108,Yes,1,0.030526212055838442,0,0.51829773413535,1,Anomaly review,train,in-sample
T104708,CUST6339,2023-01-22 23:32:00,137.3,Food,Debit Card,Desktop,Mumbai,1,17,97.95,553,No,0,0.6283560385700753,1,0.5333475113551098,1,Model review,train,in-sample
T100934,CUST2294,2023-01-22 23:51:00,15.07,Fashion,UPI,Mobile,Hyderabad,0,19,347.79,1529,No,0,0.14679573146109623,0,0.4938721441066462,0,Lower score,train,in-sample
T104019,CUST3014,2023-01-23 02:23:00,20.91,Grocery,UPI,Desktop,Bengaluru,0,92,183.86,1898,No,0,0.17705325990029533,1,0.48237354941497745,0,Model review,train,in-sample
T104750,CUST6303,2023-01-23 02:47:00,33.39,Entertainment,Credit Card,Desktop,Bengaluru,0,36,384.84,710,No,0,0.2112318593071296,1,0.48100500778761923,0,Model review,train,in-sample
T103495,CUST6680,2023-01-23 04:43:00,18.98,Entertainment,Credit Card,Mobile,Bengaluru,0,33,407.88,1224,No,0,0.17804639135950218,1,0.48696543277366844,0,Model review,train,in-sample
T101901,CUST4169,2023-01-23 05:45:00,0.42,Grocery,Credit Card,Desktop,Chennai,0,33,258.49,110,No,0,0.11830935546366181,0,0.5071154073995408,0,Lower score,train,in-sample
T103023,CUST1377,2023-01-23 07:27:00,32.33,Electronics,Debit Card,Desktop,Mumbai,0,90,50.91,1691,No,0,0.05719540190255815,0,0.481571458313106,0,Lower score,train,in-sample
T102601,CUST4250,2023-01-23 07:40:00,4.47,Utilities,Credit Card,Desktop,Kolkata,0,196,60.74,1880,No,0,0.05037360270805101,0,0.4883782508886181,0,Lower score,train,in-sample
T100157,CUST4233,2023-01-23 13:06:00,114.71,Electronics,UPI,Mobile,Hyderabad,0,179,149.17,1059,No,0,0.01210783031885164,0,0.4871456265773782,0,Lower score,train,in-sample
T103751,CUST7692,2023-01-23 23:19:00,191.91,Utilities,NetBanking,Desktop,Chennai,0,93,139.98,1317,No,0,0.13483186219178578,0,0.4903358786432039,0,Lower score,train,in-sample
T100061,CUST2426,2023-01-24 00:12:00,25.32,Entertainment,NetBanking,Desktop,Mumbai,0,145,244.45,897,No,0,0.1711236995313291,1,0.49225540766544323,0,Model review,train,in-sample
T104382,CUST6332,2023-01-24 02:36:00,68.24,Electronics,Debit Card,Desktop,Mumbai,0,163,496.63,1405,No,0,0.16296550732532505,1,0.4819305602262749,0,Model review,train,in-sample
T102390,CUST2577,2023-01-24 07:46:00,37.54,Health,Credit Card,Desktop,Hyderabad,0,179,298.74,1311,No,0,0.0759791385269788,0,0.4864028046550694,0,Lower score,train,in-sample
T102433,CUST5865,2023-01-24 08:43:00,27.22,Utilities,Credit Card,Mobile,Bengaluru,0,123,250.66,117,No,0,0.06258291136815543,0,0.4832720432609222,0,Lower score,train,in-sample
T101507,CUST4439,2023-01-24 09:48:00,61.02,Travel,PayPal,Desktop,Chennai,0,172,91.15,1496,No,0,0.045728396627651144,0,0.4815093842429923,0,Lower score,train,in-sample
T103678,CUST2977,2023-01-24 10:16:00,129.34,Fashion,Credit Card,POS,Kolkata,0,96,167.01,464,No,0,0.040657650684419275,0,0.4933203210325517,0,Lower score,train,in-sample
T103121,CUST4873,2023-01-24 12:48:00,22.75,Electronics,Credit Card,Desktop,Hyderabad,0,102,229.67,265,No,0,0.013003224633613216,0,0.4835246805702596,0,Lower score,train,in-sample
T103934,CUST7707,2023-01-24 15:52:00,29.36,Electronics,NetBanking,Desktop,Hyderabad,1,13,422.5,728,No,0,0.0907677615826622,0,0.5156708426600536,0,Lower score,train,in-sample
T101063,CUST9381,2023-01-24 18:26:00,43.27,Travel,NetBanking,Mobile,Mumbai,0,80,267.25,897,No,0,0.028824658370745514,0,0.4813264973625983,0,Lower score,train,in-sample
T100187,CUST2661,2023-01-24 20:24:00,64.81,Entertainment,Credit Card,Mobile,Bengaluru,0,121,293.08,1909,Yes,0,0.06900451957917474,0,0.48203911904468955,0,Lower score,train,in-sample
T100801,CUST7733,2023-01-24 23:18:00,13.24,Utilities,NetBanking,POS,Hyderabad,0,108,21.46,1798,Yes,0,0.11352978324310858,0,0.4851560179948934,0,Lower score,train,in-sample
T101207,CUST8883,2023-01-25 00:22:00,47.23,Utilities,Debit Card,Desktop,Pune,0,150,336.74,898,No,1,0.13055776402721556,0,0.47841918642762615,0,Lower score,train,in-sample
T103782,CUST9087,2023-01-25 00:43:00,0.87,Travel,PayPal,POS,Kolkata,0,102,187.46,1528,No,0,0.12346982496243342,0,0.5100372190146902,0,Lower score,train,in-sample
T104103,CUST4492,2023-01-25 04:24:00,15.36,Electronics,UPI,POS,Bengaluru,0,127,478.61,1288,No,1,0.15797754259200877,0,0.4873466314479239,0,Lower score,train,in-sample
T101863,CUST8611,2023-01-25 06:50:00,63.0,Grocery,Debit Card,POS,Bengaluru,0,191,75.0,686,No,0,0.11118317312788421,0,0.4858355844236224,0,Lower score,train,in-sample
T103041,CUST1937,2023-01-25 09:35:00,282.35,Fashion,Credit Card,Desktop,Mumbai,0,26,68.43,1532,No,0,0.07783089773328736,0,0.5038706303100985,0,Lower score,train,in-sample
T100643,CUST9205,2023-01-25 09:49:00,31.74,Travel,Debit Card,Mobile,Delhi,0,156,249.92,1830,No,0,0.036816557383531866,0,0.4946006114915855,0,Lower score,train,in-sample
T100357,CUST3405,2023-01-25 10:32:00,70.51,Grocery,Debit Card,Desktop,Hyderabad,1,26,129.39,1547,No,0,0.20557498633252536,1,0.5073908874999944,0,Model review,train,in-sample
T101989,CUST4330,2023-01-25 11:06:00,104.6,Fashion,NetBanking,Mobile,Pune,0,64,448.6,917,No,0,0.029671577337044674,0,0.4783723362375457,0,Lower score,train,in-sample
T104888,CUST3157,2023-01-25 11:51:00,2.05,Health,NetBanking,Desktop,Bengaluru,0,39,105.61,1687,No,0,0.0206626126391097,0,0.4946664459300798,0,Lower score,train,in-sample
T103313,CUST1601,2023-01-25 12:38:00,0.67,Entertainment,NetBanking,Mobile,Chennai,1,113,216.73,759,No,0,0.1617090626542439,1,0.5549212824262064,1,Model review,train,in-sample
T102398,CUST9007,2023-01-25 14:42:00,83.04,Fashion,NetBanking,Desktop,Pune,0,89,277.59,936,No,0,0.016404038467254706,0,0.47028448333857054,0,Lower score,train,in-sample
T103461,CUST7757,2023-01-25 18:37:00,13.59,Fashion,UPI,Desktop,Pune,0,25,408.78,183,No,0,0.031202468077253923,0,0.48730544880405213,0,Lower score,train,in-sample
T104489,CUST9945,2023-01-25 19:49:00,66.39,Grocery,PayPal,Desktop,Chennai,0,50,419.86,1488,No,0,0.03929920894796981,0,0.48249394554115216,0,Lower score,train,in-sample
T102940,CUST3999,2023-01-25 20:17:00,24.67,Entertainment,PayPal,Mobile,Pune,0,95,444.56,1685,No,0,0.04191811321024291,0,0.4969375428228674,0,Lower score,train,in-sample
T100856,CUST1526,2023-01-26 01:51:00,2.98,Health,Credit Card,Mobile,Mumbai,0,142,324.84,347,No,0,0.1444591389537323,0,0.49839823303763103,0,Lower score,train,in-sample
T102462,CUST1085,2023-01-26 02:33:00,78.13,Fashion,NetBanking,Mobile,Hyderabad,0,81,58.2,401,No,0,0.18467138032546876,1,0.47256561218759646,0,Model review,train,in-sample
T103500,CUST4672,2023-01-26 03:09:00,27.01,Electronics,Debit Card,POS,Delhi,0,53,127.45,1234,No,0,0.11176435157443712,0,0.4924067203805263,0,Lower score,train,in-sample
T100889,CUST4499,2023-01-26 04:43:00,22.29,Grocery,Debit Card,Desktop,Pune,1,17,465.2,1879,No,0,0.5140417423083401,1,0.5214279680036109,1,Model review,train,in-sample
T104113,CUST1601,2023-01-26 05:57:00,7.53,Food,UPI,Mobile,Chennai,1,140,319.05,1654,Yes,1,0.6027538484657671,1,0.5391565104960729,1,Model review,train,in-sample
T100581,CUST2511,2023-01-26 07:16:00,313.09,Health,NetBanking,Desktop,Hyderabad,1,85,73.58,1789,No,0,0.48182191988752127,1,0.5405855211867555,1,Model review,train,in-sample
T101455,CUST2760,2023-01-26 08:11:00,213.83,Fashion,NetBanking,Desktop,Pune,0,143,101.05,1849,No,0,0.07205921573354743,0,0.4912554957963078,0,Lower score,train,in-sample
T102260,CUST9558,2023-01-26 11:45:00,118.94,Grocery,NetBanking,POS,Mumbai,0,114,135.2,876,No,0,0.018190794798273284,0,0.4802180288574311,0,Lower score,train,in-sample
T104318,CUST5562,2023-01-26 12:40:00,41.59,Grocery,Debit Card,Mobile,Mumbai,0,25,495.94,604,No,0,0.012952541951209977,0,0.48570046109003273,0,Lower score,train,in-sample
T103454,CUST7847,2023-01-26 12:55:00,227.36,Grocery,Credit Card,Desktop,Mumbai,0,86,330.67,1391,No,0,0.017045281509902706,0,0.49794637987695795,0,Lower score,train,in-sample
T100646,CUST9233,2023-01-26 13:21:00,72.03,Electronics,Credit Card,POS,Chennai,0,110,168.59,884,No,0,0.011857005439458895,0,0.47352143850578354,0,Lower score,train,in-sample
T102094,CUST8712,2023-01-26 18:11:00,27.08,Electronics,UPI,Mobile,Bengaluru,1,194,449.79,655,No,0,0.1333318212817772,0,0.524492457265866,1,Anomaly review,train,in-sample
T100617,CUST4715,2023-01-26 18:46:00,25.93,Electronics,PayPal,POS,Chennai,0,112,237.54,412,No,0,0.017734876403815925,0,0.4806947953356385,0,Lower score,train,in-sample
T103923,CUST6029,2023-01-26 22:29:00,24.73,Health,PayPal,Mobile,Mumbai,0,198,167.26,1372,No,0,0.06840436747758757,0,0.4891312375647601,0,Lower score,train,in-sample
T103689,CUST7399,2023-01-26 23:29:00,1.55,Health,NetBanking,Desktop,Chennai,0,54,455.31,1581,No,0,0.10097399510915854,0,0.49327599222118734,0,Lower score,train,in-sample
T100954,CUST7704,2023-01-26 23:51:00,43.41,Travel,NetBanking,Desktop,Kolkata,0,98,338.68,1531,No,0,0.09088941155825143,0,0.4825949004624836,0,Lower score,train,in-sample
T101905,CUST8421,2023-01-27 01:55:00,18.1,Utilities,Credit Card,Desktop,Delhi,0,26,158.19,849,No,0,0.10692123418526488,0,0.4811187941533303,0,Lower score,train,in-sample
T104448,CUST6763,2023-01-27 01:59:00,32.54,Health,PayPal,Desktop,Mumbai,1,34,55.16,1663,No,0,0.5245967304521955,1,0.5231460554030094,1,Model review,train,in-sample
T103374,CUST3886,2023-01-27 05:16:00,134.97,Fashion,Credit Card,Desktop,Hyderabad,0,131,38.96,466,No,0,0.1328710121207851,0,0.4886730792492103,0,Lower score,train,in-sample
T101617,CUST6467,2023-01-27 06:44:00,86.74,Fashion,Debit Card,Mobile,Mumbai,0,5,25.73,1657,No,0,0.08956397803966507,0,0.47508520166505114,0,Lower score,train,in-sample
T104861,CUST5078,2023-01-27 06:57:00,132.13,Electronics,NetBanking,Mobile,Hyderabad,0,39,475.83,1824,Yes,0,0.04953623135124202,0,0.4846862096815431,0,Lower score,train,in-sample
T103828,CUST8535,2023-01-27 07:30:00,147.06,Entertainment,Credit Card,Desktop,Mumbai,0,182,221.48,1765,No,0,0.07447683954600921,0,0.4906928362993757,0,Lower score,train,in-sample
T103154,CUST4658,2023-01-27 07:47:00,46.75,Fashion,Credit Card,Mobile,Pune,0,182,229.19,868,No,0,0.0537138133686429,0,0.4747560095583028,0,Lower score,train,in-sample
T102172,CUST2741,2023-01-27 12:45:00,15.38,Fashion,Credit Card,POS,Hyderabad,0,67,194.94,540,No,0,0.013301631145170188,0,0.48994806858550033,0,Lower score,train,in-sample
T101021,CUST2657,2023-01-27 16:41:00,28.23,Entertainment,UPI,Mobile,Bengaluru,0,51,14.77,89,No,0,0.014240371470438426,0,0.4883459307955735,0,Lower score,train,in-sample
T102917,CUST7923,2023-01-27 17:36:00,150.93,Fashion,NetBanking,POS,Delhi,0,169,39.53,633,No,0,0.01727102604041836,0,0.49258124920807456,0,Lower score,train,in-sample
T102405,CUST7099,2023-01-27 19:13:00,74.47,Travel,PayPal,POS,Pune,0,84,35.99,561,No,0,0.01868403170590521,0,0.49187204865592515,0,Lower score,train,in-sample
T101016,CUST8022,2023-01-28 05:19:00,15.93,Food,NetBanking,Desktop,Hyderabad,1,105,156.41,86,No,1,0.5631188788203222,1,0.5281750868188503,1,Model review,train,in-sample
T101695,CUST1384,2023-01-28 06:05:00,5.65,Grocery,Credit Card,POS,Pune,0,189,456.97,427,Yes,1,0.07762862845902187,0,0.5141460157355119,0,Lower score,train,in-sample
T102505,CUST7322,2023-01-28 06:12:00,9.26,Travel,UPI,Desktop,Bengaluru,0,108,352.17,1342,No,0,0.11213688379596597,0,0.5101931969820724,0,Lower score,train,in-sample
T100905,CUST9453,2023-01-28 10:31:00,178.55,Travel,Credit Card,Desktop,Bengaluru,0,105,461.78,219,No,0,0.034146376158524366,0,0.5068898811560916,0,Lower score,train,in-sample
T102485,CUST6293,2023-01-28 13:03:00,317.01,Travel,NetBanking,Desktop,Delhi,0,127,176.62,750,No,0,0.017238097119797766,0,0.52410621934736,1,Anomaly review,train,in-sample
T103081,CUST7428,2023-01-28 13:07:00,171.64,Health,Debit Card,Mobile,Mumbai,0,13,219.04,1851,No,0,0.014139353590207838,0,0.5013630156874872,0,Lower score,train,in-sample
T104023,CUST7560,2023-01-28 15:51:00,139.93,Electronics,NetBanking,POS,Hyderabad,0,175,255.06,1990,No,0,0.009404193176418947,0,0.4987080948607955,0,Lower score,train,in-sample
T101270,CUST4585,2023-01-28 17:36:00,94.99,Health,UPI,Mobile,Bengaluru,0,197,263.83,40,No,0,0.018926495156724534,0,0.49830423426230985,0,Lower score,train,in-sample
T101176,CUST6675,2023-01-28 21:02:00,121.07,Grocery,PayPal,POS,Mumbai,0,158,470.35,1541,No,0,0.04564094248660493,0,0.4929272114291308,0,Lower score,train,in-sample
T103929,CUST9819,2023-01-29 00:18:00,10.26,Fashion,Debit Card,Mobile,Chennai,0,94,62.49,1080,No,1,0.16966163449027477,1,0.49958177869115156,0,Model review,train,in-sample
T103831,CUST6856,2023-01-29 03:07:00,132.19,Fashion,PayPal,POS,Chennai,0,27,223.91,1311,No,0,0.23623209219021452,1,0.5068194226144699,0,Model review,train,in-sample
T104858,CUST4914,2023-01-29 03:12:00,199.74,Utilities,UPI,POS,Kolkata,0,25,90.14,789,No,0,0.17089738866719625,1,0.517224728359868,1,Model review,train,in-sample
T101472,CUST1450,2023-01-29 04:40:00,168.64,Entertainment,Debit Card,Desktop,Mumbai,0,8,478.13,1630,No,0,0.19604094974690903,1,0.5053174423703547,0,Model review,train,in-sample
T104536,CUST6185,2023-01-29 06:35:00,44.48,Health,Credit Card,POS,Pune,1,161,62.9,227,No,0,0.45997103385754096,1,0.5235783185244505,1,Model review,train,in-sample
T100375,CUST1108,2023-01-29 07:00:00,30.73,Travel,UPI,Desktop,Chennai,0,120,463.2,1251,No,0,0.10740365822630898,0,0.49612233645632126,0,Lower score,train,in-sample
T104568,CUST1085,2023-01-29 09:17:00,11.89,Entertainment,PayPal,Desktop,Chennai,1,8,132.06,340,No,0,0.29978968879732804,1,0.5437024917457918,1,Model review,train,in-sample
T103908,CUST7916,2023-01-29 12:01:00,68.09,Fashion,PayPal,Mobile,Chennai,0,114,205.45,208,No,0,0.023215042114940854,0,0.49624266532552447,0,Lower score,train,in-sample
T104834,CUST3895,2023-01-29 13:37:00,63.36,Grocery,PayPal,Mobile,Mumbai,0,145,414.08,256,No,0,0.01162829509184541,0,0.49818009329572327,0,Lower score,train,in-sample
T102593,CUST6356,2023-01-29 18:51:00,58.75,Health,Debit Card,Desktop,Bengaluru,0,131,211.8,994,No,0,0.027525879283785634,0,0.4904691058843584,0,Lower score,train,in-sample
T101915,CUST8885,2023-01-29 21:08:00,102.43,Health,UPI,Mobile,Pune,0,108,306.9,135,No,0,0.05285212990599586,0,0.4976868296424635,0,Lower score,train,in-sample
T100084,CUST8393,2023-01-29 21:17:00,29.8,Utilities,NetBanking,Mobile,Chennai,0,74,344.15,268,No,0,0.05839973662037337,0,0.48671570904173783,0,Lower score,train,in-sample
T102137,CUST8219,2023-01-29 22:21:00,105.19,Food,Debit Card,POS,Bengaluru,0,2,440.7,1200,No,0,0.1233198190445761,0,0.49887042424721273,0,Lower score,train,in-sample
T102443,CUST9550,2023-01-29 23:56:00,143.49,Utilities,Credit Card,Desktop,Pune,0,152,472.15,1061,No,0,0.12224824086967959,0,0.49684580322625044,0,Lower score,train,in-sample
T104269,CUST3136,2023-01-30 01:19:00,225.75,Health,UPI,POS,Mumbai,0,93,39.31,163,No,1,0.2105304770634548,1,0.5088787126709254,0,Model review,train,in-sample
T103343,CUST1824,2023-01-30 04:48:00,13.61,Fashion,Credit Card,Mobile,Bengaluru,0,24,468.97,227,No,0,0.1878255509088405,1,0.490850076418939,0,Model review,train,in-sample
T102077,CUST3900,2023-01-30 05:00:00,48.01,Food,NetBanking,Desktop,Kolkata,0,73,310.78,1485,No,0,0.12977032533707417,0,0.4781535413359391,0,Lower score,train,in-sample
T103558,CUST6287,2023-01-30 05:29:00,6.87,Food,Credit Card,Mobile,Mumbai,0,176,61.88,1223,No,0,0.15314564697860286,0,0.49310139712839635,0,Lower score,train,in-sample
T104892,CUST9705,2023-01-30 05:35:00,75.29,Grocery,Debit Card,Mobile,Chennai,0,174,129.44,1124,No,1,0.12954262931329458,0,0.49186564010753225,0,Lower score,train,in-sample
T103654,CUST1736,2023-01-30 06:29:00,2.47,Food,PayPal,POS,Kolkata,0,30,310.08,675,No,0,0.0853251223421123,0,0.49894415835395,0,Lower score,train,in-sample
T103000,CUST2200,2023-01-30 10:54:00,89.35,Health,NetBanking,Mobile,Delhi,0,185,466.07,1323,No,0,0.021176179997450677,0,0.4848031557894753,0,Lower score,train,in-sample
T102383,CUST1515,2023-01-30 11:09:00,45.11,Health,NetBanking,POS,Mumbai,0,51,461.83,1804,No,0,0.021949369258987172,0,0.48170007479039845,0,Lower score,train,in-sample
T102834,CUST2549,2023-01-30 12:11:00,40.58,Electronics,Debit Card,Mobile,Bengaluru,0,28,45.17,999,No,0,0.013805149369534484,0,0.4823919804763396,0,Lower score,train,in-sample
T101032,CUST2266,2023-01-30 12:49:00,20.91,Food,PayPal,POS,Mumbai,0,107,298.62,1445,Yes,1,0.017644978380840084,0,0.4923163678150631,0,Lower score,train,in-sample
T103304,CUST3754,2023-01-30 15:03:00,19.89,Fashion,PayPal,POS,Chennai,0,94,143.66,1721,No,0,0.016398462193785924,0,0.483439832503141,0,Lower score,train,in-sample
T103605,CUST2907,2023-01-30 18:15:00,16.15,Utilities,NetBanking,Mobile,Chennai,0,42,195.12,1519,No,0,0.02118419230612143,0,0.48642448246799685,0,Lower score,train,in-sample
T102323,CUST8827,2023-01-30 20:25:00,29.61,Utilities,Credit Card,POS,Delhi,0,51,266.3,1491,No,0,0.039625530107445066,0,0.4841372322197029,0,Lower score,train,in-sample
T102231,CUST1732,2023-01-30 23:41:00,3.95,Electronics,PayPal,Desktop,Hyderabad,0,174,154.8,1750,No,0,0.07501075965480554,0,0.49672269163530836,0,Lower score,train,in-sample
T101049,CUST6705,2023-01-31 00:04:00,1.72,Grocery,UPI,Mobile,Delhi,0,24,373.59,142,No,0,0.12866085314077583,0,0.5002832526430081,0,Lower score,train,in-sample
T100522,CUST5950,2023-01-31 07:32:00,280.3,Entertainment,Credit Card,Desktop,Chennai,0,7,337.81,639,No,0,0.15375798381267666,0,0.5089533703431527,0,Lower score,train,in-sample
T102891,CUST4693,2023-01-31 07:47:00,94.63,Food,PayPal,Desktop,Pune,0,127,77.88,1965,No,0,0.08485610260823284,0,0.491128275546369,0,Lower score,train,in-sample
T100315,CUST9052,2023-01-31 08:32:00,95.25,Health,NetBanking,Mobile,Chennai,0,128,64.96,1367,No,0,0.06903098555982369,0,0.48399973769841315,0,Lower score,train,in-sample
T103628,CUST7626,2023-01-31 09:36:00,125.85,Electronics,NetBanking,Mobile,Chennai,0,12,73.19,1832,No,0,0.039580258945643085,0,0.4818181636405976,0,Lower score,train,in-sample
T101234,CUST2138,2023-01-31 10:54:00,84.37,Utilities,Debit Card,Mobile,Mumbai,0,49,215.85,459,No,0,0.029518806758163225,0,0.47789111970745524,0,Lower score,train,in-sample
T103968,CUST1349,2023-01-31 11:52:00,71.01,Food,PayPal,Mobile,Bengaluru,0,22,305.14,337,No,0,0.02874492817454682,0,0.47566317762685684,0,Lower score,train,in-sample
T102339,CUST2833,2023-01-31 13:20:00,43.43,Food,NetBanking,Desktop,Bengaluru,0,80,332.57,177,No,0,0.022551204231219105,0,0.47123158350553906,0,Lower score,train,in-sample
T102637,CUST7322,2023-01-31 14:56:00,114.52,Grocery,NetBanking,POS,Delhi,0,38,143.19,1866,No,0,0.01415242743826764,0,0.4807989801597787,0,Lower score,train,in-sample
T103792,CUST6843,2023-01-31 15:41:00,72.28,Food,NetBanking,Mobile,Bengaluru,0,24,307.12,1172,No,0,0.02203278727464368,0,0.46710294547053316,0,Lower score,train,in-sample
T101725,CUST3546,2023-01-31 16:26:00,5.15,Grocery,PayPal,Desktop,Chennai,0,191,222.98,1502,No,0,0.01529148309109875,0,0.49388269029178367,0,Lower score,train,in-sample
T101927,CUST7602,2023-01-31 17:33:00,52.46,Fashion,PayPal,Mobile,Kolkata,0,131,288.51,133,No,0,0.01894134917696959,0,0.4860152550759941,0,Lower score,train,in-sample
T101229,CUST2856,2023-01-31 17:35:00,42.12,Health,NetBanking,Mobile,Mumbai,0,119,29.05,1001,No,0,0.020470805563465103,0,0.4792012210654516,0,Lower score,train,in-sample
T103548,CUST4377,2023-01-31 19:05:00,28.81,Utilities,Debit Card,POS,Kolkata,0,13,84.28,1367,No,0,0.02454792375908551,0,0.4872082111171681,0,Lower score,train,in-sample
T103927,CUST4686,2023-01-31 19:41:00,86.19,Food,Debit Card,POS,Hyderabad,0,172,174.8,462,Yes,1,0.05252274318116068,0,0.48068369068357997,0,Lower score,train,in-sample
T103991,CUST9277,2023-01-31 21:32:00,18.97,Entertainment,PayPal,Desktop,Bengaluru,0,134,93.38,781,No,0,0.08503929764450197,0,0.4859030052857966,0,Lower score,train,in-sample
T102036,CUST2752,2023-01-31 21:45:00,9.69,Fashion,PayPal,Mobile,Bengaluru,0,3,359.35,1765,No,0,0.09648056074963786,0,0.49179979502688886,0,Lower score,train,in-sample
T100689,CUST7804,2023-01-31 22:30:00,16.57,Travel,PayPal,Desktop,Chennai,0,42,397.47,348,No,0,0.10716830489946762,0,0.48443205855530275,0,Lower score,train,in-sample
T101410,CUST8715,2023-01-31 23:28:00,18.44,Entertainment,Credit Card,Desktop,Chennai,0,87,43.25,1260,No,0,0.1650072556290722,1,0.48729613799257226,0,Model review,train,in-sample
T104582,CUST9750,2023-02-01 03:30:00,121.82,Utilities,Debit Card,Mobile,Bengaluru,0,86,323.6,233,Yes,1,0.2136458876744561,1,0.487233970214069,0,Model review,train,in-sample
T100518,CUST4584,2023-02-01 06:46:00,349.14,Entertainment,PayPal,POS,Kolkata,0,117,480.04,1652,No,0,0.13308636671325474,0,0.5328775970937681,1,Anomaly review,train,in-sample
T103062,CUST1170,2023-02-01 09:24:00,73.11,Health,Debit Card,Mobile,Bengaluru,0,178,69.03,941,No,0,0.04885599799166655,0,0.48469752306140645,0,Lower score,train,in-sample
T100746,CUST1735,2023-02-01 10:30:00,38.75,Entertainment,Credit Card,Mobile,Hyderabad,0,37,463.76,1225,No,0,0.03498941743623688,0,0.48714871468174475,0,Lower score,train,in-sample
T100447,CUST9378,2023-02-01 11:27:00,111.99,Electronics,Debit Card,Desktop,Kolkata,0,162,124.12,169,No,0,0.014759331813605456,0,0.4835617497440723,0,Lower score,train,in-sample
T102057,CUST4556,2023-02-01 16:11:00,42.45,Entertainment,Debit Card,POS,Pune,0,8,457.34,1105,No,0,0.016568977497227196,0,0.4760499056573774,0,Lower score,train,in-sample
T101045,CUST3051,2023-02-01 19:44:00,76.54,Electronics,Debit Card,POS,Pune,0,38,261.85,616,No,0,0.027803807154965377,0,0.47445357410995037,0,Lower score,train,in-sample
T101625,CUST1697,2023-02-01 19:57:00,93.7,Entertainment,Credit Card,Desktop,Delhi,0,27,191.3,282,No,0,0.0495786876087032,0,0.48227569975533024,0,Lower score,train,in-sample
T100363,CUST2026,2023-02-01 20:06:00,63.11,Travel,NetBanking,Mobile,Delhi,0,21,19.47,821,No,0,0.04315045792866502,0,0.4839516582439092,0,Lower score,train,in-sample
T104853,CUST9858,2023-02-01 20:35:00,33.56,Fashion,Credit Card,Mobile,Pune,0,44,423.82,1311,Yes,1,0.05772784986451133,0,0.4812150451078929,0,Lower score,train,in-sample
T100922,CUST1781,2023-02-01 22:35:00,179.96,Electronics,Debit Card,Mobile,Mumbai,1,24,251.89,912,No,0,0.4821265749243087,1,0.5319036360503115,1,Model review,train,in-sample
T101771,CUST1172,2023-02-01 23:44:00,122.98,Electronics,PayPal,Desktop,Mumbai,0,3,82.4,942,No,0,0.10988190773068114,0,0.49333299823692,0,Lower score,train,in-sample
T104245,CUST2163,2023-02-02 02:21:00,218.34,Health,Debit Card,POS,Kolkata,0,160,178.24,814,No,0,0.1507946420278766,0,0.5056236073338061,0,Lower score,train,in-sample
T100378,CUST4973,2023-02-02 03:53:00,134.76,Fashion,UPI,Desktop,Delhi,0,104,103.4,1299,No,0,0.20008436159105775,1,0.48540912642121564,0,Model review,train,in-sample
T103718,CUST3610,2023-02-02 04:26:00,46.79,Utilities,Debit Card,Mobile,Hyderabad,0,144,453.35,414,No,1,0.1282452083107628,0,0.4757808798269766,0,Lower score,train,in-sample
T103002,CUST5908,2023-02-02 05:16:00,23.06,Electronics,Debit Card,POS,Chennai,0,101,355.43,1580,No,0,0.10451233115761353,0,0.48167989791466637,0,Lower score,train,in-sample
T103679,CUST3515,2023-02-02 06:12:00,39.82,Fashion,Debit Card,Desktop,Kolkata,0,67,204.79,1814,No,0,0.09436184352059303,0,0.4810089569239112,0,Lower score,train,in-sample
T103499,CUST6910,2023-02-02 08:21:00,106.98,Grocery,UPI,Mobile,Chennai,0,122,315.67,383,Yes,0,0.060966881877100615,0,0.49730598965312084,0,Lower score,train,in-sample
T102222,CUST2053,2023-02-02 10:43:00,8.12,Electronics,Debit Card,Mobile,Mumbai,0,12,341.94,790,No,0,0.01656745891008491,0,0.487942244179378,0,Lower score,train,in-sample
T104755,CUST6457,2023-02-02 11:19:00,160.81,Grocery,UPI,POS,Mumbai,0,115,445.72,1338,No,0,0.02417348938301391,0,0.4958941335730949,0,Lower score,train,in-sample
T101642,CUST8900,2023-02-02 11:40:00,58.88,Food,NetBanking,Desktop,Mumbai,0,183,42.82,1121,No,0,0.022432485802996446,0,0.4721946451228468,0,Lower score,train,in-sample
T103974,CUST5822,2023-02-02 12:15:00,25.34,Electronics,Debit Card,POS,Chennai,0,33,441.14,1434,No,0,0.01290307209749327,0,0.4801587380966429,0,Lower score,train,in-sample
T104280,CUST8625,2023-02-02 14:36:00,14.2,Travel,Credit Card,Mobile,Bengaluru,0,186,16.94,101,No,0,0.013492578426066631,0,0.4869898161823928,0,Lower score,train,in-sample
T102500,CUST6473,2023-02-02 15:22:00,140.6,Travel,Debit Card,Desktop,Pune,0,4,255.83,1757,No,0,0.01240259224934394,0,0.48479445139713057,0,Lower score,train,in-sample
T104578,CUST9908,2023-02-02 16:00:00,300.27,Electronics,UPI,Desktop,Hyderabad,0,40,340.97,486,No,0,0.013879268556851721,0,0.513115838846849,0,Lower score,train,in-sample
T104815,CUST6356,2023-02-02 19:35:00,218.42,Utilities,Debit Card,Desktop,Bengaluru,0,90,264.02,841,No,0,0.04032881942730046,0,0.5068567018483985,0,Lower score,train,in-sample
T101138,CUST5292,2023-02-02 20:05:00,52.4,Entertainment,NetBanking,POS,Kolkata,0,62,311.35,450,No,0,0.031739196909920046,0,0.4879578028676487,0,Lower score,train,in-sample
T101192,CUST8686,2023-02-02 22:32:00,33.96,Health,UPI,Mobile,Hyderabad,0,184,151.05,1753,No,0,0.07704408112523407,0,0.4812775584241932,0,Lower score,train,in-sample
T102266,CUST7637,2023-02-02 22:42:00,71.66,Food,PayPal,POS,Delhi,0,126,443.68,905,No,0,0.09327341876294191,0,0.47661188370098007,0,Lower score,train,in-sample
T104487,CUST6605,2023-02-02 23:49:00,35.06,Utilities,UPI,Mobile,Kolkata,0,112,475.23,1448,No,0,0.08808418016035972,0,0.4878305458382809,0,Lower score,train,in-sample
T103156,CUST3171,2023-02-03 03:19:00,220.26,Fashion,PayPal,Mobile,Hyderabad,0,166,485.5,1866,No,0,0.16569736097343052,1,0.4893968754969216,0,Model review,train,in-sample
T100763,CUST8531,2023-02-03 03:27:00,108.99,Food,Debit Card,POS,Pune,0,26,106.39,1939,Yes,1,0.14614962147308508,0,0.485878839757878,0,Lower score,train,in-sample
T101962,CUST5372,2023-02-03 04:33:00,146.51,Grocery,PayPal,Mobile,Pune,0,93,334.72,291,No,0,0.0916353721271511,0,0.4912024211241516,0,Lower score,train,in-sample
T104569,CUST4221,2023-02-03 05:13:00,156.78,Electronics,NetBanking,POS,Chennai,0,28,378.72,1443,No,0,0.09718660378420878,0,0.4934376472144007,0,Lower score,train,in-sample
T101584,CUST4813,2023-02-03 07:54:00,352.41,Fashion,Debit Card,POS,Mumbai,0,192,152.61,276,No,0,0.09336633323933087,0,0.5225630465095025,1,Anomaly review,train,in-sample
T101569,CUST1949,2023-02-03 08:27:00,48.08,Food,PayPal,POS,Hyderabad,0,39,315.8,610,No,0,0.04365018121639256,0,0.48597323340768234,0,Lower score,train,in-sample
T104831,CUST9094,2023-02-03 08:35:00,107.6,Travel,PayPal,Mobile,Chennai,0,27,374.51,1166,No,0,0.04344002318713567,0,0.4912916369713353,0,Lower score,train,in-sample
T103415,CUST9813,2023-02-03 09:46:00,66.81,Travel,PayPal,Mobile,Delhi,0,106,255.61,1307,No,0,0.02213830873727339,0,0.4923523070968752,0,Lower score,train,in-sample
T103152,CUST3195,2023-02-03 10:00:00,97.79,Utilities,Debit Card,Mobile,Bengaluru,0,82,408.16,597,No,0,0.02543338224896532,0,0.48299442686698923,0,Lower score,train,in-sample
T101453,CUST5945,2023-02-03 10:11:00,67.63,Grocery,NetBanking,Desktop,Bengaluru,0,92,60.08,440,No,0,0.021568153619889636,0,0.4754497789965976,0,Lower score,train,in-sample
T104116,CUST4883,2023-02-03 11:50:00,199.37,Electronics,UPI,Desktop,Delhi,0,77,495.22,853,No,0,0.01200173391614557,0,0.506422637906474,0,Lower score,train,in-sample
T104282,CUST4240,2023-02-03 12:11:00,18.74,Electronics,Debit Card,Desktop,Pune,0,115,312.37,981,No,0,0.007380190925218312,0,0.48172617935253864,0,Lower score,train,in-sample
T100836,CUST9151,2023-02-03 13:05:00,197.06,Fashion,UPI,Mobile,Hyderabad,0,26,388.53,1491,No,0,0.016319061846057647,0,0.4959549061732351,0,Lower score,train,in-sample
T104759,CUST6343,2023-02-03 14:36:00,359.64,Travel,Debit Card,POS,Delhi,0,187,67.04,462,No,0,0.014125833303159778,0,0.5382729416487855,1,Anomaly review,train,in-sample
T104425,CUST1963,2023-02-03 15:48:00,39.96,Grocery,NetBanking,Mobile,Mumbai,0,92,37.21,395,No,0,0.008374043233650642,0,0.4769265192215587,0,Lower score,train,in-sample
T100876,CUST3741,2023-02-03 21:57:00,100.69,Health,PayPal,POS,Bengaluru,0,10,154.44,271,No,0,0.056671094387571556,0,0.49284210619438135,0,Lower score,train,in-sample
T101916,CUST9136,2023-02-03 23:10:00,173.86,Entertainment,PayPal,POS,Pune,0,135,44.74,670,No,0,0.0848018420610374,0,0.5065177776584979,0,Lower score,train,in-sample
T100651,CUST7629,2023-02-04 01:05:00,61.62,Travel,Debit Card,Mobile,Mumbai,0,176,335.66,359,No,1,0.14493259299911987,0,0.4817991997760104,0,Lower score,train,in-sample
T101701,CUST6486,2023-02-04 05:23:00,45.32,Entertainment,Credit Card,POS,Bengaluru,0,157,194.98,1489,No,0,0.14991976351688796,0,0.498893351741361,0,Lower score,train,in-sample
T101375,CUST5394,2023-02-04 10:47:00,163.68,Utilities,Credit Card,Desktop,Bengaluru,0,47,332.92,1793,No,0,0.027577320180838027,0,0.5011335731649695,0,Lower score,train,in-sample
T104656,CUST6214,2023-02-04 14:41:00,144.85,Travel,Credit Card,POS,Delhi,1,94,494.8,397,No,0,0.10650260045883947,0,0.5441166670132286,1,Anomaly review,train,in-sample
T100574,CUST6225,2023-02-04 16:19:00,158.65,Travel,Debit Card,POS,Kolkata,1,134,310.64,171,No,0,0.09831879811926501,0,0.541781474209096,1,Anomaly review,train,in-sample
T101433,CUST5047,2023-02-04 16:21:00,87.94,Travel,Debit Card,Desktop,Hyderabad,0,12,448.51,647,No,0,0.013134635732076794,0,0.49175452210782505,0,Lower score,train,in-sample
T103484,CUST5581,2023-02-04 17:14:00,70.01,Fashion,Credit Card,Mobile,Hyderabad,0,7,94.33,160,No,0,0.01818621272102988,0,0.48736608665852044,0,Lower score,train,in-sample
T100691,CUST4595,2023-02-04 17:57:00,44.33,Electronics,NetBanking,Desktop,Mumbai,0,155,63.19,1253,No,0,0.012618743416158422,0,0.4856819080803651,0,Lower score,train,in-sample
T100879,CUST9479,2023-02-04 18:09:00,20.08,Grocery,NetBanking,Desktop,Kolkata,0,168,426.44,991,No,0,0.011570261490270937,0,0.48521034624670817,0,Lower score,train,in-sample
T101810,CUST8319,2023-02-04 18:13:00,86.38,Grocery,PayPal,POS,Mumbai,0,25,186.19,263,No,0,0.017203440065929537,0,0.4889485611080521,0,Lower score,train,in-sample
T100129,CUST6110,2023-02-04 21:50:00,57.19,Health,Debit Card,Desktop,Pune,0,38,81.98,1905,No,0,0.05039978487194489,0,0.48365057253749527,0,Lower score,train,in-sample
T101140,CUST5539,2023-02-05 02:29:00,139.29,Health,UPI,POS,Mumbai,0,87,134.44,115,No,1,0.20477910501445762,1,0.5054012501101744,0,Model review,train,in-sample
T103259,CUST9268,2023-02-05 03:52:00,180.82,Entertainment,Credit Card,Mobile,Delhi,0,89,59.86,1702,Yes,1,0.2010390439602276,1,0.5116552603410108,0,Model review,train,in-sample
T103670,CUST4218,2023-02-05 06:13:00,21.69,Food,UPI,POS,Pune,0,78,427.17,549,No,0,0.12304033051497454,0,0.5014283949673505,0,Lower score,train,in-sample
T104752,CUST1452,2023-02-05 10:55:00,90.06,Travel,Debit Card,Desktop,Hyderabad,0,167,419.14,1729,No,0,0.025675604414561216,0,0.49690281083788,0,Lower score,train,in-sample
T100022,CUST4900,2023-02-05 11:58:00,27.64,Entertainment,PayPal,Mobile,Bengaluru,0,75,33.66,363,No,0,0.020179236859273034,0,0.49258708521261446,0,Lower score,train,in-sample
T101842,CUST2487,2023-02-05 12:23:00,46.3,Entertainment,Credit Card,POS,Hyderabad,0,21,282.98,1502,No,0,0.01931221898443781,0,0.5047363290028569,0,Lower score,train,in-sample
T104855,CUST6813,2023-02-05 14:37:00,17.06,Food,UPI,POS,Chennai,0,146,281.31,61,No,0,0.019052600035113273,0,0.4990787205123049,0,Lower score,train,in-sample
T101996,CUST8330,2023-02-05 18:00:00,251.01,Health,Debit Card,Mobile,Pune,0,64,305.53,1633,No,0,0.0217018472315763,0,0.5215534542366679,1,Anomaly review,train,in-sample
T100462,CUST8234,2023-02-05 18:20:00,109.65,Health,PayPal,POS,Hyderabad,0,51,470.74,757,No,0,0.020818392251946753,0,0.49456783306830393,0,Lower score,train,in-sample
T104403,CUST4819,2023-02-05 19:07:00,35.47,Entertainment,NetBanking,POS,Bengaluru,0,111,271.78,726,No,0,0.035483970008712104,0,0.4901073782943398,0,Lower score,train,in-sample
T101501,CUST7613,2023-02-06 03:10:00,52.19,Travel,UPI,Desktop,Bengaluru,1,154,157.7,1237,No,1,0.7050095995420652,1,0.5224421171648559,1,Model review,train,in-sample
T101171,CUST9712,2023-02-06 03:11:00,317.85,Electronics,UPI,Desktop,Kolkata,1,120,407.48,1683,No,1,0.6233189809930905,1,0.5488911431014369,1,Model review,train,in-sample
T100928,CUST8589,2023-02-06 03:18:00,80.3,Entertainment,Debit Card,Mobile,Bengaluru,0,3,387.84,1450,No,1,0.21173733102737974,1,0.48058423898936864,0,Model review,train,in-sample
T102867,CUST7569,2023-02-06 07:05:00,113.76,Grocery,NetBanking,POS,Delhi,0,35,286.93,1282,No,0,0.07805001756729478,0,0.4821847256866007,0,Lower score,train,in-sample
T104706,CUST6051,2023-02-06 09:04:00,122.99,Utilities,Credit Card,Desktop,Mumbai,0,187,408.34,1261,No,0,0.04955321270808242,0,0.48431382370379067,0,Lower score,train,in-sample
T104967,CUST2524,2023-02-06 09:47:00,100.46,Grocery,NetBanking,Desktop,Hyderabad,0,164,60.69,129,No,0,0.03129839330705426,0,0.4784951523146134,0,Lower score,train,in-sample
T102575,CUST8006,2023-02-06 17:22:00,81.84,Utilities,Credit Card,Mobile,Mumbai,0,19,271.25,46,No,0,0.01822519138949953,0,0.48097090978224927,0,Lower score,train,in-sample
T103917,CUST2449,2023-02-06 17:54:00,33.95,Health,Debit Card,Desktop,Chennai,0,133,357.62,308,No,0,0.020415974586473082,0,0.4856344192321302,0,Lower score,train,in-sample
T101121,CUST8265,2023-02-06 21:32:00,249.25,Entertainment,UPI,POS,Mumbai,0,129,351.56,1851,No,0,0.1091773777579029,0,0.5120869858478354,0,Lower score,train,in-sample
T103750,CUST2217,2023-02-06 23:46:00,180.73,Electronics,Credit Card,POS,Kolkata,0,25,327.24,1655,No,0,0.09134094696766064,0,0.4967892608918243,0,Lower score,train,in-sample
T103012,CUST7050,2023-02-07 01:24:00,29.31,Fashion,Debit Card,POS,Bengaluru,0,119,25.88,636,No,0,0.24447715751898347,1,0.48284814370974694,0,Model review,train,in-sample
T104872,CUST2668,2023-02-07 02:16:00,17.52,Grocery,PayPal,POS,Mumbai,0,16,37.24,31,Yes,0,0.17262060144579924,1,0.493279064388328,0,Model review,train,in-sample
T104345,CUST3715,2023-02-07 09:00:00,34.85,Grocery,NetBanking,Desktop,Kolkata,0,68,165.16,129,No,0,0.035977677813799076,0,0.477595923992961,0,Lower score,train,in-sample
T103631,CUST3832,2023-02-07 10:50:00,13.19,Electronics,PayPal,POS,Bengaluru,0,184,16.69,1467,No,0,0.02218701578236374,0,0.4812609732173725,0,Lower score,train,in-sample
T103215,CUST6123,2023-02-07 13:11:00,10.0,Fashion,NetBanking,Desktop,Kolkata,0,151,74.78,563,No,0,0.0151347922509773,0,0.48332762933399237,0,Lower score,train,in-sample
T102636,CUST7723,2023-02-07 13:42:00,270.62,Grocery,NetBanking,Mobile,Kolkata,0,102,225.15,624,No,0,0.014783805861952853,0,0.5081764389129445,0,Lower score,train,in-sample
T102292,CUST3350,2023-02-07 19:34:00,18.55,Food,UPI,Mobile,Pune,0,67,359.87,1727,No,0,0.043080882358334543,0,0.4886909314908819,0,Lower score,train,in-sample
T100273,CUST1271,2023-02-07 19:39:00,195.57,Fashion,PayPal,Desktop,Bengaluru,0,36,354.32,1133,No,0,0.06278509539846984,0,0.49637841175166125,0,Lower score,train,in-sample
T103126,CUST6012,2023-02-07 19:48:00,89.39,Entertainment,NetBanking,POS,Mumbai,1,37,169.12,662,No,0,0.33759957543529695,1,0.5258851694077075,1,Model review,train,in-sample
T100728,CUST7136,2023-02-07 21:42:00,18.01,Food,NetBanking,Desktop,Pune,0,29,492.89,1436,No,0,0.0802542868587711,0,0.4724399638585508,0,Lower score,train,in-sample
T103703,CUST6069,2023-02-08 03:10:00,150.77,Entertainment,UPI,POS,Chennai,0,8,169.33,1688,No,1,0.2879039840199511,1,0.5014387519961687,0,Model review,train,in-sample
T101334,CUST7711,2023-02-08 05:10:00,294.45,Entertainment,Debit Card,Desktop,Kolkata,0,33,423.54,257,No,1,0.18588467899248418,1,0.526473757279952,1,Model review,train,in-sample
T103164,CUST4087,2023-02-08 05:24:00,4.63,Entertainment,Credit Card,Desktop,Kolkata,0,140,364.93,1714,No,0,0.12853985441965646,0,0.5003926860823905,0,Lower score,train,in-sample
T100218,CUST9660,2023-02-08 06:41:00,83.9,Travel,NetBanking,Mobile,Delhi,0,15,238.05,250,No,0,0.10740519925120907,0,0.48945457585509167,0,Lower score,train,in-sample
T100144,CUST2644,2023-02-08 07:54:00,26.82,Utilities,Credit Card,Desktop,Pune,0,49,428.13,949,No,0,0.06290291217571642,0,0.48041506547307744,0,Lower score,train,in-sample
T102933,CUST1592,2023-02-08 12:46:00,62.91,Travel,Credit Card,Desktop,Bengaluru,0,72,223.29,1724,No,0,0.022265661611777208,0,0.4851738452525305,0,Lower score,train,in-sample
T100250,CUST1036,2023-02-08 13:22:00,27.9,Grocery,UPI,Desktop,Pune,0,140,436.9,454,No,0,0.013349800381717243,0,0.47472042378477564,0,Lower score,train,in-sample
T101558,CUST5288,2023-02-08 14:32:00,146.54,Utilities,NetBanking,Mobile,Delhi,0,99,282.99,896,No,0,0.014253572923215255,0,0.4821698767041645,0,Lower score,train,in-sample
T102303,CUST5022,2023-02-08 14:36:00,27.79,Travel,NetBanking,Desktop,Delhi,0,95,263.96,585,No,0,0.013575031378476243,0,0.4776574570900553,0,Lower score,train,in-sample
T102153,CUST5666,2023-02-08 17:22:00,139.89,Travel,UPI,Mobile,Delhi,0,182,53.65,354,No,0,0.02386112289763878,0,0.5066872921146857,0,Lower score,train,in-sample
T104966,CUST3630,2023-02-08 20:31:00,273.56,Entertainment,Debit Card,Desktop,Hyderabad,0,89,236.27,1855,No,0,0.07738233842674754,0,0.5160017118029553,0,Lower score,train,in-sample
T100335,CUST4601,2023-02-08 23:52:00,3.33,Travel,UPI,Desktop,Kolkata,0,117,326.56,611,No,0,0.11871091569832519,0,0.5119004607234656,0,Lower score,train,in-sample
T104646,CUST2523,2023-02-09 00:32:00,90.59,Grocery,PayPal,Mobile,Pune,0,95,305.16,1741,No,0,0.1006983787824911,0,0.48463832090905906,0,Lower score,train,in-sample
T101342,CUST4791,2023-02-09 03:56:00,162.16,Utilities,PayPal,Mobile,Mumbai,0,124,236.38,1538,No,0,0.15550067320912975,0,0.48867977791567924,0,Lower score,train,in-sample
T100006,CUST2118,2023-02-09 08:56:00,4.79,Health,NetBanking,Desktop,Bengaluru,0,182,409.11,1163,No,0,0.04075976211926415,0,0.4891274445345046,0,Lower score,train,in-sample
T100081,CUST7480,2023-02-09 10:27:00,78.1,Food,UPI,POS,Delhi,0,63,446.76,1924,No,0,0.033586449656462326,0,0.4810132935142361,0,Lower score,train,in-sample
T102946,CUST4618,2023-02-09 13:11:00,57.7,Travel,UPI,Mobile,Delhi,0,104,172.03,403,No,0,0.013788733294904803,0,0.4948950889062065,0,Lower score,train,in-sample
T100884,CUST4553,2023-02-09 16:24:00,128.72,Health,PayPal,POS,Chennai,0,167,298.08,1374,No,0,0.014999155876385827,0,0.4811434611550719,0,Lower score,train,in-sample
T101649,CUST7543,2023-02-09 19:20:00,98.68,Entertainment,Credit Card,Mobile,Bengaluru,0,2,348.1,242,No,0,0.03879865376646984,0,0.4810642426480366,0,Lower score,train,in-sample
T100506,CUST3487,2023-02-09 19:24:00,193.46,Health,PayPal,Mobile,Delhi,0,168,210.04,1139,No,0,0.02722053712353111,0,0.4976319379766314,0,Lower score,train,in-sample
T103426,CUST5666,2023-02-09 22:39:00,66.3,Fashion,NetBanking,Desktop,Pune,0,6,186.27,1961,No,0,0.08961038032357692,0,0.47502179827139585,0,Lower score,train,in-sample
T100010,CUST9322,2023-02-09 22:45:00,1.66,Travel,Credit Card,Desktop,Pune,0,187,238.32,1992,No,0,0.0767715837952385,0,0.5029568478760263,0,Lower score,train,in-sample
T102336,CUST9398,2023-02-10 03:00:00,48.74,Grocery,UPI,Desktop,Hyderabad,0,107,206.81,1805,No,0,0.11932929108041268,0,0.4780924003851816,0,Lower score,train,in-sample
T104145,CUST8377,2023-02-10 05:55:00,83.94,Health,NetBanking,POS,Hyderabad,0,81,442.81,925,Yes,0,0.08171614682453074,0,0.4868750815339364,0,Lower score,train,in-sample
T100853,CUST4869,2023-02-10 06:05:00,182.67,Electronics,UPI,Mobile,Pune,1,27,448.76,1942,No,0,0.39815437312129315,1,0.5328364933528337,1,Model review,train,in-sample
T104990,CUST5949,2023-02-10 06:19:00,296.43,Utilities,Credit Card,POS,Delhi,0,12,251.93,571,No,0,0.09947182464021398,0,0.5157907747386465,0,Lower score,train,in-sample
T100893,CUST3100,2023-02-10 08:26:00,40.49,Electronics,UPI,Desktop,Kolkata,0,120,285.18,1141,No,0,0.023878278593269294,0,0.48410428107284265,0,Lower score,train,in-sample
T101289,CUST9375,2023-02-10 10:28:00,6.55,Travel,UPI,POS,Chennai,0,30,260.24,1271,No,0,0.0246321994279048,0,0.5058116233368377,0,Lower score,train,in-sample
T100557,CUST4943,2023-02-10 15:03:00,2.34,Food,Credit Card,POS,Delhi,1,148,299.76,724,No,1,0.0853221124640932,0,0.5279682364164296,1,Anomaly review,train,in-sample
T100441,CUST7367,2023-02-10 16:40:00,345.24,Food,NetBanking,Mobile,Chennai,0,142,156.06,1076,No,0,0.021753734151290456,0,0.5076186938744995,0,Lower score,train,in-sample
T104929,CUST9641,2023-02-10 18:14:00,201.27,Electronics,Credit Card,POS,Mumbai,0,151,377.95,932,No,0,0.01564911033927094,0,0.4918056451857394,0,Lower score,train,in-sample
T102680,CUST3042,2023-02-10 21:41:00,24.91,Utilities,NetBanking,Mobile,Delhi,1,122,190.91,177,No,1,0.26740652613718896,1,0.5090083969398681,0,Model review,train,in-sample
T102628,CUST7283,2023-02-10 22:15:00,54.47,Electronics,NetBanking,POS,Bengaluru,0,17,164.3,1252,Yes,0,0.049084129622605555,0,0.48147000143117474,0,Lower score,train,in-sample
T104491,CUST9887,2023-02-11 01:05:00,94.98,Health,Debit Card,Desktop,Bengaluru,0,33,166.34,838,No,0,0.1477406411312407,0,0.4943112823485186,0,Lower score,train,in-sample
T100809,CUST9490,2023-02-11 02:00:00,9.61,Health,NetBanking,Mobile,Bengaluru,0,27,170.11,624,No,0,0.14041097725638188,0,0.494185827870517,0,Lower score,train,in-sample
T103627,CUST9375,2023-02-11 02:33:00,163.63,Utilities,NetBanking,Desktop,Kolkata,0,62,260.52,168,No,0,0.1265061141513564,0,0.50125678109929,0,Lower score,train,in-sample
T100459,CUST8873,2023-02-11 03:42:00,10.12,Health,Debit Card,Desktop,Delhi,0,182,299.91,175,No,0,0.11972986835475803,0,0.4961850384740853,0,Lower score,train,in-sample
T101536,CUST2065,2023-02-11 05:02:00,15.99,Electronics,PayPal,Desktop,Pune,0,197,461.75,485,No,0,0.07096688884167911,0,0.4894118098915747,0,Lower score,train,in-sample
T104657,CUST3556,2023-02-11 09:27:00,63.69,Fashion,NetBanking,Desktop,Pune,0,127,253.15,1768,No,0,0.03549513027508205,0,0.48293071550907735,0,Lower score,train,in-sample
T101128,CUST1888,2023-02-11 10:00:00,37.3,Fashion,UPI,Mobile,Pune,0,103,475.19,771,No,0,0.03125652907182965,0,0.49333534574937615,0,Lower score,train,in-sample
T101820,CUST2176,2023-02-11 14:55:00,18.42,Food,Debit Card,POS,Kolkata,0,44,394.12,207,No,0,0.010167365941938117,0,0.4983237159068998,0,Lower score,train,in-sample
T101081,CUST1574,2023-02-11 16:34:00,7.49,Grocery,NetBanking,POS,Mumbai,1,133,302.9,624,No,0,0.09282810143588903,0,0.537692378891026,1,Anomaly review,train,in-sample
T103802,CUST3395,2023-02-11 17:17:00,136.63,Travel,UPI,Mobile,Hyderabad,0,93,278.75,1844,No,0,0.018003575321772842,0,0.5076748635058861,0,Lower score,train,in-sample
T102538,CUST6034,2023-02-12 00:34:00,112.01,Grocery,UPI,POS,Pune,0,5,440.13,1311,No,0,0.1369728323634703,0,0.4896152551023043,0,Lower score,train,in-sample
T100198,CUST8746,2023-02-12 02:33:00,174.49,Food,UPI,Mobile,Mumbai,0,78,92.23,1103,Yes,1,0.2531759082574787,1,0.50807671142598,0,Model review,train,in-sample
T102312,CUST9121,2023-02-12 02:36:00,54.43,Grocery,Credit Card,Desktop,Mumbai,0,170,136.3,73,No,0,0.16642992642115878,1,0.49404138384447843,0,Model review,train,in-sample
T104398,CUST7817,2023-02-12 09:15:00,14.9,Food,UPI,POS,Mumbai,0,28,16.92,1576,No,0,0.05592828293093221,0,0.5023009633582557,0,Lower score,train,in-sample
T104828,CUST3676,2023-02-12 12:20:00,29.72,Grocery,Debit Card,Mobile,Kolkata,0,113,259.48,1895,No,0,0.010914064257022243,0,0.499594475779701,0,Lower score,train,in-sample
T102845,CUST5976,2023-02-12 12:57:00,35.34,Food,NetBanking,Mobile,Delhi,0,112,210.56,378,No,0,0.015704346350643446,0,0.48814892826134104,0,Lower score,train,in-sample
T100920,CUST4796,2023-02-12 15:22:00,162.28,Travel,Debit Card,POS,Chennai,0,56,154.8,1475,No,0,0.018809444050243807,0,0.5000659508095021,0,Lower score,train,in-sample
T102907,CUST1335,2023-02-12 17:02:00,20.51,Entertainment,Credit Card,POS,Bengaluru,0,32,43.47,203,No,0,0.02124624380783494,0,0.49100311162724675,0,Lower score,train,in-sample
T100774,CUST2900,2023-02-12 19:03:00,127.68,Health,PayPal,POS,Pune,0,75,405.67,281,No,0,0.023966650972911143,0,0.5007921595984078,0,Lower score,train,in-sample
T101296,CUST7126,2023-02-12 22:20:00,14.66,Travel,NetBanking,Mobile,Hyderabad,0,166,465.77,804,No,0,0.07681985163216003,0,0.4903136741033762,0,Lower score,train,in-sample
T101297,CUST8383,2023-02-13 02:16:00,8.84,Fashion,Debit Card,Mobile,Mumbai,0,38,228.23,1464,No,1,0.196436040696312,1,0.49677957071950885,0,Model review,train,in-sample
T103825,CUST8058,2023-02-13 05:13:00,7.08,Fashion,PayPal,Mobile,Kolkata,0,83,421.08,476,No,0,0.11176467617434024,0,0.50142847526151,0,Lower score,train,in-sample
T102310,CUST4060,2023-02-13 07:06:00,56.65,Entertainment,UPI,Mobile,Chennai,0,6,414.46,1146,No,0,0.11471278609203887,0,0.49595498829366297,0,Lower score,train,in-sample
T103698,CUST2873,2023-02-13 11:15:00,216.49,Health,UPI,POS,Kolkata,0,27,442.97,891,No,0,0.022483815361385693,0,0.5077229247003096,0,Lower score,train,in-sample
T102853,CUST2397,2023-02-13 12:26:00,200.32,Utilities,PayPal,Mobile,Pune,0,137,220.96,597,No,0,0.015011345073090121,0,0.5063156080503783,0,Lower score,train,in-sample
T104155,CUST1572,2023-02-13 12:46:00,1.04,Electronics,NetBanking,POS,Hyderabad,0,5,277.98,1634,No,0,0.010174005403937678,0,0.5001177689134025,0,Lower score,train,in-sample
T101147,CUST6423,2023-02-13 15:03:00,85.94,Travel,NetBanking,Desktop,Pune,0,49,463.24,349,No,0,0.012050320450742126,0,0.47394270326060917,0,Lower score,train,in-sample
T101769,CUST1521,2023-02-13 16:47:00,40.13,Utilities,UPI,Desktop,Hyderabad,0,188,451.57,711,No,0,0.015002261866078998,0,0.49246826104325153,0,Lower score,train,in-sample
T102753,CUST9447,2023-02-13 17:01:00,33.87,Grocery,UPI,Desktop,Mumbai,0,85,245.98,1729,No,0,0.015942013714801584,0,0.4871676972542859,0,Lower score,train,in-sample
T104394,CUST1226,2023-02-13 18:16:00,233.46,Travel,Credit Card,POS,Delhi,0,107,213.38,213,No,0,0.029513232447712395,0,0.5126706760142516,0,Lower score,train,in-sample
T104630,CUST1962,2023-02-13 20:00:00,10.22,Grocery,Credit Card,Desktop,Bengaluru,0,155,453.65,662,No,0,0.03731438499240792,0,0.4867773347704626,0,Lower score,train,in-sample
T100667,CUST5765,2023-02-13 20:07:00,14.01,Utilities,NetBanking,Mobile,Bengaluru,1,114,323.93,58,No,0,0.2630043796764461,1,0.5137750773102802,0,Model review,train,in-sample
T104423,CUST3692,2023-02-14 00:27:00,104.35,Entertainment,NetBanking,Mobile,Chennai,0,147,14.97,69,No,1,0.20857743015001506,1,0.49212617105610645,0,Model review,train,in-sample
T100143,CUST7187,2023-02-14 01:22:00,28.63,Health,NetBanking,POS,Delhi,0,131,53.87,86,No,0,0.16146147495825755,1,0.47447511354948424,0,Model review,train,in-sample
T104506,CUST1275,2023-02-14 02:30:00,106.12,Health,NetBanking,Mobile,Bengaluru,0,118,464.54,1064,No,0,0.21554745466008848,1,0.4801343065266866,0,Model review,train,in-sample
T101126,CUST5019,2023-02-14 06:13:00,7.28,Utilities,NetBanking,Desktop,Hyderabad,0,138,77.69,561,No,0,0.10860522780525779,0,0.4902498046310476,0,Lower score,train,in-sample
T101657,CUST2988,2023-02-14 10:02:00,29.17,Health,Debit Card,Mobile,Chennai,0,115,405.51,1666,No,0,0.038807510696448194,0,0.48609186061334564,0,Lower score,train,in-sample
T103505,CUST7772,2023-02-14 12:01:00,77.96,Entertainment,UPI,Desktop,Kolkata,0,89,95.1,244,No,0,0.02133683389841923,0,0.4867776750871625,0,Lower score,train,in-sample
T100042,CUST3592,2023-02-14 13:13:00,2.8,Travel,NetBanking,Mobile,Mumbai,0,123,32.12,1100,No,0,0.01692228920879417,0,0.488196380956691,0,Lower score,train,in-sample
T104238,CUST9267,2023-02-14 14:59:00,96.88,Fashion,NetBanking,Desktop,Bengaluru,0,123,159.72,206,No,0,0.022494305071493137,0,0.4767130509492531,0,Lower score,train,in-sample
T101235,CUST6162,2023-02-14 15:40:00,36.78,Electronics,NetBanking,Mobile,Hyderabad,0,171,106.38,1753,No,0,0.010738455043479549,0,0.4737327550133821,0,Lower score,train,in-sample
T101435,CUST6243,2023-02-14 15:54:00,2.43,Health,Credit Card,POS,Pune,0,78,377.18,1439,No,0,0.01345167733103515,0,0.49336027041159797,0,Lower score,train,in-sample
T100219,CUST7898,2023-02-14 16:32:00,151.36,Food,NetBanking,Desktop,Delhi,0,139,448.21,1896,No,0,0.02266650377850876,0,0.4861899294413517,0,Lower score,train,in-sample
T103327,CUST9685,2023-02-14 17:20:00,58.39,Grocery,NetBanking,POS,Kolkata,0,198,144.33,926,No,0,0.014675648479139578,0,0.4822413790049567,0,Lower score,train,in-sample
T102520,CUST9799,2023-02-14 21:27:00,94.35,Food,PayPal,Mobile,Pune,0,114,462.41,821,No,0,0.0766514963871887,0,0.48698386177314035,0,Lower score,train,in-sample
T103437,CUST8597,2023-02-15 04:46:00,72.68,Utilities,Debit Card,POS,Chennai,0,87,66.9,222,No,0,0.18563943568993652,1,0.48163789053043615,0,Model review,train,in-sample
T101096,CUST9814,2023-02-15 04:54:00,19.93,Utilities,NetBanking,Mobile,Bengaluru,0,28,102.24,1115,No,0,0.1592770852592549,1,0.4774540115296305,0,Model review,train,in-sample
T104557,CUST8361,2023-02-15 05:30:00,90.92,Electronics,UPI,Desktop,Kolkata,0,3,124.79,509,No,0,0.09935365195867848,0,0.4884903806137699,0,Lower score,train,in-sample
T100822,CUST2830,2023-02-15 07:30:00,32.46,Entertainment,NetBanking,Desktop,Bengaluru,0,106,485.68,1115,No,0,0.10283831788280702,0,0.48098323999490195,0,Lower score,train,in-sample
T101456,CUST9904,2023-02-15 09:47:00,93.57,Fashion,Credit Card,POS,Delhi,0,141,281.32,680,No,0,0.051943621799824174,0,0.4829502730610731,0,Lower score,train,in-sample
T100169,CUST6891,2023-02-15 13:18:00,71.5,Food,PayPal,POS,Pune,0,155,348.35,1880,No,0,0.017192103929157293,0,0.4814362341093231,0,Lower score,train,in-sample
T104783,CUST9340,2023-02-15 14:47:00,27.55,Utilities,Debit Card,POS,Chennai,0,199,303.07,33,No,0,0.015888622860255032,0,0.48285037145221504,0,Lower score,train,in-sample
T100984,CUST5233,2023-02-15 16:56:00,104.21,Utilities,NetBanking,POS,Kolkata,0,154,461.01,1871,No,0,0.014578002082542632,0,0.4749521741735206,0,Lower score,train,in-sample
T103527,CUST1439,2023-02-15 22:00:00,113.93,Food,PayPal,Mobile,Kolkata,0,174,364.55,1926,No,0,0.08055113154200108,0,0.4841993915650339,0,Lower score,train,in-sample
T101983,CUST6188,2023-02-16 11:39:00,52.77,Grocery,Credit Card,Mobile,Mumbai,0,139,294.98,1113,No,0,0.017191990663170367,0,0.4809288615916395,0,Lower score,train,in-sample
T101004,CUST8693,2023-02-16 12:10:00,131.42,Travel,NetBanking,Mobile,Mumbai,0,125,344.38,1809,No,0,0.01873834733743646,0,0.47751489731644,0,Lower score,train,in-sample
T101691,CUST3215,2023-02-16 13:32:00,55.86,Health,NetBanking,Mobile,Bengaluru,0,187,399.76,286,No,0,0.012831455705946045,0,0.47298863590043244,0,Lower score,train,in-sample
T100973,CUST1067,2023-02-16 14:46:00,19.36,Electronics,PayPal,Desktop,Kolkata,0,9,240.86,492,No,0,0.0057457888259940006,0,0.48184578170150527,0,Lower score,train,in-sample
T102617,CUST7398,2023-02-16 17:44:00,25.22,Entertainment,NetBanking,POS,Chennai,0,18,406.97,1766,No,0,0.021762007821957342,0,0.4822915031618401,0,Lower score,train,in-sample
T102976,CUST1091,2023-02-16 18:35:00,146.11,Entertainment,PayPal,Mobile,Chennai,0,89,29.49,668,No,0,0.029253087969559038,0,0.5046176942262642,0,Lower score,train,in-sample
T100586,CUST5051,2023-02-16 19:24:00,6.31,Electronics,Debit Card,Desktop,Kolkata,0,31,22.58,1594,No,0,0.015005258249782652,0,0.4924276627564811,0,Lower score,train,in-sample
T100159,CUST8613,2023-02-16 22:05:00,104.22,Food,Credit Card,Mobile,Bengaluru,0,61,69.79,890,No,0,0.10441066290078867,0,0.47438651575490637,0,Lower score,train,in-sample
T103330,CUST9939,2023-02-17 04:45:00,77.51,Utilities,Debit Card,Desktop,Delhi,0,60,293.23,1466,No,0,0.09745194140612301,0,0.4833386429144711,0,Lower score,train,in-sample
T101679,CUST6928,2023-02-17 07:58:00,94.98,Food,NetBanking,Mobile,Kolkata,0,138,217.49,330,No,0,0.04451012793624041,0,0.47394402427525034,0,Lower score,train,in-sample
T102615,CUST4157,2023-02-17 09:43:00,8.6,Food,NetBanking,Desktop,Kolkata,0,27,469.0,526,No,0,0.021643820721531863,0,0.4812600546512304,0,Lower score,train,in-sample
T103876,CUST8410,2023-02-17 10:27:00,14.73,Food,PayPal,Desktop,Chennai,0,133,46.62,191,No,0,0.023700905159832024,0,0.4833654214258822,0,Lower score,train,in-sample
T101924,CUST9055,2023-02-17 10:35:00,126.47,Health,PayPal,Desktop,Chennai,0,35,479.46,411,No,0,0.0204330934547086,0,0.4970245793911606,0,Lower score,train,in-sample
T101624,CUST1463,2023-02-17 11:25:00,15.42,Entertainment,Credit Card,Desktop,Chennai,0,170,199.92,1497,No,0,0.01866191514753596,0,0.4872424165547284,0,Lower score,train,in-sample
T100496,CUST9010,2023-02-17 11:43:00,70.1,Fashion,UPI,Mobile,Kolkata,1,14,467.63,733,No,0,0.11576184989834526,0,0.5264249965331091,1,Anomaly review,train,in-sample
T101875,CUST8604,2023-02-17 15:03:00,62.51,Grocery,UPI,Desktop,Hyderabad,0,155,436.95,1828,No,0,0.008662855010180227,0,0.47941125367165716,0,Lower score,train,in-sample
T100635,CUST1103,2023-02-17 15:04:00,47.45,Grocery,Credit Card,Mobile,Chennai,0,149,449.73,1437,No,0,0.009381453980415018,0,0.49017506162587055,0,Lower score,train,in-sample
T104004,CUST8554,2023-02-17 16:06:00,12.93,Electronics,PayPal,Mobile,Mumbai,0,108,267.12,322,No,0,0.006397361488731842,0,0.4926097613131387,0,Lower score,train,in-sample
T100253,CUST1016,2023-02-17 17:07:00,30.49,Health,UPI,POS,Chennai,1,164,360.62,85,No,0,0.11011631409034903,0,0.5246805563201845,1,Anomaly review,train,in-sample
T102181,CUST5694,2023-02-17 17:15:00,19.13,Fashion,UPI,Desktop,Bengaluru,0,12,421.74,1993,No,0,0.01732802227481546,0,0.48837283784257735,0,Lower score,train,in-sample
T100381,CUST9922,2023-02-17 18:09:00,95.45,Entertainment,PayPal,Mobile,Mumbai,0,34,225.91,73,No,0,0.017074026270992818,0,0.4928449362305544,0,Lower score,train,in-sample
T103568,CUST1444,2023-02-17 21:26:00,120.06,Grocery,Credit Card,Desktop,Hyderabad,0,120,75.04,1590,No,0,0.04397301806649927,0,0.49089942427027616,0,Lower score,train,in-sample
T100966,CUST1043,2023-02-17 21:46:00,101.57,Utilities,Credit Card,Mobile,Bengaluru,0,148,127.34,720,No,0,0.0575884803238356,0,0.48216227043494947,0,Lower score,train,in-sample
T103939,CUST9348,2023-02-17 21:55:00,43.32,Entertainment,Credit Card,Desktop,Mumbai,1,153,169.78,948,No,0,0.3763029030051461,1,0.5194270315967182,1,Model review,train,in-sample
T104779,CUST4789,2023-02-18 05:56:00,21.28,Entertainment,UPI,Desktop,Delhi,0,42,479.41,1174,Yes,0,0.1086763913504192,0,0.5043046964620851,0,Lower score,train,in-sample
T103591,CUST2757,2023-02-18 06:05:00,15.44,Fashion,Debit Card,Desktop,Hyderabad,0,37,328.21,583,No,0,0.1087660313037366,0,0.4881220530152591,0,Lower score,train,in-sample
T101669,CUST6762,2023-02-18 07:15:00,136.06,Fashion,NetBanking,POS,Hyderabad,0,122,57.04,663,No,0,0.09354647082944069,0,0.49659855796888336,0,Lower score,train,in-sample
T103723,CUST8212,2023-02-18 10:05:00,16.44,Electronics,UPI,POS,Bengaluru,0,115,244.31,1766,No,0,0.0237744417543493,0,0.49683841205583334,0,Lower score,train,in-sample
T103021,CUST4737,2023-02-18 11:15:00,45.36,Utilities,Credit Card,POS,Delhi,0,154,430.25,385,No,0,0.017252728947029804,0,0.4902621926687787,0,Lower score,train,in-sample
T101659,CUST1739,2023-02-18 14:20:00,47.42,Travel,NetBanking,Mobile,Delhi,0,141,93.22,1596,No,0,0.010197255333388998,0,0.49321966772243064,0,Lower score,train,in-sample
T100749,CUST6942,2023-02-18 16:46:00,78.3,Fashion,NetBanking,POS,Hyderabad,0,49,496.52,395,No,0,0.016566091923350762,0,0.49092633371084404,0,Lower score,train,in-sample
T100968,CUST9886,2023-02-18 22:34:00,66.85,Fashion,Credit Card,Desktop,Delhi,0,187,281.58,1975,No,0,0.09145099477567233,0,0.49305294858833293,0,Lower score,train,in-sample
T100195,CUST4220,2023-02-19 01:58:00,34.37,Entertainment,UPI,Mobile,Kolkata,0,16,38.16,1159,No,0,0.15441607460385867,0,0.5046517902038293,0,Lower score,train,in-sample
T104003,CUST8372,2023-02-19 03:33:00,13.37,Travel,NetBanking,POS,Kolkata,0,61,128.3,943,No,0,0.13336327748504997,0,0.5009146527858174,0,Lower score,train,in-sample
T103112,CUST3715,2023-02-19 06:58:00,100.16,Travel,UPI,POS,Hyderabad,0,183,25.81,519,No,0,0.10641916681688188,0,0.5004657894478786,0,Lower score,train,in-sample
T103103,CUST1782,2023-02-19 11:19:00,45.54,Grocery,Debit Card,Desktop,Bengaluru,0,32,487.81,1975,No,0,0.02128758455802628,0,0.49177766828447644,0,Lower score,train,in-sample
T100613,CUST4993,2023-02-19 13:01:00,6.82,Fashion,NetBanking,Mobile,Delhi,0,190,30.13,218,No,0,0.015054806363042584,0,0.5025735979903874,0,Lower score,train,in-sample
T101404,CUST9880,2023-02-19 13:03:00,87.21,Entertainment,Credit Card,POS,Bengaluru,0,67,189.36,122,No,0,0.021147687073396995,0,0.48907642340041196,0,Lower score,train,in-sample
T102599,CUST8392,2023-02-19 14:04:00,11.49,Health,NetBanking,POS,Chennai,0,85,205.6,1563,No,0,0.013208263801836763,0,0.4878877388803654,0,Lower score,train,in-sample
T100826,CUST4820,2023-02-19 16:17:00,34.01,Health,NetBanking,Mobile,Mumbai,0,37,313.55,132,No,0,0.012999792138054677,0,0.4857173798589414,0,Lower score,train,in-sample
T104517,CUST8078,2023-02-19 16:37:00,181.51,Grocery,Credit Card,Desktop,Bengaluru,0,199,41.63,686,Yes,1,0.018847328493752077,0,0.5045867792603258,0,Lower score,train,in-sample
T104623,CUST7826,2023-02-19 19:51:00,93.78,Electronics,PayPal,Mobile,Pune,0,121,52.77,1376,No,0,0.022256596909627023,0,0.49178964375223566,0,Lower score,train,in-sample
T102528,CUST1404,2023-02-19 20:29:00,0.71,Travel,PayPal,Mobile,Mumbai,0,192,13.02,624,No,0,0.04109671005394786,0,0.5102334209348903,0,Lower score,train,in-sample
T100630,CUST5918,2023-02-19 21:01:00,99.96,Fashion,Credit Card,Desktop,Chennai,0,198,188.06,1529,No,0,0.08192821310236648,0,0.5001382402381542,0,Lower score,train,in-sample
T102256,CUST4933,2023-02-19 21:42:00,58.29,Fashion,Credit Card,POS,Pune,0,26,447.33,1272,No,0,0.0786284974198915,0,0.4975837758228527,0,Lower score,train,in-sample
T103303,CUST5226,2023-02-19 22:59:00,30.99,Food,PayPal,POS,Chennai,0,166,372.59,368,No,0,0.1246745098605647,0,0.4942666911638194,0,Lower score,train,in-sample
T100280,CUST7941,2023-02-19 23:47:00,176.59,Utilities,NetBanking,Desktop,Mumbai,0,195,404.51,311,No,0,0.13655798395661717,0,0.501736736276484,0,Lower score,train,in-sample
T102532,CUST1096,2023-02-20 00:42:00,27.92,Health,Credit Card,Desktop,Bengaluru,0,87,95.48,978,No,0,0.1522747157693217,0,0.48779440097111576,0,Lower score,train,in-sample
T104787,CUST3889,2023-02-20 00:57:00,188.56,Health,UPI,Desktop,Chennai,0,55,338.32,751,No,0,0.2004810458592257,1,0.49981880826900593,0,Model review,train,in-sample
T104366,CUST4691,2023-02-20 01:52:00,6.68,Grocery,UPI,POS,Bengaluru,0,170,188.05,1430,No,0,0.1750301971653727,1,0.49234658007225646,0,Model review,train,in-sample
T102275,CUST3413,2023-02-20 02:59:00,73.43,Health,Credit Card,Mobile,Bengaluru,0,193,403.3,1827,No,0,0.18715624411273288,1,0.4904800757647267,0,Model review,train,in-sample
T104867,CUST6884,2023-02-20 05:10:00,12.86,Travel,PayPal,Desktop,Chennai,0,138,317.76,1268,No,0,0.1403225132913796,0,0.4885659592650217,0,Lower score,train,in-sample
T102297,CUST1023,2023-02-20 09:38:00,2.99,Electronics,NetBanking,Mobile,Kolkata,0,9,412.13,616,No,0,0.01848458450998654,0,0.49653436655718136,0,Lower score,train,in-sample
T101432,CUST2069,2023-02-20 11:51:00,53.69,Utilities,PayPal,POS,Hyderabad,0,163,257.53,1553,No,0,0.016161433148115842,0,0.4884760809325523,0,Lower score,train,in-sample
T100840,CUST4874,2023-02-20 15:51:00,1.05,Food,Debit Card,Mobile,Hyderabad,0,82,330.53,197,No,0,0.01462738406144024,0,0.49854831523636073,0,Lower score,train,in-sample
T100469,CUST6042,2023-02-20 16:09:00,264.23,Entertainment,PayPal,Desktop,Mumbai,0,100,308.9,967,No,0,0.02056486117137467,0,0.51695688253509,0,Lower score,train,in-sample
T104277,CUST8242,2023-02-20 17:10:00,33.01,Electronics,NetBanking,POS,Pune,0,18,330.02,1396,No,0,0.01046885007653973,0,0.4751129822503311,0,Lower score,train,in-sample
T101381,CUST2015,2023-02-20 18:53:00,39.69,Entertainment,Credit Card,Mobile,Hyderabad,0,182,248.0,181,No,0,0.028991769903800788,0,0.490486738378648,0,Lower score,train,in-sample
T102759,CUST8460,2023-02-20 19:03:00,5.14,Health,UPI,Mobile,Hyderabad,0,88,75.54,718,No,0,0.02514102661369902,0,0.5063196142050089,0,Lower score,train,in-sample
T100563,CUST5663,2023-02-20 20:36:00,1.17,Electronics,Debit Card,Mobile,Hyderabad,0,45,337.54,121,No,0,0.030486790464121748,0,0.5050572182194759,0,Lower score,train,in-sample
T101728,CUST5370,2023-02-20 20:36:00,134.55,Electronics,UPI,Desktop,Bengaluru,0,119,107.17,1636,No,0,0.04718089000140063,0,0.4937886118467572,0,Lower score,train,in-sample
T100248,CUST7446,2023-02-20 23:51:00,265.1,Electronics,UPI,Mobile,Bengaluru,0,139,474.37,770,No,0,0.14572144923260072,0,0.5172150737070632,0,Lower score,train,in-sample
T101180,CUST5934,2023-02-20 23:54:00,263.73,Fashion,PayPal,Mobile,Chennai,0,102,369.09,1140,No,0,0.19889432191849177,1,0.5209480063303066,1,Model review,train,in-sample
T104540,CUST9676,2023-02-21 00:12:00,15.08,Grocery,UPI,POS,Hyderabad,0,104,142.55,229,No,0,0.1468241194415041,0,0.4856235773223452,0,Lower score,train,in-sample
T101770,CUST4449,2023-02-21 00:30:00,49.21,Electronics,PayPal,POS,Pune,0,31,414.13,1469,No,1,0.1066285311465894,0,0.4781141675271733,0,Lower score,train,in-sample
T103561,CUST4120,2023-02-21 03:47:00,138.25,Electronics,UPI,Desktop,Mumbai,0,78,367.81,1895,No,0,0.18319994059780997,1,0.4982432869806751,0,Model review,train,in-sample
T101253,CUST8028,2023-02-21 03:59:00,10.7,Food,Credit Card,POS,Mumbai,0,86,377.81,1341,No,0,0.23291745330618358,1,0.48732638592045224,0,Model review,train,in-sample
T101892,CUST4762,2023-02-21 05:02:00,128.78,Food,Credit Card,Mobile,Delhi,0,105,387.29,206,No,0,0.20385658655587072,1,0.48605107994790664,0,Model review,train,in-sample
T103130,CUST3404,2023-02-21 10:44:00,130.82,Fashion,UPI,Desktop,Bengaluru,0,111,369.55,1698,No,0,0.051493667782951634,0,0.4923432805183819,0,Lower score,train,in-sample
T103844,CUST3284,2023-02-21 15:05:00,14.06,Grocery,Debit Card,Mobile,Chennai,0,111,120.63,1278,No,0,0.01473079556710478,0,0.4912853139624018,0,Lower score,train,in-sample
T102299,CUST2544,2023-02-21 17:07:00,33.1,Travel,NetBanking,Mobile,Delhi,0,95,303.76,1632,No,0,0.018064444236650885,0,0.4818513774646594,0,Lower score,train,in-sample
T102237,CUST8876,2023-02-21 17:55:00,16.4,Health,NetBanking,Mobile,Delhi,0,179,163.24,307,No,0,0.018945348214778484,0,0.47731111341076965,0,Lower score,train,in-sample
T100735,CUST4036,2023-02-21 18:20:00,167.78,Health,NetBanking,POS,Delhi,0,161,105.73,1449,No,0,0.027722910703857604,0,0.4833690594954862,0,Lower score,train,in-sample
T103599,CUST8873,2023-02-21 18:29:00,86.7,Food,PayPal,Mobile,Hyderabad,0,66,413.45,1175,No,0,0.031637301212526996,0,0.47719768274976854,0,Lower score,train,in-sample
T101610,CUST7606,2023-02-21 18:43:00,169.67,Health,UPI,POS,Kolkata,0,7,294.21,626,No,0,0.02904171766660145,0,0.49619038484429995,0,Lower score,train,in-sample
T100323,CUST5747,2023-02-22 04:54:00,26.27,Entertainment,PayPal,Mobile,Delhi,0,175,341.03,1710,No,0,0.15063599398094324,0,0.48712833922811183,0,Lower score,train,in-sample
T103458,CUST1303,2023-02-22 07:15:00,95.56,Health,PayPal,Mobile,Pune,0,81,394.33,1687,No,0,0.07459011893152714,0,0.4974096702905251,0,Lower score,train,in-sample
T101829,CUST3475,2023-02-22 09:34:00,27.72,Travel,Debit Card,Mobile,Delhi,0,77,364.18,257,No,0,0.0398325564865569,0,0.4947411115613534,0,Lower score,train,in-sample
T104974,CUST8590,2023-02-22 10:34:00,23.25,Grocery,Debit Card,Desktop,Mumbai,0,131,313.63,1003,No,0,0.02777734010973163,0,0.48460185573742953,0,Lower score,train,in-sample
T100257,CUST7071,2023-02-22 14:32:00,95.27,Travel,PayPal,POS,Delhi,0,88,154.09,1038,No,0,0.014650969202507549,0,0.4877677597462052,0,Lower score,train,in-sample
T102967,CUST7854,2023-02-22 15:07:00,66.06,Entertainment,NetBanking,POS,Chennai,0,110,340.13,672,No,0,0.019922978145871243,0,0.48792796023662344,0,Lower score,train,in-sample
T104201,CUST6083,2023-02-22 15:15:00,17.48,Fashion,Debit Card,Desktop,Pune,0,154,92.99,1641,No,0,0.015444639267746028,0,0.48133717893034195,0,Lower score,train,in-sample
T104902,CUST3102,2023-02-22 15:17:00,10.52,Electronics,Debit Card,Mobile,Kolkata,0,122,247.92,795,No,0,0.007871272262360094,0,0.484901671649995,0,Lower score,train,in-sample
T103208,CUST1196,2023-02-22 18:39:00,46.27,Electronics,NetBanking,POS,Delhi,0,197,164.48,584,No,0,0.019316485340894966,0,0.4774231606523187,0,Lower score,train,in-sample
T104356,CUST3144,2023-02-22 20:05:00,19.93,Fashion,UPI,Mobile,Hyderabad,0,17,270.55,1338,No,0,0.0551797047048872,0,0.47535762741146537,0,Lower score,train,in-sample
T103078,CUST4053,2023-02-22 21:25:00,13.46,Travel,PayPal,POS,Bengaluru,0,111,483.38,922,No,0,0.07557391003816584,0,0.4886582108157903,0,Lower score,train,in-sample
T100268,CUST8944,2023-02-23 05:41:00,35.64,Fashion,PayPal,POS,Hyderabad,0,189,181.01,864,No,1,0.12522718827927837,0,0.47314220300844856,0,Lower score,train,in-sample
T103812,CUST7392,2023-02-23 06:34:00,20.55,Electronics,Credit Card,POS,Hyderabad,0,169,213.19,1495,No,0,0.06791795993626691,0,0.48510737810235294,0,Lower score,train,in-sample
T102289,CUST3226,2023-02-23 07:57:00,17.46,Food,Debit Card,POS,Kolkata,0,68,89.4,1574,No,0,0.05539727634228075,0,0.4838353048719684,0,Lower score,train,in-sample
T102497,CUST8719,2023-02-23 08:49:00,160.54,Health,PayPal,Desktop,Chennai,0,45,426.72,91,No,0,0.05014277838332912,0,0.4987891993843558,0,Lower score,train,in-sample
T103153,CUST1488,2023-02-23 09:39:00,44.63,Utilities,UPI,Mobile,Mumbai,0,121,115.7,368,No,0,0.03455839270205507,0,0.48285488401082394,0,Lower score,train,in-sample
T102369,CUST8960,2023-02-23 10:57:00,104.5,Health,Credit Card,Mobile,Hyderabad,0,143,152.12,393,No,0,0.021859934383583794,0,0.4812599101761496,0,Lower score,train,in-sample
T100600,CUST6610,2023-02-23 12:54:00,14.8,Fashion,Credit Card,Mobile,Pune,0,140,172.73,1186,No,0,0.014406288610322787,0,0.48193147044550894,0,Lower score,train,in-sample
T102458,CUST8337,2023-02-23 15:05:00,53.69,Utilities,NetBanking,Desktop,Mumbai,0,142,478.01,155,No,0,0.011266559287092392,0,0.4668202881562756,0,Lower score,train,in-sample
T104158,CUST3028,2023-02-23 15:17:00,252.91,Electronics,Debit Card,POS,Bengaluru,0,132,293.28,1874,No,0,0.01357968569534874,0,0.5092947245953027,0,Lower score,train,in-sample
T102108,CUST9691,2023-02-23 15:59:00,25.94,Travel,Debit Card,Mobile,Mumbai,0,19,228.05,853,No,0,0.013075608580017977,0,0.47737877637972065,0,Lower score,train,in-sample
T100320,CUST5627,2023-02-23 17:10:00,63.74,Food,Credit Card,Desktop,Bengaluru,0,70,350.99,1520,No,0,0.022195919232736297,0,0.4767757806628642,0,Lower score,train,in-sample
T101754,CUST3881,2023-02-23 17:43:00,297.96,Electronics,Credit Card,Mobile,Kolkata,0,175,376.56,1159,No,0,0.014248846106451801,0,0.5135110135884925,0,Lower score,train,in-sample
T102557,CUST7060,2023-02-23 23:58:00,28.48,Health,UPI,POS,Kolkata,1,86,429.0,1044,No,1,0.48393644677085873,1,0.5233813725828689,1,Model review,train,in-sample
T104069,CUST6299,2023-02-24 00:18:00,150.13,Travel,NetBanking,Desktop,Bengaluru,0,1,47.93,756,No,0,0.12819852724341319,0,0.49159722480503787,0,Lower score,train,in-sample
T101011,CUST1540,2023-02-24 01:33:00,351.64,Entertainment,PayPal,Desktop,Delhi,0,120,105.58,585,Yes,0,0.16720516577729186,1,0.5278018668253889,1,Model review,train,in-sample
T102526,CUST8205,2023-02-24 03:35:00,18.93,Electronics,PayPal,POS,Hyderabad,0,98,250.75,1754,No,0,0.08239950973310857,0,0.4866838786595512,0,Lower score,train,in-sample
T103715,CUST4587,2023-02-24 09:41:00,29.9,Electronics,Debit Card,Mobile,Hyderabad,0,55,112.54,513,No,0,0.01724101358739995,0,0.4782224974554943,0,Lower score,train,in-sample
T100026,CUST9119,2023-02-24 09:47:00,17.82,Entertainment,UPI,Desktop,Chennai,0,170,338.47,753,No,0,0.03258876232238739,0,0.4918025945577965,0,Lower score,train,in-sample
T100850,CUST7042,2023-02-24 11:15:00,5.55,Health,Credit Card,Mobile,Kolkata,0,62,77.94,1622,No,0,0.010630539282848954,0,0.4934808527824453,0,Lower score,train,in-sample
T101638,CUST8937,2023-02-24 13:32:00,391.25,Food,NetBanking,Mobile,Mumbai,0,179,443.52,460,No,0,0.019364847040906494,0,0.4972792436541759,0,Lower score,train,in-sample
T104217,CUST7234,2023-02-24 14:48:00,55.15,Grocery,Debit Card,Mobile,Delhi,0,92,34.54,543,No,0,0.007357852269072989,0,0.4910317230243398,0,Lower score,train,in-sample
T101461,CUST9447,2023-02-24 14:49:00,84.27,Food,Credit Card,Desktop,Kolkata,0,32,377.22,573,No,0,0.009251717385938631,0,0.47681031509711913,0,Lower score,train,in-sample
T101860,CUST4552,2023-02-24 17:22:00,119.85,Grocery,UPI,Mobile,Kolkata,0,47,295.81,1437,No,0,0.010011003941235021,0,0.4880059718368631,0,Lower score,train,in-sample
T101883,CUST3037,2023-02-24 17:52:00,114.54,Electronics,Credit Card,Desktop,Delhi,0,9,86.95,1971,No,0,0.010630068229672458,0,0.4885500787031639,0,Lower score,train,in-sample
T104034,CUST9554,2023-02-24 19:19:00,13.59,Fashion,NetBanking,POS,Bengaluru,0,133,210.24,70,No,0,0.028483276126379704,0,0.48477812915080865,0,Lower score,train,in-sample
T103658,CUST3824,2023-02-24 20:42:00,76.39,Grocery,UPI,Mobile,Mumbai,0,97,316.87,1431,No,0,0.03571882924240851,0,0.47832923388374693,0,Lower score,train,in-sample
T103525,CUST5419,2023-02-24 22:13:00,12.75,Grocery,Credit Card,Mobile,Mumbai,0,168,89.58,1988,No,0,0.05208930201516435,0,0.490557147695335,0,Lower score,train,in-sample
T102970,CUST8678,2023-02-25 00:21:00,38.31,Utilities,PayPal,Desktop,Mumbai,0,7,64.03,1055,No,0,0.10598948393380903,0,0.49716297612592236,0,Lower score,train,in-sample
T101721,CUST1463,2023-02-25 00:26:00,10.35,Travel,Credit Card,POS,Bengaluru,0,16,493.85,1436,No,0,0.14200892332675039,0,0.4941753283322413,0,Lower score,train,in-sample
T102186,CUST2719,2023-02-25 02:04:00,163.96,Electronics,NetBanking,Desktop,Bengaluru,0,10,179.57,1987,No,0,0.13990278377767149,0,0.5023019910797706,0,Lower score,train,in-sample
T104981,CUST4924,2023-02-25 03:52:00,22.2,Entertainment,Debit Card,Desktop,Pune,0,131,96.29,494,No,0,0.13566535803755284,0,0.4869900626181468,0,Lower score,train,in-sample
T102293,CUST9938,2023-02-25 07:10:00,58.15,Health,NetBanking,Desktop,Hyderabad,0,25,104.23,817,No,0,0.06413480026014685,0,0.48724653848282384,0,Lower score,train,in-sample
T102228,CUST1416,2023-02-25 07:39:00,28.22,Food,Credit Card,Desktop,Bengaluru,0,185,24.03,437,No,0,0.08345259350226879,0,0.49548068434560455,0,Lower score,train,in-sample
T102872,CUST8876,2023-02-25 09:03:00,178.46,Grocery,Credit Card,Desktop,Hyderabad,0,152,49.14,1412,No,0,0.04099660954222991,0,0.5101574613129412,0,Lower score,train,in-sample
T100707,CUST4954,2023-02-25 09:49:00,132.81,Entertainment,Credit Card,Desktop,Delhi,1,163,407.23,617,No,0,0.24950465363101393,1,0.5365497406026978,1,Model review,train,in-sample
T101287,CUST2764,2023-02-25 12:47:00,34.54,Electronics,NetBanking,Mobile,Delhi,0,42,427.89,1716,No,0,0.008257512090226227,0,0.4931041962006034,0,Lower score,train,in-sample
T100457,CUST4931,2023-02-25 13:35:00,50.59,Food,UPI,Desktop,Hyderabad,0,117,169.88,1281,No,0,0.014990981642120229,0,0.5015063871600781,0,Lower score,train,in-sample
T102885,CUST5265,2023-02-25 15:44:00,226.13,Fashion,PayPal,Desktop,Delhi,0,28,464.22,1647,No,0,0.015348256640755183,0,0.5183860177743375,1,Anomaly review,train,in-sample
T101013,CUST3269,2023-02-25 16:01:00,3.22,Fashion,PayPal,POS,Hyderabad,1,36,451.72,1758,No,0,0.10226540692436219,0,0.5413797448674373,1,Anomaly review,train,in-sample
T100086,CUST6597,2023-02-25 19:33:00,104.63,Travel,UPI,Desktop,Pune,0,145,161.38,553,No,0,0.030005099863860046,0,0.4975894278866597,0,Lower score,train,in-sample
T100578,CUST3998,2023-02-25 21:29:00,54.2,Fashion,PayPal,Desktop,Hyderabad,0,6,353.12,983,No,0,0.059468091675908975,0,0.4892249341368912,0,Lower score,train,in-sample
T102991,CUST8591,2023-02-25 22:11:00,128.76,Fashion,NetBanking,Desktop,Chennai,0,90,212.57,222,No,0,0.1011478549775317,0,0.49573655958457685,0,Lower score,train,in-sample
T104692,CUST2246,2023-02-25 23:25:00,33.74,Electronics,Debit Card,POS,Delhi,1,24,355.69,1399,No,1,0.3956993500239384,1,0.5300691121325823,1,Model review,train,in-sample
T104593,CUST6991,2023-02-26 02:00:00,29.94,Travel,Debit Card,POS,Chennai,0,50,133.94,1387,No,1,0.19395659375487298,1,0.49034448722023777,0,Model review,train,in-sample
T104782,CUST9905,2023-02-26 03:06:00,64.87,Grocery,UPI,Desktop,Mumbai,0,199,270.97,567,No,0,0.17474117017871632,1,0.4900169113867141,0,Model review,train,in-sample
T101531,CUST7046,2023-02-26 03:49:00,75.4,Electronics,PayPal,POS,Kolkata,0,18,85.18,1595,No,1,0.09703977940229104,0,0.49615191237693596,0,Lower score,train,in-sample
T104486,CUST4757,2023-02-26 04:15:00,2.04,Food,UPI,Mobile,Delhi,0,89,373.09,1520,No,0,0.17287675927011428,1,0.5104720785987226,0,Model review,train,in-sample
T102990,CUST9769,2023-02-26 05:12:00,15.8,Grocery,PayPal,Desktop,Kolkata,0,197,480.54,1216,No,0,0.08497771496924422,0,0.5009088989405608,0,Lower score,train,in-sample
T103225,CUST2716,2023-02-26 06:20:00,177.21,Grocery,Debit Card,Mobile,Bengaluru,0,182,241.21,813,No,0,0.1226599235958766,0,0.5050071453809443,0,Lower score,train,in-sample
T102684,CUST6288,2023-02-26 09:57:00,32.92,Entertainment,NetBanking,Mobile,Pune,0,25,450.79,1810,Yes,1,0.030256959902546652,0,0.4863040684067444,0,Lower score,train,in-sample
T100052,CUST8966,2023-02-26 13:39:00,224.41,Health,Credit Card,Mobile,Delhi,0,104,234.69,467,No,0,0.015296047104921539,0,0.5165863560451452,0,Lower score,train,in-sample
T104378,CUST1015,2023-02-26 13:46:00,12.56,Food,PayPal,POS,Delhi,0,95,167.47,1307,No,0,0.013531815892598732,0,0.4999054810064097,0,Lower score,train,in-sample
T103858,CUST1037,2023-02-26 17:33:00,41.29,Utilities,Credit Card,Mobile,Mumbai,0,127,281.95,1130,No,0,0.017886372873930974,0,0.491307595903347,0,Lower score,train,in-sample
T103432,CUST4844,2023-02-26 20:03:00,113.09,Travel,NetBanking,POS,Hyderabad,0,171,39.52,610,No,0,0.04310241954282071,0,0.492167001138267,0,Lower score,train,in-sample
T101112,CUST4232,2023-02-26 22:18:00,20.27,Entertainment,Credit Card,POS,Delhi,0,35,147.02,1392,No,0,0.08740654516785844,0,0.49418480237151774,0,Lower score,train,in-sample
T102429,CUST2580,2023-02-26 23:10:00,175.43,Electronics,Debit Card,POS,Hyderabad,0,23,194.36,636,No,0,0.09281591444429675,0,0.5122624258681845,0,Lower score,train,in-sample
T100981,CUST5331,2023-02-27 01:06:00,117.89,Electronics,PayPal,POS,Pune,0,179,206.83,99,No,1,0.1078834995940026,0,0.4901441563010438,0,Lower score,train,in-sample
T102547,CUST1947,2023-02-27 02:26:00,41.88,Food,UPI,POS,Bengaluru,0,180,73.43,870,No,0,0.24128757862355327,1,0.4873631556962658,0,Model review,train,in-sample
T103251,CUST8438,2023-02-27 06:51:00,9.81,Food,Credit Card,Mobile,Mumbai,1,176,341.39,374,No,0,0.527385982134535,1,0.5297256237238522,1,Model review,train,in-sample
T100815,CUST6589,2023-02-27 07:28:00,58.52,Fashion,Credit Card,Mobile,Hyderabad,0,68,267.48,1112,No,0,0.09237389244454206,0,0.47741404079143834,0,Lower score,train,in-sample
T101590,CUST4145,2023-02-27 07:42:00,94.33,Fashion,UPI,Mobile,Kolkata,0,184,249.29,154,No,0,0.0759999734339119,0,0.4949326261961559,0,Lower score,train,in-sample
T103560,CUST1603,2023-02-27 08:23:00,29.28,Food,Credit Card,Desktop,Kolkata,0,160,426.6,1453,No,0,0.05295691643991964,0,0.4834630341937953,0,Lower score,train,in-sample
T103457,CUST2255,2023-02-27 10:15:00,93.92,Food,PayPal,POS,Mumbai,0,39,166.91,317,No,0,0.0380527493924004,0,0.4891917826268829,0,Lower score,train,in-sample
T100344,CUST9394,2023-02-27 11:42:00,40.67,Grocery,NetBanking,Mobile,Chennai,0,141,201.16,803,No,0,0.018585154321589175,0,0.4815134201884123,0,Lower score,train,in-sample
T101605,CUST6963,2023-02-27 14:15:00,58.56,Grocery,NetBanking,Mobile,Chennai,0,198,115.75,1745,No,0,0.01276917321297113,0,0.4862517146301003,0,Lower score,train,in-sample
T102025,CUST5162,2023-02-27 20:46:00,24.11,Fashion,PayPal,POS,Chennai,0,97,495.02,1265,No,0,0.0627680306774963,0,0.48749575502510584,0,Lower score,train,in-sample
T100517,CUST9160,2023-02-27 23:15:00,133.09,Fashion,Credit Card,Mobile,Pune,0,93,26.97,1464,No,0,0.13037101606877538,0,0.49057398614278297,0,Lower score,train,in-sample
T100135,CUST1395,2023-02-28 00:53:00,31.23,Food,Debit Card,Desktop,Pune,0,178,136.98,1014,No,0,0.18060079559446207,1,0.47929361466563897,0,Model review,train,in-sample
T104408,CUST2893,2023-02-28 02:07:00,38.52,Electronics,UPI,Mobile,Chennai,1,156,194.04,409,No,1,0.6598156989365672,1,0.5160686211778841,0,Model review,train,in-sample
T100345,CUST7151,2023-02-28 02:24:00,76.54,Food,Credit Card,POS,Mumbai,0,119,336.04,813,No,0,0.26326492163551585,1,0.47857631943348655,0,Model review,train,in-sample
T102095,CUST3956,2023-02-28 05:56:00,125.95,Electronics,UPI,Desktop,Bengaluru,0,45,466.35,464,No,0,0.13756957577277848,0,0.49212016645128515,0,Lower score,train,in-sample
T101688,CUST8152,2023-02-28 10:11:00,74.56,Health,UPI,Desktop,Mumbai,1,181,81.15,1544,No,0,0.27272097789446303,1,0.5178349754736746,1,Model review,train,in-sample
T103347,CUST9338,2023-02-28 10:12:00,18.08,Fashion,Credit Card,POS,Chennai,0,194,226.96,738,No,0,0.05178049662431011,0,0.4798167814621359,0,Lower score,train,in-sample
T104405,CUST8493,2023-02-28 11:21:00,92.24,Health,PayPal,Desktop,Chennai,1,6,35.01,843,No,1,0.19667679015890266,1,0.5120257287303812,0,Model review,train,in-sample
T101833,CUST1339,2023-02-28 13:14:00,110.29,Travel,PayPal,Mobile,Hyderabad,0,189,262.12,1963,No,0,0.017256929811962335,0,0.4874324302794061,0,Lower score,train,in-sample
T101366,CUST2042,2023-02-28 18:57:00,100.65,Electronics,PayPal,Desktop,Bengaluru,0,114,367.87,1063,No,0,0.026363177728329044,0,0.484640544527732,0,Lower score,train,in-sample
T101593,CUST6186,2023-02-28 19:28:00,8.79,Grocery,UPI,Desktop,Pune,0,110,91.32,1634,No,0,0.030559070242676654,0,0.47956899881314907,0,Lower score,train,in-sample
T100803,CUST4877,2023-02-28 20:04:00,74.66,Travel,UPI,Desktop,Delhi,0,92,485.57,1405,No,0,0.05067774759937302,0,0.48689117641034335,0,Lower score,train,in-sample
T102162,CUST5287,2023-02-28 21:20:00,34.76,Food,Credit Card,Mobile,Chennai,0,59,19.79,1862,No,0,0.0975260848540419,0,0.47701220318353116,0,Lower score,train,in-sample
T103326,CUST6199,2023-02-28 23:20:00,129.96,Fashion,Credit Card,Desktop,Pune,0,37,469.78,1757,No,0,0.15809062023251108,0,0.4873590413910013,0,Lower score,train,in-sample
T101097,CUST2341,2023-03-01 04:27:00,16.51,Entertainment,NetBanking,Mobile,Hyderabad,0,83,454.17,302,No,0,0.17450354208631522,1,0.4886091525420351,0,Model review,train,in-sample
T101302,CUST2291,2023-03-01 05:52:00,4.27,Grocery,NetBanking,POS,Delhi,0,111,364.91,759,No,0,0.10771684968483698,0,0.49415906399897613,0,Lower score,train,in-sample
T102493,CUST5329,2023-03-01 06:37:00,39.09,Grocery,NetBanking,Mobile,Pune,1,190,348.28,1668,Yes,1,0.454466432189423,1,0.5215865084404019,1,Model review,train,in-sample
T101320,CUST9594,2023-03-01 07:16:00,22.71,Fashion,Credit Card,POS,Bengaluru,0,100,222.55,908,No,0,0.12902412915440356,0,0.48020052985374256,0,Lower score,train,in-sample
T101991,CUST8117,2023-03-01 08:29:00,13.84,Electronics,UPI,POS,Kolkata,0,193,270.64,93,No,0,0.03830288525333982,0,0.4879242282158856,0,Lower score,train,in-sample
T103724,CUST7904,2023-03-01 10:37:00,37.28,Travel,PayPal,POS,Pune,1,49,81.15,1733,No,1,0.19529897244272262,1,0.5262917864214574,1,Model review,train,in-sample
T104917,CUST9914,2023-03-01 13:17:00,37.23,Health,PayPal,Mobile,Hyderabad,0,196,124.55,94,No,0,0.013209709137553467,0,0.4888010162846029,0,Lower score,train,in-sample
T102498,CUST7015,2023-03-01 14:26:00,315.98,Fashion,Credit Card,Mobile,Bengaluru,0,49,357.75,1265,No,0,0.03113916675414718,0,0.5096646238678167,0,Lower score,train,in-sample
T101451,CUST7387,2023-03-01 16:33:00,76.95,Grocery,UPI,POS,Chennai,0,165,44.76,1061,No,0,0.020524526368901626,0,0.48229329478142635,0,Lower score,train,in-sample
T102735,CUST5992,2023-03-01 16:35:00,123.04,Utilities,Debit Card,Mobile,Delhi,0,16,182.74,1603,No,0,0.01641226640962815,0,0.489315354489977,0,Lower score,train,in-sample
T102960,CUST2479,2023-03-01 18:10:00,17.38,Travel,Credit Card,POS,Kolkata,0,44,359.92,1211,No,0,0.02050779360057797,0,0.48820720106116533,0,Lower score,train,in-sample
T104429,CUST9946,2023-03-01 21:45:00,127.77,Electronics,PayPal,Mobile,Bengaluru,0,71,284.02,1589,No,0,0.06695719508131569,0,0.48711774142908637,0,Lower score,train,in-sample
T101788,CUST1045,2023-03-01 22:20:00,5.52,Entertainment,UPI,Mobile,Pune,0,96,299.1,1214,No,0,0.09463638337401804,0,0.5026046512817108,0,Lower score,train,in-sample
T104984,CUST2413,2023-03-01 23:28:00,64.0,Grocery,PayPal,POS,Pune,0,117,137.64,1275,No,0,0.10074367618446876,0,0.48535302046847173,0,Lower score,train,in-sample
T104894,CUST4532,2023-03-02 01:09:00,39.13,Entertainment,Credit Card,POS,Delhi,0,22,22.61,1427,No,0,0.15653400987516983,0,0.48248071084958066,0,Lower score,train,in-sample
T104632,CUST5843,2023-03-02 03:54:00,129.72,Health,NetBanking,POS,Pune,0,31,84.28,875,No,1,0.14094476612196974,0,0.4868833709110451,0,Lower score,train,in-sample
T103469,CUST2839,2023-03-02 05:10:00,14.88,Grocery,UPI,POS,Hyderabad,0,153,216.71,220,No,0,0.11807046679958262,0,0.4897226360405879,0,Lower score,train,in-sample
T104458,CUST6465,2023-03-02 05:22:00,43.0,Food,NetBanking,Desktop,Kolkata,0,29,339.13,1162,No,0,0.11127786174687182,0,0.4722768653657061,0,Lower score,train,in-sample
T104406,CUST3185,2023-03-02 05:26:00,238.04,Health,PayPal,Mobile,Pune,0,29,382.36,1819,No,1,0.11634231788659247,0,0.5238177907808963,1,Anomaly review,train,in-sample
T103058,CUST3438,2023-03-02 05:37:00,6.29,Grocery,NetBanking,Desktop,Chennai,0,199,24.98,1813,No,1,0.10744800898608467,0,0.49095087933992815,0,Lower score,train,in-sample
T104852,CUST9592,2023-03-02 06:26:00,119.42,Electronics,Credit Card,POS,Delhi,0,71,396.89,1295,No,0,0.07703725374641524,0,0.4896802093009228,0,Lower score,train,in-sample
T101039,CUST4673,2023-03-02 09:31:00,30.3,Electronics,Debit Card,Mobile,Pune,0,34,116.81,946,No,0,0.021361845086357585,0,0.4777034209291091,0,Lower score,train,in-sample
T102791,CUST3537,2023-03-02 11:59:00,317.67,Health,PayPal,Mobile,Hyderabad,0,103,138.34,1033,No,0,0.019832912853721577,0,0.517961439754391,1,Anomaly review,train,in-sample
T102134,CUST8614,2023-03-02 12:31:00,101.65,Fashion,PayPal,Mobile,Kolkata,1,195,260.26,925,No,1,0.11086363855485211,0,0.5247608081385697,1,Anomaly review,train,in-sample
T100360,CUST6530,2023-03-02 14:37:00,39.3,Health,PayPal,POS,Pune,0,140,161.05,552,No,0,0.00894365389010466,0,0.4921624538993691,0,Lower score,train,in-sample
T103613,CUST1019,2023-03-02 14:37:00,127.85,Electronics,Credit Card,Mobile,Bengaluru,0,195,140.82,1674,No,0,0.011088903281583507,0,0.4798137376546694,0,Lower score,train,in-sample
T103036,CUST8075,2023-03-02 15:40:00,45.25,Entertainment,UPI,POS,Kolkata,0,77,76.08,1190,No,0,0.011902576559238704,0,0.4873898595568477,0,Lower score,train,in-sample
T100087,CUST1897,2023-03-02 18:46:00,81.19,Travel,Credit Card,POS,Hyderabad,0,101,147.1,586,Yes,0,0.026527859935523312,0,0.4831104953785554,0,Lower score,train,in-sample
T100568,CUST1747,2023-03-02 22:24:00,187.6,Food,UPI,POS,Delhi,0,168,339.02,650,No,0,0.1163074440614276,0,0.4922605138708567,0,Lower score,train,in-sample
T102783,CUST3519,2023-03-03 00:05:00,126.06,Fashion,Debit Card,Desktop,Kolkata,0,64,14.59,180,No,1,0.09991824516254451,0,0.49199024601659924,0,Lower score,train,in-sample
T104110,CUST1205,2023-03-03 02:02:00,66.39,Food,Debit Card,POS,Chennai,0,45,381.29,657,No,0,0.17327457403367275,1,0.47814748439698174,0,Model review,train,in-sample
T103333,CUST8250,2023-03-03 04:26:00,17.35,Fashion,Debit Card,POS,Chennai,0,14,449.28,289,No,0,0.15048205709620197,0,0.48591302608655684,0,Lower score,train,in-sample
T104283,CUST5421,2023-03-03 04:37:00,4.83,Grocery,UPI,POS,Delhi,0,1,21.08,1254,No,1,0.09668929575091943,0,0.5061593797511806,0,Lower score,train,in-sample
T102004,CUST2641,2023-03-03 06:24:00,25.39,Grocery,Debit Card,Mobile,Hyderabad,0,99,356.69,673,No,0,0.06213483462392908,0,0.48996875206040263,0,Lower score,train,in-sample
T101099,CUST7981,2023-03-03 09:46:00,34.48,Entertainment,Credit Card,Mobile,Hyderabad,0,164,283.02,1806,No,0,0.027071315819714396,0,0.4891430806926669,0,Lower score,train,in-sample
T103601,CUST7750,2023-03-03 11:51:00,67.68,Health,NetBanking,Mobile,Chennai,0,11,334.75,862,No,0,0.013771867298473621,0,0.48147648902320295,0,Lower score,train,in-sample
T101199,CUST6293,2023-03-03 23:32:00,11.15,Entertainment,Credit Card,POS,Hyderabad,0,151,321.71,1531,No,0,0.09247987677541882,0,0.50335345615244,0,Lower score,train,in-sample
T104639,CUST3896,2023-03-04 01:11:00,133.68,Electronics,Debit Card,Mobile,Bengaluru,0,104,91.34,774,No,0,0.12552649963811302,0,0.49679243956562263,0,Lower score,train,in-sample
T100985,CUST5591,2023-03-04 01:20:00,54.73,Utilities,Debit Card,Mobile,Kolkata,0,21,353.71,1547,No,1,0.10230087553991872,0,0.4899773252898344,0,Lower score,train,in-sample
T101676,CUST1497,2023-03-04 09:38:00,6.75,Food,NetBanking,Desktop,Chennai,0,44,397.93,491,No,0,0.03927075481937888,0,0.49401558652544025,0,Lower score,train,in-sample
T102362,CUST4642,2023-03-04 14:22:00,27.97,Electronics,Debit Card,Mobile,Bengaluru,0,158,338.65,1280,No,0,0.008646375059434261,0,0.4897387986206387,0,Lower score,train,in-sample
T104076,CUST7145,2023-03-04 14:23:00,44.84,Grocery,UPI,Mobile,Pune,1,38,84.27,383,No,0,0.07665527253762719,0,0.5255236942853934,1,Anomaly review,train,in-sample
T100656,CUST3285,2023-03-04 16:33:00,26.7,Entertainment,Debit Card,Mobile,Hyderabad,0,55,222.73,954,No,0,0.0132202140821276,0,0.4973994100836965,0,Lower score,train,in-sample
T102973,CUST9939,2023-03-04 18:10:00,106.07,Fashion,Credit Card,Mobile,Pune,0,49,397.06,211,No,0,0.021762986249412298,0,0.49086577501862133,0,Lower score,train,in-sample
T103435,CUST9653,2023-03-04 20:08:00,39.44,Entertainment,PayPal,Desktop,Hyderabad,0,184,251.76,131,No,0,0.033627722241753234,0,0.5094358077686593,0,Lower score,train,in-sample
T100768,CUST9332,2023-03-04 20:44:00,33.49,Health,PayPal,Mobile,Pune,0,17,366.48,1566,No,0,0.03038575631059795,0,0.5011979140603704,0,Lower score,train,in-sample
T101753,CUST1233,2023-03-04 23:22:00,22.08,Fashion,PayPal,Mobile,Mumbai,0,32,63.92,398,No,0,0.10595837983585561,0,0.4915045569602568,0,Lower score,train,in-sample
T104413,CUST2597,2023-03-05 00:48:00,82.14,Entertainment,Credit Card,Desktop,Mumbai,0,112,349.34,1500,No,1,0.18165419620136763,1,0.4993774394219012,0,Model review,train,in-sample
T101532,CUST8530,2023-03-05 01:57:00,100.74,Electronics,PayPal,Mobile,Hyderabad,0,93,213.07,1000,No,0,0.12034355930717602,0,0.49198500355588426,0,Lower score,train,in-sample
T101636,CUST3957,2023-03-05 08:33:00,40.77,Food,PayPal,Desktop,Delhi,0,86,313.67,1073,No,0,0.05350282071483584,0,0.49678632572682896,0,Lower score,train,in-sample
T103448,CUST2141,2023-03-05 08:46:00,71.95,Electronics,Credit Card,POS,Delhi,0,58,290.86,712,No,0,0.03691383172854831,0,0.4930357881698577,0,Lower score,train,in-sample
T104820,CUST1326,2023-03-05 10:12:00,26.75,Food,NetBanking,Desktop,Delhi,0,185,169.18,231,No,0,0.03175625302439296,0,0.49081186561346013,0,Lower score,train,in-sample
T102306,CUST6152,2023-03-05 10:43:00,7.29,Health,Credit Card,POS,Pune,0,101,447.59,1957,No,0,0.021024771813132354,0,0.4987721101921707,0,Lower score,train,in-sample
T102071,CUST3077,2023-03-05 11:38:00,58.62,Utilities,PayPal,POS,Kolkata,0,122,196.7,1443,No,0,0.013636139372520449,0,0.49994842333062345,0,Lower score,train,in-sample
T103880,CUST9183,2023-03-05 12:06:00,55.84,Food,UPI,Desktop,Mumbai,0,35,88.26,225,No,0,0.024406357390320238,0,0.49690666302636727,0,Lower score,train,in-sample
T102224,CUST1337,2023-03-05 17:13:00,1.0,Utilities,NetBanking,Mobile,Mumbai,0,111,15.09,1194,No,0,0.014640868124889286,0,0.5038310285744926,0,Lower score,train,in-sample
T104709,CUST9600,2023-03-05 18:05:00,83.7,Electronics,PayPal,POS,Kolkata,0,149,35.21,1278,No,0,0.01164931153558558,0,0.4933763559467143,0,Lower score,train,in-sample
T102944,CUST7722,2023-03-05 20:34:00,113.84,Health,Credit Card,Mobile,Bengaluru,0,77,226.36,1752,No,0,0.054049536082712894,0,0.4948531317978814,0,Lower score,train,in-sample
T104500,CUST6904,2023-03-05 21:12:00,73.16,Grocery,Credit Card,Mobile,Bengaluru,0,151,171.67,1063,No,0,0.06073168185969959,0,0.4853364337267455,0,Lower score,train,in-sample
T104833,CUST4163,2023-03-05 21:27:00,13.55,Travel,UPI,Desktop,Bengaluru,0,107,345.13,1115,No,0,0.07489306212913809,0,0.5000447431311129,0,Lower score,train,in-sample
T102104,CUST4258,2023-03-05 22:34:00,126.1,Health,NetBanking,POS,Pune,0,113,59.44,1026,No,0,0.08185675854048213,0,0.4977594893427691,0,Lower score,train,in-sample
T103233,CUST3204,2023-03-05 22:37:00,4.76,Electronics,Credit Card,Desktop,Hyderabad,0,95,274.73,915,No,0,0.06302370386846387,0,0.5085588118850297,0,Lower score,train,in-sample
T104890,CUST2451,2023-03-06 00:42:00,30.4,Travel,UPI,Mobile,Pune,0,163,56.96,1830,No,0,0.13949328698551958,0,0.49919940597215023,0,Lower score,train,in-sample
T103818,CUST3091,2023-03-06 00:55:00,137.49,Health,UPI,Mobile,Chennai,0,81,333.71,736,No,1,0.18614541794184586,1,0.5041146081611205,0,Model review,train,in-sample
T102818,CUST5195,2023-03-06 01:01:00,0.73,Electronics,PayPal,Mobile,Delhi,0,55,54.4,1623,No,0,0.09137059065029428,0,0.5008563824194483,0,Lower score,train,in-sample
T104276,CUST2107,2023-03-06 02:56:00,41.06,Entertainment,PayPal,Mobile,Pune,0,118,124.03,1979,No,0,0.15368741310767484,0,0.48914324813600407,0,Lower score,train,in-sample
T101825,CUST8657,2023-03-06 05:15:00,60.45,Food,NetBanking,POS,Chennai,0,23,483.77,1561,No,1,0.1818789380603846,1,0.4804478474465822,0,Model review,train,in-sample
T102648,CUST6069,2023-03-06 07:20:00,45.35,Health,NetBanking,Desktop,Kolkata,1,10,317.9,345,No,0,0.34759292554524024,1,0.506223909966505,0,Model review,train,in-sample
T103998,CUST8759,2023-03-06 08:31:00,60.39,Entertainment,PayPal,Mobile,Kolkata,0,117,232.66,824,No,0,0.043031464500161966,0,0.498438094059498,0,Lower score,train,in-sample
T104386,CUST8916,2023-03-06 09:19:00,257.09,Grocery,PayPal,POS,Bengaluru,0,19,336.01,678,No,0,0.05181638440453481,0,0.5091114828190223,0,Lower score,train,in-sample
T103118,CUST5141,2023-03-06 15:17:00,22.84,Grocery,NetBanking,POS,Mumbai,0,96,94.75,1704,No,0,0.011717009968699697,0,0.4823822113154903,0,Lower score,train,in-sample
T102442,CUST3711,2023-03-06 16:02:00,114.81,Entertainment,UPI,Desktop,Pune,0,160,232.87,1954,No,0,0.01627463520889904,0,0.48652818087515215,0,Lower score,train,in-sample
T103938,CUST6961,2023-03-06 16:25:00,15.0,Entertainment,Credit Card,Desktop,Delhi,0,141,206.43,521,No,0,0.014922090188447115,0,0.4888632038132762,0,Lower score,train,in-sample
T100008,CUST7160,2023-03-06 20:09:00,73.53,Travel,Debit Card,POS,Chennai,0,87,40.19,500,No,0,0.05053496813876317,0,0.48393453182583274,0,Lower score,train,in-sample
T104665,CUST8128,2023-03-06 20:15:00,98.86,Travel,UPI,Mobile,Delhi,0,62,30.66,1050,No,0,0.04586136986282536,0,0.49742095032083483,0,Lower score,train,in-sample
T102089,CUST9174,2023-03-06 21:24:00,38.3,Grocery,PayPal,Desktop,Pune,0,33,343.08,1378,No,0,0.04352891813232347,0,0.48999739786566376,0,Lower score,train,in-sample
T100379,CUST8507,2023-03-07 01:05:00,26.49,Grocery,PayPal,Desktop,Delhi,0,124,300.67,422,No,0,0.13735219947979577,0,0.48565023907944516,0,Lower score,train,in-sample
T101861,CUST2071,2023-03-07 01:23:00,85.41,Electronics,Credit Card,Mobile,Pune,0,77,463.74,967,Yes,0,0.13574910687010922,0,0.47764881153352573,0,Lower score,train,in-sample
T104407,CUST1694,2023-03-07 05:20:00,12.3,Electronics,PayPal,Desktop,Delhi,0,154,165.07,688,No,0,0.09673843530247535,0,0.48549997671499945,0,Lower score,train,in-sample
T100341,CUST9785,2023-03-07 09:10:00,51.32,Utilities,UPI,Mobile,Bengaluru,0,196,87.7,947,No,0,0.05809643976251857,0,0.48176138758883424,0,Lower score,train,in-sample
T100271,CUST7680,2023-03-07 09:45:00,132.91,Grocery,NetBanking,Desktop,Kolkata,0,129,62.07,1438,No,0,0.03191504049078907,0,0.4831706494304186,0,Lower score,train,in-sample
T104971,CUST8828,2023-03-07 16:14:00,182.59,Food,PayPal,Mobile,Hyderabad,0,99,448.05,749,No,0,0.022146750416606725,0,0.49042459088367674,0,Lower score,train,in-sample
T103310,CUST4645,2023-03-07 17:19:00,102.62,Food,Credit Card,Mobile,Hyderabad,0,112,374.57,1950,No,0,0.02710574414530806,0,0.4769292738437838,0,Lower score,train,in-sample
T102110,CUST9461,2023-03-07 23:28:00,12.13,Entertainment,NetBanking,Mobile,Bengaluru,0,159,140.38,1564,No,0,0.15262169763170041,0,0.48337678343738066,0,Lower score,train,in-sample
T102253,CUST6643,2023-03-08 02:40:00,141.42,Health,PayPal,POS,Kolkata,0,70,174.86,400,No,0,0.15759803482041193,0,0.4875627097337327,0,Lower score,train,in-sample
T103246,CUST9156,2023-03-08 05:21:00,55.47,Food,Credit Card,Desktop,Hyderabad,0,74,69.95,894,No,0,0.18013057553307327,1,0.4847761473425832,0,Model review,train,in-sample
T103632,CUST6267,2023-03-08 05:51:00,49.05,Fashion,PayPal,POS,Bengaluru,0,39,469.53,1222,No,0,0.17243572979382638,1,0.4722366204603497,0,Model review,train,in-sample
T104328,CUST8543,2023-03-08 11:41:00,7.21,Electronics,Debit Card,POS,Mumbai,1,123,219.64,897,No,0,0.13324845924365775,0,0.5293448664905814,1,Anomaly review,train,in-sample
T102552,CUST8439,2023-03-08 12:35:00,132.12,Grocery,PayPal,Desktop,Kolkata,0,166,309.67,385,No,0,0.01306318390577929,0,0.4956710075138826,0,Lower score,train,in-sample
T102945,CUST9198,2023-03-08 13:29:00,8.65,Health,Credit Card,Mobile,Bengaluru,0,93,405.34,1841,No,0,0.016292949121275994,0,0.4924560872446854,0,Lower score,train,in-sample
T101544,CUST1791,2023-03-08 17:53:00,263.59,Entertainment,UPI,POS,Delhi,0,22,15.65,1668,No,0,0.03643752820831492,0,0.5087118703796555,0,Lower score,train,in-sample
T103606,CUST3809,2023-03-08 19:53:00,139.76,Travel,PayPal,POS,Delhi,1,190,408.12,1482,No,0,0.2939824974558018,1,0.531330457016809,1,Model review,train,in-sample
T100133,CUST3810,2023-03-08 20:01:00,32.95,Health,UPI,POS,Pune,0,126,285.47,1850,No,0,0.03981916672466172,0,0.481938196069746,0,Lower score,train,in-sample
T101056,CUST5802,2023-03-08 20:59:00,116.6,Health,NetBanking,Mobile,Pune,0,195,125.64,1700,No,0,0.05343049253570496,0,0.4811607745272986,0,Lower score,train,in-sample
T103427,CUST2262,2023-03-09 01:40:00,78.38,Food,UPI,Desktop,Delhi,0,158,91.67,1915,No,0,0.18612737662035492,1,0.47886711819087074,0,Model review,train,in-sample
T101741,CUST8267,2023-03-09 01:43:00,105.82,Utilities,UPI,POS,Bengaluru,0,167,196.67,1563,No,0,0.1891818877785473,1,0.48916776974183207,0,Model review,train,in-sample
T103993,CUST4020,2023-03-09 01:57:00,4.21,Food,Debit Card,Mobile,Kolkata,0,96,24.14,1885,No,1,0.13655474759985764,0,0.4896307554722003,0,Lower score,train,in-sample
T101276,CUST2209,2023-03-09 05:52:00,22.17,Utilities,NetBanking,Mobile,Mumbai,0,17,296.38,38,No,1,0.09934978978271916,0,0.47380233659307774,0,Lower score,train,in-sample
T100626,CUST1885,2023-03-09 08:35:00,49.67,Utilities,PayPal,POS,Bengaluru,0,151,423.45,1114,No,0,0.04820617228833633,0,0.4821991084013569,0,Lower score,train,in-sample
T100270,CUST6969,2023-03-09 09:23:00,132.59,Grocery,Credit Card,Desktop,Bengaluru,0,23,47.66,1146,No,0,0.04257980368743912,0,0.48900003518354307,0,Lower score,train,in-sample
T104699,CUST7589,2023-03-09 10:33:00,324.75,Travel,NetBanking,POS,Mumbai,0,188,400.67,1885,No,0,0.0401308346793814,0,0.5046422992501246,0,Lower score,train,in-sample
T101422,CUST5279,2023-03-09 12:47:00,3.4,Fashion,NetBanking,Mobile,Hyderabad,1,94,431.81,449,No,0,0.1208568831393619,0,0.523916582595409,1,Anomaly review,train,in-sample
T101528,CUST8427,2023-03-09 13:50:00,129.97,Grocery,Credit Card,POS,Bengaluru,0,60,95.74,122,No,0,0.014841189699249357,0,0.49289611621378204,0,Lower score,train,in-sample
T102270,CUST5955,2023-03-09 15:43:00,8.81,Entertainment,Credit Card,Mobile,Bengaluru,0,174,233.88,1197,No,0,0.01506516212670053,0,0.4875961944358665,0,Lower score,train,in-sample
T103564,CUST1387,2023-03-09 16:59:00,49.06,Electronics,PayPal,Mobile,Hyderabad,0,76,357.13,529,No,0,0.009380217974680216,0,0.47991855069016154,0,Lower score,train,in-sample
T104968,CUST2732,2023-03-09 18:34:00,251.98,Utilities,Credit Card,Desktop,Kolkata,0,52,289.83,399,No,0,0.021855020339939378,0,0.5105113756295293,0,Lower score,train,in-sample
T101819,CUST4781,2023-03-09 21:37:00,38.49,Fashion,PayPal,Desktop,Chennai,0,91,12.13,881,No,0,0.07557854796930591,0,0.47747708901262653,0,Lower score,train,in-sample
T101973,CUST5397,2023-03-10 00:01:00,58.4,Travel,UPI,POS,Chennai,1,27,48.98,1380,No,0,0.5599597048205993,1,0.530504927817628,1,Model review,train,in-sample
T100738,CUST5647,2023-03-10 05:37:00,46.26,Travel,Credit Card,Desktop,Pune,0,121,444.55,1831,No,0,0.08636227203470222,0,0.4875884954127832,0,Lower score,train,in-sample
T104979,CUST4882,2023-03-10 06:14:00,3.2,Entertainment,UPI,POS,Pune,0,18,272.21,720,No,0,0.08130526644286622,0,0.4975115092769556,0,Lower score,train,in-sample
T102572,CUST6454,2023-03-10 08:41:00,31.03,Grocery,NetBanking,Desktop,Hyderabad,0,132,206.62,1418,No,0,0.029526478296475773,0,0.4791319084834533,0,Lower score,train,in-sample
T103409,CUST8529,2023-03-10 16:01:00,3.3,Health,UPI,Mobile,Hyderabad,0,125,108.68,967,No,0,0.008793967378967326,0,0.5024796333258721,0,Lower score,train,in-sample
T103785,CUST8221,2023-03-10 20:57:00,8.83,Fashion,PayPal,POS,Delhi,0,153,287.57,1057,No,0,0.03825365340899609,0,0.48854037635505493,0,Lower score,train,in-sample
T104440,CUST2345,2023-03-10 22:33:00,165.91,Electronics,Credit Card,Mobile,Chennai,0,124,98.07,1088,No,0,0.06403401968596524,0,0.49260051817372263,0,Lower score,train,in-sample
T104379,CUST8556,2023-03-10 22:36:00,56.37,Utilities,NetBanking,Mobile,Hyderabad,0,4,403.34,1603,Yes,0,0.05730140908451825,0,0.4683337444659342,0,Lower score,train,in-sample
T102895,CUST2305,2023-03-11 00:33:00,166.92,Electronics,Debit Card,POS,Kolkata,0,63,72.16,455,No,0,0.08796870819361195,0,0.5070044008964911,0,Lower score,train,in-sample
T104206,CUST8613,2023-03-11 02:44:00,70.47,Food,UPI,POS,Delhi,0,20,33.55,1179,No,0,0.18797987457407422,1,0.496043828166774,0,Model review,train,in-sample
T104485,CUST7641,2023-03-11 08:16:00,108.47,Fashion,NetBanking,Mobile,Bengaluru,0,79,45.83,1318,No,0,0.0716391315199078,0,0.4839755548982259,0,Lower score,train,in-sample
T103226,CUST7988,2023-03-11 08:19:00,22.12,Health,Debit Card,Desktop,Kolkata,0,113,191.6,532,No,0,0.03412405384845275,0,0.48808598969812944,0,Lower score,train,in-sample
T101758,CUST1496,2023-03-11 14:04:00,9.3,Travel,UPI,Desktop,Delhi,0,107,154.91,1034,No,0,0.011047319903499418,0,0.49833002545759797,0,Lower score,train,in-sample
T104050,CUST9835,2023-03-11 16:38:00,217.97,Grocery,NetBanking,Desktop,Mumbai,0,23,373.51,182,No,0,0.014819399371463616,0,0.4965341232304381,0,Lower score,train,in-sample
T103915,CUST5294,2023-03-11 18:38:00,40.22,Electronics,Debit Card,POS,Mumbai,0,88,490.22,517,No,0,0.016219488398105535,0,0.48730452757090537,0,Lower score,train,in-sample
T101941,CUST3824,2023-03-11 20:03:00,32.55,Food,Credit Card,Mobile,Hyderabad,0,196,483.76,461,No,0,0.03892300620828382,0,0.49233129938311915,0,Lower score,train,in-sample
T101386,CUST4225,2023-03-11 20:44:00,118.79,Travel,UPI,POS,Delhi,0,165,492.12,1220,No,0,0.05021310510693332,0,0.503632552311727,0,Lower score,train,in-sample
T101592,CUST3812,2023-03-11 21:23:00,10.99,Health,NetBanking,POS,Mumbai,0,52,23.6,182,No,0,0.048851030522903176,0,0.499813083109896,0,Lower score,train,in-sample
T103872,CUST1321,2023-03-12 01:45:00,13.65,Food,PayPal,Mobile,Mumbai,0,137,164.33,215,No,1,0.1768450225068126,1,0.4930287169756645,0,Model review,train,in-sample
T102740,CUST7114,2023-03-12 02:00:00,36.42,Fashion,Debit Card,Desktop,Mumbai,0,150,405.21,1757,No,0,0.20209924140318222,1,0.4893530429081892,0,Model review,train,in-sample
T101975,CUST6814,2023-03-12 02:50:00,225.98,Food,Debit Card,Mobile,Pune,0,198,289.09,1118,No,0,0.2186333953901784,1,0.5089511002514329,0,Model review,train,in-sample
T102921,CUST7798,2023-03-12 03:00:00,99.76,Utilities,Debit Card,Mobile,Kolkata,1,133,332.06,730,No,1,0.5845913900418047,1,0.5309413608575785,1,Model review,train,in-sample
T103307,CUST1466,2023-03-12 05:26:00,5.7,Food,UPI,Desktop,Kolkata,0,13,181.76,1232,No,0,0.12436369893502623,0,0.509859820762787,0,Lower score,train,in-sample
T103536,CUST5050,2023-03-12 05:34:00,23.71,Entertainment,Debit Card,Mobile,Delhi,0,53,235.26,407,No,0,0.12454264813445486,0,0.4946237179128113,0,Lower score,train,in-sample
T101644,CUST6412,2023-03-12 05:48:00,7.47,Fashion,UPI,Mobile,Delhi,0,102,482.27,131,No,0,0.13504315153930888,0,0.507073332900616,0,Lower score,train,in-sample
T103145,CUST1274,2023-03-12 05:50:00,36.77,Utilities,UPI,POS,Kolkata,0,79,62.83,1279,No,0,0.09676248287415463,0,0.5025631000642125,0,Lower score,train,in-sample
T102480,CUST1468,2023-03-12 13:06:00,25.81,Grocery,Credit Card,POS,Bengaluru,0,80,267.21,86,No,0,0.015147027875047837,0,0.48331298208919704,0,Lower score,train,in-sample
T104952,CUST3353,2023-03-12 15:07:00,41.12,Food,NetBanking,Desktop,Pune,0,30,118.45,270,No,0,0.013154138587588873,0,0.4788313987169699,0,Lower score,train,in-sample
T104693,CUST9928,2023-03-12 16:12:00,58.81,Health,Debit Card,Desktop,Mumbai,0,163,298.66,586,No,0,0.013813672786430024,0,0.4858741160013069,0,Lower score,train,in-sample
T103402,CUST9922,2023-03-12 17:32:00,544.46,Entertainment,NetBanking,Desktop,Pune,0,168,490.32,1608,No,0,0.03492289709245413,0,0.5268615735113475,1,Anomaly review,train,in-sample
T104016,CUST6029,2023-03-12 18:25:00,173.78,Fashion,Credit Card,Mobile,Pune,0,72,101.69,337,No,0,0.029952123462462715,0,0.5042110199611745,0,Lower score,train,in-sample
T104797,CUST7423,2023-03-12 20:20:00,122.29,Travel,Debit Card,Desktop,Mumbai,0,105,142.04,657,No,0,0.05099379470887374,0,0.4865909367540384,0,Lower score,train,in-sample
T100739,CUST8735,2023-03-12 20:46:00,37.85,Entertainment,PayPal,Desktop,Kolkata,0,43,81.12,218,No,0,0.03886270096249688,0,0.5100989614744634,0,Lower score,train,in-sample
T103796,CUST6398,2023-03-13 00:09:00,60.79,Utilities,PayPal,Mobile,Hyderabad,0,184,320.01,995,No,0,0.11184339395042579,0,0.4815520699560007,0,Lower score,train,in-sample
T103140,CUST4166,2023-03-13 01:05:00,37.1,Entertainment,PayPal,POS,Kolkata,0,170,456.46,1151,No,0,0.12807639424402345,0,0.4953237200368437,0,Lower score,train,in-sample
T103198,CUST3187,2023-03-13 01:39:00,8.66,Electronics,UPI,Mobile,Delhi,0,77,214.45,1507,No,0,0.11654467148329165,0,0.4935300436449189,0,Lower score,train,in-sample
T101053,CUST2143,2023-03-13 02:47:00,128.27,Health,PayPal,Mobile,Delhi,0,90,294.93,925,No,0,0.15219475511410546,0,0.49508149970991944,0,Lower score,train,in-sample
T101324,CUST8589,2023-03-13 05:08:00,297.93,Travel,PayPal,POS,Chennai,1,182,61.4,1925,No,0,0.7003682332223126,1,0.5507132430465597,1,Model review,train,in-sample
T103146,CUST4020,2023-03-13 05:14:00,180.57,Fashion,NetBanking,Mobile,Hyderabad,0,23,156.51,1998,No,0,0.1785403265803603,1,0.49442313614319133,0,Model review,train,in-sample
T101123,CUST6779,2023-03-13 07:13:00,132.65,Health,UPI,Mobile,Mumbai,0,59,44.44,317,No,0,0.09512158506920401,0,0.49638610063242156,0,Lower score,train,in-sample
T104515,CUST7804,2023-03-13 10:05:00,41.85,Food,UPI,Desktop,Delhi,0,100,280.59,889,No,0,0.0376677198131728,0,0.49066561758362115,0,Lower score,train,in-sample
T102031,CUST4445,2023-03-13 14:57:00,66.65,Electronics,NetBanking,POS,Pune,0,94,247.29,583,No,0,0.008457965034011411,0,0.4734453565926843,0,Lower score,train,in-sample
T102813,CUST7677,2023-03-14 00:59:00,14.21,Utilities,Debit Card,Desktop,Chennai,0,156,378.09,1539,No,0,0.1789212176091017,1,0.48139382992284196,0,Model review,train,in-sample
T104469,CUST4063,2023-03-14 01:37:00,169.36,Fashion,UPI,POS,Bengaluru,0,147,176.01,857,No,0,0.30786525421768773,1,0.4913993244290885,0,Model review,train,in-sample
T103891,CUST2550,2023-03-14 04:06:00,60.62,Utilities,PayPal,Desktop,Pune,1,191,216.39,65,No,1,0.6112791624736891,1,0.5212518314900776,1,Model review,train,in-sample
T101684,CUST9708,2023-03-14 07:17:00,11.37,Utilities,Credit Card,Mobile,Pune,0,179,224.5,1990,No,0,0.07695916634462716,0,0.49331609410618277,0,Lower score,train,in-sample
T100911,CUST3379,2023-03-14 08:53:00,24.96,Grocery,PayPal,POS,Chennai,0,72,67.71,877,No,0,0.05269485822876536,0,0.485274638011443,0,Lower score,train,in-sample
T101519,CUST7693,2023-03-14 10:17:00,209.42,Grocery,Credit Card,Desktop,Delhi,0,125,421.76,1157,No,0,0.0378227458698676,0,0.506586736613771,0,Lower score,train,in-sample
T101483,CUST7466,2023-03-14 11:47:00,0.46,Travel,UPI,Mobile,Pune,0,25,420.82,1332,No,0,0.020883160477043694,0,0.518180705529352,1,Anomaly review,train,in-sample
T102799,CUST2789,2023-03-14 13:59:00,16.87,Grocery,UPI,Mobile,Kolkata,0,55,18.39,578,No,0,0.011178394878845877,0,0.48339478485744874,0,Lower score,train,in-sample
T103133,CUST3907,2023-03-14 17:04:00,62.87,Grocery,Credit Card,Desktop,Hyderabad,0,106,113.17,617,No,0,0.017992235903213298,0,0.49282290798315026,0,Lower score,train,in-sample
T100967,CUST2358,2023-03-14 19:55:00,28.21,Grocery,Debit Card,Desktop,Mumbai,0,129,301.97,1863,No,0,0.04000238844369647,0,0.4854972304758217,0,Lower score,train,in-sample
T104204,CUST2316,2023-03-14 22:28:00,9.15,Fashion,PayPal,Desktop,Delhi,0,19,227.3,519,No,0,0.1008632345232358,0,0.4898538978191909,0,Lower score,train,in-sample
T101548,CUST5622,2023-03-15 04:23:00,3.55,Grocery,PayPal,POS,Chennai,0,148,325.44,1903,No,0,0.16041507216936426,1,0.49789792283365025,0,Model review,train,in-sample
T103411,CUST4006,2023-03-15 05:27:00,11.15,Electronics,Debit Card,Mobile,Kolkata,0,136,50.9,1530,No,0,0.08235340149720656,0,0.4876474125663511,0,Lower score,train,in-sample
T103394,CUST7746,2023-03-15 09:55:00,184.98,Utilities,UPI,Mobile,Mumbai,0,164,220.12,1275,No,0,0.04857025482390343,0,0.4985283874592445,0,Lower score,train,in-sample
T102378,CUST8720,2023-03-15 12:23:00,47.31,Food,PayPal,Mobile,Pune,0,178,339.74,1554,No,0,0.01846460644804425,0,0.4785207426058027,0,Lower score,train,in-sample
T102234,CUST5942,2023-03-15 17:57:00,88.16,Utilities,Debit Card,POS,Pune,0,198,155.56,786,No,0,0.020897034305916,0,0.4847642300415267,0,Lower score,train,in-sample
T104795,CUST1891,2023-03-15 19:17:00,30.9,Food,Debit Card,Desktop,Chennai,0,30,493.57,686,No,0,0.04621740040722587,0,0.47367076681780834,0,Lower score,train,in-sample
T100065,CUST7186,2023-03-15 20:47:00,62.59,Entertainment,PayPal,POS,Delhi,0,166,49.74,1929,No,0,0.05805397763423767,0,0.48357631121390404,0,Lower score,train,in-sample
T103580,CUST3254,2023-03-15 23:25:00,52.8,Grocery,UPI,Mobile,Kolkata,0,37,396.63,82,No,0,0.09760779815500704,0,0.4815103798430633,0,Lower score,train,in-sample
T100561,CUST7464,2023-03-16 07:55:00,19.16,Utilities,NetBanking,Desktop,Mumbai,0,104,365.7,895,No,0,0.05492382002900677,0,0.4795009130770355,0,Lower score,train,in-sample
T102634,CUST2029,2023-03-16 08:54:00,99.87,Grocery,Debit Card,Desktop,Hyderabad,1,170,115.91,706,No,0,0.2723060112934258,1,0.512812814325106,0,Model review,train,in-sample
T103367,CUST2317,2023-03-16 10:05:00,25.12,Grocery,NetBanking,POS,Delhi,0,94,170.08,347,No,0,0.023059206472811677,0,0.48539905684592705,0,Lower score,train,in-sample
T101774,CUST3582,2023-03-16 13:34:00,123.68,Electronics,UPI,POS,Pune,0,52,260.23,1287,No,0,0.010027206612787819,0,0.488802358392433,0,Lower score,train,in-sample
T103671,CUST1820,2023-03-16 17:37:00,4.07,Travel,Credit Card,POS,Delhi,0,74,173.08,1699,No,0,0.01641381761854047,0,0.4964496951207856,0,Lower score,train,in-sample
T102763,CUST6225,2023-03-16 18:21:00,47.49,Travel,Credit Card,Mobile,Mumbai,0,70,26.33,307,No,0,0.022893494052910877,0,0.4844082628051037,0,Lower score,train,in-sample
T100102,CUST8316,2023-03-16 20:08:00,30.19,Fashion,Credit Card,Desktop,Chennai,0,123,133.8,909,No,0,0.05098329700098736,0,0.4774148307344225,0,Lower score,train,in-sample
T104319,CUST5459,2023-03-17 00:53:00,58.1,Fashion,Debit Card,POS,Pune,0,181,125.9,373,No,0,0.1225550673308931,0,0.4855121821465395,0,Lower score,train,in-sample
T100703,CUST5720,2023-03-17 03:08:00,11.55,Food,Credit Card,Mobile,Chennai,0,130,393.26,1284,No,0,0.16283124541551644,1,0.48680216358027273,0,Model review,train,in-sample
T100332,CUST6602,2023-03-17 03:59:00,1.16,Utilities,Debit Card,Mobile,Bengaluru,0,132,81.44,821,No,0,0.11560824454525218,0,0.5050517934838831,0,Lower score,train,in-sample
T101319,CUST4165,2023-03-17 04:18:00,4.98,Food,PayPal,Mobile,Pune,0,162,269.1,1050,No,0,0.10473016140822732,0,0.49164549418071646,0,Lower score,train,in-sample
T102955,CUST3663,2023-03-17 07:22:00,94.89,Utilities,Debit Card,Desktop,Bengaluru,0,86,167.46,1396,No,0,0.06280968736000687,0,0.4893273375532406,0,Lower score,train,in-sample
T100035,CUST3576,2023-03-17 09:52:00,132.19,Electronics,UPI,Mobile,Bengaluru,0,87,196.8,1328,No,0,0.02380321760933632,0,0.49372365930099493,0,Lower score,train,in-sample
T103287,CUST1958,2023-03-17 10:19:00,130.18,Utilities,Debit Card,POS,Kolkata,0,135,336.55,1116,No,0,0.017243267988074372,0,0.49150544632095555,0,Lower score,train,in-sample
T100846,CUST2044,2023-03-17 11:00:00,7.14,Food,UPI,Desktop,Mumbai,0,186,302.28,100,No,0,0.021556570461558927,0,0.4927503733494276,0,Lower score,train,in-sample
T104580,CUST1496,2023-03-17 11:02:00,218.11,Grocery,Credit Card,POS,Bengaluru,0,141,185.1,1280,No,0,0.022663075369389198,0,0.5023465385628855,0,Lower score,train,in-sample
T102567,CUST5759,2023-03-17 14:00:00,26.39,Fashion,Debit Card,Mobile,Bengaluru,1,46,80.89,104,No,1,0.10101710385399472,0,0.517465687657689,1,Anomaly review,train,in-sample
T103451,CUST8608,2023-03-17 15:04:00,89.86,Health,UPI,Desktop,Chennai,0,26,499.92,328,No,0,0.011080617256555259,0,0.4848113634821297,0,Lower score,train,in-sample
T102711,CUST4750,2023-03-17 15:13:00,58.38,Food,PayPal,Mobile,Pune,1,139,194.07,1801,No,0,0.07494279980338055,0,0.5259172039798404,1,Anomaly review,train,in-sample
T102203,CUST2240,2023-03-17 15:35:00,3.43,Entertainment,NetBanking,Desktop,Delhi,0,69,310.21,1160,No,0,0.008824699382595749,0,0.4921404319536404,0,Lower score,train,in-sample
T102969,CUST5383,2023-03-17 18:34:00,54.86,Utilities,UPI,Mobile,Delhi,0,131,99.03,1951,No,0,0.015773665324018624,0,0.4824617307494615,0,Lower score,train,in-sample
T101823,CUST8314,2023-03-17 18:41:00,119.2,Food,NetBanking,Mobile,Pune,0,23,214.76,1125,No,0,0.019812638736381956,0,0.4671339232224674,0,Lower score,train,in-sample
T103754,CUST4787,2023-03-17 18:51:00,25.36,Utilities,PayPal,Desktop,Mumbai,0,92,73.81,320,No,0,0.015900826027946638,0,0.4932084492538158,0,Lower score,train,in-sample
T104518,CUST9584,2023-03-17 21:11:00,17.48,Grocery,Credit Card,Mobile,Mumbai,0,144,189.43,1474,Yes,1,0.037111379158613365,0,0.48566740464627456,0,Lower score,train,in-sample
T101203,CUST9155,2023-03-17 21:12:00,31.28,Grocery,NetBanking,Mobile,Pune,0,46,300.34,1225,No,0,0.030055429456682606,0,0.47447656968331264,0,Lower score,train,in-sample
T103850,CUST5770,2023-03-17 23:52:00,43.26,Grocery,PayPal,Mobile,Pune,0,91,45.62,343,No,0,0.06462772428722359,0,0.48210769157429717,0,Lower score,train,in-sample
T102803,CUST6903,2023-03-18 00:05:00,257.78,Health,PayPal,Desktop,Hyderabad,0,164,275.37,1188,Yes,1,0.12437314625804684,0,0.5263452405920354,1,Anomaly review,train,in-sample
T101363,CUST9239,2023-03-18 00:17:00,79.88,Grocery,UPI,Desktop,Bengaluru,0,185,167.67,1746,No,0,0.13215742940509098,0,0.4922875063315968,0,Lower score,train,in-sample
T101219,CUST6232,2023-03-18 03:23:00,25.53,Travel,UPI,Mobile,Chennai,0,13,140.09,321,No,0,0.1761692459081337,1,0.5041668758846403,0,Model review,train,in-sample
T103465,CUST1713,2023-03-18 06:45:00,97.7,Food,Credit Card,POS,Hyderabad,0,25,97.26,1988,No,0,0.10795558491567864,0,0.49995558122119044,0,Lower score,train,in-sample
T104370,CUST9740,2023-03-18 08:04:00,18.08,Entertainment,UPI,Mobile,Pune,0,9,279.22,1270,No,0,0.05416708728254308,0,0.5014472656526712,0,Lower score,train,in-sample
T100067,CUST4819,2023-03-18 08:53:00,129.64,Food,UPI,POS,Kolkata,0,63,201.87,150,No,0,0.04786997470822852,0,0.5094930860537981,0,Lower score,train,in-sample
T102816,CUST6151,2023-03-18 09:19:00,55.28,Grocery,UPI,POS,Delhi,0,191,384.31,690,No,0,0.032564949138929496,0,0.4933041858447039,0,Lower score,train,in-sample
T101430,CUST5835,2023-03-18 10:52:00,48.52,Electronics,Debit Card,Mobile,Delhi,0,23,371.28,563,No,0,0.013839825158520282,0,0.49509106840598943,0,Lower score,train,in-sample
T100991,CUST7565,2023-03-18 13:33:00,94.92,Food,Credit Card,Mobile,Pune,0,12,403.16,1895,No,0,0.013639212699873391,0,0.4898904909198562,0,Lower score,train,in-sample
T104355,CUST5366,2023-03-18 15:56:00,74.33,Food,UPI,Mobile,Hyderabad,0,193,97.96,558,No,0,0.01534156268078503,0,0.4975866232662774,0,Lower score,train,in-sample
T103351,CUST5475,2023-03-18 19:21:00,44.25,Utilities,NetBanking,POS,Kolkata,0,34,201.69,1881,No,0,0.018926830079849914,0,0.49251307958609253,0,Lower score,train,in-sample
T102470,CUST8133,2023-03-18 22:02:00,20.68,Fashion,Credit Card,POS,Bengaluru,0,82,126.54,980,No,0,0.0912880706286825,0,0.4954071492174699,0,Lower score,train,in-sample
T102574,CUST8883,2023-03-18 22:34:00,20.5,Health,PayPal,Desktop,Delhi,0,185,290.01,1727,No,0,0.058666657973565184,0,0.4945768788085466,0,Lower score,train,in-sample
T101372,CUST8430,2023-03-19 02:50:00,154.14,Fashion,Debit Card,Desktop,Mumbai,0,6,142.28,1435,No,0,0.2361029256756421,1,0.4971761829568526,0,Model review,train,in-sample
T100394,CUST9438,2023-03-19 04:19:00,33.34,Grocery,UPI,Mobile,Kolkata,0,9,387.91,569,No,0,0.11628112091202852,0,0.4860790880935958,0,Lower score,train,in-sample
T102564,CUST9257,2023-03-19 05:11:00,41.25,Travel,NetBanking,Desktop,Chennai,0,166,142.14,1238,No,0,0.15261858791557084,0,0.4878833945921149,0,Lower score,train,in-sample
T102117,CUST7872,2023-03-19 05:29:00,76.42,Electronics,Debit Card,POS,Delhi,0,135,12.65,363,No,0,0.09578589672833819,0,0.5031611642899385,0,Lower score,train,in-sample
T102815,CUST4329,2023-03-19 05:58:00,118.14,Health,Debit Card,POS,Bengaluru,0,3,262.49,869,No,0,0.13545514488371105,0,0.49838432329839,0,Lower score,train,in-sample
T104746,CUST1904,2023-03-19 09:32:00,16.85,Food,NetBanking,Desktop,Mumbai,0,145,82.46,1655,No,0,0.04413312186439088,0,0.49284227186027146,0,Lower score,train,in-sample
T104566,CUST5080,2023-03-19 09:56:00,23.68,Electronics,Debit Card,Desktop,Chennai,0,38,182.72,297,No,0,0.02618725759922352,0,0.4855162915901372,0,Lower score,train,in-sample
T100422,CUST2360,2023-03-19 18:10:00,7.65,Entertainment,PayPal,Desktop,Pune,0,191,59.73,502,No,0,0.018025459549943584,0,0.5064583036625658,0,Lower score,train,in-sample
T101653,CUST1975,2023-03-19 20:17:00,35.72,Health,Debit Card,POS,Bengaluru,0,102,335.37,162,No,0,0.0444333403300845,0,0.4900249790569651,0,Lower score,train,in-sample
T104337,CUST9492,2023-03-19 23:34:00,186.15,Food,PayPal,POS,Bengaluru,0,20,302.94,595,Yes,0,0.17340587769669233,1,0.5094107742594839,0,Model review,train,in-sample
T103868,CUST5340,2023-03-20 01:57:00,85.87,Travel,Credit Card,Desktop,Delhi,1,140,472.74,610,No,1,0.6558877804381767,1,0.5242042193581313,1,Model review,train,in-sample
T103719,CUST9700,2023-03-20 02:26:00,24.2,Entertainment,NetBanking,Desktop,Kolkata,0,183,65.49,283,No,0,0.14325140532830252,0,0.49118264276412926,0,Lower score,train,in-sample
T101997,CUST9613,2023-03-20 07:21:00,5.72,Electronics,NetBanking,POS,Bengaluru,0,101,400.67,576,No,0,0.06208005637549086,0,0.4878079502391895,0,Lower score,train,in-sample
T102265,CUST1631,2023-03-20 09:46:00,79.82,Travel,UPI,Desktop,Pune,0,121,441.26,530,No,0,0.03607506690351779,0,0.4957230738059568,0,Lower score,train,in-sample
T100274,CUST7429,2023-03-20 10:09:00,57.29,Food,Debit Card,POS,Bengaluru,0,55,144.79,1351,No,0,0.04375891183801623,0,0.47911643382020636,0,Lower score,train,in-sample
T100554,CUST6016,2023-03-20 13:14:00,167.42,Fashion,Debit Card,Mobile,Bengaluru,0,80,225.69,1394,No,0,0.023100078322741517,0,0.4945421874824088,0,Lower score,train,in-sample
T103803,CUST7668,2023-03-20 18:00:00,328.68,Utilities,Debit Card,Mobile,Hyderabad,0,180,403.88,135,No,0,0.02700671292930786,0,0.5118634946391527,0,Lower score,train,in-sample
T103369,CUST9680,2023-03-20 20:06:00,94.9,Electronics,Credit Card,Mobile,Chennai,0,117,113.37,1485,No,0,0.03568852745893549,0,0.4844240148902547,0,Lower score,train,in-sample
T103418,CUST8749,2023-03-20 20:20:00,21.12,Utilities,PayPal,Desktop,Chennai,0,84,337.2,542,No,0,0.03977510799190936,0,0.4890041777857621,0,Lower score,train,in-sample
T101268,CUST9986,2023-03-20 21:09:00,73.31,Health,Debit Card,Mobile,Chennai,0,68,158.65,1334,No,0,0.06059333163295017,0,0.49159261599014725,0,Lower score,train,in-sample
T101205,CUST8379,2023-03-21 05:09:00,117.72,Entertainment,Credit Card,Desktop,Chennai,0,80,422.4,675,No,0,0.22161214538975832,1,0.48856670251878137,0,Model review,train,in-sample
T101790,CUST9136,2023-03-21 07:19:00,13.02,Grocery,Credit Card,POS,Pune,0,178,67.07,807,No,0,0.07641114021524768,0,0.49197613764386355,0,Lower score,train,in-sample
T100817,CUST1623,2023-03-21 11:37:00,40.73,Food,UPI,POS,Hyderabad,1,19,323.8,495,No,0,0.22586214347725408,1,0.5261032136262952,1,Model review,train,in-sample
T103994,CUST2761,2023-03-21 14:16:00,54.27,Travel,Debit Card,POS,Bengaluru,0,198,261.1,1662,No,0,0.019288537651156765,0,0.49178406922989826,0,Lower score,train,in-sample
T100995,CUST2670,2023-03-21 22:57:00,7.68,Grocery,Debit Card,Mobile,Kolkata,0,161,354.77,1386,No,0,0.07752804025685696,0,0.4978475228160232,0,Lower score,train,in-sample
T102109,CUST2194,2023-03-21 22:59:00,328.46,Grocery,UPI,POS,Mumbai,0,8,271.31,1955,No,0,0.17516870512906454,1,0.5163511753633138,0,Model review,train,in-sample
T104658,CUST5929,2023-03-21 23:14:00,16.78,Health,Credit Card,Mobile,Chennai,0,191,433.51,971,No,0,0.1304011993817475,0,0.4864882296722186,0,Lower score,train,in-sample
T104342,CUST9911,2023-03-22 00:32:00,137.4,Fashion,Debit Card,Mobile,Bengaluru,0,184,171.59,266,No,0,0.23121469497105485,1,0.4816729925263992,0,Model review,train,in-sample
T100564,CUST6413,2023-03-22 01:48:00,34.53,Grocery,UPI,Desktop,Hyderabad,0,109,87.04,358,No,0,0.1745958078410554,1,0.47264747008519536,0,Model review,train,in-sample
T102549,CUST1960,2023-03-22 02:43:00,5.46,Fashion,PayPal,Mobile,Pune,0,197,165.04,377,No,0,0.18014241706521772,1,0.4952023448062447,0,Model review,train,in-sample
T101087,CUST7950,2023-03-22 02:55:00,14.62,Fashion,UPI,Desktop,Delhi,1,41,399.6,1055,No,1,0.7186732766210191,1,0.5132114901114944,0,Model review,train,in-sample
T104508,CUST8090,2023-03-22 04:57:00,70.32,Food,NetBanking,POS,Kolkata,0,66,416.95,1661,No,1,0.1588402069048824,0,0.4755132601571259,0,Lower score,train,in-sample
T100890,CUST6671,2023-03-22 05:31:00,102.49,Fashion,Credit Card,POS,Mumbai,0,76,25.19,808,Yes,1,0.20433872188885385,1,0.47853698207920076,0,Model review,train,in-sample
T102550,CUST7998,2023-03-22 07:41:00,34.32,Entertainment,PayPal,Mobile,Delhi,0,149,402.81,1988,No,0,0.0754453821657033,0,0.48615352958283936,0,Lower score,train,in-sample
T103866,CUST9466,2023-03-22 07:41:00,42.64,Travel,UPI,POS,Hyderabad,0,128,421.68,1575,No,0,0.09141710620407528,0,0.4833957915104928,0,Lower score,train,in-sample
T103388,CUST1378,2023-03-22 08:33:00,3.18,Utilities,NetBanking,Desktop,Pune,0,192,337.38,1893,No,0,0.0458545829134287,0,0.48603412621074016,0,Lower score,train,in-sample
T104764,CUST7550,2023-03-22 08:44:00,61.84,Food,PayPal,Desktop,Mumbai,0,103,430.61,626,No,0,0.06752075133854013,0,0.4845297845327687,0,Lower score,train,in-sample
T104147,CUST5546,2023-03-22 11:17:00,41.14,Grocery,Credit Card,Mobile,Kolkata,0,196,416.96,333,No,0,0.017496254167928924,0,0.48504656343190306,0,Lower score,train,in-sample
T103781,CUST3606,2023-03-22 11:39:00,31.66,Electronics,NetBanking,Desktop,Hyderabad,0,30,96.86,1504,No,0,0.01530020972293216,0,0.4788370967436585,0,Lower score,train,in-sample
T101033,CUST2348,2023-03-22 12:28:00,10.28,Utilities,UPI,POS,Pune,0,162,445.85,802,No,0,0.016461358024847286,0,0.49148053822769694,0,Lower score,train,in-sample
T104312,CUST7927,2023-03-22 13:55:00,10.62,Travel,NetBanking,Mobile,Bengaluru,1,193,342.66,1952,No,0,0.13148110244051936,0,0.5251405623097193,1,Anomaly review,train,in-sample
T103761,CUST6851,2023-03-22 17:21:00,106.22,Electronics,NetBanking,POS,Kolkata,0,132,51.41,387,No,0,0.012439150984200727,0,0.48259748887961984,0,Lower score,train,in-sample
T102529,CUST5751,2023-03-22 19:07:00,490.31,Utilities,Debit Card,POS,Hyderabad,0,55,125.91,437,No,0,0.056999333251118535,0,0.5252363880342072,1,Anomaly review,train,in-sample
T101756,CUST2049,2023-03-22 19:53:00,256.67,Entertainment,PayPal,Mobile,Delhi,0,154,329.73,1378,No,0,0.05325132314258772,0,0.507513333070247,0,Lower score,train,in-sample
T100714,CUST9766,2023-03-22 20:26:00,34.32,Health,NetBanking,Desktop,Bengaluru,0,29,368.59,1482,No,0,0.05106210144710633,0,0.4729975307285739,0,Lower score,train,in-sample
T104654,CUST8173,2023-03-22 20:33:00,38.68,Food,Credit Card,Desktop,Hyderabad,0,85,25.79,838,No,0,0.06346947099734356,0,0.4843875691264311,0,Lower score,train,in-sample
T104476,CUST3457,2023-03-22 22:59:00,43.36,Food,UPI,Mobile,Hyderabad,0,45,426.03,670,No,0,0.14038446114329625,0,0.47456162909633315,0,Lower score,train,in-sample
T101497,CUST4707,2023-03-22 23:35:00,49.81,Food,PayPal,Mobile,Pune,0,154,18.64,1360,No,0,0.1289720738619565,0,0.48317762814303883,0,Lower score,train,in-sample
T101866,CUST4906,2023-03-22 23:43:00,3.53,Utilities,PayPal,Mobile,Kolkata,0,169,199.21,1185,No,0,0.08766432660288682,0,0.5002787040526357,0,Lower score,train,in-sample
T100649,CUST1872,2023-03-23 01:15:00,55.2,Food,UPI,Desktop,Mumbai,0,15,334.53,51,No,1,0.19249304424502908,1,0.4883471390580498,0,Model review,train,in-sample
T100101,CUST4125,2023-03-23 08:47:00,80.94,Grocery,PayPal,Desktop,Pune,0,2,60.98,585,No,0,0.03362755523062315,0,0.49015368438959056,0,Lower score,train,in-sample
T103102,CUST3404,2023-03-23 08:59:00,196.78,Grocery,PayPal,Desktop,Delhi,0,33,270.66,1186,No,0,0.03890726822119594,0,0.5082743877616571,0,Lower score,train,in-sample
T104889,CUST7247,2023-03-23 09:06:00,93.71,Utilities,UPI,POS,Kolkata,0,193,404.75,670,No,0,0.03491836678728494,0,0.4902171421083832,0,Lower score,train,in-sample
T102150,CUST5470,2023-03-23 17:44:00,32.66,Utilities,Credit Card,Desktop,Mumbai,0,195,460.02,32,No,0,0.01717963120764971,0,0.4801164359363145,0,Lower score,train,in-sample
T101831,CUST4372,2023-03-23 19:22:00,73.68,Food,Debit Card,Desktop,Kolkata,0,103,180.72,1286,No,0,0.027286054218064473,0,0.47544708757137333,0,Lower score,train,in-sample
T102473,CUST1205,2023-03-23 23:04:00,102.45,Fashion,Debit Card,POS,Kolkata,0,142,372.44,1471,No,0,0.09958637799717647,0,0.4903924846460071,0,Lower score,train,in-sample
T104294,CUST6675,2023-03-23 23:41:00,40.38,Health,PayPal,POS,Hyderabad,0,112,72.66,946,No,0,0.09465131875788306,0,0.4864537119232626,0,Lower score,train,in-sample
T103639,CUST3153,2023-03-24 00:12:00,18.61,Health,UPI,POS,Delhi,0,8,471.24,1151,No,0,0.09077278161228287,0,0.4868914957444969,0,Lower score,train,in-sample
T104180,CUST4831,2023-03-24 00:12:00,41.23,Fashion,Debit Card,POS,Chennai,0,84,215.36,883,No,0,0.13446242436636358,0,0.4873034769367706,0,Lower score,train,in-sample
T100105,CUST7521,2023-03-24 02:13:00,22.94,Fashion,Credit Card,POS,Hyderabad,0,14,41.21,1843,No,0,0.1510038776857254,0,0.4894975744243752,0,Lower score,train,in-sample
T101159,CUST8319,2023-03-24 04:44:00,2.37,Fashion,PayPal,Desktop,Mumbai,0,87,366.67,182,No,0,0.11751850153434601,0,0.5046582752799361,0,Lower score,train,in-sample
T104850,CUST9204,2023-03-24 06:50:00,318.16,Fashion,PayPal,Desktop,Delhi,0,46,397.83,305,Yes,0,0.09852178239908306,0,0.5225590951390902,1,Anomaly review,train,in-sample
T103047,CUST2416,2023-03-24 07:55:00,34.04,Entertainment,PayPal,Mobile,Bengaluru,0,167,434.99,1059,No,0,0.05266256315952661,0,0.4859832281981599,0,Lower score,train,in-sample
T100978,CUST3370,2023-03-24 10:17:00,54.87,Utilities,PayPal,POS,Kolkata,0,66,394.87,1310,No,0,0.014367028638883554,0,0.48880639614506227,0,Lower score,train,in-sample
T104542,CUST5621,2023-03-24 11:37:00,19.26,Fashion,NetBanking,Desktop,Bengaluru,0,152,499.13,924,No,0,0.018107046892532567,0,0.48341859865044395,0,Lower score,train,in-sample
T100543,CUST6698,2023-03-24 12:06:00,89.11,Fashion,Credit Card,Mobile,Kolkata,0,120,93.55,1527,No,0,0.012789449614175975,0,0.48928091902971554,0,Lower score,train,in-sample
T101300,CUST3987,2023-03-24 14:03:00,2.57,Entertainment,UPI,Desktop,Hyderabad,0,99,73.76,1150,No,0,0.010254476402713411,0,0.5015063517597537,0,Lower score,train,in-sample
T104794,CUST5563,2023-03-24 14:24:00,28.31,Travel,Debit Card,POS,Pune,0,73,277.14,1335,No,0,0.008337649503217881,0,0.4823431637333126,0,Lower score,train,in-sample
T101759,CUST8497,2023-03-24 16:14:00,63.52,Food,PayPal,Mobile,Chennai,0,172,124.73,1778,No,0,0.012799412412600093,0,0.47849298479713787,0,Lower score,train,in-sample
T100587,CUST7072,2023-03-24 20:01:00,11.04,Electronics,NetBanking,Desktop,Kolkata,0,165,130.65,839,No,0,0.014066897184686034,0,0.48728992015593053,0,Lower score,train,in-sample
T103175,CUST4317,2023-03-24 20:14:00,16.43,Grocery,PayPal,POS,Mumbai,0,172,340.19,1785,No,0,0.024689179095803156,0,0.49483422997153526,0,Lower score,train,in-sample
T102993,CUST1904,2023-03-24 21:28:00,40.41,Entertainment,Debit Card,POS,Bengaluru,0,147,100.18,700,No,0,0.05795828818438398,0,0.4793006385624398,0,Lower score,train,in-sample
T103403,CUST5638,2023-03-25 00:14:00,31.64,Entertainment,UPI,Desktop,Kolkata,0,27,421.55,1959,No,0,0.10806786703815165,0,0.5056390766401531,0,Lower score,train,in-sample
T103902,CUST9645,2023-03-25 00:27:00,197.27,Utilities,Credit Card,Desktop,Chennai,0,105,162.68,660,No,0,0.1588662017639244,0,0.505365433177451,0,Lower score,train,in-sample
T101248,CUST1067,2023-03-25 05:55:00,202.91,Fashion,Debit Card,POS,Pune,0,119,168.73,1022,No,0,0.1359871671246092,0,0.5086463069149704,0,Lower score,train,in-sample
T100222,CUST8215,2023-03-25 07:28:00,7.87,Fashion,Debit Card,Desktop,Chennai,0,112,440.64,613,No,0,0.08423034582063463,0,0.4900987583833105,0,Lower score,train,in-sample
T104198,CUST6023,2023-03-25 07:56:00,46.82,Electronics,PayPal,Mobile,Chennai,0,34,426.07,439,No,0,0.042253605110659224,0,0.488911130673793,0,Lower score,train,in-sample
T101446,CUST3094,2023-03-25 09:38:00,94.38,Utilities,UPI,Desktop,Pune,0,160,427.29,1017,No,0,0.02958446330181687,0,0.5003136802902745,0,Lower score,train,in-sample
T104640,CUST4025,2023-03-25 10:18:00,233.13,Health,UPI,Desktop,Pune,0,21,110.62,471,Yes,1,0.02870244105157714,0,0.5138957299761719,0,Lower score,train,in-sample
T102604,CUST3818,2023-03-25 10:57:00,0.01,Travel,NetBanking,Desktop,Delhi,0,1,101.47,1966,Yes,0,0.017744338624170443,0,0.5032233529963828,0,Lower score,train,in-sample
T102060,CUST1037,2023-03-25 11:38:00,5.14,Grocery,UPI,POS,Delhi,0,9,123.62,353,No,0,0.014608957054393993,0,0.5064174741855207,0,Lower score,train,in-sample
T102850,CUST7231,2023-03-25 12:44:00,85.52,Health,NetBanking,Mobile,Kolkata,0,7,360.42,857,No,0,0.009572942805740036,0,0.4877747025075046,0,Lower score,train,in-sample
T104472,CUST8066,2023-03-25 13:29:00,18.69,Travel,NetBanking,Mobile,Mumbai,0,188,20.9,57,No,0,0.011834555949955188,0,0.4865564462545725,0,Lower score,train,in-sample
T103061,CUST1281,2023-03-25 13:52:00,7.73,Electronics,PayPal,Desktop,Hyderabad,0,159,487.68,239,No,0,0.006879167334409548,0,0.5045231911151579,0,Lower score,train,in-sample
T100127,CUST7173,2023-03-25 15:32:00,157.71,Food,NetBanking,Desktop,Kolkata,0,72,273.94,1042,No,0,0.012014003265175384,0,0.4939034794196926,0,Lower score,train,in-sample
T102610,CUST9868,2023-03-25 16:15:00,146.28,Health,NetBanking,Desktop,Hyderabad,0,138,35.64,1246,No,0,0.012242406630366087,0,0.4996316405444387,0,Lower score,train,in-sample
T100201,CUST9448,2023-03-25 17:01:00,7.03,Travel,PayPal,Mobile,Pune,0,191,116.4,1444,No,0,0.010707176488759849,0,0.5109360081137093,0,Lower score,train,in-sample
T102862,CUST8646,2023-03-26 01:05:00,240.4,Travel,PayPal,Mobile,Pune,0,71,299.9,1104,No,0,0.16458802539548092,1,0.5209841038095273,1,Model review,train,in-sample
T100585,CUST9688,2023-03-26 03:28:00,21.97,Electronics,UPI,Desktop,Delhi,0,145,300.11,1858,No,0,0.12324206686401348,0,0.4947249398234756,0,Lower score,train,in-sample
T100960,CUST4887,2023-03-26 03:59:00,6.91,Entertainment,PayPal,Desktop,Mumbai,0,103,74.15,1382,No,1,0.16285937235710465,1,0.5148674331048304,0,Model review,train,in-sample
T104629,CUST9254,2023-03-26 07:03:00,57.16,Utilities,UPI,Mobile,Hyderabad,1,115,211.35,918,No,0,0.45417425688128993,1,0.5278287048293977,1,Model review,train,in-sample
T103232,CUST4754,2023-03-26 07:26:00,22.52,Utilities,UPI,Mobile,Delhi,0,5,150.81,557,No,0,0.06837205493782517,0,0.5008560564504357,0,Lower score,train,in-sample
T103865,CUST2231,2023-03-26 08:11:00,35.07,Food,NetBanking,Mobile,Mumbai,0,164,278.69,990,Yes,1,0.07085585993293762,0,0.48247601326965317,0,Lower score,train,in-sample
T103220,CUST3448,2023-03-26 11:16:00,57.88,Entertainment,PayPal,Desktop,Kolkata,0,62,33.87,909,No,0,0.017489844532727075,0,0.5098482658277887,0,Lower score,train,in-sample
T100007,CUST4852,2023-03-26 13:12:00,160.9,Fashion,Debit Card,Mobile,Delhi,0,80,358.71,216,No,0,0.018759400542164305,0,0.5089924111852353,0,Lower score,train,in-sample
T102136,CUST8731,2023-03-26 15:10:00,6.62,Fashion,Credit Card,Mobile,Pune,0,135,260.49,407,No,0,0.013325147038669879,0,0.5034739695849311,0,Lower score,train,in-sample
T102392,CUST1551,2023-03-26 15:50:00,45.04,Electronics,Debit Card,Desktop,Pune,1,187,215.07,1202,Yes,1,0.07166773189854005,0,0.5105460459120521,0,Lower score,train,in-sample
T102021,CUST3085,2023-03-26 18:11:00,65.71,Health,UPI,Mobile,Delhi,0,119,466.13,1184,No,0,0.020137388244771983,0,0.49721844197635306,0,Lower score,train,in-sample
T100091,CUST8947,2023-03-26 22:06:00,99.93,Fashion,PayPal,Mobile,Pune,0,188,482.64,1442,Yes,0,0.08025423927259472,0,0.4995744302925413,0,Lower score,train,in-sample
T104115,CUST9289,2023-03-27 01:58:00,33.36,Health,Credit Card,POS,Pune,0,191,236.16,682,No,0,0.14632672465415525,0,0.4860614420397845,0,Lower score,train,in-sample
T104690,CUST8944,2023-03-27 10:14:00,36.85,Health,Debit Card,Desktop,Chennai,0,68,454.6,1017,No,0,0.030835180918793243,0,0.48230956290915616,0,Lower score,train,in-sample
T102100,CUST9515,2023-03-27 16:07:00,197.29,Electronics,NetBanking,POS,Hyderabad,0,29,189.95,295,No,0,0.012324922162461774,0,0.49334800365051146,0,Lower score,train,in-sample
T100729,CUST8034,2023-03-27 17:17:00,14.3,Food,Credit Card,Desktop,Pune,0,139,26.81,1670,No,0,0.01789847747785231,0,0.48270122590875497,0,Lower score,train,in-sample
T101364,CUST6006,2023-03-27 18:04:00,105.67,Food,NetBanking,Mobile,Delhi,0,72,466.41,1203,No,0,0.02423459018450738,0,0.4809961903772519,0,Lower score,train,in-sample
T104906,CUST6061,2023-03-27 18:37:00,270.12,Utilities,PayPal,POS,Mumbai,0,46,78.88,687,No,0,0.030774303939425623,0,0.5079926828249305,0,Lower score,train,in-sample
T104056,CUST4570,2023-03-28 00:39:00,136.47,Electronics,PayPal,Mobile,Delhi,0,127,170.17,1645,No,0,0.12296676773301106,0,0.4824927156430001,0,Lower score,train,in-sample
T102121,CUST5723,2023-03-28 04:09:00,56.29,Electronics,NetBanking,POS,Mumbai,0,72,243.83,1354,No,0,0.15065755829080854,0,0.48094002720529777,0,Lower score,train,in-sample
T102304,CUST9055,2023-03-28 05:10:00,214.77,Grocery,UPI,Desktop,Chennai,0,196,15.73,1739,Yes,1,0.21210984020051454,1,0.504551887991418,0,Model review,train,in-sample
T100348,CUST7077,2023-03-28 05:12:00,37.55,Fashion,Debit Card,Desktop,Mumbai,0,170,386.1,564,No,1,0.1943579528271543,1,0.48297622185724626,0,Model review,train,in-sample
T103758,CUST4857,2023-03-28 05:29:00,44.96,Fashion,UPI,Mobile,Bengaluru,0,181,255.18,1517,No,0,0.21080315843175174,1,0.4785388594361212,0,Model review,train,in-sample
T103766,CUST6940,2023-03-28 06:57:00,72.52,Travel,UPI,Desktop,Delhi,0,142,236.96,198,No,0,0.11354856677401842,0,0.48853822872322333,0,Lower score,train,in-sample
T104494,CUST1372,2023-03-28 15:19:00,106.25,Entertainment,Debit Card,Mobile,Hyderabad,0,107,448.69,1228,No,0,0.018388809977157937,0,0.4831041652464134,0,Lower score,train,in-sample
T103203,CUST1648,2023-03-28 16:13:00,156.62,Entertainment,PayPal,Mobile,Bengaluru,0,53,390.22,1041,Yes,1,0.02298088269696938,0,0.487064604438774,0,Lower score,train,in-sample
T103341,CUST9838,2023-03-28 16:44:00,69.17,Utilities,PayPal,Mobile,Bengaluru,0,35,345.54,1270,Yes,0,0.018203822467482433,0,0.4830565863014422,0,Lower score,train,in-sample
T101382,CUST2941,2023-03-28 19:10:00,278.97,Utilities,NetBanking,Desktop,Hyderabad,0,84,170.95,1788,No,0,0.042291574707633735,0,0.5105131128945326,0,Lower score,train,in-sample
T103485,CUST4257,2023-03-28 21:42:00,71.88,Travel,NetBanking,POS,Mumbai,0,124,348.61,868,No,0,0.09155130253848924,0,0.47828409424566143,0,Lower score,train,in-sample
T103947,CUST7752,2023-03-29 00:11:00,73.79,Electronics,PayPal,Desktop,Delhi,0,146,255.43,815,No,1,0.10149991989714069,0,0.47902213860346865,0,Lower score,train,in-sample
T101161,CUST5039,2023-03-29 06:05:00,11.04,Entertainment,Credit Card,POS,Mumbai,0,114,427.85,1117,Yes,1,0.15055381693384873,0,0.49529983795602917,0,Lower score,train,in-sample
T100896,CUST8780,2023-03-29 07:14:00,27.75,Utilities,Credit Card,POS,Pune,0,78,387.36,1867,No,0,0.08081897250797342,0,0.4820397956938856,0,Lower score,train,in-sample
T100744,CUST8299,2023-03-29 10:44:00,21.14,Fashion,PayPal,Desktop,Pune,0,107,332.79,199,No,0,0.027970280067853084,0,0.4897810255111651,0,Lower score,train,in-sample
T104554,CUST4893,2023-03-29 15:42:00,49.08,Fashion,Credit Card,Mobile,Kolkata,0,114,468.46,1480,No,0,0.015105655702052804,0,0.48175905503721894,0,Lower score,train,in-sample
T103657,CUST7926,2023-03-29 17:04:00,57.16,Electronics,Credit Card,Mobile,Hyderabad,0,40,13.76,660,No,0,0.013904300805040327,0,0.48204748969460537,0,Lower score,train,in-sample
T102612,CUST7792,2023-03-30 05:50:00,22.68,Travel,Debit Card,Desktop,Pune,0,77,289.89,813,No,0,0.09749400317506764,0,0.48871108793245716,0,Lower score,train,in-sample
T101195,CUST4770,2023-03-30 07:37:00,164.17,Grocery,PayPal,Mobile,Kolkata,0,8,256.55,1462,No,0,0.04925515963469873,0,0.5009037967319891,0,Lower score,train,in-sample
T104641,CUST1398,2023-03-30 11:09:00,30.02,Fashion,UPI,POS,Chennai,0,43,182.88,658,No,0,0.03152125928031409,0,0.48907580946104035,0,Lower score,train,in-sample
T102949,CUST6007,2023-03-30 15:35:00,216.16,Entertainment,PayPal,Desktop,Chennai,0,102,43.92,530,No,0,0.01808318011355259,0,0.5043807783986923,0,Lower score,train,in-sample
T101212,CUST1199,2023-03-30 15:57:00,14.29,Fashion,Credit Card,Mobile,Pune,0,183,188.37,486,No,0,0.013133965908836288,0,0.48022071730440374,0,Lower score,train,in-sample
T103262,CUST6461,2023-03-30 22:17:00,43.48,Fashion,UPI,Desktop,Chennai,0,39,173.32,1118,No,0,0.10979607216551492,0,0.47605116711612316,0,Lower score,train,in-sample
T100709,CUST8053,2023-03-30 23:17:00,91.53,Entertainment,PayPal,POS,Kolkata,0,92,98.92,1997,No,0,0.0887010938099873,0,0.49741534124754216,0,Lower score,train,in-sample
T104577,CUST6635,2023-03-31 00:14:00,18.83,Utilities,Debit Card,Desktop,Mumbai,0,7,294.76,1917,No,1,0.09167254468159067,0,0.48377680104004467,0,Lower score,train,in-sample
T100327,CUST9211,2023-03-31 00:54:00,75.68,Grocery,Debit Card,POS,Pune,0,85,266.99,439,Yes,0,0.09362328950103305,0,0.48572704149941826,0,Lower score,train,in-sample
T100736,CUST7545,2023-03-31 03:10:00,39.87,Utilities,Credit Card,Desktop,Hyderabad,1,81,13.88,210,Yes,1,0.545837025225876,1,0.5074165590728849,0,Model review,train,in-sample
T101079,CUST4963,2023-03-31 04:01:00,239.6,Utilities,UPI,Desktop,Kolkata,0,43,206.36,110,No,0,0.12184529906631172,0,0.5157839123026543,0,Lower score,train,in-sample
T103076,CUST2123,2023-03-31 04:48:00,234.6,Entertainment,NetBanking,Mobile,Pune,0,149,188.03,414,No,0,0.12946589708969589,0,0.5051332839686152,0,Lower score,train,in-sample
T104874,CUST6474,2023-03-31 09:23:00,28.52,Grocery,PayPal,Mobile,Chennai,0,156,54.73,845,No,0,0.02506486105198076,0,0.4892653181761327,0,Lower score,train,in-sample
T104051,CUST2773,2023-03-31 09:25:00,93.46,Entertainment,NetBanking,Desktop,Delhi,0,47,311.12,1308,No,0,0.030078669556434588,0,0.49033080009220525,0,Lower score,train,in-sample
T103589,CUST4305,2023-03-31 14:41:00,17.49,Entertainment,Credit Card,POS,Mumbai,0,193,441.88,958,No,0,0.010962725728098567,0,0.48560522001505174,0,Lower score,train,in-sample
T101869,CUST5742,2023-03-31 17:11:00,103.56,Health,Debit Card,POS,Hyderabad,0,95,265.91,1560,No,0,0.011929502657152228,0,0.4911288053713059,0,Lower score,train,in-sample
T102345,CUST3051,2023-03-31 17:41:00,88.35,Electronics,Debit Card,POS,Bengaluru,0,112,249.88,308,No,0,0.011951567899702038,0,0.4866440827529335,0,Lower score,train,in-sample
T104763,CUST4107,2023-03-31 20:40:00,22.87,Health,UPI,POS,Mumbai,0,33,274.98,1120,No,0,0.03591560761977317,0,0.4889660945395654,0,Lower score,train,in-sample
T104267,CUST4103,2023-03-31 23:12:00,5.07,Entertainment,NetBanking,POS,Mumbai,1,175,320.02,1286,No,0,0.4559678358258412,1,0.5421515302080696,1,Model review,train,in-sample
T103054,CUST3310,2023-04-01 00:32:00,85.55,Travel,NetBanking,Mobile,Bengaluru,0,117,256.66,1763,No,0,0.1440642772124835,0,0.49217494111443527,0,Lower score,train,in-sample
T104441,CUST4221,2023-04-01 06:59:00,142.05,Entertainment,NetBanking,POS,Pune,0,194,252.73,234,No,0,0.0856529606710924,0,0.5016100290969978,0,Lower score,train,in-sample
T100037,CUST8245,2023-04-01 07:08:00,8.22,Health,Credit Card,Mobile,Hyderabad,0,110,95.15,928,No,0,0.0634439129215022,0,0.5075137332273725,0,Lower score,train,in-sample
T100972,CUST6181,2023-04-01 11:18:00,105.51,Electronics,Debit Card,POS,Kolkata,0,108,94.01,248,No,0,0.011618462846264646,0,0.49828425466992504,0,Lower score,train,in-sample
T102616,CUST1233,2023-04-01 13:59:00,35.73,Utilities,Debit Card,Desktop,Delhi,0,146,117.96,421,No,0,0.009467222043029617,0,0.4854968601142403,0,Lower score,train,in-sample
T103637,CUST3765,2023-04-01 15:55:00,3.27,Travel,Debit Card,POS,Mumbai,0,60,474.39,790,No,0,0.012289688050053286,0,0.49637755803662775,0,Lower score,train,in-sample
T104555,CUST7424,2023-04-01 22:01:00,66.52,Grocery,PayPal,Mobile,Mumbai,0,76,471.36,1514,No,0,0.05610793289660502,0,0.49327343535509804,0,Lower score,train,in-sample
T102169,CUST5698,2023-04-01 22:59:00,31.46,Health,UPI,POS,Pune,0,142,318.45,88,No,0,0.07795333995076315,0,0.4977399868473492,0,Lower score,train,in-sample
T104707,CUST5665,2023-04-02 02:32:00,17.42,Grocery,Credit Card,Mobile,Bengaluru,0,76,390.83,1212,No,0,0.1679648542470726,1,0.49490015925379843,0,Model review,train,in-sample
T100956,CUST1392,2023-04-02 03:21:00,58.54,Food,UPI,Desktop,Chennai,0,116,213.25,639,No,0,0.23727552292000603,1,0.4954136218011146,0,Model review,train,in-sample
T100621,CUST1005,2023-04-02 05:06:00,18.79,Travel,Credit Card,Desktop,Mumbai,0,175,455.39,519,No,0,0.14780967207936485,0,0.49692399182939456,0,Lower score,train,in-sample
T104927,CUST6483,2023-04-02 06:00:00,20.6,Fashion,PayPal,Desktop,Delhi,1,95,349.06,1467,No,1,0.5366288049101867,1,0.5382395087328228,1,Model review,train,in-sample
T103757,CUST9546,2023-04-02 06:17:00,33.5,Food,PayPal,POS,Mumbai,0,58,94.57,1843,No,0,0.12357559129286388,0,0.4936198647143871,0,Lower score,train,in-sample
T102913,CUST8239,2023-04-02 10:36:00,272.53,Grocery,NetBanking,POS,Hyderabad,0,29,272.43,299,No,0,0.03166017267923508,0,0.5233146188979058,1,Anomaly review,train,in-sample
T102374,CUST8732,2023-04-02 11:37:00,89.42,Travel,Debit Card,POS,Delhi,0,191,120.45,813,No,0,0.02086441594615087,0,0.5046182897030101,0,Lower score,train,in-sample
T100058,CUST2571,2023-04-02 13:38:00,3.7,Electronics,Debit Card,POS,Chennai,0,17,292.96,39,No,0,0.01084539198363295,0,0.49968574444354175,0,Lower score,train,in-sample
T104011,CUST6829,2023-04-02 14:57:00,39.79,Entertainment,Debit Card,POS,Mumbai,0,33,461.3,77,No,0,0.015400825173266214,0,0.48949503928367455,0,Lower score,train,in-sample
T102749,CUST7476,2023-04-02 16:10:00,80.84,Electronics,UPI,POS,Kolkata,0,168,265.36,515,No,0,0.009282209393562777,0,0.49071592812298753,0,Lower score,train,in-sample
T103276,CUST2747,2023-04-02 20:41:00,148.29,Electronics,Credit Card,POS,Bengaluru,0,121,185.4,1335,No,0,0.04894176051717997,0,0.5016647946908166,0,Lower score,train,in-sample
T103911,CUST8941,2023-04-02 21:01:00,25.4,Health,Debit Card,Mobile,Chennai,0,152,174.66,1957,No,0,0.05403112251741675,0,0.49207506698078224,0,Lower score,train,in-sample
T101828,CUST7972,2023-04-02 21:30:00,128.24,Health,Debit Card,Desktop,Chennai,0,161,253.11,852,Yes,1,0.07405470284633213,0,0.49460020582232905,0,Lower score,train,in-sample
T101576,CUST7279,2023-04-02 22:08:00,1.91,Electronics,PayPal,Mobile,Bengaluru,0,150,135.4,673,No,0,0.054847727476069176,0,0.5116336104940689,0,Lower score,train,in-sample
T101058,CUST8028,2023-04-02 23:34:00,52.29,Entertainment,UPI,POS,Pune,0,140,315.35,682,No,0,0.12781476949404197,0,0.4921755663203034,0,Lower score,train,in-sample
T104439,CUST1900,2023-04-02 23:59:00,22.03,Entertainment,Debit Card,Mobile,Pune,0,123,194.88,458,No,0,0.11941425255646645,0,0.489546390261073,0,Lower score,train,in-sample
T103629,CUST7039,2023-04-03 06:52:00,78.96,Food,Credit Card,POS,Bengaluru,0,38,147.01,1837,No,0,0.13454195207573058,0,0.47658154234540084,0,Lower score,train,in-sample
T100494,CUST7218,2023-04-03 12:18:00,49.84,Entertainment,Credit Card,Mobile,Bengaluru,0,79,426.63,873,Yes,1,0.021938261917938826,0,0.4851659856338177,0,Lower score,train,in-sample
T104467,CUST4972,2023-04-03 12:58:00,13.83,Travel,UPI,POS,Hyderabad,0,185,190.97,657,No,0,0.016098832276924165,0,0.4964632921336829,0,Lower score,train,in-sample
T100515,CUST5170,2023-04-03 17:32:00,2.14,Grocery,UPI,POS,Chennai,0,169,335.3,296,No,0,0.01921974218233919,0,0.5035551580701887,0,Lower score,train,in-sample
T103020,CUST8136,2023-04-03 18:43:00,26.92,Entertainment,UPI,Desktop,Pune,0,110,227.43,573,No,0,0.02588947559724602,0,0.4867200384061922,0,Lower score,train,in-sample
T104281,CUST6368,2023-04-04 03:08:00,106.05,Travel,UPI,POS,Kolkata,0,30,207.67,1047,Yes,0,0.197375272546181,1,0.49877781519130365,0,Model review,train,in-sample
T103292,CUST7305,2023-04-04 05:59:00,39.47,Fashion,NetBanking,POS,Pune,0,4,147.52,745,No,1,0.1446996080984512,0,0.4796226321646233,0,Lower score,train,in-sample
T104738,CUST2562,2023-04-04 06:52:00,37.58,Utilities,Debit Card,Mobile,Bengaluru,0,173,471.88,39,No,0,0.11023548640917387,0,0.48068051295216246,0,Lower score,train,in-sample
T100468,CUST3623,2023-04-04 08:07:00,20.25,Entertainment,Debit Card,Mobile,Chennai,0,46,174.37,1303,No,0,0.08766938224394669,0,0.4885645053324876,0,Lower score,train,in-sample
T102533,CUST1626,2023-04-04 13:41:00,1.15,Health,Debit Card,POS,Bengaluru,0,174,43.22,1229,No,0,0.016542727703092047,0,0.5045324084729975,0,Lower score,train,in-sample
T103557,CUST4183,2023-04-04 14:14:00,53.53,Food,UPI,Desktop,Hyderabad,0,19,172.09,511,No,0,0.020246404397749537,0,0.49058736288624005,0,Lower score,train,in-sample
T102185,CUST8018,2023-04-04 19:45:00,222.84,Entertainment,UPI,Mobile,Bengaluru,0,174,243.83,601,No,0,0.07207134547607943,0,0.5033332993616935,0,Lower score,train,in-sample
T102892,CUST5070,2023-04-04 23:43:00,117.97,Travel,Credit Card,Desktop,Delhi,1,63,115.92,1435,No,0,0.6227122537797126,1,0.526420760227907,1,Model review,train,in-sample
T102873,CUST7832,2023-04-05 00:52:00,43.5,Entertainment,PayPal,Desktop,Bengaluru,0,75,235.6,815,No,1,0.1915309922012651,1,0.4895071434222614,0,Model review,train,in-sample
T104604,CUST2580,2023-04-05 01:55:00,111.31,Fashion,PayPal,POS,Chennai,0,187,296.17,1884,No,0,0.2546849238968697,1,0.4813739696021901,0,Model review,train,in-sample
T101454,CUST3629,2023-04-05 03:01:00,2.47,Grocery,PayPal,Desktop,Mumbai,0,49,149.23,287,No,0,0.1595722596366359,1,0.5086913328794757,0,Model review,train,in-sample
T102830,CUST7393,2023-04-05 04:06:00,52.45,Food,UPI,POS,Pune,0,89,162.19,336,No,0,0.21157238709774592,1,0.4806171592005669,0,Model review,train,in-sample
T104940,CUST3653,2023-04-05 04:44:00,33.47,Grocery,PayPal,Desktop,Chennai,1,142,116.66,1172,No,0,0.6208912474687246,1,0.51172179310489,0,Model review,train,in-sample
T102656,CUST2699,2023-04-05 06:39:00,138.16,Fashion,Credit Card,Mobile,Delhi,0,26,332.51,1435,Yes,0,0.1422018247086645,0,0.48847249974009055,0,Lower score,train,in-sample
T104581,CUST7419,2023-04-05 07:06:00,28.92,Utilities,Debit Card,Desktop,Kolkata,0,62,254.21,1481,No,0,0.06963734678312054,0,0.47678989259419063,0,Lower score,train,in-sample
T103391,CUST2104,2023-04-05 12:34:00,182.56,Food,Debit Card,POS,Bengaluru,0,128,26.58,442,No,0,0.03180606005146522,0,0.499471047238594,0,Lower score,train,in-sample
T102447,CUST6633,2023-04-05 13:03:00,17.32,Entertainment,Debit Card,Mobile,Mumbai,0,160,338.86,1398,No,0,0.01886743303165572,0,0.48930809873955744,0,Lower score,train,in-sample
T103442,CUST1230,2023-04-05 16:07:00,19.02,Grocery,UPI,Desktop,Bengaluru,1,152,452.28,328,No,1,0.13460580949710613,0,0.5149218227921913,0,Lower score,train,in-sample
T103620,CUST5309,2023-04-05 16:29:00,89.37,Grocery,UPI,Desktop,Hyderabad,1,95,145.87,360,No,0,0.13470291638753798,0,0.5100945128957913,0,Lower score,train,in-sample
T100063,CUST2607,2023-04-05 16:54:00,35.3,Electronics,PayPal,POS,Delhi,0,90,474.05,1211,No,0,0.011517066088625011,0,0.4758862538897315,0,Lower score,train,in-sample
T104273,CUST8089,2023-04-05 17:53:00,51.92,Grocery,NetBanking,Desktop,Hyderabad,0,11,228.07,1078,No,0,0.01933195496154292,0,0.4746922083051019,0,Lower score,train,in-sample
T101917,CUST1540,2023-04-05 18:01:00,71.92,Grocery,PayPal,Desktop,Delhi,0,166,220.5,638,No,0,0.0184686076615271,0,0.48389333918388255,0,Lower score,train,in-sample
T100575,CUST5355,2023-04-05 22:06:00,238.9,Grocery,PayPal,Mobile,Hyderabad,0,117,205.37,260,No,0,0.09070408785225441,0,0.49841833165527427,0,Lower score,train,in-sample
T101903,CUST8256,2023-04-05 22:38:00,2.88,Food,Credit Card,POS,Mumbai,0,59,87.19,1241,No,0,0.12965670185953365,0,0.4907739527669321,0,Lower score,train,in-sample
T104289,CUST9068,2023-04-05 23:28:00,129.97,Electronics,UPI,Desktop,Hyderabad,0,66,121.49,903,Yes,0,0.1135919297106481,0,0.4903599096929626,0,Lower score,train,in-sample
T101094,CUST2849,2023-04-06 02:47:00,20.98,Travel,UPI,Mobile,Mumbai,0,191,105.01,209,No,0,0.17567361007439314,1,0.4905228636589324,0,Model review,train,in-sample
T104716,CUST2482,2023-04-06 03:22:00,72.52,Health,Debit Card,Mobile,Chennai,0,170,109.22,1503,No,1,0.16701378478308596,1,0.483167029549846,0,Model review,train,in-sample
T104301,CUST8240,2023-04-06 04:12:00,224.5,Travel,UPI,Mobile,Delhi,0,158,250.22,1309,Yes,1,0.18668675565493856,1,0.5136535611218308,0,Model review,train,in-sample
T100545,CUST4937,2023-04-06 06:47:00,35.47,Fashion,PayPal,Mobile,Pune,0,186,107.85,598,No,0,0.08215718942776949,0,0.4797831658325204,0,Lower score,train,in-sample
T103883,CUST5679,2023-04-06 07:09:00,19.92,Health,PayPal,POS,Bengaluru,0,38,163.88,1650,No,0,0.07387136653757968,0,0.4881658779620258,0,Lower score,train,in-sample
T101388,CUST5995,2023-04-06 07:29:00,280.05,Entertainment,NetBanking,Desktop,Kolkata,0,106,496.24,107,No,0,0.08090149232554367,0,0.5170168492981353,0,Lower score,train,in-sample
T100674,CUST6624,2023-04-06 07:59:00,42.26,Grocery,Credit Card,POS,Pune,0,11,106.04,1420,No,0,0.04917638122351036,0,0.4869174494130691,0,Lower score,train,in-sample
T101970,CUST9746,2023-04-06 08:11:00,1.96,Food,UPI,Desktop,Delhi,0,13,60.11,1963,No,0,0.06224730882936782,0,0.5008055472145775,0,Lower score,train,in-sample
T104146,CUST9579,2023-04-06 09:16:00,8.73,Entertainment,Debit Card,POS,Kolkata,0,18,488.66,337,No,0,0.03224439738570059,0,0.49972018064608115,0,Lower score,train,in-sample
T101243,CUST8076,2023-04-06 11:21:00,149.03,Health,UPI,Mobile,Kolkata,0,177,234.25,804,No,0,0.017322528145676214,0,0.4980734492974987,0,Lower score,train,in-sample
T102235,CUST2874,2023-04-06 12:10:00,71.96,Utilities,Credit Card,Mobile,Mumbai,0,174,360.66,1433,No,0,0.016388048514925067,0,0.4751099188284302,0,Lower score,train,in-sample
T101298,CUST9587,2023-04-06 14:15:00,80.94,Fashion,Debit Card,Mobile,Delhi,0,188,340.39,1243,No,0,0.013915584942325539,0,0.47981250844464,0,Lower score,train,in-sample
T100322,CUST5947,2023-04-06 16:03:00,86.35,Grocery,Credit Card,Mobile,Hyderabad,0,44,191.4,103,No,0,0.0118123799953005,0,0.48453166862239266,0,Lower score,train,in-sample
T102267,CUST4484,2023-04-06 16:48:00,97.02,Fashion,NetBanking,Mobile,Pune,0,37,268.68,404,No,0,0.01575296705031856,0,0.47159606371173035,0,Lower score,train,in-sample
T102483,CUST2572,2023-04-06 17:02:00,12.89,Food,PayPal,Mobile,Bengaluru,0,197,420.46,1192,No,0,0.01750965608470315,0,0.48373635933628994,0,Lower score,train,in-sample
T104349,CUST4214,2023-04-06 19:24:00,79.86,Utilities,Credit Card,Desktop,Pune,0,174,92.78,1208,No,0,0.02522673142191145,0,0.4786549332472484,0,Lower score,train,in-sample
T102174,CUST3916,2023-04-06 20:10:00,20.62,Food,Debit Card,Desktop,Kolkata,1,103,80.47,1486,No,0,0.23619761475516876,1,0.5186267959313241,1,Model review,train,in-sample
T103209,CUST1050,2023-04-06 21:19:00,75.44,Food,PayPal,POS,Pune,0,88,211.86,1186,No,0,0.05756279550979525,0,0.4853030958765177,0,Lower score,train,in-sample
T102546,CUST6368,2023-04-07 00:53:00,6.47,Electronics,NetBanking,Desktop,Chennai,0,122,451.46,1120,No,0,0.08510661253087412,0,0.48976029710202923,0,Lower score,train,in-sample
T102261,CUST2026,2023-04-07 02:45:00,73.69,Grocery,Debit Card,Desktop,Chennai,0,194,189.91,977,No,0,0.13180307397090618,0,0.48793866843515243,0,Lower score,train,in-sample
T103455,CUST5160,2023-04-07 06:09:00,14.65,Grocery,Debit Card,Desktop,Mumbai,0,123,350.65,1137,No,0,0.07106830769027182,0,0.49091689119834797,0,Lower score,train,in-sample
T101458,CUST9666,2023-04-07 06:19:00,19.43,Fashion,Credit Card,Mobile,Chennai,0,107,321.45,155,No,0,0.10280623021161546,0,0.488443948632273,0,Lower score,train,in-sample
T104587,CUST2066,2023-04-07 06:19:00,11.21,Electronics,PayPal,Desktop,Pune,0,170,402.57,1447,No,0,0.04342118576528072,0,0.48981426911069387,0,Lower score,train,in-sample
T100657,CUST7672,2023-04-07 12:23:00,36.09,Grocery,UPI,POS,Pune,0,12,189.01,290,No,0,0.010045984397169838,0,0.47863302049549783,0,Lower score,train,in-sample
T102281,CUST2615,2023-04-07 15:30:00,35.93,Fashion,UPI,Desktop,Hyderabad,0,121,312.58,1989,No,0,0.011811825854610481,0,0.4774246083655076,0,Lower score,train,in-sample
T104292,CUST8054,2023-04-07 15:49:00,66.75,Utilities,UPI,POS,Kolkata,0,19,444.59,1866,No,0,0.007932975134776778,0,0.4877489104527291,0,Lower score,train,in-sample
T104529,CUST9540,2023-04-07 15:57:00,15.95,Entertainment,Debit Card,Mobile,Bengaluru,0,168,169.93,652,No,0,0.011552868406385919,0,0.48219970704254345,0,Lower score,train,in-sample
T102300,CUST3501,2023-04-07 16:25:00,129.8,Entertainment,Debit Card,POS,Bengaluru,1,59,174.75,543,No,0,0.12237712974057408,0,0.5245286059437023,1,Anomaly review,train,in-sample
T101526,CUST4603,2023-04-07 17:33:00,26.82,Electronics,PayPal,POS,Pune,0,139,351.44,906,No,0,0.007504166327610221,0,0.48276499022994157,0,Lower score,train,in-sample
T104703,CUST5967,2023-04-07 22:41:00,72.38,Travel,Credit Card,Mobile,Mumbai,0,179,29.48,1848,No,0,0.0761238290052956,0,0.4827003383549492,0,Lower score,train,in-sample
T103286,CUST6947,2023-04-07 22:52:00,39.26,Travel,PayPal,Desktop,Hyderabad,0,191,428.88,697,No,0,0.06429263702973659,0,0.4868846573583451,0,Lower score,train,in-sample
T102582,CUST8266,2023-04-08 07:09:00,55.95,Travel,Debit Card,Desktop,Kolkata,0,26,29.54,1991,No,0,0.05903189066789951,0,0.4878309950686321,0,Lower score,train,in-sample
T100291,CUST1418,2023-04-08 07:17:00,3.05,Grocery,UPI,Mobile,Bengaluru,0,66,290.54,456,No,0,0.06956561839464258,0,0.5003549707399711,0,Lower score,train,in-sample
T102055,CUST4578,2023-04-08 10:16:00,88.46,Utilities,Debit Card,Mobile,Delhi,1,156,369.61,989,No,1,0.17314448039348906,1,0.5213908006399042,1,Model review,train,in-sample
T101587,CUST1100,2023-04-08 11:22:00,41.44,Utilities,NetBanking,Mobile,Bengaluru,0,127,490.28,437,No,0,0.018138609408083074,0,0.48297792725414296,0,Lower score,train,in-sample
T102677,CUST7730,2023-04-08 12:14:00,4.79,Grocery,Debit Card,Mobile,Delhi,0,111,23.26,1891,No,0,0.011019177162036615,0,0.5015323943259898,0,Lower score,train,in-sample
T103340,CUST5152,2023-04-08 13:30:00,175.95,Electronics,UPI,POS,Bengaluru,0,137,267.22,725,No,0,0.013131507500864482,0,0.5135938871117995,0,Lower score,train,in-sample
T103329,CUST9084,2023-04-08 14:33:00,88.97,Grocery,NetBanking,Desktop,Bengaluru,0,132,367.33,810,No,0,0.011346611612099034,0,0.47920748669047275,0,Lower score,train,in-sample
T101566,CUST2259,2023-04-08 16:07:00,88.1,Utilities,PayPal,POS,Bengaluru,0,192,304.77,57,No,0,0.012655659761313701,0,0.4941538357855112,0,Lower score,train,in-sample
T102534,CUST1835,2023-04-08 17:19:00,107.11,Travel,Debit Card,Mobile,Mumbai,0,164,106.34,1574,No,0,0.01718261182197894,0,0.4854747383498247,0,Lower score,train,in-sample
T102825,CUST8154,2023-04-08 17:58:00,150.73,Entertainment,Credit Card,POS,Hyderabad,0,94,451.18,44,No,0,0.02345645239170196,0,0.5118418446795375,0,Lower score,train,in-sample
T104994,CUST1920,2023-04-08 18:30:00,5.67,Grocery,Debit Card,Desktop,Pune,0,53,253.33,1432,No,0,0.014546906854026981,0,0.49567492062371526,0,Lower score,train,in-sample
T104993,CUST1077,2023-04-09 05:06:00,83.64,Electronics,NetBanking,Mobile,Delhi,1,169,191.75,959,No,0,0.4937115445250085,1,0.5357809397906469,1,Model review,train,in-sample
T103556,CUST4287,2023-04-09 08:43:00,25.58,Food,PayPal,Mobile,Hyderabad,1,77,215.69,151,No,0,0.32752413324561047,1,0.5258361043939742,1,Model review,train,in-sample
T103311,CUST7377,2023-04-09 11:19:00,85.54,Travel,UPI,Mobile,Chennai,0,8,90.86,703,No,0,0.028664435441521367,0,0.5007201295719366,0,Lower score,train,in-sample
T100765,CUST4730,2023-04-09 13:13:00,67.5,Travel,PayPal,POS,Pune,0,51,189.22,1543,No,0,0.012708250542190783,0,0.4995156793817395,0,Lower score,train,in-sample
T103119,CUST6521,2023-04-09 13:29:00,19.31,Food,PayPal,Mobile,Pune,0,129,155.08,1665,No,0,0.01268512101802879,0,0.5007908846988842,0,Lower score,train,in-sample
T103247,CUST5781,2023-04-09 14:49:00,42.48,Electronics,Debit Card,POS,Hyderabad,0,109,226.51,1682,No,0,0.00923869529689497,0,0.49495693160953846,0,Lower score,train,in-sample
T103342,CUST1166,2023-04-09 16:56:00,80.06,Health,Credit Card,POS,Bengaluru,1,106,175.77,1144,No,0,0.1469417262416199,0,0.5202327931239769,1,Anomaly review,train,in-sample
T101772,CUST2021,2023-04-09 18:44:00,178.11,Health,Debit Card,POS,Hyderabad,0,163,499.64,1721,Yes,1,0.028092986957768174,0,0.5085927024160534,0,Lower score,train,in-sample
T101698,CUST1136,2023-04-09 19:22:00,264.0,Utilities,Debit Card,Mobile,Kolkata,0,46,225.19,251,No,0,0.029547844417409017,0,0.5192724815647146,1,Anomaly review,train,in-sample
T103298,CUST4301,2023-04-10 00:38:00,37.66,Food,PayPal,Mobile,Mumbai,0,128,30.93,1775,No,0,0.15981436381011122,1,0.48680454126973677,0,Model review,train,in-sample
T101480,CUST9537,2023-04-10 02:10:00,136.23,Utilities,NetBanking,Desktop,Bengaluru,0,25,328.01,1427,No,1,0.19169537660583885,1,0.48683789423913015,0,Model review,train,in-sample
T100784,CUST6491,2023-04-10 04:25:00,16.03,Fashion,UPI,POS,Chennai,0,184,316.6,1619,No,0,0.21581121464914324,1,0.4927443629161444,0,Model review,train,in-sample
T102164,CUST6175,2023-04-10 07:17:00,50.98,Fashion,PayPal,Mobile,Chennai,0,192,251.17,861,No,0,0.0999112595096388,0,0.48526347529866265,0,Lower score,train,in-sample
T104351,CUST4912,2023-04-10 10:54:00,73.02,Grocery,Credit Card,POS,Mumbai,1,112,388.42,1487,No,0,0.1879276107596009,1,0.5175854634320486,1,Model review,train,in-sample
T104597,CUST4691,2023-04-10 12:30:00,21.14,Food,NetBanking,Mobile,Hyderabad,0,79,23.68,983,No,0,0.017564726600575127,0,0.47502596116390755,0,Lower score,train,in-sample
T104799,CUST7340,2023-04-10 13:43:00,80.61,Electronics,Debit Card,POS,Chennai,0,84,460.13,1009,No,0,0.012085402867036413,0,0.4808453976380846,0,Lower score,train,in-sample
T102927,CUST3701,2023-04-10 18:34:00,335.22,Travel,Credit Card,POS,Mumbai,0,10,491.61,572,No,0,0.04186909900665495,0,0.5131841050838132,0,Lower score,train,in-sample
T102236,CUST3459,2023-04-10 20:07:00,178.27,Fashion,PayPal,Desktop,Chennai,1,144,479.95,742,No,1,0.36538273209801736,1,0.5288014593219047,1,Model review,train,in-sample
T102739,CUST2774,2023-04-11 01:29:00,6.29,Food,Credit Card,Mobile,Chennai,0,37,336.07,930,No,1,0.23705370740900422,1,0.4837909703359795,0,Model review,train,in-sample
T101085,CUST8689,2023-04-11 05:22:00,50.4,Entertainment,PayPal,Mobile,Hyderabad,0,24,454.03,154,No,1,0.15405192422005684,0,0.4888805200748737,0,Lower score,train,in-sample
T103554,CUST3262,2023-04-11 07:22:00,12.45,Grocery,PayPal,Desktop,Bengaluru,0,106,140.74,1716,No,0,0.08203058968443752,0,0.487586060939581,0,Lower score,train,in-sample
T103183,CUST5030,2023-04-11 07:32:00,23.01,Travel,PayPal,Mobile,Delhi,0,100,358.45,1594,No,0,0.07520960030842867,0,0.49062020544875445,0,Lower score,train,in-sample
T103456,CUST5690,2023-04-11 12:01:00,55.51,Electronics,Debit Card,Desktop,Bengaluru,0,56,177.64,1113,No,0,0.017948555009083805,0,0.4841242631961261,0,Lower score,train,in-sample
T101807,CUST1917,2023-04-11 16:59:00,16.38,Utilities,NetBanking,Mobile,Hyderabad,0,193,227.62,1439,No,0,0.016110564687757765,0,0.4815956724999999,0,Lower score,train,in-sample
T103899,CUST9843,2023-04-11 21:06:00,148.97,Utilities,Credit Card,Desktop,Pune,0,66,456.0,1216,No,0,0.06504889549860236,0,0.4887056913417317,0,Lower score,train,in-sample
T103672,CUST7173,2023-04-12 01:05:00,103.16,Entertainment,Credit Card,Mobile,Kolkata,0,136,464.37,922,No,0,0.16922519994219326,1,0.4990257018779873,0,Model review,train,in-sample
T102278,CUST3474,2023-04-12 01:31:00,80.43,Food,UPI,Mobile,Chennai,0,195,105.87,1548,No,0,0.26002258693674546,1,0.48742944707935737,0,Model review,train,in-sample
T103769,CUST4923,2023-04-12 05:23:00,9.92,Entertainment,NetBanking,Mobile,Delhi,0,118,170.44,1792,No,0,0.142471030810291,0,0.48852673594251605,0,Lower score,train,in-sample
T103090,CUST4342,2023-04-12 07:28:00,47.86,Electronics,Debit Card,POS,Mumbai,1,136,231.3,554,No,0,0.403026681345922,1,0.5168114747007926,0,Model review,train,in-sample
T103186,CUST2397,2023-04-12 09:44:00,35.31,Entertainment,Credit Card,Mobile,Bengaluru,0,133,47.32,311,No,0,0.05181254799045996,0,0.4823380637431798,0,Lower score,train,in-sample
T101114,CUST7572,2023-04-12 12:44:00,71.9,Electronics,PayPal,POS,Kolkata,1,4,28.08,1460,No,0,0.08275126945814373,0,0.516332637417085,0,Lower score,train,in-sample
T103950,CUST2200,2023-04-12 14:01:00,1.92,Travel,Credit Card,Desktop,Mumbai,0,165,248.35,140,No,0,0.016115633211493972,0,0.49667064551668166,0,Lower score,train,in-sample
T103674,CUST8113,2023-04-12 15:31:00,74.98,Travel,Debit Card,Desktop,Delhi,0,45,272.49,850,No,0,0.015282576971145302,0,0.4882304461433269,0,Lower score,train,in-sample
T100103,CUST9981,2023-04-12 20:40:00,56.83,Utilities,UPI,Mobile,Hyderabad,0,85,259.78,297,No,0,0.054381341853231686,0,0.48188143781617315,0,Lower score,train,in-sample
T101233,CUST7913,2023-04-13 01:27:00,2.53,Utilities,Credit Card,POS,Delhi,0,128,135.36,1182,No,0,0.131041488882307,0,0.4961850324937232,0,Lower score,train,in-sample
T101952,CUST9258,2023-04-13 02:23:00,72.95,Travel,Debit Card,Desktop,Chennai,0,11,186.59,1342,No,1,0.18765829562458855,1,0.4844083698845416,0,Model review,train,in-sample
T102515,CUST5795,2023-04-13 05:43:00,208.71,Travel,Debit Card,Mobile,Delhi,0,115,222.86,993,No,0,0.13235958546212057,0,0.5077934777603461,0,Lower score,train,in-sample
T103699,CUST2590,2023-04-13 06:03:00,24.68,Fashion,UPI,Desktop,Pune,1,117,62.2,548,No,1,0.5430823549768136,1,0.5176387530220206,1,Model review,train,in-sample
T104094,CUST4815,2023-04-13 08:54:00,32.27,Electronics,NetBanking,Mobile,Kolkata,0,49,339.63,1648,No,0,0.022923933832429053,0,0.4787433468066053,0,Lower score,train,in-sample
T104022,CUST4703,2023-04-13 10:33:00,89.27,Food,Credit Card,POS,Pune,0,180,260.07,1363,No,0,0.02993398088298997,0,0.47486866520126625,0,Lower score,train,in-sample
T103835,CUST9694,2023-04-13 11:19:00,28.91,Fashion,PayPal,Mobile,Pune,0,159,100.78,1480,No,0,0.018584846673041448,0,0.4798019943642527,0,Lower score,train,in-sample
T103244,CUST7857,2023-04-13 11:21:00,96.89,Health,Credit Card,POS,Pune,1,94,68.81,1071,No,0,0.14376575683496984,0,0.5149499645279826,0,Lower score,train,in-sample
T104915,CUST4249,2023-04-13 11:31:00,198.62,Fashion,Credit Card,Mobile,Pune,1,72,206.4,1152,No,1,0.1901896882926988,1,0.5232316519099048,1,Model review,train,in-sample
T103777,CUST9882,2023-04-13 16:43:00,66.89,Travel,Credit Card,Desktop,Kolkata,0,187,365.78,1703,No,0,0.011980801967357423,0,0.48187978796245046,0,Lower score,train,in-sample
T102731,CUST2922,2023-04-13 19:20:00,51.37,Fashion,PayPal,Mobile,Pune,0,196,367.63,1796,No,0,0.027206473892864128,0,0.4804745802612368,0,Lower score,train,in-sample
T104920,CUST6074,2023-04-13 20:01:00,243.03,Electronics,NetBanking,Mobile,Delhi,0,55,233.99,252,No,0,0.030024889991742135,0,0.5042562022858443,0,Lower score,train,in-sample
T102676,CUST9792,2023-04-13 21:52:00,36.68,Fashion,Debit Card,Desktop,Chennai,0,55,188.22,1169,No,0,0.08844416601187732,0,0.480235626220607,0,Lower score,train,in-sample
T104672,CUST3777,2023-04-13 21:56:00,103.39,Entertainment,UPI,Desktop,Delhi,0,16,353.73,562,No,0,0.08132544037300313,0,0.48134764113265394,0,Lower score,train,in-sample
T102355,CUST9309,2023-04-13 23:42:00,10.28,Fashion,UPI,Mobile,Mumbai,0,133,317.78,257,No,0,0.13997661490111465,0,0.4851464839687291,0,Lower score,train,in-sample
T103585,CUST3560,2023-04-14 03:40:00,31.83,Grocery,Debit Card,Desktop,Hyderabad,0,32,48.39,119,No,0,0.10450920500451356,0,0.4850828892348287,0,Lower score,train,in-sample
T103524,CUST3787,2023-04-14 10:25:00,14.66,Health,Credit Card,POS,Mumbai,0,53,185.5,796,No,0,0.019812570270363223,0,0.47933342798892004,0,Lower score,train,in-sample
T100800,CUST3205,2023-04-14 12:01:00,98.27,Health,Credit Card,Desktop,Chennai,0,26,463.27,820,No,0,0.014908869449332254,0,0.4812738726178613,0,Lower score,train,in-sample
T104189,CUST2348,2023-04-14 16:28:00,96.48,Food,Debit Card,Desktop,Pune,0,42,277.76,646,No,0,0.011759752491132478,0,0.4736666083873994,0,Lower score,train,in-sample
T102487,CUST5337,2023-04-14 17:02:00,159.34,Electronics,PayPal,Desktop,Pune,0,23,106.48,1414,No,0,0.00780889161971577,0,0.4967355405940489,0,Lower score,train,in-sample
T104098,CUST8991,2023-04-14 22:21:00,23.94,Electronics,PayPal,Mobile,Bengaluru,0,168,173.39,1088,No,0,0.043572504081275706,0,0.4855005678269169,0,Lower score,train,in-sample
T104030,CUST8697,2023-04-14 22:51:00,89.0,Grocery,UPI,Desktop,Pune,0,119,483.61,654,No,0,0.06272886547847324,0,0.4795539749140569,0,Lower score,train,in-sample
T104303,CUST2466,2023-04-14 23:22:00,70.67,Fashion,Credit Card,Desktop,Mumbai,0,143,246.43,930,No,0,0.10762859529084565,0,0.47738597186397264,0,Lower score,train,in-sample
T100989,CUST2761,2023-04-14 23:59:00,136.79,Utilities,Debit Card,Mobile,Kolkata,0,111,175.23,1880,No,0,0.07595508812508027,0,0.48932130225655357,0,Lower score,train,in-sample
T102009,CUST2897,2023-04-15 02:06:00,53.49,Electronics,Credit Card,POS,Mumbai,0,122,461.92,89,No,1,0.12437348133200735,0,0.48866384300557286,0,Lower score,train,in-sample
T101678,CUST8552,2023-04-15 05:53:00,15.25,Entertainment,UPI,Desktop,Chennai,0,194,161.68,1035,No,0,0.13143618646416327,0,0.5104886850201568,0,Lower score,train,in-sample
T102422,CUST5284,2023-04-15 06:49:00,112.92,Grocery,PayPal,Desktop,Pune,0,191,149.3,1584,No,0,0.06300724430980965,0,0.49958825441375276,0,Lower score,train,in-sample
T104435,CUST4372,2023-04-15 08:11:00,26.35,Electronics,PayPal,Desktop,Delhi,0,156,198.87,1679,No,0,0.031063126573780724,0,0.48724955611722326,0,Lower score,train,in-sample
T100245,CUST4652,2023-04-15 08:12:00,210.84,Electronics,PayPal,Desktop,Mumbai,0,2,456.39,1676,Yes,0,0.045196367841861006,0,0.511515398238632,0,Lower score,train,in-sample
T100446,CUST5107,2023-04-15 08:13:00,341.5,Food,Credit Card,POS,Hyderabad,0,121,388.67,865,No,0,0.09479970897653787,0,0.5258677095008406,1,Anomaly review,train,in-sample
T102482,CUST9689,2023-04-15 10:19:00,230.65,Health,NetBanking,POS,Chennai,0,159,441.68,1053,No,0,0.03430857298371687,0,0.5094096087949548,0,Lower score,train,in-sample
T100860,CUST3361,2023-04-15 17:14:00,119.52,Fashion,Debit Card,Desktop,Chennai,0,60,101.68,123,No,0,0.022265007370793705,0,0.4951127877540601,0,Lower score,train,in-sample
T104904,CUST6967,2023-04-15 17:32:00,208.36,Travel,NetBanking,Mobile,Chennai,0,159,365.05,94,No,0,0.022166265317378052,0,0.5135053273648991,0,Lower score,train,in-sample
T100919,CUST9901,2023-04-15 22:13:00,12.08,Travel,NetBanking,Desktop,Kolkata,0,48,237.9,1040,No,0,0.051820679908861154,0,0.4923195360003303,0,Lower score,train,in-sample
T102129,CUST8830,2023-04-15 23:09:00,44.62,Health,Debit Card,Desktop,Delhi,0,52,303.07,938,No,0,0.07776068564730673,0,0.4887261706537317,0,Lower score,train,in-sample
T101481,CUST1501,2023-04-16 00:09:00,10.25,Fashion,Debit Card,POS,Delhi,0,53,109.49,545,No,0,0.14400180546687333,0,0.502884365915427,0,Lower score,train,in-sample
T101412,CUST3753,2023-04-16 02:19:00,25.15,Food,NetBanking,Desktop,Kolkata,0,63,134.96,1015,No,0,0.15231728237051712,0,0.4926494188788591,0,Lower score,train,in-sample
T103743,CUST2897,2023-04-16 02:55:00,4.58,Entertainment,NetBanking,POS,Mumbai,0,83,326.2,1601,No,0,0.1868767253058574,1,0.510453600737808,0,Model review,train,in-sample
T101578,CUST6948,2023-04-16 03:35:00,74.73,Health,NetBanking,Desktop,Bengaluru,0,115,287.0,1324,No,1,0.17486565561562578,1,0.48436096410420637,0,Model review,train,in-sample
T100471,CUST8791,2023-04-16 08:04:00,280.2,Electronics,Debit Card,Desktop,Chennai,0,92,366.56,134,No,0,0.07090350981985545,0,0.5179190793226031,1,Anomaly review,train,in-sample
T102935,CUST6465,2023-04-16 14:23:00,14.65,Health,UPI,Desktop,Kolkata,0,48,140.25,786,No,0,0.009507898670883865,0,0.4932312789939585,0,Lower score,train,in-sample
T104392,CUST7767,2023-04-16 14:44:00,82.98,Electronics,Credit Card,Desktop,Kolkata,0,146,474.76,1477,No,0,0.007788378488715271,0,0.48481152982414627,0,Lower score,train,in-sample
T101938,CUST4017,2023-04-16 17:28:00,55.17,Fashion,NetBanking,Desktop,Delhi,0,59,222.9,705,No,0,0.019786667207362496,0,0.49717270563392474,0,Lower score,train,in-sample
T103170,CUST4130,2023-04-16 17:46:00,85.18,Health,Credit Card,Desktop,Kolkata,1,94,34.26,110,No,0,0.1203730296183832,0,0.5224631524408669,1,Anomaly review,train,in-sample
T103139,CUST8441,2023-04-16 18:06:00,5.67,Food,UPI,Mobile,Hyderabad,1,114,241.49,599,No,0,0.18594197003820062,1,0.541420942842105,1,Model review,train,in-sample
T104743,CUST3865,2023-04-16 21:54:00,413.81,Utilities,Credit Card,Mobile,Bengaluru,0,145,379.18,1461,No,0,0.12506458968254808,0,0.5245207808841928,1,Anomaly review,train,in-sample
T101994,CUST8189,2023-04-16 23:21:00,111.34,Utilities,Debit Card,Mobile,Pune,0,96,283.36,1162,Yes,0,0.0976193976982259,0,0.49016038498974085,0,Lower score,train,in-sample
T102742,CUST9075,2023-04-17 01:34:00,17.44,Electronics,UPI,Mobile,Chennai,0,170,292.79,1178,No,0,0.1407550380663755,0,0.48955552670796304,0,Lower score,train,in-sample
T102177,CUST3110,2023-04-17 02:33:00,82.38,Grocery,PayPal,POS,Pune,0,166,83.81,140,No,0,0.1374761245931629,0,0.490583541142175,0,Lower score,train,in-sample
T101075,CUST5164,2023-04-17 04:11:00,44.66,Food,Debit Card,Desktop,Kolkata,0,103,318.91,100,No,0,0.14842181561193746,0,0.48276336385737184,0,Lower score,train,in-sample
T100051,CUST9085,2023-04-17 07:52:00,119.38,Entertainment,Credit Card,POS,Kolkata,0,40,309.25,1281,No,0,0.06877900989990714,0,0.49042780161868743,0,Lower score,train,in-sample
T104442,CUST9984,2023-04-17 09:05:00,20.36,Health,NetBanking,Mobile,Delhi,0,40,133.68,919,No,0,0.03499114283733392,0,0.48447278651451864,0,Lower score,train,in-sample
T104358,CUST3502,2023-04-17 09:47:00,67.82,Food,Credit Card,Mobile,Chennai,0,115,281.38,552,No,0,0.04988661563537704,0,0.4805034401024057,0,Lower score,train,in-sample
T101724,CUST1667,2023-04-17 10:32:00,94.25,Food,Debit Card,Mobile,Kolkata,1,174,171.25,1780,No,0,0.19823827279403938,1,0.5237228797587244,1,Model review,train,in-sample
T100756,CUST1828,2023-04-17 13:15:00,77.42,Fashion,PayPal,POS,Kolkata,0,41,51.51,1695,No,0,0.013363836000498813,0,0.4982281161560225,0,Lower score,train,in-sample
T102356,CUST5464,2023-04-17 13:16:00,186.19,Grocery,Credit Card,POS,Chennai,0,176,474.58,695,No,0,0.01880535509879494,0,0.5004292806367824,0,Lower score,train,in-sample
T102419,CUST1211,2023-04-17 13:51:00,39.28,Utilities,Credit Card,Desktop,Pune,0,43,484.69,1522,No,0,0.011095321230433337,0,0.4749417583845054,0,Lower score,train,in-sample
T100453,CUST8205,2023-04-17 14:09:00,189.46,Health,Debit Card,Desktop,Pune,0,180,22.35,1167,No,0,0.01292103259202033,0,0.4983935730182865,0,Lower score,train,in-sample
T100722,CUST3995,2023-04-17 19:04:00,5.5,Electronics,Debit Card,Mobile,Delhi,0,82,278.41,390,Yes,1,0.017336381495725514,0,0.5025755185756073,0,Lower score,train,in-sample
T103644,CUST3984,2023-04-18 01:28:00,114.36,Travel,NetBanking,Desktop,Bengaluru,0,35,489.8,641,Yes,1,0.22708678626665504,1,0.4871584201558264,0,Model review,train,in-sample
T102360,CUST6272,2023-04-18 05:58:00,0.94,Entertainment,UPI,POS,Mumbai,0,79,356.98,828,No,0,0.16407649228384522,1,0.513496023485847,0,Model review,train,in-sample
T102704,CUST2535,2023-04-18 06:17:00,117.63,Utilities,Credit Card,Mobile,Pune,0,43,156.67,224,No,0,0.11782329060189159,0,0.4861101718716911,0,Lower score,train,in-sample
T102319,CUST3935,2023-04-18 06:26:00,42.35,Grocery,Debit Card,Desktop,Kolkata,0,66,146.52,318,No,0,0.0852080273646993,0,0.4796677641063413,0,Lower score,train,in-sample
T103356,CUST1566,2023-04-18 11:12:00,95.3,Food,NetBanking,Desktop,Pune,0,172,356.92,106,No,0,0.029590897866357754,0,0.47247326234873427,0,Lower score,train,in-sample
T103995,CUST7204,2023-04-18 16:38:00,46.69,Food,Credit Card,Mobile,Bengaluru,1,13,330.75,809,No,0,0.19090820040408543,1,0.5146960393686981,0,Model review,train,in-sample
T102774,CUST4411,2023-04-18 20:46:00,63.27,Grocery,UPI,Desktop,Mumbai,0,20,394.49,1198,No,0,0.06107236831184858,0,0.4795149725989915,0,Lower score,train,in-sample
T101428,CUST5227,2023-04-18 22:00:00,81.54,Fashion,UPI,Desktop,Bengaluru,0,118,197.43,710,No,0,0.13503557883378145,0,0.4813696943145227,0,Lower score,train,in-sample
T100620,CUST2297,2023-04-18 22:35:00,16.32,Food,Debit Card,Mobile,Chennai,0,94,382.53,1496,No,0,0.13424653827523006,0,0.481767846951778,0,Lower score,train,in-sample
T104923,CUST9987,2023-04-18 23:14:00,170.22,Electronics,UPI,Mobile,Pune,0,164,182.22,944,No,0,0.10536064721460062,0,0.4963659352363017,0,Lower score,train,in-sample
T100573,CUST7327,2023-04-18 23:59:00,77.85,Utilities,UPI,POS,Kolkata,0,174,324.04,180,No,0,0.13012273238176858,0,0.48269930002171624,0,Lower score,train,in-sample
T103879,CUST2073,2023-04-19 01:44:00,21.05,Grocery,Credit Card,Mobile,Pune,0,1,162.85,1474,No,0,0.1487610835986628,0,0.4898240432441308,0,Lower score,train,in-sample
T102745,CUST2490,2023-04-19 04:13:00,121.61,Utilities,Debit Card,Mobile,Kolkata,1,121,169.5,1329,No,1,0.6067102848588676,1,0.5241765267715774,1,Model review,train,in-sample
T100304,CUST9094,2023-04-19 06:11:00,103.6,Entertainment,PayPal,POS,Delhi,0,83,168.11,1719,No,0,0.1331465087025387,0,0.4923548187144841,0,Lower score,train,in-sample
T104798,CUST5924,2023-04-19 07:29:00,10.45,Electronics,NetBanking,Desktop,Hyderabad,0,108,190.62,1402,No,0,0.05771985091618887,0,0.48607398828329934,0,Lower score,train,in-sample
T101862,CUST9914,2023-04-19 17:56:00,15.63,Food,Credit Card,Mobile,Hyderabad,0,87,393.72,907,No,0,0.026700760243845986,0,0.478990312374648,0,Lower score,train,in-sample
T100665,CUST1937,2023-04-19 19:02:00,13.27,Food,NetBanking,Mobile,Chennai,0,189,390.86,410,No,0,0.04020005208510926,0,0.4794615153885621,0,Lower score,train,in-sample
T103854,CUST5939,2023-04-19 23:07:00,86.72,Fashion,PayPal,Desktop,Mumbai,0,81,290.17,1977,No,0,0.14388485779994697,0,0.48116269500519027,0,Lower score,train,in-sample
T103480,CUST1419,2023-04-19 23:46:00,13.35,Electronics,PayPal,Mobile,Pune,0,95,320.36,691,No,0,0.08033911173286219,0,0.4869867520682803,0,Lower score,train,in-sample
T102588,CUST4069,2023-04-19 23:54:00,22.16,Fashion,Credit Card,POS,Pune,0,87,454.83,1596,No,0,0.15693031544015568,0,0.4808788182154455,0,Lower score,train,in-sample
T104571,CUST2798,2023-04-20 03:06:00,89.89,Electronics,NetBanking,Desktop,Pune,1,8,366.91,1912,No,1,0.52558166722304,1,0.5167570040351915,0,Model review,train,in-sample
T102314,CUST6537,2023-04-20 04:25:00,394.88,Travel,NetBanking,POS,Delhi,0,143,214.13,1837,No,0,0.21138153594846343,1,0.5304344097411511,1,Model review,train,in-sample
T102091,CUST6285,2023-04-20 04:43:00,267.01,Grocery,NetBanking,Desktop,Mumbai,0,143,243.91,1573,No,1,0.16400262439940833,1,0.5120405783038394,0,Model review,train,in-sample
T101854,CUST7080,2023-04-20 04:53:00,200.99,Travel,PayPal,Mobile,Kolkata,0,4,38.62,275,Yes,0,0.1219055552001411,0,0.5107270021096423,0,Lower score,train,in-sample
T101460,CUST6455,2023-04-20 05:27:00,40.05,Grocery,NetBanking,Mobile,Bengaluru,0,119,455.38,1223,No,0,0.11461533292789333,0,0.47833171847839784,0,Lower score,train,in-sample
T104676,CUST3462,2023-04-20 05:34:00,3.87,Entertainment,Debit Card,Mobile,Delhi,0,101,87.98,410,No,1,0.11235574861646914,0,0.4988646439779975,0,Lower score,train,in-sample
T104474,CUST7098,2023-04-20 06:19:00,88.5,Entertainment,PayPal,Mobile,Mumbai,1,61,398.85,539,No,1,0.5242153735142238,1,0.529488541588081,1,Model review,train,in-sample
T104248,CUST5068,2023-04-20 07:23:00,70.27,Food,PayPal,Mobile,Hyderabad,0,142,228.22,417,No,0,0.07831354610160686,0,0.47229947948913087,0,Lower score,train,in-sample
T103988,CUST9139,2023-04-20 12:29:00,32.93,Health,Credit Card,Mobile,Hyderabad,0,150,16.09,63,No,0,0.013381894695786796,0,0.4804446668075036,0,Lower score,train,in-sample
T100953,CUST5190,2023-04-20 21:09:00,196.66,Fashion,NetBanking,Desktop,Delhi,1,182,498.47,853,No,0,0.4035862458034863,1,0.5284260766018526,1,Model review,train,in-sample
T100013,CUST4855,2023-04-20 21:27:00,19.1,Entertainment,Credit Card,POS,Chennai,0,143,305.54,359,No,0,0.0747612683079234,0,0.48939441817304535,0,Lower score,train,in-sample
T100858,CUST9644,2023-04-21 04:40:00,66.56,Entertainment,PayPal,POS,Mumbai,0,106,152.34,1136,No,0,0.12376669726181018,0,0.49875691272214173,0,Lower score,train,in-sample
T104770,CUST5277,2023-04-21 06:03:00,0.56,Travel,Credit Card,POS,Hyderabad,0,77,72.32,1255,No,0,0.08321225744313081,0,0.5080338212546256,0,Lower score,train,in-sample
T100781,CUST9916,2023-04-21 06:44:00,62.6,Electronics,Debit Card,Desktop,Kolkata,0,8,119.53,611,No,0,0.03979309975016375,0,0.4806581621075833,0,Lower score,train,in-sample
T103963,CUST5941,2023-04-21 09:12:00,70.02,Electronics,Debit Card,POS,Pune,0,100,332.25,234,No,0,0.020524738916424746,0,0.48131962377805254,0,Lower score,train,in-sample
T103395,CUST8267,2023-04-21 10:02:00,444.93,Grocery,Debit Card,Mobile,Kolkata,0,12,120.4,1897,No,0,0.026834275337844674,0,0.5418988595538182,1,Anomaly review,train,in-sample
T101914,CUST1253,2023-04-21 14:57:00,47.63,Electronics,UPI,Mobile,Delhi,0,14,393.07,1342,No,0,0.006508225911757916,0,0.48801839122525265,0,Lower score,train,in-sample
T102038,CUST5201,2023-04-21 17:48:00,20.42,Food,Credit Card,Mobile,Mumbai,0,57,172.62,1686,No,0,0.017047482787303957,0,0.4743076774421965,0,Lower score,train,in-sample
T100433,CUST6585,2023-04-21 22:03:00,8.53,Food,Credit Card,POS,Bengaluru,0,186,75.72,302,No,0,0.07480550017550669,0,0.4869564382346194,0,Lower score,train,in-sample
T101685,CUST9801,2023-04-21 22:25:00,158.45,Fashion,NetBanking,Desktop,Kolkata,0,141,398.59,1073,No,0,0.06591903911241294,0,0.4953861087941619,0,Lower score,train,in-sample
T104612,CUST9572,2023-04-21 23:38:00,53.27,Travel,UPI,Desktop,Delhi,0,47,482.04,295,Yes,0,0.09009409276821732,0,0.4887445872182237,0,Lower score,train,in-sample
T102522,CUST1541,2023-04-22 00:51:00,28.46,Health,NetBanking,POS,Delhi,0,43,51.27,1337,No,1,0.11114114827634852,0,0.4880410543296659,0,Lower score,train,in-sample
T100403,CUST3292,2023-04-22 01:16:00,140.11,Entertainment,Credit Card,POS,Mumbai,0,16,239.29,767,No,0,0.1877368035926753,1,0.5058069366646835,0,Model review,train,in-sample
T103200,CUST7975,2023-04-22 08:01:00,64.48,Electronics,NetBanking,Mobile,Mumbai,0,22,396.25,1826,No,0,0.04114895348852209,0,0.4899842678103911,0,Lower score,train,in-sample
T102992,CUST2905,2023-04-22 08:43:00,64.36,Utilities,PayPal,Desktop,Kolkata,1,163,366.38,1198,No,0,0.21273433748524873,1,0.5320801500122543,1,Model review,train,in-sample
T102311,CUST9454,2023-04-22 13:55:00,165.86,Electronics,PayPal,Mobile,Chennai,1,73,421.76,1540,No,0,0.0835858785259266,0,0.5416208373694497,1,Anomaly review,train,in-sample
T103357,CUST9330,2023-04-22 15:30:00,38.6,Food,UPI,Mobile,Pune,0,70,112.44,1999,No,0,0.012641194792597255,0,0.4977693331187278,0,Lower score,train,in-sample
T104975,CUST4579,2023-04-22 19:20:00,47.35,Utilities,Credit Card,Desktop,Delhi,0,88,400.74,711,No,0,0.02318726832067729,0,0.4844131189068784,0,Lower score,train,in-sample
T103543,CUST6875,2023-04-22 20:40:00,33.56,Fashion,PayPal,Mobile,Kolkata,0,114,10.97,139,No,0,0.034532587713308645,0,0.4946664120461734,0,Lower score,train,in-sample
T102501,CUST5363,2023-04-23 09:06:00,115.69,Entertainment,Credit Card,Mobile,Chennai,0,146,86.57,526,No,0,0.0621756711205938,0,0.5061796353878654,0,Lower score,train,in-sample
T100733,CUST9437,2023-04-23 10:26:00,59.23,Food,Debit Card,Mobile,Bengaluru,0,74,199.32,765,No,0,0.038071109111071505,0,0.48483650293740604,0,Lower score,train,in-sample
T101918,CUST9977,2023-04-23 10:39:00,39.74,Electronics,PayPal,Mobile,Pune,0,173,138.39,1025,No,0,0.01483632887637567,0,0.48911420753166984,0,Lower score,train,in-sample
T103928,CUST8701,2023-04-23 11:06:00,93.19,Entertainment,Debit Card,Desktop,Chennai,0,13,403.88,587,No,0,0.030858833014602752,0,0.4993334582096037,0,Lower score,train,in-sample
T104685,CUST6105,2023-04-23 11:14:00,39.95,Entertainment,Debit Card,Mobile,Kolkata,0,175,466.37,1196,No,0,0.01850402809885609,0,0.5037654859030967,0,Lower score,train,in-sample
T103176,CUST3314,2023-04-23 12:53:00,87.3,Food,Credit Card,POS,Hyderabad,0,108,185.11,1962,No,0,0.020127122485408863,0,0.5008569383064189,0,Lower score,train,in-sample
T103027,CUST2177,2023-04-23 13:23:00,82.12,Travel,UPI,POS,Bengaluru,0,158,310.85,641,Yes,1,0.019463728556852168,0,0.49263019264608693,0,Lower score,train,in-sample
T101539,CUST4728,2023-04-23 16:11:00,59.58,Grocery,Credit Card,Mobile,Delhi,1,127,26.42,1428,No,0,0.09847896341719323,0,0.5254521496320811,1,Anomaly review,train,in-sample
T102653,CUST8399,2023-04-23 18:19:00,4.3,Electronics,UPI,Desktop,Chennai,0,136,265.98,869,No,0,0.018650656186165085,0,0.5103918696213787,0,Lower score,train,in-sample
T104614,CUST2232,2023-04-23 22:28:00,22.86,Electronics,Credit Card,POS,Mumbai,0,131,405.04,1107,No,0,0.06883699243341024,0,0.49182390560813566,0,Lower score,train,in-sample
T100093,CUST8530,2023-04-24 01:43:00,65.91,Food,Credit Card,Mobile,Mumbai,0,137,116.79,1263,No,0,0.20844320395342003,1,0.4783519997349358,0,Model review,train,in-sample
T103221,CUST3310,2023-04-24 02:53:00,14.08,Travel,Debit Card,POS,Chennai,0,146,237.38,456,No,0,0.19472696859796784,1,0.4844052724481197,0,Model review,train,in-sample
T104068,CUST1153,2023-04-24 03:10:00,89.63,Fashion,UPI,Desktop,Kolkata,0,100,174.07,955,No,0,0.18329096525822175,1,0.4960426334799078,0,Model review,train,in-sample
T100833,CUST1693,2023-04-24 03:49:00,15.52,Entertainment,Debit Card,POS,Delhi,0,131,479.17,99,No,0,0.16745782847433888,1,0.4908207160280878,0,Model review,train,in-sample
T104903,CUST2101,2023-04-24 05:09:00,29.42,Food,Credit Card,POS,Bengaluru,0,162,74.45,1468,No,0,0.1868932843804184,1,0.48132438461658567,0,Model review,train,in-sample
T103821,CUST8301,2023-04-24 07:51:00,36.02,Fashion,NetBanking,Mobile,Chennai,0,37,407.14,1994,No,0,0.08677745222728944,0,0.4840726890072761,0,Lower score,train,in-sample
T103098,CUST8763,2023-04-24 10:42:00,0.67,Fashion,UPI,Mobile,Hyderabad,0,3,238.0,1056,No,0,0.030512202584046095,0,0.5082844523360299,0,Lower score,train,in-sample
T102032,CUST8423,2023-04-24 10:43:00,49.88,Utilities,UPI,POS,Delhi,0,132,216.3,788,Yes,0,0.024910347499826003,0,0.48869553253092257,0,Lower score,train,in-sample
T101782,CUST2615,2023-04-24 11:49:00,49.51,Travel,Credit Card,Desktop,Bengaluru,0,53,494.12,280,No,0,0.022977702782637964,0,0.4849050229297275,0,Lower score,train,in-sample
T103925,CUST4094,2023-04-24 13:09:00,2.09,Fashion,Debit Card,POS,Pune,0,74,18.58,833,No,0,0.01497224614307363,0,0.5049165725003651,0,Lower score,train,in-sample
T104594,CUST6354,2023-04-24 14:32:00,44.61,Fashion,PayPal,Mobile,Bengaluru,0,71,455.87,1345,No,0,0.016039123168531035,0,0.48816473428433255,0,Lower score,train,in-sample
T100256,CUST8208,2023-04-24 15:33:00,220.1,Grocery,Debit Card,POS,Bengaluru,0,155,217.55,836,No,0,0.017532887252460414,0,0.5064732330329745,0,Lower score,train,in-sample
T100498,CUST2194,2023-04-24 20:06:00,293.2,Utilities,PayPal,Desktop,Pune,0,38,376.01,1962,No,0,0.04160980636423077,0,0.5164223222880413,0,Lower score,train,in-sample
T100442,CUST7342,2023-04-24 21:35:00,37.51,Food,UPI,POS,Delhi,0,11,64.66,738,No,0,0.08025629006401434,0,0.4887132078766852,0,Lower score,train,in-sample
T104765,CUST1364,2023-04-25 04:15:00,387.63,Grocery,UPI,POS,Mumbai,0,53,19.31,279,No,1,0.27962524623810187,1,0.5233055446138134,1,Model review,train,in-sample
T102428,CUST4527,2023-04-25 06:30:00,30.15,Grocery,Credit Card,Desktop,Delhi,0,10,393.02,1070,No,0,0.10076858114320715,0,0.4944237658870849,0,Lower score,train,in-sample
T103730,CUST9441,2023-04-25 07:45:00,13.05,Entertainment,Debit Card,Desktop,Mumbai,0,122,399.98,1391,No,0,0.09131461287340419,0,0.4905719579746429,0,Lower score,train,in-sample
T103384,CUST3653,2023-04-25 08:56:00,2.74,Entertainment,Debit Card,Mobile,Pune,0,161,140.91,1729,No,0,0.05060701918654953,0,0.4972026912195662,0,Lower score,train,in-sample
T102127,CUST4715,2023-04-25 09:36:00,14.52,Travel,PayPal,Desktop,Mumbai,1,42,342.25,144,No,0,0.28405850722917697,1,0.5266322983158251,1,Model review,train,in-sample
T100068,CUST9580,2023-04-25 10:57:00,6.2,Grocery,UPI,Desktop,Hyderabad,1,5,358.24,168,No,0,0.18972894968871043,1,0.5264511711043294,1,Model review,train,in-sample
T103219,CUST2867,2023-04-25 15:12:00,105.46,Entertainment,UPI,Desktop,Chennai,0,58,185.06,1723,No,0,0.023610625731498375,0,0.48783106705481205,0,Lower score,train,in-sample
T102316,CUST4541,2023-04-25 16:11:00,25.7,Travel,UPI,Mobile,Mumbai,0,69,299.94,68,No,0,0.019279837033908565,0,0.48994507168722523,0,Lower score,train,in-sample
T101542,CUST3327,2023-04-25 18:01:00,67.02,Health,NetBanking,Mobile,Kolkata,1,32,408.82,1426,No,0,0.13835542693807482,0,0.5141874202219378,0,Lower score,train,in-sample
T100582,CUST3244,2023-04-25 23:08:00,54.28,Grocery,NetBanking,POS,Delhi,0,110,320.93,725,No,0,0.10508331686606731,0,0.4770689773883015,0,Lower score,train,in-sample
T100298,CUST6107,2023-04-25 23:57:00,78.02,Grocery,Debit Card,Desktop,Pune,0,72,28.37,1775,No,0,0.12387176197190834,0,0.48246285503920483,0,Lower score,train,in-sample
T101910,CUST5253,2023-04-26 03:19:00,29.18,Travel,Credit Card,Mobile,Chennai,0,71,54.75,1541,No,0,0.21972072044461147,1,0.4887426587611794,0,Model review,train,in-sample
T102514,CUST5109,2023-04-26 04:14:00,78.81,Grocery,NetBanking,POS,Delhi,0,138,162.97,1612,No,0,0.158344050360382,0,0.4812812370745519,0,Lower score,train,in-sample
T102437,CUST6989,2023-04-26 06:14:00,33.29,Food,NetBanking,Desktop,Mumbai,0,180,23.43,1520,Yes,1,0.1462185803476539,0,0.4767613186183439,0,Lower score,train,in-sample
T104528,CUST5952,2023-04-26 09:52:00,67.91,Utilities,Debit Card,Mobile,Delhi,0,76,268.49,716,No,0,0.034153975045958115,0,0.48549037630031167,0,Lower score,train,in-sample
T103608,CUST8444,2023-04-26 10:55:00,209.52,Travel,Debit Card,POS,Mumbai,0,189,430.28,1045,No,0,0.039538610350598774,0,0.49828484697541175,0,Lower score,train,in-sample
T100475,CUST6478,2023-04-26 11:10:00,396.55,Health,Credit Card,POS,Bengaluru,0,93,387.97,1747,No,0,0.047796555993586114,0,0.5164487087167746,0,Lower score,train,in-sample
T104522,CUST3420,2023-04-26 13:15:00,177.06,Health,Debit Card,Mobile,Pune,0,14,292.22,1807,No,0,0.015942218504629443,0,0.5038932356967115,0,Lower score,train,in-sample
T104978,CUST9206,2023-04-26 16:25:00,0.08,Fashion,UPI,POS,Kolkata,0,39,211.72,1496,No,0,0.01682102246895987,0,0.5077636000054707,0,Lower score,train,in-sample
T102255,CUST2303,2023-04-26 17:12:00,67.85,Travel,PayPal,Desktop,Mumbai,0,117,379.53,653,No,0,0.02003373701352804,0,0.48488877881601755,0,Lower score,train,in-sample
T102207,CUST1612,2023-04-26 20:38:00,156.35,Grocery,UPI,Mobile,Hyderabad,0,72,61.88,1574,No,0,0.0588320091697748,0,0.48295170343868343,0,Lower score,train,in-sample
T103155,CUST4279,2023-04-26 22:32:00,83.83,Grocery,NetBanking,Mobile,Hyderabad,0,88,165.8,351,No,0,0.0890784345007883,0,0.47520444388998134,0,Lower score,train,in-sample
T103979,CUST9307,2023-04-26 23:01:00,44.43,Grocery,UPI,Desktop,Kolkata,0,112,235.01,1196,No,0,0.08784631313925527,0,0.4772770937945768,0,Lower score,train,in-sample
T103673,CUST4277,2023-04-27 01:07:00,9.47,Health,Credit Card,Mobile,Hyderabad,1,14,275.72,1437,No,1,0.5666346438011417,1,0.5276482451569002,1,Model review,train,in-sample
T100276,CUST6214,2023-04-27 01:11:00,128.08,Grocery,UPI,Desktop,Pune,0,16,198.37,407,No,1,0.13747923427171616,0,0.48212622033040875,0,Lower score,train,in-sample
T101921,CUST5446,2023-04-27 01:12:00,0.26,Travel,UPI,POS,Hyderabad,0,81,415.0,1693,No,0,0.1521151987184926,0,0.5085748345099866,0,Lower score,train,in-sample
T103871,CUST7298,2023-04-27 02:04:00,16.05,Grocery,UPI,Desktop,Chennai,0,186,21.87,1578,No,0,0.1622617008413348,1,0.4819753359091738,0,Model review,train,in-sample
T100909,CUST4860,2023-04-27 11:42:00,38.2,Electronics,NetBanking,Desktop,Kolkata,0,159,67.65,1996,No,0,0.009531112397544941,0,0.47352939933235144,0,Lower score,train,in-sample
T101689,CUST9439,2023-04-27 11:44:00,115.79,Grocery,Debit Card,Mobile,Bengaluru,0,163,469.54,1015,No,0,0.019152067047278395,0,0.49112961291407453,0,Lower score,train,in-sample
T101380,CUST1550,2023-04-27 11:59:00,14.28,Health,Credit Card,POS,Hyderabad,0,3,120.65,1059,No,0,0.01526919039820009,0,0.4862231287543624,0,Lower score,train,in-sample
T101895,CUST3706,2023-04-27 18:23:00,105.66,Food,Credit Card,Mobile,Mumbai,0,178,317.83,1853,No,0,0.029215085835058472,0,0.4726015808964822,0,Lower score,train,in-sample
T104123,CUST7421,2023-04-27 18:49:00,184.42,Entertainment,PayPal,Desktop,Chennai,0,183,19.53,1932,No,0,0.03351567908452309,0,0.5066986338394364,0,Lower score,train,in-sample
T104504,CUST2500,2023-04-27 20:57:00,54.85,Food,Credit Card,POS,Hyderabad,0,106,461.63,1450,No,0,0.06139666511511787,0,0.476600985736684,0,Lower score,train,in-sample
T101846,CUST4483,2023-04-28 01:15:00,10.36,Grocery,Credit Card,POS,Mumbai,0,87,223.07,1751,No,1,0.10980338287961004,0,0.4926927860833075,0,Lower score,train,in-sample
T101834,CUST2474,2023-04-28 04:02:00,133.61,Health,UPI,Desktop,Mumbai,1,80,496.08,283,No,0,0.5920195326932945,1,0.5245144409459899,1,Model review,train,in-sample
T104613,CUST5699,2023-04-28 10:02:00,9.23,Travel,Credit Card,Desktop,Delhi,0,40,100.65,137,No,0,0.021290821834094597,0,0.4889651108708086,0,Lower score,train,in-sample
T103587,CUST1882,2023-04-28 10:16:00,114.99,Grocery,PayPal,POS,Kolkata,0,183,340.0,65,No,0,0.014997973483672577,0,0.5000734169701521,0,Lower score,train,in-sample
T104043,CUST3570,2023-04-28 10:18:00,77.28,Food,Debit Card,POS,Pune,0,106,153.02,603,No,0,0.02371832988265139,0,0.4808093558809751,0,Lower score,train,in-sample
T103116,CUST5571,2023-04-28 17:41:00,107.37,Grocery,Credit Card,Desktop,Mumbai,0,16,291.76,1891,No,0,0.013881379045080371,0,0.4826968137354953,0,Lower score,train,in-sample
T104638,CUST2443,2023-04-28 18:45:00,111.49,Utilities,UPI,Mobile,Bengaluru,0,54,447.13,1936,No,0,0.02212325943653442,0,0.49095066012645694,0,Lower score,train,in-sample
T100852,CUST2250,2023-04-28 19:01:00,18.85,Food,UPI,Mobile,Pune,0,45,241.66,1110,No,0,0.021228794369762174,0,0.4897008476997792,0,Lower score,train,in-sample
T101582,CUST8202,2023-04-28 21:26:00,72.21,Health,Credit Card,POS,Bengaluru,0,116,179.48,718,No,0,0.05170981563203351,0,0.48050672748491635,0,Lower score,train,in-sample
T101713,CUST3691,2023-04-28 22:03:00,49.27,Travel,Credit Card,POS,Hyderabad,0,186,40.97,1803,No,0,0.05927729900608488,0,0.48286356670321656,0,Lower score,train,in-sample
T100236,CUST7848,2023-04-28 23:44:00,26.37,Entertainment,NetBanking,Mobile,Mumbai,0,74,426.34,1480,No,0,0.09561337472314256,0,0.49027770239571705,0,Lower score,train,in-sample
T100806,CUST9071,2023-04-29 00:58:00,217.89,Grocery,PayPal,Mobile,Delhi,0,18,353.93,1982,No,1,0.12549529161547177,0,0.5032378452212075,0,Lower score,train,in-sample
T102122,CUST8594,2023-04-29 02:42:00,273.21,Electronics,Credit Card,Mobile,Delhi,1,106,88.26,380,No,0,0.6013253352230881,1,0.5532141649085813,1,Model review,train,in-sample
T100865,CUST8097,2023-04-29 04:10:00,65.61,Food,Credit Card,POS,Bengaluru,0,163,312.48,643,No,0,0.19679586313677094,1,0.49427644939456983,0,Model review,train,in-sample
T100885,CUST1708,2023-04-29 05:29:00,15.73,Health,Credit Card,Desktop,Delhi,0,57,152.55,1061,No,0,0.09600248134440732,0,0.4931894412517344,0,Lower score,train,in-sample
T104082,CUST9767,2023-04-29 06:24:00,78.54,Electronics,Debit Card,POS,Chennai,0,44,37.43,555,No,0,0.08075157223609188,0,0.48985212092140107,0,Lower score,train,in-sample
T101893,CUST4640,2023-04-29 08:51:00,18.26,Utilities,Debit Card,POS,Delhi,0,40,268.87,1259,No,0,0.03502664240728682,0,0.4977800517322591,0,Lower score,train,in-sample
T100161,CUST3907,2023-04-29 09:04:00,80.04,Fashion,Debit Card,Mobile,Kolkata,0,104,296.09,1448,No,0,0.0370958015034391,0,0.49001902134219505,0,Lower score,train,in-sample
T101055,CUST1793,2023-04-29 11:56:00,34.55,Grocery,Credit Card,Desktop,Delhi,0,6,304.56,791,No,0,0.013003890420623911,0,0.4904227041356803,0,Lower score,train,in-sample
T103166,CUST5979,2023-04-29 12:21:00,209.5,Fashion,PayPal,POS,Bengaluru,0,135,278.18,1035,No,0,0.023635616762142667,0,0.5103593899597746,0,Lower score,train,in-sample
T100610,CUST4402,2023-04-29 21:38:00,3.21,Electronics,NetBanking,Desktop,Pune,0,152,359.34,1489,No,0,0.0335604809470243,0,0.4881523123922853,0,Lower score,train,in-sample
T100173,CUST8045,2023-04-30 00:35:00,20.55,Food,UPI,POS,Chennai,0,165,423.39,723,No,1,0.1999943465774256,1,0.5015810373674826,0,Model review,train,in-sample
T104460,CUST1104,2023-04-30 01:10:00,41.23,Utilities,PayPal,POS,Bengaluru,0,1,220.46,1231,No,0,0.15373217998207578,0,0.4948474573016179,0,Lower score,train,in-sample
T101739,CUST7765,2023-04-30 05:37:00,42.77,Utilities,Debit Card,Mobile,Bengaluru,0,21,146.3,1446,No,1,0.1278132414439689,0,0.49409354660219684,0,Lower score,train,in-sample
T100779,CUST8205,2023-04-30 06:57:00,81.99,Travel,Debit Card,Desktop,Delhi,0,121,422.05,1438,No,0,0.0890274042692522,0,0.4979066923933323,0,Lower score,train,in-sample
T101062,CUST2309,2023-04-30 06:59:00,116.98,Food,PayPal,Mobile,Mumbai,0,189,183.96,1983,No,0,0.10884695663416279,0,0.4889557747280505,0,Lower score,train,in-sample
T102062,CUST6869,2023-04-30 07:15:00,131.36,Travel,NetBanking,Desktop,Pune,0,179,118.63,1391,No,0,0.08082037330444185,0,0.4902248984312397,0,Lower score,train,in-sample
T100499,CUST6464,2023-04-30 07:51:00,342.71,Health,NetBanking,Desktop,Chennai,0,147,40.44,276,No,0,0.10141459699153503,0,0.5228632224192067,1,Anomaly review,train,in-sample
T104953,CUST9457,2023-04-30 08:12:00,89.61,Utilities,Debit Card,Desktop,Bengaluru,0,78,499.37,643,No,0,0.06582324361497655,0,0.4921877321212129,0,Lower score,train,in-sample
T100491,CUST9803,2023-04-30 08:14:00,77.43,Electronics,UPI,POS,Pune,0,57,229.67,1841,No,0,0.044455301552288745,0,0.4892179038981169,0,Lower score,train,in-sample
T100965,CUST7357,2023-04-30 11:15:00,35.16,Fashion,PayPal,Mobile,Kolkata,1,21,345.12,749,No,0,0.14409277021626538,0,0.5284648490248713,1,Anomaly review,train,in-sample
T101798,CUST6955,2023-04-30 14:57:00,5.91,Entertainment,Credit Card,Mobile,Chennai,0,166,462.61,894,No,0,0.015764157230043173,0,0.5129309800605669,0,Lower score,train,in-sample
T104129,CUST6405,2023-04-30 19:37:00,0.09,Entertainment,PayPal,POS,Hyderabad,1,16,163.06,1852,No,0,0.230076160761092,1,0.5606653514023577,1,Model review,train,in-sample
T104907,CUST7219,2023-05-01 02:51:00,18.43,Travel,PayPal,POS,Pune,0,4,373.38,1699,No,0,0.14608886729109846,0,0.49885134894404487,0,Lower score,train,in-sample
T103355,CUST1581,2023-05-01 03:15:00,6.41,Health,NetBanking,POS,Kolkata,0,80,431.27,161,No,1,0.12137853166335628,0,0.49244919412570914,0,Lower score,train,in-sample
T104376,CUST1580,2023-05-01 04:22:00,38.6,Electronics,Debit Card,Desktop,Kolkata,0,75,78.73,1564,No,0,0.09088826324394579,0,0.4853352661403509,0,Lower score,train,in-sample
T104047,CUST6633,2023-05-01 07:03:00,66.45,Grocery,NetBanking,POS,Kolkata,0,11,186.36,1296,No,0,0.06236252098643609,0,0.4807504024964238,0,Lower score,train,in-sample
T101020,CUST6358,2023-05-01 09:25:00,95.63,Entertainment,Debit Card,Mobile,Mumbai,0,141,25.23,586,No,0,0.04833590315674798,0,0.48286690638826313,0,Lower score,train,in-sample
T101595,CUST6675,2023-05-01 12:35:00,69.09,Grocery,Credit Card,POS,Mumbai,0,137,351.21,1610,No,0,0.016341807585596127,0,0.4840154198315946,0,Lower score,train,in-sample
T100303,CUST1484,2023-05-01 16:31:00,81.16,Utilities,UPI,POS,Delhi,0,32,467.45,1801,No,0,0.015052503345018507,0,0.4861750799870042,0,Lower score,train,in-sample
T100619,CUST9369,2023-05-01 17:36:00,110.35,Entertainment,Debit Card,POS,Hyderabad,0,116,440.94,1375,No,0,0.02268819226572092,0,0.4935563122621872,0,Lower score,train,in-sample
T104021,CUST1815,2023-05-01 18:18:00,22.01,Electronics,UPI,POS,Hyderabad,0,72,100.09,1649,No,0,0.016943617958823473,0,0.48920679896026714,0,Lower score,train,in-sample
T101541,CUST5990,2023-05-01 18:36:00,9.04,Food,PayPal,Mobile,Pune,0,179,152.59,1577,No,0,0.021884266799163152,0,0.4960713728523724,0,Lower score,train,in-sample
T100233,CUST1503,2023-05-01 19:45:00,54.26,Health,PayPal,POS,Pune,0,16,215.36,1049,No,0,0.027276434982704028,0,0.4926852672123855,0,Lower score,train,in-sample
T104326,CUST7147,2023-05-01 19:55:00,1.79,Entertainment,PayPal,Desktop,Delhi,0,145,34.97,473,No,0,0.032802874351428014,0,0.5026541470713013,0,Lower score,train,in-sample
T103815,CUST5390,2023-05-01 21:15:00,68.95,Health,NetBanking,Desktop,Mumbai,1,5,11.49,328,No,0,0.3518431815122906,1,0.5128010306396258,0,Model review,train,in-sample
T104449,CUST8821,2023-05-01 23:26:00,105.0,Fashion,UPI,Mobile,Delhi,0,5,448.04,726,No,0,0.1437899129681947,0,0.49121856422660454,0,Lower score,train,in-sample
T102397,CUST1053,2023-05-02 03:41:00,2.06,Travel,Debit Card,Desktop,Chennai,0,40,113.0,1799,No,0,0.21015511921397145,1,0.4978203358649173,0,Model review,train,in-sample
T101960,CUST3301,2023-05-02 03:53:00,10.08,Health,UPI,Mobile,Bengaluru,0,144,496.76,1688,No,0,0.2012354858242953,1,0.49575208695032086,0,Model review,train,in-sample
T102685,CUST2261,2023-05-02 06:18:00,1.56,Health,NetBanking,POS,Chennai,0,7,444.45,1019,No,0,0.12542210085841776,0,0.49130617094527573,0,Lower score,train,in-sample
T104806,CUST5301,2023-05-02 06:27:00,6.48,Health,PayPal,Desktop,Hyderabad,1,97,499.31,1671,No,0,0.4895916161245875,1,0.5341474567000327,1,Model review,train,in-sample
T104395,CUST8771,2023-05-02 07:14:00,147.7,Entertainment,UPI,POS,Chennai,0,93,329.46,855,No,0,0.15319296360808143,0,0.4965262142706829,0,Lower score,train,in-sample
T102508,CUST9323,2023-05-02 07:30:00,150.17,Entertainment,Credit Card,POS,Chennai,0,90,161.97,1523,Yes,0,0.13653607801500262,0,0.4919486291616702,0,Lower score,train,in-sample
T102897,CUST5464,2023-05-02 08:00:00,26.56,Travel,PayPal,Desktop,Pune,0,80,422.93,171,No,0,0.06237867484385283,0,0.48938546474752187,0,Lower score,train,in-sample
T104751,CUST1863,2023-05-02 10:23:00,46.99,Utilities,PayPal,POS,Hyderabad,1,107,403.8,1621,Yes,0,0.21492752398119214,1,0.5126560630629717,0,Model review,train,in-sample
T100212,CUST7566,2023-05-02 11:31:00,84.44,Fashion,Credit Card,Mobile,Kolkata,0,177,203.64,1905,No,0,0.025092092956342755,0,0.4866372131802617,0,Lower score,train,in-sample
T100319,CUST3805,2023-05-02 12:39:00,23.04,Fashion,PayPal,Mobile,Bengaluru,0,57,318.9,299,No,0,0.022930300961209106,0,0.4878381499175196,0,Lower score,train,in-sample
T100999,CUST6148,2023-05-02 12:53:00,47.25,Fashion,Debit Card,POS,Delhi,0,198,379.02,1835,No,0,0.021329958645748357,0,0.49127682089070773,0,Lower score,train,in-sample
T100230,CUST1325,2023-05-02 14:52:00,126.71,Travel,Credit Card,Desktop,Chennai,0,150,295.26,1624,No,0,0.021339838548951575,0,0.4839143190829769,0,Lower score,train,in-sample
T104006,CUST3614,2023-05-02 14:58:00,35.84,Entertainment,Credit Card,POS,Chennai,0,90,196.0,609,No,0,0.021026817007034498,0,0.4819543855792318,0,Lower score,train,in-sample
T103481,CUST7173,2023-05-02 15:27:00,68.0,Food,Credit Card,Desktop,Bengaluru,0,138,91.54,1989,No,0,0.023187487362020552,0,0.4753227301380316,0,Lower score,train,in-sample
T101398,CUST9502,2023-05-02 16:03:00,76.81,Food,UPI,Desktop,Kolkata,0,97,31.94,1963,No,0,0.017774316150349183,0,0.48582625199284263,0,Lower score,train,in-sample
T101824,CUST3907,2023-05-02 17:09:00,82.6,Travel,Debit Card,POS,Kolkata,0,190,98.89,1953,No,0,0.01757754164869322,0,0.49509371665527285,0,Lower score,train,in-sample
T100711,CUST1548,2023-05-02 19:41:00,72.44,Utilities,PayPal,Mobile,Delhi,0,183,475.17,518,No,0,0.0332854347177183,0,0.48798888831818993,0,Lower score,train,in-sample
T104735,CUST5995,2023-05-03 00:19:00,10.15,Travel,NetBanking,Desktop,Delhi,0,143,441.79,341,No,1,0.13966438884749455,0,0.48429919909770425,0,Lower score,train,in-sample
T100361,CUST1100,2023-05-03 00:39:00,82.47,Fashion,PayPal,POS,Bengaluru,0,150,365.06,799,Yes,0,0.2151065435789338,1,0.47785432868776095,0,Model review,train,in-sample
T101348,CUST1953,2023-05-03 02:12:00,351.53,Electronics,UPI,Mobile,Delhi,0,188,42.66,1863,No,0,0.20968622051233426,1,0.5330924321476072,1,Model review,train,in-sample
T104329,CUST2781,2023-05-03 04:34:00,134.73,Utilities,UPI,Desktop,Pune,0,180,334.47,392,No,1,0.17209806931964183,1,0.48717955650994654,0,Model review,train,in-sample
T104308,CUST1148,2023-05-03 05:57:00,141.13,Utilities,Debit Card,POS,Hyderabad,0,89,268.2,771,No,0,0.14067371442780677,0,0.4926830906100253,0,Lower score,train,in-sample
T103502,CUST8712,2023-05-03 06:56:00,471.34,Health,NetBanking,Mobile,Kolkata,0,159,232.83,190,No,0,0.12628893449727663,0,0.518625683300695,1,Anomaly review,train,in-sample
T103359,CUST6302,2023-05-03 08:37:00,86.19,Health,UPI,Desktop,Mumbai,0,59,91.8,68,No,0,0.06621680192223674,0,0.4838388588223063,0,Lower score,train,in-sample
T102317,CUST7517,2023-05-03 08:58:00,40.15,Utilities,Debit Card,Desktop,Hyderabad,0,114,498.34,1438,No,0,0.047397722968647894,0,0.47816332172729764,0,Lower score,train,in-sample
T104616,CUST3222,2023-05-03 09:47:00,132.37,Fashion,Debit Card,Desktop,Bengaluru,0,157,227.44,1391,No,0,0.06172830862656074,0,0.4907982772352237,0,Lower score,train,in-sample
T100100,CUST3365,2023-05-03 11:18:00,2.55,Food,UPI,POS,Pune,0,175,135.12,581,No,0,0.02802555782599517,0,0.5012646886605323,0,Lower score,train,in-sample
T104696,CUST9042,2023-05-03 13:33:00,56.34,Travel,NetBanking,Desktop,Bengaluru,0,103,148.74,1403,Yes,1,0.01850172428961199,0,0.4749345174596995,0,Lower score,train,in-sample
T102652,CUST5481,2023-05-03 15:13:00,36.94,Electronics,NetBanking,Mobile,Delhi,0,152,418.79,621,No,0,0.009553838992732273,0,0.4795436629123564,0,Lower score,train,in-sample
T101261,CUST6073,2023-05-03 21:57:00,127.78,Food,NetBanking,Desktop,Kolkata,0,98,395.82,436,No,0,0.0864469290320773,0,0.4774958277077138,0,Lower score,train,in-sample
T104724,CUST2107,2023-05-04 06:51:00,19.84,Fashion,Debit Card,POS,Mumbai,0,168,46.87,1364,Yes,0,0.1052634492274283,0,0.48371255930191603,0,Lower score,train,in-sample
T103845,CUST9838,2023-05-04 08:26:00,85.46,Fashion,Credit Card,POS,Kolkata,0,191,253.55,894,No,0,0.05429536630208027,0,0.4895736215612298,0,Lower score,train,in-sample
T104802,CUST9185,2023-05-04 11:05:00,192.13,Entertainment,PayPal,POS,Chennai,0,71,416.34,1807,No,0,0.031335828972297475,0,0.5057740686382934,0,Lower score,train,in-sample
T104375,CUST1530,2023-05-04 13:31:00,52.82,Electronics,Credit Card,Desktop,Chennai,0,195,153.73,1268,No,0,0.01087383691980138,0,0.47317678206604,0,Lower score,train,in-sample
T101031,CUST2198,2023-05-04 13:53:00,72.56,Health,Credit Card,Mobile,Bengaluru,0,35,263.37,139,No,0,0.013540598292879564,0,0.4814526850851939,0,Lower score,train,in-sample
T101488,CUST5582,2023-05-04 14:29:00,39.35,Grocery,UPI,POS,Bengaluru,0,123,341.81,917,No,0,0.013165036735860855,0,0.48485193678537747,0,Lower score,train,in-sample
T103004,CUST4709,2023-05-04 15:31:00,67.84,Food,Credit Card,Mobile,Hyderabad,0,128,177.44,1705,No,0,0.014977020174914547,0,0.4687852364230129,0,Lower score,train,in-sample
T100435,CUST4594,2023-05-04 15:55:00,96.58,Fashion,UPI,Desktop,Kolkata,0,71,360.63,1132,No,0,0.013795883025749637,0,0.4879571956467978,0,Lower score,train,in-sample
T103302,CUST9547,2023-05-04 16:31:00,65.51,Food,NetBanking,Desktop,Hyderabad,0,3,256.53,1905,No,0,0.015911829402704587,0,0.4731603597415385,0,Lower score,train,in-sample
T100943,CUST4337,2023-05-04 17:01:00,141.64,Electronics,PayPal,POS,Chennai,0,166,90.57,916,No,0,0.013325995140182496,0,0.4850239421062484,0,Lower score,train,in-sample
T103239,CUST4253,2023-05-04 21:48:00,65.11,Utilities,PayPal,Desktop,Delhi,0,43,26.65,1777,No,0,0.05251975280270453,0,0.4816054135475313,0,Lower score,train,in-sample
T101891,CUST2582,2023-05-04 22:05:00,41.07,Travel,Credit Card,POS,Hyderabad,0,173,451.14,844,No,0,0.07575219151975417,0,0.48344643605712995,0,Lower score,train,in-sample
T103293,CUST2536,2023-05-05 01:03:00,62.43,Fashion,PayPal,Desktop,Mumbai,0,26,190.33,1331,No,1,0.13246204786031632,0,0.4862036108143565,0,Lower score,train,in-sample
T101059,CUST3043,2023-05-05 01:28:00,79.0,Utilities,NetBanking,Mobile,Kolkata,0,97,302.56,113,No,0,0.08813890664022028,0,0.4808078627059273,0,Lower score,train,in-sample
T101606,CUST6983,2023-05-05 02:10:00,5.6,Travel,Credit Card,POS,Hyderabad,0,48,275.84,1721,No,0,0.1275442244055924,0,0.499442488835914,0,Lower score,train,in-sample
T100962,CUST5368,2023-05-05 02:24:00,22.52,Travel,Debit Card,Mobile,Bengaluru,1,106,342.56,1467,No,1,0.5931798556221791,1,0.5292105334472891,1,Model review,train,in-sample
T100126,CUST1719,2023-05-05 02:58:00,136.31,Electronics,UPI,Desktop,Chennai,0,80,37.79,136,No,0,0.12899052855751159,0,0.4926303825481848,0,Lower score,train,in-sample
T100202,CUST4394,2023-05-05 06:21:00,14.1,Food,PayPal,Desktop,Kolkata,0,119,368.96,1432,No,0,0.06269733686408845,0,0.495746909531512,0,Lower score,train,in-sample
T101318,CUST1296,2023-05-05 06:44:00,6.81,Food,Debit Card,POS,Delhi,0,98,199.77,814,No,0,0.07417787424701218,0,0.49658533459792104,0,Lower score,train,in-sample
T100841,CUST2273,2023-05-05 16:56:00,87.14,Food,Debit Card,Mobile,Mumbai,0,102,99.25,607,No,0,0.014862158938203078,0,0.47170688336361605,0,Lower score,train,in-sample
T100513,CUST8211,2023-05-05 21:50:00,160.83,Fashion,PayPal,Mobile,Bengaluru,0,99,302.01,155,No,0,0.0736869693629488,0,0.4922867648611975,0,Lower score,train,in-sample
T104093,CUST7959,2023-05-05 22:49:00,211.45,Utilities,Credit Card,POS,Pune,0,139,110.56,1449,No,0,0.07620127792473175,0,0.4929757013636262,0,Lower score,train,in-sample
T103135,CUST3608,2023-05-05 23:47:00,76.73,Health,UPI,POS,Pune,0,35,434.31,1873,No,0,0.08525789652657367,0,0.48904915986923414,0,Lower score,train,in-sample
T101506,CUST9221,2023-05-06 00:10:00,69.43,Travel,NetBanking,Mobile,Kolkata,0,166,164.99,353,No,1,0.09347805355026373,0,0.4941729768577967,0,Lower score,train,in-sample
T101662,CUST3959,2023-05-06 01:55:00,201.45,Food,PayPal,Desktop,Pune,0,37,227.61,1309,No,0,0.17175362609616232,1,0.5098571127769147,0,Model review,train,in-sample
T101283,CUST8638,2023-05-06 02:35:00,0.79,Grocery,NetBanking,Desktop,Mumbai,0,137,232.2,531,No,0,0.12844027735056027,0,0.5073551581116877,0,Lower score,train,in-sample
T102475,CUST1543,2023-05-06 03:33:00,163.2,Utilities,PayPal,Desktop,Kolkata,0,16,436.37,615,No,0,0.11684111892024211,0,0.5089962156954013,0,Lower score,train,in-sample
T100415,CUST6952,2023-05-06 03:55:00,47.6,Electronics,Debit Card,Desktop,Bengaluru,1,181,411.36,1433,No,1,0.5488201153353005,1,0.5187430611617316,1,Model review,train,in-sample
T101459,CUST5382,2023-05-06 09:13:00,86.04,Fashion,Debit Card,Mobile,Bengaluru,0,33,335.45,1074,No,0,0.05148371974352303,0,0.48245023719724517,0,Lower score,train,in-sample
T103218,CUST5969,2023-05-06 09:41:00,101.48,Travel,PayPal,POS,Mumbai,1,116,196.52,1965,No,0,0.24236112127177722,1,0.5253774346135804,1,Model review,train,in-sample
T104634,CUST9102,2023-05-06 10:04:00,11.82,Health,NetBanking,POS,Kolkata,0,158,53.48,836,No,0,0.018546012438923176,0,0.4970291323525228,0,Lower score,train,in-sample
T103256,CUST3376,2023-05-06 13:38:00,94.23,Food,UPI,POS,Pune,1,58,145.42,698,No,1,0.1198862908926499,0,0.5404915677489571,1,Anomaly review,train,in-sample
T100278,CUST2451,2023-05-06 14:40:00,96.84,Food,Debit Card,POS,Mumbai,0,18,372.2,1979,No,0,0.01544775170200035,0,0.4900932657192105,0,Lower score,train,in-sample
T100612,CUST5543,2023-05-06 22:23:00,79.09,Food,UPI,POS,Hyderabad,0,101,129.08,932,No,0,0.09861611528601753,0,0.500464875790201,0,Lower score,train,in-sample
T101117,CUST4368,2023-05-07 00:06:00,167.95,Health,UPI,Mobile,Delhi,0,81,133.24,1198,No,0,0.14071831580564698,0,0.5102715139407024,0,Lower score,train,in-sample
T102406,CUST2380,2023-05-07 02:28:00,36.28,Health,UPI,Desktop,Delhi,0,162,228.14,721,No,0,0.1580659604476295,0,0.48603299352726437,0,Lower score,train,in-sample
T103477,CUST7512,2023-05-07 02:50:00,61.42,Utilities,Debit Card,Mobile,Kolkata,0,143,137.81,1977,No,0,0.12888950479266326,0,0.49275893552715216,0,Lower score,train,in-sample
T102984,CUST1953,2023-05-07 05:44:00,63.25,Health,Credit Card,POS,Kolkata,0,75,420.85,1781,No,0,0.09790325042250997,0,0.4950119531873637,0,Lower score,train,in-sample
T101358,CUST5258,2023-05-07 06:59:00,25.93,Travel,PayPal,POS,Chennai,0,38,131.55,1583,No,0,0.09494721229810332,0,0.49376668125222495,0,Lower score,train,in-sample
T102024,CUST5322,2023-05-07 09:02:00,43.41,Grocery,UPI,POS,Kolkata,0,21,446.35,749,No,0,0.034452229071878025,0,0.49110335459443866,0,Lower score,train,in-sample
T101646,CUST7159,2023-05-07 09:39:00,10.93,Utilities,UPI,Mobile,Mumbai,0,173,198.38,922,No,0,0.03575238012417153,0,0.5036698013687713,0,Lower score,train,in-sample
T102558,CUST5379,2023-05-07 09:57:00,6.4,Fashion,Credit Card,Desktop,Hyderabad,0,18,348.62,306,No,0,0.03775980464654279,0,0.5086889757838671,0,Lower score,train,in-sample
T102436,CUST5150,2023-05-07 14:03:00,38.96,Entertainment,PayPal,Mobile,Kolkata,0,162,471.49,1298,No,0,0.010118114020974475,0,0.5094107876427162,0,Lower score,train,in-sample
T100644,CUST1001,2023-05-07 15:38:00,10.21,Utilities,Credit Card,POS,Delhi,0,90,380.12,1809,No,0,0.011598527870096478,0,0.49765613398274483,0,Lower score,train,in-sample
T103713,CUST3578,2023-05-07 15:59:00,77.97,Utilities,Credit Card,Desktop,Delhi,0,24,288.4,1977,No,0,0.012758014196377903,0,0.4868644560760688,0,Lower score,train,in-sample
T100175,CUST3844,2023-05-07 16:01:00,15.33,Food,UPI,Desktop,Hyderabad,0,157,446.28,1648,No,0,0.01677440565863109,0,0.5063371347927718,0,Lower score,train,in-sample
T104715,CUST5181,2023-05-07 19:33:00,30.95,Food,Credit Card,Mobile,Bengaluru,1,190,188.03,533,No,0,0.2945549248416821,1,0.5189950774639909,1,Model review,train,in-sample
T101792,CUST1238,2023-05-07 19:52:00,57.43,Health,NetBanking,Mobile,Hyderabad,0,31,277.02,860,No,0,0.031819937932120804,0,0.4861747473452848,0,Lower score,train,in-sample
T103037,CUST6024,2023-05-07 20:37:00,314.45,Electronics,UPI,Mobile,Kolkata,1,165,264.96,1240,No,0,0.28053567061622225,1,0.564147729311213,1,Model review,train,in-sample
T104452,CUST9278,2023-05-07 20:49:00,143.0,Electronics,Debit Card,Desktop,Chennai,0,103,356.17,1014,No,0,0.04749573096520872,0,0.4994657034091137,0,Lower score,train,in-sample
T103190,CUST1213,2023-05-07 22:28:00,29.43,Utilities,NetBanking,POS,Delhi,0,32,302.43,1362,No,0,0.07358410287012856,0,0.48695257806358344,0,Lower score,train,in-sample
T102295,CUST6003,2023-05-07 22:58:00,0.62,Food,NetBanking,Desktop,Kolkata,0,119,139.59,601,No,0,0.08520270416426468,0,0.5107818565558695,0,Lower score,train,in-sample
T100662,CUST9563,2023-05-07 23:28:00,74.47,Fashion,PayPal,Mobile,Bengaluru,0,55,94.95,1753,No,0,0.14290779637371367,0,0.4950334191230482,0,Lower score,train,in-sample
T101806,CUST2077,2023-05-08 05:31:00,86.63,Entertainment,PayPal,Desktop,Bengaluru,1,188,344.06,322,No,0,0.6194495906668234,1,0.5156934181563126,0,Model review,train,in-sample
T103662,CUST5942,2023-05-08 07:51:00,4.12,Grocery,Debit Card,Desktop,Delhi,0,28,251.6,1718,No,0,0.05173992804428266,0,0.5021577475089642,0,Lower score,train,in-sample
T104347,CUST7665,2023-05-08 11:09:00,64.72,Food,UPI,Mobile,Pune,0,176,84.61,1743,No,0,0.026231572995842826,0,0.48940435641117086,0,Lower score,train,in-sample
T100813,CUST1306,2023-05-08 12:40:00,202.9,Utilities,PayPal,POS,Delhi,0,108,482.4,1454,No,0,0.01597730897559477,0,0.502207438445278,0,Lower score,train,in-sample
T103975,CUST9147,2023-05-08 15:45:00,187.68,Utilities,UPI,Mobile,Delhi,0,15,410.45,1770,No,0,0.015149822626010744,0,0.4976194504876302,0,Lower score,train,in-sample
T104480,CUST8977,2023-05-08 19:26:00,14.09,Utilities,UPI,Desktop,Pune,0,95,476.66,701,No,0,0.02649137913628128,0,0.48873768430024617,0,Lower score,train,in-sample
T102074,CUST2926,2023-05-08 21:42:00,169.34,Utilities,NetBanking,Mobile,Mumbai,0,195,75.98,1229,No,0,0.07507608545097007,0,0.48530657007936945,0,Lower score,train,in-sample
T100868,CUST2520,2023-05-08 22:04:00,158.32,Health,NetBanking,Desktop,Bengaluru,0,65,487.87,1165,No,0,0.09007203959156714,0,0.49297730344868157,0,Lower score,train,in-sample
T100602,CUST5307,2023-05-08 22:19:00,15.58,Electronics,NetBanking,POS,Chennai,0,2,394.74,838,No,0,0.0665625245226842,0,0.4793839670912736,0,Lower score,train,in-sample
T101668,CUST6745,2023-05-09 03:26:00,9.9,Travel,PayPal,Desktop,Kolkata,0,28,164.24,1268,No,1,0.14515360452660847,0,0.4947247628437937,0,Lower score,train,in-sample
T102333,CUST1655,2023-05-09 09:34:00,92.82,Electronics,NetBanking,POS,Pune,0,144,397.05,605,No,0,0.031029874284527664,0,0.47719140782783187,0,Lower score,train,in-sample
T100184,CUST7664,2023-05-09 10:51:00,23.87,Health,Debit Card,POS,Kolkata,0,56,145.5,919,No,0,0.021279662877792017,0,0.48341229207350667,0,Lower score,train,in-sample
T103640,CUST1710,2023-05-09 13:03:00,21.76,Entertainment,UPI,Desktop,Hyderabad,0,124,408.06,1113,No,0,0.020209465468655995,0,0.4910827948399542,0,Lower score,train,in-sample
T102409,CUST8150,2023-05-09 13:17:00,48.41,Fashion,Debit Card,POS,Delhi,0,123,491.28,677,No,0,0.020118571815802937,0,0.4924074749881909,0,Lower score,train,in-sample
T103611,CUST6737,2023-05-09 14:34:00,12.35,Electronics,Credit Card,POS,Chennai,0,12,258.74,937,No,0,0.013122856876972613,0,0.4724476606081038,0,Lower score,train,in-sample
T102716,CUST4585,2023-05-09 15:21:00,83.18,Grocery,UPI,POS,Pune,0,21,67.18,236,No,0,0.014530959155650327,0,0.4732108771356997,0,Lower score,train,in-sample
T102287,CUST7262,2023-05-09 18:00:00,32.2,Travel,Credit Card,Desktop,Pune,0,96,241.08,621,No,0,0.022720594903100702,0,0.48592198744596676,0,Lower score,train,in-sample
T100788,CUST6572,2023-05-09 19:47:00,49.59,Health,UPI,Desktop,Chennai,0,133,100.31,1817,No,0,0.0486463464170377,0,0.4780273500300779,0,Lower score,train,in-sample
T104849,CUST6541,2023-05-09 21:21:00,9.2,Grocery,Debit Card,Desktop,Hyderabad,0,102,369.24,1524,No,0,0.05914379985624579,0,0.4932198981843026,0,Lower score,train,in-sample
T101003,CUST4687,2023-05-09 22:35:00,105.41,Entertainment,PayPal,POS,Bengaluru,0,34,229.29,1239,No,0,0.13563367586588929,0,0.48540332619528087,0,Lower score,train,in-sample
T100467,CUST9278,2023-05-09 23:01:00,162.36,Fashion,Debit Card,Mobile,Delhi,0,76,62.06,329,No,0,0.15251968668135998,0,0.4892573596856651,0,Lower score,train,in-sample
T102920,CUST1411,2023-05-10 01:20:00,31.48,Fashion,Debit Card,POS,Bengaluru,1,23,48.2,1763,No,1,0.7361049861386229,1,0.5130810009292324,0,Model review,train,in-sample
T100456,CUST4140,2023-05-10 03:09:00,0.91,Entertainment,Credit Card,Desktop,Bengaluru,0,182,274.05,554,No,0,0.22769777656433432,1,0.5095760546734622,0,Model review,train,in-sample
T100308,CUST7850,2023-05-10 05:14:00,126.85,Utilities,UPI,Desktop,Mumbai,0,118,166.21,1286,No,0,0.17797029547009457,1,0.48854151037654875,0,Model review,train,in-sample
T103515,CUST3853,2023-05-10 05:49:00,222.4,Food,Credit Card,Desktop,Delhi,0,23,403.68,1974,No,0,0.1922057385540318,1,0.499482506491795,0,Model review,train,in-sample
T103249,CUST7079,2023-05-10 06:29:00,79.85,Health,Debit Card,Desktop,Bengaluru,1,167,263.64,1593,No,1,0.5646740096757809,1,0.5162005951668105,0,Model review,train,in-sample
T104573,CUST8123,2023-05-10 08:19:00,113.52,Utilities,UPI,Mobile,Hyderabad,0,134,42.36,610,No,0,0.07030467595013733,0,0.4890945169753926,0,Lower score,train,in-sample
T104655,CUST2155,2023-05-10 09:13:00,14.74,Entertainment,UPI,Desktop,Mumbai,0,158,277.85,1113,No,0,0.05877328383701881,0,0.4886452886738676,0,Lower score,train,in-sample
T102028,CUST4864,2023-05-10 09:33:00,23.71,Utilities,Credit Card,POS,Kolkata,0,140,287.76,948,No,0,0.032659295111408304,0,0.48366207842785097,0,Lower score,train,in-sample
T101352,CUST2701,2023-05-10 11:41:00,46.19,Health,NetBanking,POS,Delhi,0,120,18.35,1331,No,0,0.019558230382006592,0,0.4753652482059444,0,Lower score,train,in-sample
T104987,CUST1551,2023-05-10 13:31:00,73.35,Fashion,PayPal,POS,Chennai,0,128,426.28,165,No,0,0.02204574409394046,0,0.47793982917349637,0,Lower score,train,in-sample
T100295,CUST8928,2023-05-10 14:49:00,59.09,Fashion,UPI,Mobile,Kolkata,0,78,58.49,664,No,0,0.015416643155677895,0,0.4874764403120086,0,Lower score,train,in-sample
T102699,CUST9996,2023-05-10 15:40:00,118.6,Utilities,Credit Card,Desktop,Kolkata,0,94,131.0,1915,No,0,0.012781965889642144,0,0.47726545137084053,0,Lower score,train,in-sample
T102201,CUST9967,2023-05-10 16:16:00,9.39,Entertainment,PayPal,Mobile,Pune,0,157,167.77,489,No,0,0.013936220382181955,0,0.4984802242522747,0,Lower score,train,in-sample
T100971,CUST4339,2023-05-10 18:50:00,220.95,Grocery,UPI,POS,Delhi,1,184,49.63,139,No,0,0.24940436441182465,1,0.5352542458898863,1,Model review,train,in-sample
T102088,CUST1266,2023-05-10 22:17:00,138.12,Food,Credit Card,Mobile,Hyderabad,0,38,20.78,461,No,0,0.12514859368088257,0,0.4778693803661521,0,Lower score,train,in-sample
T102370,CUST5522,2023-05-11 04:44:00,84.51,Electronics,UPI,Desktop,Mumbai,0,26,207.7,1574,No,1,0.1205388334634716,0,0.4889822265539143,0,Lower score,train,in-sample
T100939,CUST5522,2023-05-11 06:43:00,68.74,Health,NetBanking,Mobile,Pune,0,113,264.6,505,No,0,0.07137192848517432,0,0.47794502811296297,0,Lower score,train,in-sample
T102364,CUST6041,2023-05-11 07:47:00,68.87,Entertainment,NetBanking,Desktop,Chennai,0,25,406.46,1337,Yes,0,0.07965950160424291,0,0.48385202739611327,0,Lower score,train,in-sample
T103338,CUST3987,2023-05-11 10:23:00,72.74,Health,PayPal,POS,Pune,0,152,303.1,461,No,0,0.02088686907592253,0,0.4927008831575196,0,Lower score,train,in-sample
T100211,CUST4511,2023-05-11 10:36:00,94.19,Health,Credit Card,Desktop,Kolkata,0,176,300.37,1816,No,0,0.019316391269323996,0,0.47087430974363687,0,Lower score,train,in-sample
T102728,CUST6232,2023-05-11 12:04:00,22.65,Grocery,Credit Card,Desktop,Delhi,0,115,188.72,1903,No,0,0.013278659636083946,0,0.4853085185956181,0,Lower score,train,in-sample
T102569,CUST8739,2023-05-11 15:31:00,211.86,Health,Debit Card,Mobile,Delhi,0,48,473.95,1054,No,0,0.012881649438430834,0,0.49565253331725007,0,Lower score,train,in-sample
T103193,CUST6536,2023-05-11 15:34:00,31.65,Fashion,PayPal,Desktop,Kolkata,0,129,44.07,247,No,0,0.01023584899949382,0,0.48660888812529385,0,Lower score,train,in-sample
T102811,CUST9026,2023-05-11 19:19:00,81.87,Utilities,PayPal,Mobile,Kolkata,0,56,195.64,1791,No,0,0.018964350160261604,0,0.483282101022414,0,Lower score,train,in-sample
T104212,CUST3250,2023-05-11 21:05:00,62.88,Food,Debit Card,POS,Bengaluru,0,104,469.37,908,Yes,0,0.07231381291336668,0,0.4809476256691596,0,Lower score,train,in-sample
T101317,CUST7226,2023-05-12 03:28:00,105.22,Entertainment,PayPal,POS,Delhi,1,60,420.04,546,No,0,0.5788838181067755,1,0.5321791485595111,1,Model review,train,in-sample
T104876,CUST1265,2023-05-12 03:50:00,73.49,Electronics,NetBanking,Desktop,Delhi,0,186,129.87,1500,No,0,0.08483608097957038,0,0.4878437206784642,0,Lower score,train,in-sample
T104519,CUST9115,2023-05-12 04:52:00,1.83,Electronics,PayPal,POS,Pune,0,192,467.07,1417,No,0,0.06203508691235934,0,0.5006909318462879,0,Lower score,train,in-sample
T103271,CUST7263,2023-05-12 07:14:00,0.8,Electronics,Debit Card,Desktop,Delhi,0,51,151.36,87,No,0,0.03708309993242448,0,0.5030099905281765,0,Lower score,train,in-sample
T102509,CUST6693,2023-05-12 08:17:00,178.86,Fashion,Credit Card,Desktop,Pune,0,56,179.88,1442,No,0,0.0551176436616981,0,0.49193271827579677,0,Lower score,train,in-sample
T103970,CUST4089,2023-05-12 08:17:00,291.36,Entertainment,Credit Card,Desktop,Bengaluru,0,161,86.93,91,No,0,0.07537991896530591,0,0.5049327006400501,0,Lower score,train,in-sample
T102548,CUST7111,2023-05-12 09:40:00,41.82,Food,PayPal,Mobile,Kolkata,0,116,172.03,1752,Yes,0,0.0215100005883686,0,0.4847454711904496,0,Lower score,train,in-sample
T103904,CUST8947,2023-05-12 09:54:00,148.74,Utilities,Debit Card,POS,Hyderabad,0,190,75.89,701,No,0,0.025541654029645134,0,0.4951612085329977,0,Lower score,train,in-sample
T100580,CUST7310,2023-05-12 10:57:00,49.17,Entertainment,PayPal,Mobile,Kolkata,0,161,82.4,889,No,0,0.013265553404566179,0,0.501721619098094,0,Lower score,train,in-sample
T104364,CUST5845,2023-05-12 11:19:00,20.57,Grocery,Debit Card,Mobile,Chennai,0,92,15.42,1039,No,0,0.014483492997417677,0,0.4975238726510893,0,Lower score,train,in-sample
T103191,CUST1652,2023-05-12 16:38:00,196.08,Entertainment,NetBanking,Desktop,Delhi,0,121,288.23,432,No,0,0.01331226319223525,0,0.4948626083587626,0,Lower score,train,in-sample
T102199,CUST5661,2023-05-12 18:16:00,38.29,Entertainment,UPI,POS,Chennai,0,83,293.9,1692,No,0,0.022041133306557024,0,0.49346186502106143,0,Lower score,train,in-sample
T104592,CUST6886,2023-05-12 22:24:00,56.17,Electronics,Debit Card,POS,Pune,0,101,411.45,34,No,0,0.04120008909592379,0,0.4802057161202855,0,Lower score,train,in-sample
T103666,CUST6655,2023-05-13 05:57:00,146.2,Utilities,Debit Card,Mobile,Chennai,0,98,380.31,1325,No,0,0.1186724257871877,0,0.5037537535977755,0,Lower score,train,in-sample
T103380,CUST7336,2023-05-13 06:56:00,36.75,Travel,PayPal,Mobile,Delhi,1,24,183.54,1295,No,0,0.39102110162894066,1,0.5294380051389256,1,Model review,train,in-sample
T104618,CUST3657,2023-05-13 09:34:00,28.82,Food,Credit Card,Desktop,Hyderabad,0,58,82.54,268,No,0,0.03777565976817457,0,0.5010514680496171,0,Lower score,train,in-sample
T101441,CUST8026,2023-05-13 09:38:00,7.89,Utilities,Credit Card,POS,Delhi,0,7,216.72,1718,No,0,0.027300883516116654,0,0.5052144193937851,0,Lower score,train,in-sample
T100937,CUST3293,2023-05-13 09:43:00,196.55,Grocery,Credit Card,Desktop,Mumbai,0,166,414.31,1079,No,0,0.03598005412348341,0,0.502936087733378,0,Lower score,train,in-sample
T102064,CUST7343,2023-05-13 10:28:00,4.27,Food,Debit Card,Mobile,Pune,0,191,171.69,88,No,0,0.02320212189534196,0,0.49630049887170363,0,Lower score,train,in-sample
T102595,CUST5147,2023-05-13 10:57:00,119.46,Health,Credit Card,Desktop,Delhi,0,141,250.25,1179,Yes,1,0.02007904610408921,0,0.4893310681262693,0,Lower score,train,in-sample
T104081,CUST2715,2023-05-13 12:58:00,21.26,Grocery,Debit Card,Desktop,Bengaluru,0,56,135.03,1084,No,0,0.01217603131627997,0,0.49535590714685934,0,Lower score,train,in-sample
T101934,CUST4614,2023-05-13 13:08:00,90.28,Utilities,Debit Card,POS,Bengaluru,0,28,62.53,1688,No,0,0.014323396822647863,0,0.49648244808057473,0,Lower score,train,in-sample
T101512,CUST1165,2023-05-13 13:50:00,249.02,Fashion,Credit Card,POS,Chennai,0,44,463.94,1371,No,0,0.02284334947313289,0,0.5217691473148087,1,Anomaly review,train,in-sample
T104760,CUST1956,2023-05-13 13:58:00,52.81,Grocery,Debit Card,POS,Hyderabad,0,124,191.58,787,No,0,0.010098006372510416,0,0.4975027092292835,0,Lower score,train,in-sample
T101238,CUST9724,2023-05-13 16:32:00,275.85,Utilities,NetBanking,Desktop,Chennai,0,77,251.66,249,No,0,0.01810310939013773,0,0.5217900313705421,1,Anomaly review,train,in-sample
T103014,CUST6042,2023-05-13 20:58:00,77.68,Electronics,UPI,Desktop,Bengaluru,0,48,124.52,314,No,0,0.04248952991521235,0,0.4967494585730245,0,Lower score,train,in-sample
T104122,CUST5504,2023-05-13 21:35:00,95.74,Food,NetBanking,Mobile,Delhi,0,54,320.02,142,No,0,0.06441751177855723,0,0.48462947349294794,0,Lower score,train,in-sample
T104432,CUST5759,2023-05-13 22:33:00,51.56,Travel,Debit Card,Desktop,Kolkata,0,193,264.96,1298,No,0,0.06218616004837445,0,0.49119284782250444,0,Lower score,train,in-sample
T104084,CUST8883,2023-05-14 00:18:00,19.75,Utilities,PayPal,Mobile,Delhi,0,100,316.41,539,No,0,0.1041437720954093,0,0.490747029604457,0,Lower score,train,in-sample
T104102,CUST9510,2023-05-14 04:57:00,63.55,Grocery,NetBanking,Mobile,Mumbai,0,158,330.67,651,No,0,0.13065281508675541,0,0.4888634390298229,0,Lower score,train,in-sample
T104753,CUST5365,2023-05-14 05:54:00,56.89,Health,Debit Card,Desktop,Kolkata,1,81,425.14,1717,No,0,0.4617114369159089,1,0.5202897531810374,1,Model review,train,in-sample
T102338,CUST6802,2023-05-14 06:54:00,10.32,Food,Debit Card,POS,Chennai,0,56,164.78,1752,No,0,0.11815185012292555,0,0.49832768458469484,0,Lower score,train,in-sample
T100814,CUST4061,2023-05-14 08:49:00,163.15,Electronics,NetBanking,POS,Mumbai,0,180,282.28,899,Yes,1,0.0437275720031939,0,0.49924460690077455,0,Lower score,train,in-sample
T103806,CUST3645,2023-05-14 09:58:00,45.14,Entertainment,Debit Card,Desktop,Bengaluru,0,58,461.6,1399,No,0,0.04075485330242634,0,0.48734212897906476,0,Lower score,train,in-sample
T104470,CUST1503,2023-05-14 11:43:00,190.05,Fashion,PayPal,Mobile,Chennai,0,27,312.47,350,No,0,0.0296861960946324,0,0.5131820616799134,0,Lower score,train,in-sample
T102724,CUST9036,2023-05-14 12:24:00,40.6,Electronics,UPI,POS,Kolkata,0,82,190.03,716,No,0,0.010272260454277992,0,0.49251636434819984,0,Lower score,train,in-sample
T104014,CUST4337,2023-05-14 13:58:00,82.07,Grocery,Debit Card,POS,Chennai,0,100,499.75,113,No,0,0.014435349758026916,0,0.49865280268096585,0,Lower score,train,in-sample
T100901,CUST3063,2023-05-14 14:09:00,2.15,Utilities,NetBanking,Mobile,Mumbai,0,94,491.95,301,Yes,1,0.011350219995933115,0,0.496498611816713,0,Lower score,train,in-sample
T103428,CUST4325,2023-05-14 18:31:00,159.86,Travel,NetBanking,Desktop,Mumbai,0,123,422.61,335,No,0,0.02913459623250768,0,0.49857356974967953,0,Lower score,train,in-sample
T100777,CUST7356,2023-05-14 21:07:00,102.48,Fashion,NetBanking,POS,Mumbai,0,168,312.44,171,No,0,0.07669074198386432,0,0.4947206278950859,0,Lower score,train,in-sample
T101556,CUST6787,2023-05-14 22:14:00,75.53,Fashion,Credit Card,Mobile,Pune,0,185,70.57,890,No,0,0.09085594619676877,0,0.49275872239217494,0,Lower score,train,in-sample
T100261,CUST6250,2023-05-15 04:10:00,368.85,Food,Credit Card,Mobile,Delhi,0,27,329.12,1426,No,1,0.256969354980456,1,0.5189708256669352,1,Model review,train,in-sample
T103114,CUST4555,2023-05-15 07:01:00,17.78,Entertainment,Credit Card,POS,Pune,1,31,379.27,442,No,0,0.4653373351095549,1,0.5200722299060088,1,Model review,train,in-sample
T100374,CUST9868,2023-05-15 08:24:00,5.91,Health,UPI,Desktop,Kolkata,0,10,258.49,909,No,0,0.04105464360940402,0,0.49012899000040167,0,Lower score,train,in-sample
T103788,CUST7345,2023-05-15 11:11:00,10.11,Food,Credit Card,POS,Hyderabad,0,171,403.72,1917,No,0,0.02665387772301249,0,0.49394003405431086,0,Lower score,train,in-sample
T103443,CUST6504,2023-05-15 12:39:00,434.66,Entertainment,Credit Card,Mobile,Delhi,0,6,424.36,50,No,0,0.028923099914679454,0,0.5252259207387401,1,Anomaly review,train,in-sample
T102666,CUST4215,2023-05-15 15:43:00,11.75,Entertainment,Debit Card,POS,Pune,0,3,55.73,900,No,0,0.0129176312818699,0,0.48091887432223035,0,Lower score,train,in-sample
T104595,CUST7483,2023-05-15 18:25:00,82.9,Travel,PayPal,Mobile,Mumbai,0,163,245.06,537,No,0,0.023663123140494863,0,0.49118161901828,0,Lower score,train,in-sample
T102951,CUST8749,2023-05-15 18:50:00,95.58,Fashion,Debit Card,Desktop,Bengaluru,0,29,82.4,1349,No,0,0.038089303391575825,0,0.49283501325888,0,Lower score,train,in-sample
T102826,CUST8442,2023-05-15 21:35:00,104.41,Electronics,Credit Card,Mobile,Chennai,0,89,213.69,1004,No,0,0.06016267119822737,0,0.4840762081418235,0,Lower score,train,in-sample
T102167,CUST3930,2023-05-16 03:06:00,10.8,Utilities,UPI,Desktop,Delhi,0,124,13.87,376,No,0,0.18060344258221095,1,0.48128047460696727,0,Model review,train,in-sample
T101084,CUST9762,2023-05-16 03:52:00,231.64,Grocery,Debit Card,Mobile,Chennai,0,194,354.45,778,No,1,0.2352194461579546,1,0.5046223834255776,0,Model review,train,in-sample
T103878,CUST8957,2023-05-16 04:40:00,65.14,Health,Debit Card,Mobile,Mumbai,0,129,478.92,1979,No,0,0.1717244088209615,1,0.4862511965620844,0,Model review,train,in-sample
T102132,CUST7545,2023-05-16 06:56:00,65.63,Grocery,UPI,Desktop,Pune,0,137,406.77,833,No,0,0.09292914860351512,0,0.47259009969861254,0,Lower score,train,in-sample
T104483,CUST7648,2023-05-16 10:02:00,67.57,Utilities,Credit Card,POS,Bengaluru,0,62,410.05,1341,No,0,0.044588821988673755,0,0.475335111873915,0,Lower score,train,in-sample
T100119,CUST8363,2023-05-16 11:23:00,62.01,Health,Credit Card,POS,Hyderabad,0,149,229.54,817,No,0,0.02516987706893949,0,0.48279173689470467,0,Lower score,train,in-sample
T104591,CUST6398,2023-05-16 14:54:00,18.54,Travel,NetBanking,Desktop,Delhi,0,139,447.32,425,No,0,0.013918159182583987,0,0.48081795782630177,0,Lower score,train,in-sample
T104072,CUST4556,2023-05-16 15:56:00,72.16,Food,PayPal,Mobile,Bengaluru,0,63,311.57,676,No,0,0.02123839096234181,0,0.4778544867396159,0,Lower score,train,in-sample
T103576,CUST2238,2023-05-16 19:01:00,17.37,Utilities,Credit Card,Mobile,Kolkata,0,44,96.47,1369,No,0,0.02338053406663922,0,0.48857431933586987,0,Lower score,train,in-sample
T100293,CUST8599,2023-05-16 20:37:00,35.73,Travel,PayPal,Desktop,Bengaluru,0,53,289.59,238,No,0,0.05959780872017968,0,0.48873474978432513,0,Lower score,train,in-sample
T102171,CUST3108,2023-05-16 21:09:00,5.77,Travel,UPI,Desktop,Delhi,0,152,366.16,1739,No,0,0.06646300633626233,0,0.49539598328186973,0,Lower score,train,in-sample
T102459,CUST3443,2023-05-16 22:12:00,41.1,Electronics,PayPal,Desktop,Chennai,0,42,398.6,719,No,0,0.07252752623327083,0,0.4808209614252596,0,Lower score,train,in-sample
T104912,CUST9329,2023-05-17 00:31:00,61.18,Fashion,Credit Card,Desktop,Mumbai,0,147,83.98,225,No,0,0.20692721311140422,1,0.47577704135092114,0,Model review,train,in-sample
T104225,CUST3581,2023-05-17 01:26:00,104.81,Travel,UPI,Desktop,Chennai,0,81,124.35,867,No,0,0.23806587798143306,1,0.4855816724250715,0,Model review,train,in-sample
T104567,CUST9598,2023-05-17 02:15:00,19.94,Grocery,Debit Card,POS,Mumbai,1,134,158.51,1406,No,0,0.6640749462999685,1,0.5286464162853902,1,Model review,train,in-sample
T102288,CUST1574,2023-05-17 03:47:00,52.63,Grocery,UPI,Mobile,Chennai,0,27,15.09,204,No,0,0.20046642915791094,1,0.48420124072891063,0,Model review,train,in-sample
T100615,CUST1473,2023-05-17 07:29:00,202.94,Entertainment,Credit Card,Mobile,Bengaluru,0,15,492.18,1010,No,0,0.1348373968960178,0,0.4964449108855921,0,Lower score,train,in-sample
T102044,CUST5712,2023-05-17 08:09:00,157.37,Entertainment,PayPal,Mobile,Mumbai,1,30,476.55,1815,No,0,0.45858782127918024,1,0.5423027815070013,1,Model review,train,in-sample
T103049,CUST6367,2023-05-17 17:28:00,24.55,Grocery,Credit Card,Desktop,Kolkata,0,85,182.99,1416,No,0,0.014202821626284272,0,0.48000933048672484,0,Lower score,train,in-sample
T103926,CUST7370,2023-05-17 19:45:00,74.01,Entertainment,NetBanking,POS,Mumbai,0,135,224.41,122,No,0,0.049628009092472815,0,0.48727206664735007,0,Lower score,train,in-sample
T103089,CUST9905,2023-05-17 22:17:00,23.35,Electronics,NetBanking,POS,Pune,0,194,202.9,859,No,0,0.05995950184024686,0,0.4776878504499577,0,Lower score,train,in-sample
T104327,CUST8365,2023-05-17 22:47:00,323.74,Travel,Debit Card,Mobile,Hyderabad,1,140,497.8,226,No,1,0.6202784881375414,1,0.5484920109003152,1,Model review,train,in-sample
T102629,CUST5672,2023-05-18 03:54:00,39.24,Electronics,Debit Card,POS,Mumbai,0,181,20.55,1961,No,0,0.12098202340806893,0,0.48764229274138066,0,Lower score,train,in-sample
T104404,CUST1922,2023-05-18 06:02:00,364.55,Food,PayPal,Desktop,Mumbai,0,2,118.52,1067,No,0,0.1778809166066507,1,0.5239691899044062,1,Model review,train,in-sample
T103207,CUST9310,2023-05-18 06:56:00,110.38,Electronics,NetBanking,POS,Delhi,0,19,480.73,1404,No,0,0.062043481908390694,0,0.48836262685620135,0,Lower score,train,in-sample
T104681,CUST8208,2023-05-18 06:57:00,22.89,Fashion,UPI,Desktop,Kolkata,0,131,486.08,306,No,0,0.0811218008655724,0,0.48546786875450826,0,Lower score,train,in-sample
T104864,CUST6238,2023-05-18 07:49:00,30.12,Grocery,Debit Card,Desktop,Kolkata,0,185,253.54,791,No,0,0.04196672242007475,0,0.4843085279608355,0,Lower score,train,in-sample
T100945,CUST8975,2023-05-18 08:32:00,0.88,Electronics,UPI,POS,Pune,0,153,27.4,1790,No,0,0.03299736234210433,0,0.507063558796629,0,Lower score,train,in-sample
T100451,CUST1088,2023-05-18 09:20:00,65.39,Utilities,UPI,Desktop,Bengaluru,0,160,47.44,156,No,0,0.04329989845824655,0,0.4823328698573896,0,Lower score,train,in-sample
T104202,CUST6640,2023-05-18 09:53:00,10.73,Grocery,NetBanking,Mobile,Pune,0,109,186.45,175,No,0,0.021768576497294148,0,0.48257544378603406,0,Lower score,train,in-sample
T103234,CUST3579,2023-05-18 12:50:00,39.68,Grocery,PayPal,Desktop,Bengaluru,0,190,443.87,632,No,0,0.012599512144932245,0,0.48289138383027636,0,Lower score,train,in-sample
T101050,CUST5411,2023-05-18 14:55:00,166.16,Entertainment,Debit Card,Desktop,Hyderabad,0,111,333.8,1365,No,0,0.015155040240452325,0,0.49190538646840837,0,Lower score,train,in-sample
T102416,CUST4545,2023-05-18 20:27:00,38.79,Food,Credit Card,POS,Kolkata,1,91,210.12,955,Yes,1,0.27573568885345334,1,0.5198132715208972,1,Model review,train,in-sample
T100092,CUST6459,2023-05-18 22:53:00,114.43,Electronics,PayPal,POS,Hyderabad,0,56,435.21,1892,No,0,0.06749431096793328,0,0.47692628842715074,0,Lower score,train,in-sample
T100503,CUST6228,2023-05-18 23:42:00,134.47,Travel,Credit Card,POS,Pune,0,58,321.56,86,No,0,0.12169774986090512,0,0.49458345818526867,0,Lower score,train,in-sample
T100772,CUST3458,2023-05-19 00:05:00,10.91,Food,Credit Card,Mobile,Mumbai,0,55,275.06,1652,No,0,0.11478931935747323,0,0.4820459866379216,0,Lower score,train,in-sample
T104636,CUST6699,2023-05-19 00:18:00,31.9,Electronics,UPI,POS,Delhi,0,13,455.83,1665,No,0,0.07514523050370601,0,0.4891580901210871,0,Lower score,train,in-sample
T103618,CUST7200,2023-05-19 04:34:00,127.14,Travel,Credit Card,Mobile,Chennai,0,149,197.85,1498,Yes,1,0.14579386128952188,0,0.4965974373268789,0,Lower score,train,in-sample
T104134,CUST1255,2023-05-19 08:13:00,72.01,Food,Credit Card,Mobile,Pune,0,66,73.73,526,No,0,0.047564695183919634,0,0.47012913231607933,0,Lower score,train,in-sample
T100780,CUST2642,2023-05-19 09:39:00,94.72,Entertainment,UPI,Mobile,Kolkata,0,56,312.71,1854,No,0,0.025651162597581253,0,0.5014065712871797,0,Lower score,train,in-sample
T103429,CUST1541,2023-05-19 09:59:00,70.73,Entertainment,Credit Card,Desktop,Bengaluru,0,74,200.65,1789,No,0,0.031184617401434175,0,0.47806925734657807,0,Lower score,train,in-sample
T100029,CUST7707,2023-05-19 15:59:00,3.81,Health,Debit Card,POS,Bengaluru,0,18,459.7,193,No,0,0.009858893648673045,0,0.4947333646541774,0,Lower score,train,in-sample
T103836,CUST3775,2023-05-19 18:04:00,215.72,Utilities,Credit Card,Desktop,Delhi,0,91,369.89,1154,No,0,0.016626084211692743,0,0.4975038753225543,0,Lower score,train,in-sample
T104958,CUST1712,2023-05-19 18:12:00,16.5,Travel,NetBanking,Mobile,Bengaluru,0,46,27.83,1189,No,0,0.0164331291251668,0,0.48363808307602124,0,Lower score,train,in-sample
T104428,CUST2691,2023-05-19 21:48:00,15.78,Health,Debit Card,Desktop,Mumbai,0,198,447.62,41,No,0,0.04646521231385628,0,0.4885672144426235,0,Lower score,train,in-sample
T102966,CUST4698,2023-05-20 03:36:00,103.88,Travel,NetBanking,Mobile,Pune,0,59,435.28,802,No,0,0.13929683634782106,0,0.4927207465619075,0,Lower score,train,in-sample
T100040,CUST2212,2023-05-20 06:51:00,10.41,Utilities,NetBanking,Mobile,Chennai,1,183,442.91,1593,No,0,0.4265166884649815,1,0.5338080150455938,1,Model review,train,in-sample
T102879,CUST5709,2023-05-20 12:11:00,16.48,Health,PayPal,Mobile,Kolkata,0,85,159.28,1479,Yes,0,0.009096877534587537,0,0.5059516979631071,0,Lower score,train,in-sample
T104884,CUST5877,2023-05-20 14:24:00,9.31,Health,Credit Card,Desktop,Delhi,0,155,120.11,1827,No,0,0.009224633396544545,0,0.49071044449511697,0,Lower score,train,in-sample
T101214,CUST1949,2023-05-20 14:34:00,94.65,Entertainment,UPI,POS,Hyderabad,0,126,96.64,1291,No,0,0.014455104444440857,0,0.5073817676148462,0,Lower score,train,in-sample
T100546,CUST9588,2023-05-20 18:45:00,9.64,Fashion,NetBanking,POS,Chennai,0,143,150.48,333,No,0,0.028723855285620385,0,0.49769145548884913,0,Lower score,train,in-sample
T103073,CUST1855,2023-05-20 19:08:00,25.3,Travel,Debit Card,Mobile,Kolkata,1,71,343.11,1016,No,0,0.14646771771272316,0,0.5309427220245473,1,Anomaly review,train,in-sample
T101064,CUST5976,2023-05-20 19:40:00,43.77,Utilities,NetBanking,Desktop,Kolkata,0,17,395.25,978,No,0,0.02025382572597397,0,0.48017973647764084,0,Lower score,train,in-sample
T101634,CUST8456,2023-05-20 22:58:00,209.58,Fashion,Debit Card,POS,Kolkata,0,5,270.94,720,No,0,0.10463723242065669,0,0.5117679478304086,0,Lower score,train,in-sample
T100832,CUST2074,2023-05-21 01:31:00,12.15,Electronics,UPI,Mobile,Bengaluru,0,14,201.86,1143,No,0,0.1379766152996504,0,0.49534402269441524,0,Lower score,train,in-sample
T100263,CUST1957,2023-05-21 01:46:00,58.44,Entertainment,NetBanking,Mobile,Hyderabad,0,49,407.49,37,No,0,0.17351054079237432,1,0.49918478781619363,0,Model review,train,in-sample
T100294,CUST5482,2023-05-21 03:55:00,10.87,Food,PayPal,Desktop,Mumbai,0,72,379.87,244,No,0,0.17567455795347428,1,0.5026979163459254,0,Model review,train,in-sample
T104944,CUST3955,2023-05-21 05:09:00,126.37,Utilities,PayPal,Desktop,Mumbai,0,160,126.98,811,No,0,0.13654835522817435,0,0.5068282210164149,0,Lower score,train,in-sample
T103839,CUST1168,2023-05-21 05:31:00,92.13,Health,PayPal,Desktop,Bengaluru,0,4,342.35,1888,No,0,0.12989563336744264,0,0.49937826948477076,0,Lower score,train,in-sample
T102510,CUST7545,2023-05-21 07:56:00,5.16,Travel,NetBanking,Desktop,Delhi,0,20,300.99,1474,No,0,0.057365367446980516,0,0.4982384135741144,0,Lower score,train,in-sample
T103315,CUST2673,2023-05-21 13:01:00,86.7,Health,PayPal,POS,Kolkata,0,79,237.59,1339,No,0,0.010556727644710901,0,0.4995945606230405,0,Lower score,train,in-sample
T103800,CUST8017,2023-05-21 13:34:00,28.12,Entertainment,PayPal,Desktop,Kolkata,0,46,112.7,1469,No,0,0.010515091118957631,0,0.5072973459041527,0,Lower score,train,in-sample
T100461,CUST7507,2023-05-21 13:42:00,83.81,Entertainment,NetBanking,POS,Chennai,0,48,324.85,764,No,0,0.018332047554854892,0,0.4984167033564804,0,Lower score,train,in-sample
T102239,CUST6288,2023-05-21 20:59:00,21.9,Health,PayPal,Mobile,Kolkata,0,11,445.15,1423,No,0,0.03353320853291011,0,0.5005053259418881,0,Lower score,train,in-sample
T104415,CUST6963,2023-05-22 00:23:00,53.81,Travel,Credit Card,Mobile,Bengaluru,0,175,271.13,606,No,0,0.1630690222500527,1,0.489163517423138,0,Model review,train,in-sample
T101211,CUST2036,2023-05-22 04:20:00,48.03,Travel,Credit Card,Desktop,Chennai,0,150,45.1,324,No,0,0.18492703661176732,1,0.48169214857895915,0,Model review,train,in-sample
T104300,CUST6324,2023-05-22 05:35:00,6.72,Fashion,UPI,POS,Mumbai,0,93,269.66,1448,No,0,0.16460199472857412,1,0.4938703993452644,0,Model review,train,in-sample
T104813,CUST5584,2023-05-22 06:01:00,57.36,Travel,Credit Card,POS,Delhi,0,173,310.72,1671,No,0,0.11912217449614207,0,0.490285286308516,0,Lower score,train,in-sample
T101054,CUST6744,2023-05-22 07:44:00,494.58,Grocery,Credit Card,Desktop,Mumbai,0,148,456.77,1154,No,0,0.12074287838204739,0,0.5233347821499591,1,Anomaly review,train,in-sample
T102326,CUST7479,2023-05-22 08:59:00,137.72,Grocery,PayPal,Mobile,Hyderabad,0,75,460.77,153,No,0,0.0404416263285063,0,0.4957579016276999,0,Lower score,train,in-sample
T104954,CUST1896,2023-05-22 10:17:00,47.88,Food,NetBanking,POS,Chennai,1,152,404.95,1535,No,0,0.2765286290262873,1,0.5187188989519061,1,Model review,train,in-sample
T102111,CUST3362,2023-05-22 11:58:00,18.05,Utilities,UPI,Desktop,Chennai,1,11,450.48,251,No,1,0.15521339166388448,0,0.5237522613993861,1,Anomaly review,train,in-sample
T104731,CUST1261,2023-05-22 13:27:00,5.6,Grocery,Debit Card,Mobile,Pune,1,50,17.57,974,No,0,0.082931845548646,0,0.5358732366292261,1,Anomaly review,train,in-sample
T103708,CUST7819,2023-05-22 14:01:00,26.46,Electronics,Credit Card,Mobile,Kolkata,0,148,59.34,1815,No,0,0.0072875758608261345,0,0.48119556244624034,0,Lower score,train,in-sample
T100997,CUST9969,2023-05-22 21:14:00,11.77,Food,Credit Card,POS,Pune,0,166,489.79,670,No,0,0.06265976935875142,0,0.4866369731798438,0,Lower score,train,in-sample
T102706,CUST7196,2023-05-23 01:00:00,10.25,Entertainment,Debit Card,Desktop,Chennai,0,185,47.71,1815,No,0,0.20824821070813346,1,0.4893593643141829,0,Model review,train,in-sample
T103129,CUST5147,2023-05-23 02:14:00,145.86,Fashion,NetBanking,Mobile,Delhi,0,84,335.95,1599,No,0,0.23786371418407484,1,0.48448527002340297,0,Model review,train,in-sample
T100951,CUST4913,2023-05-23 04:55:00,87.5,Food,NetBanking,Desktop,Chennai,0,75,253.89,1446,No,1,0.2244671012322242,1,0.47513865666067556,0,Model review,train,in-sample
T103683,CUST1896,2023-05-23 05:34:00,21.63,Food,NetBanking,Desktop,Chennai,0,87,437.23,163,No,0,0.18548723146731333,1,0.4775229555899591,0,Model review,train,in-sample
T101041,CUST8990,2023-05-23 07:22:00,125.13,Utilities,NetBanking,Mobile,Chennai,0,97,355.91,1150,No,0,0.10506022402863237,0,0.482242981782662,0,Lower score,train,in-sample
T101316,CUST2327,2023-05-23 12:43:00,59.79,Electronics,NetBanking,Mobile,Bengaluru,0,195,69.85,866,No,0,0.01506062890625995,0,0.47134183815303965,0,Lower score,train,in-sample
T104371,CUST8120,2023-05-23 14:55:00,39.11,Travel,PayPal,Desktop,Mumbai,0,57,264.43,802,No,0,0.0152807215876466,0,0.485658284609335,0,Lower score,train,in-sample
T103363,CUST5491,2023-05-23 16:08:00,24.53,Travel,UPI,Desktop,Delhi,0,111,268.97,1005,No,0,0.01710365122720788,0,0.48530252311295147,0,Lower score,train,in-sample
T101309,CUST8204,2023-05-23 16:28:00,134.92,Food,Credit Card,POS,Delhi,0,54,226.22,1189,No,0,0.024235375959294717,0,0.48295501889445724,0,Lower score,train,in-sample
T103675,CUST9146,2023-05-23 16:52:00,26.4,Travel,PayPal,Mobile,Mumbai,0,38,338.7,916,No,0,0.01813047160752248,0,0.4895040557810496,0,Lower score,train,in-sample
T103531,CUST8337,2023-05-23 17:20:00,128.08,Food,Credit Card,POS,Mumbai,0,150,133.87,762,No,0,0.03189960518386408,0,0.48293539739107016,0,Lower score,train,in-sample
T101271,CUST2929,2023-05-23 17:28:00,157.36,Entertainment,UPI,Mobile,Chennai,0,16,87.36,704,No,0,0.03443608836553747,0,0.5089711414446534,0,Lower score,train,in-sample
T100530,CUST1839,2023-05-23 23:02:00,134.09,Grocery,NetBanking,Mobile,Bengaluru,0,89,171.87,347,No,0,0.13003229999748805,0,0.47844576750496665,0,Lower score,train,in-sample
T101067,CUST4178,2023-05-24 00:10:00,9.37,Entertainment,Debit Card,Mobile,Hyderabad,0,83,175.92,1270,No,0,0.1528136517225659,0,0.4928707779478889,0,Lower score,train,in-sample
T103901,CUST9765,2023-05-24 00:21:00,38.12,Electronics,NetBanking,POS,Bengaluru,0,155,99.96,121,No,0,0.13117891862222925,0,0.4776727009528587,0,Lower score,train,in-sample
T102524,CUST1584,2023-05-24 01:38:00,130.55,Travel,PayPal,Mobile,Chennai,0,170,223.28,520,No,0,0.21598488009572686,1,0.490058290171698,0,Model review,train,in-sample
T104256,CUST5301,2023-05-24 02:26:00,487.72,Health,PayPal,Desktop,Kolkata,0,7,484.01,1299,No,1,0.2285336973119809,1,0.5368095584898155,1,Model review,train,in-sample
T104769,CUST2491,2023-05-24 03:21:00,33.92,Food,PayPal,Desktop,Delhi,0,106,385.73,1176,No,0,0.1926416924963983,1,0.4792879596497494,0,Model review,train,in-sample
T100659,CUST5590,2023-05-24 04:29:00,67.66,Grocery,Debit Card,Mobile,Chennai,0,185,118.86,464,No,0,0.1767422484045977,1,0.4845590221274185,0,Model review,train,in-sample
T101785,CUST9241,2023-05-24 04:52:00,180.39,Fashion,PayPal,Mobile,Pune,1,190,209.6,570,No,1,0.675956051852984,1,0.5332086785312126,1,Model review,train,in-sample
T100337,CUST9170,2023-05-24 06:23:00,97.3,Health,NetBanking,Desktop,Bengaluru,0,102,40.61,452,No,0,0.12923557115748827,0,0.47637634801077217,0,Lower score,train,in-sample
T104645,CUST4131,2023-05-24 12:12:00,108.38,Fashion,UPI,POS,Delhi,0,166,281.09,605,No,0,0.027853770601418602,0,0.4933614079762161,0,Lower score,train,in-sample
T104087,CUST2262,2023-05-24 12:52:00,74.51,Food,Debit Card,Desktop,Delhi,0,49,263.31,207,Yes,0,0.020378390315021377,0,0.4846005980000949,0,Lower score,train,in-sample
T102568,CUST8376,2023-05-24 13:05:00,130.16,Electronics,PayPal,POS,Mumbai,0,46,145.85,502,No,0,0.013796362517340009,0,0.486796038156039,0,Lower score,train,in-sample
T101327,CUST7574,2023-05-24 13:50:00,124.74,Food,NetBanking,Mobile,Kolkata,0,88,130.04,1657,No,0,0.01560754984198951,0,0.46913816347577353,0,Lower score,train,in-sample
T103228,CUST4199,2023-05-24 23:37:00,8.91,Health,PayPal,POS,Mumbai,0,78,474.07,902,No,0,0.11876196342443425,0,0.49465547801443593,0,Lower score,train,in-sample
T102019,CUST1495,2023-05-25 00:10:00,87.2,Electronics,UPI,Desktop,Hyderabad,0,136,313.49,292,No,1,0.10121338189070676,0,0.4878656640336966,0,Lower score,train,in-sample
T100811,CUST5041,2023-05-25 00:38:00,146.06,Entertainment,NetBanking,Desktop,Pune,0,178,330.1,1478,No,1,0.1451250327896876,0,0.4933881552787735,0,Lower score,train,in-sample
T101775,CUST2653,2023-05-25 02:25:00,30.31,Health,NetBanking,POS,Hyderabad,0,71,477.87,461,No,0,0.14277357600303509,0,0.4864198887631758,0,Lower score,train,in-sample
T101168,CUST2924,2023-05-25 02:29:00,0.51,Utilities,Debit Card,POS,Hyderabad,0,59,123.59,855,No,0,0.140695754657944,0,0.5048843649826175,0,Lower score,train,in-sample
T103811,CUST9098,2023-05-25 02:45:00,48.99,Health,Credit Card,Desktop,Delhi,0,81,131.09,1423,No,0,0.1438518898940638,0,0.47625180422060115,0,Lower score,train,in-sample
T102654,CUST2985,2023-05-25 03:26:00,116.73,Travel,UPI,Mobile,Mumbai,1,75,452.69,1025,No,1,0.683980746969454,1,0.529372720621087,1,Model review,train,in-sample
T104078,CUST4469,2023-05-25 04:55:00,117.08,Fashion,UPI,Mobile,Chennai,0,40,205.56,972,No,0,0.20301368120047944,1,0.4936427438264765,0,Model review,train,in-sample
T100521,CUST4733,2023-05-25 11:53:00,38.36,Food,UPI,Mobile,Kolkata,0,167,258.69,1561,No,0,0.01681253098987016,0,0.48377961025506094,0,Lower score,train,in-sample
T101254,CUST3254,2023-05-25 12:24:00,92.56,Electronics,NetBanking,POS,Pune,0,188,457.23,1955,Yes,0,0.010337735570863617,0,0.47636551160162743,0,Lower score,train,in-sample
T100401,CUST6461,2023-05-25 13:20:00,186.28,Health,Debit Card,POS,Mumbai,0,179,14.42,828,No,0,0.015795813697409063,0,0.4954821914633406,0,Lower score,train,in-sample
T101337,CUST6162,2023-05-25 13:47:00,91.21,Health,PayPal,Mobile,Pune,0,30,268.95,1175,No,0,0.009576994983724633,0,0.49340362398462706,0,Lower score,train,in-sample
T104771,CUST9812,2023-05-25 14:22:00,41.33,Entertainment,NetBanking,POS,Delhi,0,94,388.7,35,No,0,0.012296150436424047,0,0.4799188360417372,0,Lower score,train,in-sample
T103784,CUST9284,2023-05-25 20:45:00,129.15,Food,UPI,Desktop,Chennai,0,124,360.08,1472,No,0,0.07449128221840251,0,0.48668993501876967,0,Lower score,train,in-sample
T100437,CUST5012,2023-05-25 20:47:00,138.01,Utilities,NetBanking,POS,Mumbai,0,51,354.98,70,No,0,0.05102035526635069,0,0.4811441817321909,0,Lower score,train,in-sample
T101341,CUST8661,2023-05-25 23:33:00,49.68,Utilities,NetBanking,Mobile,Delhi,0,125,393.35,724,No,0,0.08993346561186105,0,0.4701198682164787,0,Lower score,train,in-sample
T100074,CUST1724,2023-05-25 23:41:00,98.17,Fashion,NetBanking,Desktop,Chennai,0,191,349.65,1486,No,0,0.15398943506951857,0,0.4786099920389913,0,Lower score,train,in-sample
T101554,CUST1423,2023-05-26 07:13:00,20.71,Electronics,Debit Card,Desktop,Chennai,0,63,343.94,926,No,0,0.04710525952962842,0,0.4772012400784703,0,Lower score,train,in-sample
T101937,CUST6181,2023-05-26 15:06:00,139.46,Travel,Credit Card,POS,Pune,0,31,64.12,436,No,0,0.01019200883798016,0,0.49207293316786704,0,Lower score,train,in-sample
T100705,CUST7605,2023-05-26 15:10:00,368.1,Health,PayPal,POS,Pune,1,182,328.05,1123,No,0,0.09224592192996882,0,0.5630779013165643,1,Anomaly review,train,in-sample
T102029,CUST7648,2023-05-26 16:52:00,84.95,Utilities,NetBanking,Mobile,Kolkata,0,176,248.36,317,No,0,0.008064860794155575,0,0.4742880112867349,0,Lower score,train,in-sample
T102372,CUST3300,2023-05-26 22:23:00,94.34,Health,PayPal,Desktop,Delhi,0,18,322.12,127,No,0,0.05121936536262137,0,0.4919257828171102,0,Lower score,train,in-sample
T103248,CUST1497,2023-05-26 23:54:00,163.54,Fashion,PayPal,POS,Mumbai,0,115,33.1,1689,No,0,0.1271664584269955,0,0.49439168350181373,0,Lower score,train,in-sample
T104931,CUST2880,2023-05-27 01:01:00,33.5,Health,NetBanking,POS,Hyderabad,0,154,14.58,349,No,0,0.11982521387518229,0,0.4973292866978049,0,Lower score,train,in-sample
T101139,CUST9479,2023-05-27 01:31:00,71.8,Health,UPI,POS,Kolkata,0,10,74.65,91,No,0,0.1203207848219496,0,0.497499234384217,0,Lower score,train,in-sample
T103578,CUST5697,2023-05-27 02:28:00,108.27,Food,PayPal,POS,Delhi,0,151,471.13,730,No,0,0.16994485975957954,1,0.49270251118789726,0,Model review,train,in-sample
T104369,CUST2046,2023-05-27 02:48:00,16.31,Electronics,Credit Card,Mobile,Kolkata,0,64,87.06,656,No,0,0.08734780000598721,0,0.49896470427700496,0,Lower score,train,in-sample
T104138,CUST9562,2023-05-27 03:43:00,87.5,Travel,NetBanking,POS,Hyderabad,0,131,42.86,470,No,0,0.15453826493089468,0,0.4952467564008286,0,Lower score,train,in-sample
T102037,CUST7819,2023-05-27 05:05:00,13.12,Utilities,Credit Card,Mobile,Pune,0,68,447.12,1923,No,0,0.09794052985130827,0,0.5000947126109871,0,Lower score,train,in-sample
T100794,CUST5056,2023-05-27 05:34:00,1.46,Health,Credit Card,Desktop,Mumbai,0,83,147.1,1974,No,0,0.10340000819693586,0,0.5139677270899835,0,Lower score,train,in-sample
T101705,CUST3867,2023-05-27 06:53:00,8.93,Utilities,NetBanking,Desktop,Chennai,0,95,96.17,655,No,0,0.07615037757985084,0,0.49637968818088546,0,Lower score,train,in-sample
T102603,CUST9884,2023-05-27 07:32:00,30.57,Entertainment,NetBanking,Mobile,Hyderabad,0,197,256.39,1805,No,0,0.0652747389537394,0,0.4968720695128551,0,Lower score,train,in-sample
T102869,CUST7530,2023-05-27 08:55:00,34.84,Health,Credit Card,Mobile,Bengaluru,0,178,217.17,465,No,0,0.04208636938923474,0,0.4934526722708132,0,Lower score,train,in-sample
T102042,CUST1311,2023-05-27 09:18:00,59.28,Grocery,PayPal,POS,Pune,1,131,388.0,744,No,0,0.1962747774130905,1,0.5327585857879052,1,Model review,train,in-sample
T102758,CUST8554,2023-05-27 09:19:00,98.4,Travel,PayPal,POS,Kolkata,1,151,221.27,1960,No,0,0.21036782995468936,1,0.5304848093625257,1,Model review,train,in-sample
T103460,CUST8255,2023-05-27 15:25:00,25.76,Fashion,Debit Card,POS,Bengaluru,0,176,382.03,927,No,0,0.015544208780566691,0,0.49023842340067225,0,Lower score,train,in-sample
T103434,CUST8879,2023-05-27 18:52:00,98.32,Health,NetBanking,Mobile,Pune,0,181,440.82,1311,No,0,0.01880751124745344,0,0.491075040694518,0,Lower score,train,in-sample
T102376,CUST3037,2023-05-27 22:42:00,29.26,Health,UPI,Mobile,Bengaluru,0,68,53.01,956,No,0,0.08687631208041534,0,0.4940036379753276,0,Lower score,train,in-sample
T101852,CUST5231,2023-05-27 23:10:00,158.08,Grocery,Credit Card,Desktop,Delhi,0,123,39.08,1611,No,0,0.0904374102665217,0,0.5061434132081002,0,Lower score,train,in-sample
T102196,CUST6596,2023-05-28 02:00:00,49.35,Health,NetBanking,POS,Mumbai,0,118,394.67,354,No,0,0.16466014981272686,1,0.49389639323969425,0,Model review,train,in-sample
T104044,CUST8299,2023-05-28 06:14:00,42.37,Entertainment,NetBanking,Mobile,Bengaluru,0,80,236.06,371,No,0,0.12803805079885577,0,0.4872380216122162,0,Lower score,train,in-sample
T102806,CUST8752,2023-05-28 06:36:00,113.28,Fashion,Credit Card,Mobile,Bengaluru,1,51,208.31,1629,No,0,0.6055846562122664,1,0.528431818483549,1,Model review,train,in-sample
T102168,CUST9649,2023-05-28 06:42:00,90.2,Electronics,PayPal,Desktop,Chennai,0,71,288.88,1111,No,0,0.07765701543814998,0,0.4936030182948277,0,Lower score,train,in-sample
T101194,CUST3726,2023-05-28 08:12:00,3.75,Grocery,UPI,POS,Pune,0,113,414.94,492,No,0,0.04906443486296496,0,0.5010879280902251,0,Lower score,train,in-sample
T104184,CUST3528,2023-05-28 08:29:00,11.44,Fashion,Debit Card,POS,Mumbai,1,81,455.91,866,No,0,0.39366235378940456,1,0.5249608636253608,1,Model review,train,in-sample
T103312,CUST7021,2023-05-28 09:26:00,98.69,Food,PayPal,Desktop,Chennai,0,158,346.83,1728,No,0,0.052405611925933945,0,0.49197380992852324,0,Lower score,train,in-sample
T101581,CUST7013,2023-05-28 10:24:00,39.66,Entertainment,PayPal,Mobile,Mumbai,0,127,297.86,305,No,0,0.029582633853440368,0,0.49887753796688256,0,Lower score,train,in-sample
T102243,CUST2552,2023-05-28 11:17:00,431.19,Fashion,NetBanking,Mobile,Mumbai,0,89,496.07,1729,No,0,0.04553467801764641,0,0.5176590661622562,1,Anomaly review,train,in-sample
T100570,CUST6360,2023-05-28 12:12:00,57.72,Health,UPI,Desktop,Delhi,0,91,328.06,1148,No,0,0.016188575774623452,0,0.49254302492096763,0,Lower score,train,in-sample
T103570,CUST9444,2023-05-28 13:58:00,30.14,Food,Credit Card,POS,Bengaluru,0,83,21.3,1114,No,0,0.018933004247710883,0,0.4832135075259189,0,Lower score,train,in-sample
T101185,CUST5637,2023-05-28 14:02:00,221.46,Entertainment,Credit Card,POS,Hyderabad,0,24,205.86,1229,No,0,0.019731469093102628,0,0.5224960381139191,1,Anomaly review,train,in-sample
T102858,CUST9091,2023-05-28 14:16:00,2.93,Food,Debit Card,Mobile,Pune,0,82,436.61,1091,No,0,0.0126301759815228,0,0.5045113891577793,0,Lower score,train,in-sample
T101220,CUST9460,2023-05-28 15:23:00,241.05,Grocery,NetBanking,POS,Mumbai,0,28,344.58,185,No,0,0.016094292211002312,0,0.5100244787226715,0,Lower score,train,in-sample
T101463,CUST4214,2023-05-28 18:13:00,85.8,Utilities,Debit Card,POS,Pune,0,176,214.03,484,No,0,0.019194752820984644,0,0.49107036199651766,0,Lower score,train,in-sample
T101293,CUST1789,2023-05-28 18:15:00,93.56,Grocery,UPI,POS,Mumbai,0,50,338.75,1240,No,0,0.02426102224416658,0,0.48656994152653354,0,Lower score,train,in-sample
T101387,CUST8219,2023-05-28 18:40:00,11.22,Electronics,PayPal,Desktop,Mumbai,0,88,65.64,1523,No,0,0.016190768993985034,0,0.4985988735193354,0,Lower score,train,in-sample
T103365,CUST2679,2023-05-28 21:29:00,80.93,Travel,UPI,POS,Chennai,0,40,151.89,1875,No,0,0.08655006838481401,0,0.4969267398046771,0,Lower score,train,in-sample
T100249,CUST3751,2023-05-28 23:04:00,153.39,Utilities,PayPal,Mobile,Mumbai,0,15,356.18,858,No,0,0.1042795265637153,0,0.4964769959032212,0,Lower score,train,in-sample
T102438,CUST1835,2023-05-28 23:33:00,62.37,Electronics,PayPal,POS,Chennai,0,103,90.72,1495,Yes,0,0.09438593528626749,0,0.4892068195360625,0,Lower score,train,in-sample
T104973,CUST8293,2023-05-29 01:16:00,98.28,Utilities,PayPal,Mobile,Delhi,0,193,279.62,616,No,1,0.13458260400811994,0,0.48246078742147314,0,Lower score,train,in-sample
T102766,CUST9517,2023-05-29 01:58:00,60.34,Travel,Debit Card,POS,Bengaluru,0,43,470.51,643,No,0,0.2000433646252526,1,0.4872232366038391,0,Model review,train,in-sample
T101119,CUST4885,2023-05-29 05:46:00,11.1,Food,Debit Card,Desktop,Bengaluru,0,59,400.14,370,No,0,0.15160663845643346,0,0.4864431804454967,0,Lower score,train,in-sample
T103983,CUST9127,2023-05-29 05:57:00,20.5,Electronics,Debit Card,Mobile,Chennai,0,134,79.55,1744,No,0,0.09259776325802066,0,0.48380683975525157,0,Lower score,train,in-sample
T100532,CUST6030,2023-05-29 07:51:00,455.59,Entertainment,Credit Card,Mobile,Mumbai,0,119,142.68,740,No,0,0.13547827228716902,0,0.5189606866240174,1,Anomaly review,train,in-sample
T101259,CUST2781,2023-05-29 08:12:00,69.78,Health,Debit Card,Mobile,Bengaluru,0,5,209.31,1877,No,0,0.06326102846559234,0,0.48753163405393113,0,Lower score,train,in-sample
T101329,CUST5800,2023-05-29 10:46:00,55.16,Grocery,NetBanking,POS,Mumbai,0,19,63.47,1809,No,0,0.02385579069635038,0,0.48134007326885925,0,Lower score,train,in-sample
T102446,CUST8562,2023-05-29 16:17:00,24.02,Health,Debit Card,POS,Kolkata,0,145,362.08,1153,No,0,0.010195811310256592,0,0.48365248177604486,0,Lower score,train,in-sample
T104881,CUST2676,2023-05-29 17:49:00,50.65,Food,NetBanking,POS,Delhi,0,53,430.39,1640,No,0,0.022046947809643332,0,0.48382875827532235,0,Lower score,train,in-sample
T100880,CUST2528,2023-05-29 18:00:00,21.02,Food,NetBanking,Mobile,Mumbai,0,196,104.73,1339,No,0,0.023830884022036824,0,0.4796564881552494,0,Lower score,train,in-sample
T104857,CUST5833,2023-05-29 18:45:00,222.53,Food,UPI,POS,Pune,0,13,383.19,1401,No,0,0.0386068411854823,0,0.5014087755556055,0,Lower score,train,in-sample
T100818,CUST1395,2023-05-29 20:56:00,4.51,Travel,Debit Card,Desktop,Bengaluru,0,25,46.49,1202,No,0,0.05735873474678303,0,0.49894875745512396,0,Lower score,train,in-sample
T102430,CUST9330,2023-05-29 22:56:00,73.89,Electronics,Debit Card,Mobile,Delhi,0,97,222.04,775,No,0,0.06941745558210732,0,0.48793243900893934,0,Lower score,train,in-sample
T102283,CUST3336,2023-05-30 02:59:00,3.74,Food,NetBanking,Mobile,Bengaluru,1,14,141.08,504,No,0,0.7365741316752179,1,0.5217636218702553,1,Model review,train,in-sample
T101821,CUST3073,2023-05-30 07:16:00,10.35,Electronics,PayPal,Mobile,Bengaluru,0,187,47.72,1983,No,0,0.0692181763768219,0,0.4870965066801633,0,Lower score,train,in-sample
T101879,CUST2687,2023-05-30 08:10:00,66.6,Entertainment,PayPal,Mobile,Chennai,0,90,309.5,259,No,0,0.08487005517391279,0,0.49475053234775207,0,Lower score,train,in-sample
T100816,CUST7799,2023-05-30 08:47:00,71.58,Fashion,NetBanking,POS,Mumbai,0,99,425.64,1195,No,0,0.07743783605909997,0,0.4757349015743328,0,Lower score,train,in-sample
T104291,CUST2281,2023-05-30 11:25:00,6.61,Entertainment,Debit Card,Mobile,Hyderabad,0,105,499.57,1123,No,0,0.025473895014502947,0,0.4957061917084472,0,Lower score,train,in-sample
T104644,CUST9076,2023-05-30 15:33:00,97.67,Electronics,PayPal,Mobile,Delhi,0,67,303.71,417,No,0,0.010406705878479852,0,0.48612843181638965,0,Lower score,train,in-sample
T104235,CUST6159,2023-05-30 16:24:00,30.36,Entertainment,Credit Card,Desktop,Hyderabad,0,145,311.26,892,No,0,0.01934974452125112,0,0.48905261289209445,0,Lower score,train,in-sample
T101301,CUST4295,2023-05-30 17:25:00,220.18,Grocery,PayPal,POS,Bengaluru,0,44,429.36,1825,No,0,0.025943544618204584,0,0.4982442467931955,0,Lower score,train,in-sample
T101874,CUST2134,2023-05-30 17:55:00,105.58,Health,NetBanking,Mobile,Bengaluru,0,158,131.24,1743,No,0,0.026331006002967682,0,0.47986586147362537,0,Lower score,train,in-sample
T104938,CUST4516,2023-05-30 19:05:00,114.9,Electronics,PayPal,Mobile,Mumbai,0,116,10.45,772,No,0,0.02567333322934508,0,0.4913809587340017,0,Lower score,train,in-sample
T102837,CUST6244,2023-05-30 23:41:00,3.68,Entertainment,NetBanking,Mobile,Kolkata,0,7,311.65,1257,No,0,0.11325852158621508,0,0.49853459909006337,0,Lower score,train,in-sample
T104196,CUST6846,2023-05-31 01:01:00,2.08,Health,PayPal,Desktop,Mumbai,0,71,445.73,696,No,0,0.1475585542757222,0,0.51281666970143,0,Lower score,train,in-sample
T103810,CUST1330,2023-05-31 01:47:00,94.22,Entertainment,NetBanking,Mobile,Chennai,0,73,160.21,360,No,0,0.23366365063516073,1,0.49898656173778194,0,Model review,train,in-sample
T103770,CUST8255,2023-05-31 03:26:00,63.3,Travel,PayPal,Mobile,Kolkata,0,59,451.07,545,No,1,0.14870098639215326,0,0.49259864525684705,0,Lower score,train,in-sample
T103582,CUST8157,2023-05-31 05:53:00,35.88,Health,Debit Card,Mobile,Delhi,0,193,240.83,168,No,0,0.11396726785922469,0,0.4849856511248007,0,Lower score,train,in-sample
T100771,CUST7945,2023-05-31 06:23:00,149.9,Health,UPI,Desktop,Mumbai,0,46,269.22,1662,No,0,0.1420724101368146,0,0.4949563567669273,0,Lower score,train,in-sample
T104885,CUST5758,2023-05-31 07:43:00,172.12,Food,Credit Card,POS,Bengaluru,1,26,302.87,1847,Yes,1,0.584871017014723,1,0.5306252362087847,1,Model review,train,in-sample
T100783,CUST2383,2023-05-31 09:52:00,33.93,Food,PayPal,Desktop,Hyderabad,0,114,432.19,1332,No,0,0.04118420267672517,0,0.48306811405310973,0,Lower score,train,in-sample
T102778,CUST8174,2023-05-31 10:00:00,47.18,Food,UPI,Desktop,Chennai,0,125,99.92,600,No,0,0.05531532800450551,0,0.47927793904851174,0,Lower score,train,in-sample
T102365,CUST5282,2023-05-31 13:01:00,3.58,Health,NetBanking,Mobile,Kolkata,0,156,207.5,1911,No,0,0.01102524320553866,0,0.48869172303508157,0,Lower score,train,in-sample
T102752,CUST8515,2023-05-31 14:08:00,24.08,Grocery,UPI,Desktop,Pune,0,181,189.63,998,No,0,0.012361798979616782,0,0.4763582958692658,0,Lower score,train,in-sample
T104088,CUST5559,2023-05-31 14:35:00,151.47,Health,NetBanking,Desktop,Bengaluru,0,115,187.23,358,No,0,0.017689415818891666,0,0.48283513774315545,0,Lower score,train,in-sample
T103522,CUST3647,2023-05-31 17:52:00,25.02,Travel,NetBanking,Desktop,Mumbai,0,141,201.21,1726,No,0,0.023407373032417064,0,0.4773327310169586,0,Lower score,train,in-sample
T103897,CUST6679,2023-05-31 23:51:00,143.15,Entertainment,PayPal,Desktop,Kolkata,0,137,44.59,1654,No,0,0.1303325328180019,0,0.5084613051403306,0,Lower score,train,in-sample
T104816,CUST4044,2023-06-01 08:13:00,191.93,Entertainment,UPI,Desktop,Mumbai,0,99,262.28,1109,No,0,0.08353711891857464,0,0.498687852237455,0,Lower score,train,in-sample
T101368,CUST8541,2023-06-01 08:18:00,15.85,Entertainment,Credit Card,POS,Pune,0,125,109.25,241,No,0,0.053499705394545884,0,0.48572928087495554,0,Lower score,train,in-sample
T104498,CUST7320,2023-06-01 10:49:00,24.23,Utilities,NetBanking,POS,Bengaluru,0,85,180.7,1182,No,0,0.02337994565182048,0,0.4746493834820161,0,Lower score,train,in-sample
T102709,CUST4034,2023-06-01 12:53:00,27.77,Health,UPI,Mobile,Pune,0,190,318.95,1455,No,0,0.011662526651014573,0,0.4856745797938731,0,Lower score,train,in-sample
T100444,CUST2735,2023-06-01 13:26:00,134.05,Entertainment,NetBanking,POS,Chennai,0,189,197.08,155,No,0,0.018642551758111827,0,0.48976482054638515,0,Lower score,train,in-sample
T102441,CUST5699,2023-06-01 13:32:00,62.42,Entertainment,NetBanking,POS,Chennai,0,139,142.93,1979,No,0,0.016625261035316943,0,0.4827750967947106,0,Lower score,train,in-sample
T103855,CUST1234,2023-06-01 14:43:00,6.39,Electronics,NetBanking,POS,Mumbai,0,123,142.36,1173,No,0,0.008458848017241574,0,0.4834045412404125,0,Lower score,train,in-sample
T100747,CUST6875,2023-06-01 16:54:00,62.74,Fashion,Debit Card,Desktop,Delhi,0,169,425.95,313,No,0,0.016708922636498372,0,0.4787300722934231,0,Lower score,train,in-sample
T104325,CUST4349,2023-06-01 19:30:00,240.52,Grocery,Credit Card,Mobile,Kolkata,0,25,156.11,1476,Yes,1,0.027218980983307738,0,0.5069907926127271,0,Lower score,train,in-sample
T103603,CUST4932,2023-06-01 21:45:00,26.13,Fashion,NetBanking,Mobile,Bengaluru,0,129,133.28,955,No,0,0.08074497446913992,0,0.47237712009432653,0,Lower score,train,in-sample
T100485,CUST2072,2023-06-02 01:18:00,185.14,Entertainment,Debit Card,Mobile,Bengaluru,0,155,142.02,1236,No,0,0.16812666038367807,1,0.49808244948818764,0,Model review,train,in-sample
T103948,CUST5338,2023-06-02 01:47:00,14.24,Health,PayPal,Desktop,Hyderabad,0,191,88.7,1863,No,0,0.09793877266459773,0,0.4975691036983004,0,Lower score,train,in-sample
T103165,CUST5258,2023-06-02 03:06:00,54.04,Health,Debit Card,POS,Chennai,0,197,347.76,1017,No,0,0.13766877103848946,0,0.47927533360196484,0,Lower score,train,in-sample
T104946,CUST7956,2023-06-02 03:41:00,78.09,Electronics,Debit Card,Mobile,Hyderabad,0,197,149.43,1945,No,0,0.09149866942415737,0,0.4825463640786346,0,Lower score,train,in-sample
T104737,CUST8888,2023-06-02 03:45:00,34.32,Utilities,Credit Card,Desktop,Hyderabad,0,181,48.58,158,No,0,0.1128585269932978,0,0.48288013179403194,0,Lower score,train,in-sample
T103108,CUST2653,2023-06-02 05:08:00,71.22,Food,PayPal,Mobile,Chennai,0,184,302.43,212,No,0,0.1270003313723092,0,0.48103838063377635,0,Lower score,train,in-sample
T103043,CUST1638,2023-06-02 06:55:00,41.35,Grocery,PayPal,Desktop,Delhi,0,118,168.51,710,No,0,0.048604605809595344,0,0.48475870989151104,0,Lower score,train,in-sample
T104223,CUST5742,2023-06-02 07:49:00,132.83,Travel,Debit Card,POS,Delhi,0,168,479.56,1372,No,0,0.054404782939047894,0,0.4978646573537451,0,Lower score,train,in-sample
T103240,CUST5015,2023-06-02 12:14:00,43.0,Utilities,Credit Card,Mobile,Kolkata,1,85,422.91,1137,No,0,0.07406790262128346,0,0.5216379765767436,1,Anomaly review,train,in-sample
T102793,CUST7280,2023-06-02 14:31:00,24.04,Travel,UPI,POS,Delhi,0,93,436.97,463,No,0,0.009512779056606453,0,0.4959675050051988,0,Lower score,train,in-sample
T101747,CUST7230,2023-06-02 17:24:00,24.07,Electronics,Debit Card,Desktop,Chennai,0,163,344.17,829,No,0,0.00985170638224614,0,0.48504559616200765,0,Lower score,train,in-sample
T102769,CUST6955,2023-06-02 19:08:00,91.06,Entertainment,Debit Card,Desktop,Mumbai,0,15,78.09,822,No,0,0.025119099239998034,0,0.4899739077496566,0,Lower score,train,in-sample
T104670,CUST2832,2023-06-02 19:55:00,36.08,Food,PayPal,POS,Mumbai,0,63,414.94,1615,No,0,0.031045379167743362,0,0.48356091473736484,0,Lower score,train,in-sample
T104558,CUST3040,2023-06-02 21:52:00,214.75,Entertainment,Debit Card,POS,Chennai,0,167,226.61,757,No,0,0.08423215393790706,0,0.5101361020221427,0,Lower score,train,in-sample
T100906,CUST6069,2023-06-02 22:40:00,136.06,Grocery,Debit Card,Desktop,Pune,0,99,458.71,575,No,0,0.05836864341041373,0,0.48906106648669195,0,Lower score,train,in-sample
T102794,CUST7575,2023-06-02 22:53:00,45.96,Utilities,UPI,Desktop,Delhi,0,195,272.32,349,No,0,0.06585084513830564,0,0.4789710714447765,0,Lower score,train,in-sample
T103964,CUST8276,2023-06-02 22:58:00,0.91,Utilities,UPI,Desktop,Delhi,0,137,99.32,1720,No,0,0.063184726577898,0,0.4986490266392692,0,Lower score,train,in-sample
T103598,CUST7461,2023-06-03 01:21:00,37.24,Electronics,NetBanking,Mobile,Chennai,0,74,248.25,1288,No,0,0.11134312847060948,0,0.49454615366071253,0,Lower score,train,in-sample
T102325,CUST7949,2023-06-03 02:43:00,248.2,Entertainment,UPI,Mobile,Mumbai,0,159,247.25,238,No,0,0.2302668644113449,1,0.5233017741074276,1,Model review,train,in-sample
T101626,CUST4118,2023-06-03 08:34:00,17.94,Electronics,NetBanking,Mobile,Delhi,0,127,12.25,846,No,0,0.02816584809520739,0,0.49366260932353034,0,Lower score,train,in-sample
T103319,CUST2070,2023-06-03 09:20:00,118.56,Electronics,PayPal,Desktop,Delhi,0,161,327.07,1505,No,0,0.023664354476528343,0,0.49626502521575483,0,Lower score,train,in-sample
T101562,CUST2838,2023-06-03 11:08:00,121.32,Travel,PayPal,POS,Kolkata,0,143,81.69,1628,No,0,0.0164220208486001,0,0.5009471974220572,0,Lower score,train,in-sample
T100731,CUST1311,2023-06-03 12:43:00,134.81,Travel,Debit Card,Desktop,Hyderabad,0,198,219.76,1872,Yes,0,0.01510963270208085,0,0.49812299731591203,0,Lower score,train,in-sample
T102687,CUST6640,2023-06-03 13:35:00,42.71,Entertainment,Credit Card,Desktop,Delhi,0,105,473.23,337,No,0,0.012468799960250848,0,0.4878058397165294,0,Lower score,train,in-sample
T100181,CUST2416,2023-06-03 13:46:00,9.64,Electronics,Credit Card,POS,Kolkata,0,74,325.5,911,No,0,0.006508505956847105,0,0.49726085838058276,0,Lower score,train,in-sample
T101083,CUST2217,2023-06-03 16:26:00,169.04,Fashion,PayPal,Mobile,Kolkata,0,34,462.75,913,No,0,0.012704164298050517,0,0.5064700748258719,0,Lower score,train,in-sample
T100764,CUST9924,2023-06-03 17:23:00,2.73,Entertainment,Debit Card,Desktop,Chennai,0,54,10.33,925,No,0,0.01779012633965106,0,0.5139145679688633,0,Lower score,train,in-sample
T103309,CUST5788,2023-06-03 20:56:00,49.93,Fashion,Credit Card,Mobile,Chennai,0,178,67.35,1033,No,0,0.063641758688921,0,0.49319499684076507,0,Lower score,train,in-sample
T100272,CUST8834,2023-06-03 21:12:00,161.44,Health,NetBanking,Mobile,Pune,0,125,467.78,795,No,0,0.04544205555130947,0,0.4991308872127464,0,Lower score,train,in-sample
T103401,CUST4160,2023-06-03 21:43:00,7.98,Utilities,NetBanking,Desktop,Pune,0,16,470.55,1358,No,0,0.04432144563501986,0,0.4860006164500139,0,Lower score,train,in-sample
T101841,CUST2536,2023-06-04 09:55:00,45.26,Food,NetBanking,POS,Delhi,0,89,448.67,283,No,0,0.037172000611564004,0,0.4930377756568686,0,Lower score,train,in-sample
T103138,CUST6965,2023-06-04 17:42:00,58.96,Electronics,Credit Card,POS,Delhi,1,143,307.26,996,No,1,0.11198958131862174,0,0.5280621292511444,1,Anomaly review,train,in-sample
T101088,CUST2265,2023-06-04 18:11:00,378.36,Utilities,PayPal,Mobile,Delhi,0,170,209.84,603,No,0,0.026595446408039517,0,0.5344302594276454,1,Anomaly review,train,in-sample
T101034,CUST6597,2023-06-04 21:51:00,6.41,Health,UPI,Desktop,Hyderabad,0,54,37.26,283,No,0,0.06553723746047806,0,0.5037043751924268,0,Lower score,train,in-sample
T100542,CUST9701,2023-06-04 22:21:00,20.77,Health,NetBanking,Mobile,Chennai,0,72,470.94,1033,No,0,0.08111375549621463,0,0.49153294187925606,0,Lower score,train,in-sample
T100737,CUST6556,2023-06-04 23:08:00,135.69,Travel,UPI,POS,Bengaluru,0,195,103.16,616,No,0,0.14952842079744322,0,0.506847853503069,0,Lower score,train,in-sample
T101496,CUST2804,2023-06-05 02:29:00,77.3,Travel,Debit Card,POS,Mumbai,0,91,180.96,686,No,0,0.19550789733190657,1,0.4831248069551956,0,Model review,train,in-sample
T104896,CUST4911,2023-06-05 11:15:00,12.73,Grocery,NetBanking,Desktop,Mumbai,0,134,131.38,474,No,0,0.018720309817847683,0,0.4834748895865551,0,Lower score,train,in-sample
T102953,CUST8161,2023-06-05 11:38:00,49.55,Electronics,PayPal,POS,Delhi,0,94,441.73,329,No,0,0.012603833714637077,0,0.48916351978491196,0,Lower score,train,in-sample
T102461,CUST2989,2023-06-05 16:30:00,169.83,Health,NetBanking,POS,Mumbai,0,2,42.32,714,No,0,0.017212264551518534,0,0.492687300142952,0,Lower score,train,in-sample
T101101,CUST7562,2023-06-05 17:45:00,278.17,Travel,Credit Card,Desktop,Bengaluru,0,13,85.93,1063,No,0,0.032219228762541616,0,0.512779798196363,0,Lower score,train,in-sample
T104895,CUST1804,2023-06-05 18:24:00,6.72,Fashion,UPI,POS,Hyderabad,1,188,363.62,288,No,1,0.21017647193571468,1,0.5365405615769097,1,Model review,train,in-sample
T104851,CUST6870,2023-06-05 21:16:00,38.45,Entertainment,Credit Card,POS,Chennai,0,95,477.79,263,Yes,1,0.07842730130420081,0,0.48504014195246303,0,Lower score,train,in-sample
T102165,CUST4952,2023-06-06 06:05:00,309.46,Utilities,UPI,Mobile,Chennai,0,25,243.18,1096,Yes,0,0.20376039575895974,1,0.5212630209574972,1,Model review,train,in-sample
T101288,CUST9529,2023-06-06 07:00:00,2.7,Entertainment,Debit Card,POS,Mumbai,0,169,157.71,690,No,0,0.11692777655356608,0,0.5052793726757516,0,Lower score,train,in-sample
T102282,CUST7800,2023-06-06 07:06:00,51.17,Utilities,Debit Card,POS,Kolkata,0,114,325.12,740,No,0,0.07719580809534489,0,0.48497092002061504,0,Lower score,train,in-sample
T104105,CUST7895,2023-06-06 11:01:00,87.21,Travel,Debit Card,Desktop,Chennai,0,62,386.1,1092,No,0,0.03515898771849379,0,0.484416843649476,0,Lower score,train,in-sample
T104773,CUST8917,2023-06-06 12:59:00,136.68,Health,NetBanking,POS,Delhi,0,199,431.53,1539,No,0,0.017627474370229806,0,0.48274652426629827,0,Lower score,train,in-sample
T103382,CUST5875,2023-06-06 13:36:00,2.53,Health,NetBanking,Mobile,Kolkata,0,121,275.62,687,No,0,0.010591259169907656,0,0.4924421389257011,0,Lower score,train,in-sample
T101278,CUST9136,2023-06-06 14:06:00,12.3,Fashion,NetBanking,Mobile,Pune,0,82,420.03,852,No,0,0.01550263128166765,0,0.4870769207221216,0,Lower score,train,in-sample
T103510,CUST3675,2023-06-06 14:52:00,32.67,Electronics,PayPal,Mobile,Pune,0,101,241.35,254,No,0,0.008710152965734946,0,0.48736396740666377,0,Lower score,train,in-sample
T101429,CUST3002,2023-06-06 19:51:00,161.95,Grocery,UPI,Mobile,Pune,0,86,329.03,36,No,0,0.04268199864702032,0,0.48717363733889063,0,Lower score,train,in-sample
T103414,CUST5073,2023-06-06 21:46:00,122.5,Grocery,UPI,Mobile,Chennai,0,58,376.11,132,No,0,0.09850975222312194,0,0.4925688407038873,0,Lower score,train,in-sample
T101307,CUST8179,2023-06-06 23:40:00,129.45,Electronics,Credit Card,POS,Chennai,0,150,193.52,910,No,0,0.14073283183573743,0,0.47714974823212464,0,Lower score,train,in-sample
T103344,CUST4379,2023-06-07 00:19:00,51.38,Grocery,NetBanking,Mobile,Delhi,0,159,41.62,1012,No,1,0.12651553761897905,0,0.47318989121407,0,Lower score,train,in-sample
T101722,CUST6290,2023-06-07 02:31:00,28.91,Utilities,UPI,Desktop,Mumbai,0,87,343.83,1942,No,0,0.19853970191286713,1,0.4834438146774173,0,Model review,train,in-sample
T101965,CUST7203,2023-06-07 04:29:00,70.89,Fashion,PayPal,Desktop,Delhi,0,104,371.64,1399,No,1,0.1839812733667626,1,0.48125548632830345,0,Model review,train,in-sample
T101907,CUST9323,2023-06-07 11:05:00,36.7,Utilities,NetBanking,Mobile,Hyderabad,0,21,483.83,735,No,0,0.022799891777871395,0,0.47334105448014324,0,Lower score,train,in-sample
T101019,CUST9322,2023-06-07 13:02:00,2.76,Fashion,PayPal,Mobile,Mumbai,0,107,409.58,133,No,0,0.01853341427758333,0,0.5051476428116305,0,Lower score,train,in-sample
T100866,CUST8407,2023-06-07 13:05:00,13.5,Health,UPI,POS,Kolkata,0,147,10.01,531,No,0,0.01302369116105438,0,0.48913401239996546,0,Lower score,train,in-sample
T102218,CUST7659,2023-06-07 13:13:00,164.93,Grocery,NetBanking,Mobile,Chennai,0,151,431.22,247,No,0,0.0190909907814234,0,0.4967787866997668,0,Lower score,train,in-sample
T102847,CUST1411,2023-06-07 17:31:00,23.12,Utilities,UPI,Mobile,Delhi,0,177,319.85,1562,No,0,0.01867913837802745,0,0.48875068097451063,0,Lower score,train,in-sample
T102672,CUST4978,2023-06-07 18:31:00,99.92,Utilities,UPI,Mobile,Mumbai,0,17,276.0,254,No,0,0.030763419108754814,0,0.49115171122767426,0,Lower score,train,in-sample
T103092,CUST9668,2023-06-07 19:37:00,40.74,Entertainment,NetBanking,POS,Mumbai,0,25,299.74,1886,No,0,0.045317197149773426,0,0.4869588429927957,0,Lower score,train,in-sample
T102208,CUST1827,2023-06-07 19:44:00,27.65,Food,UPI,POS,Delhi,0,91,488.5,1785,No,0,0.049139331420684725,0,0.47877111740665046,0,Lower score,train,in-sample
T101240,CUST7098,2023-06-07 23:05:00,162.37,Grocery,Credit Card,POS,Hyderabad,0,111,51.86,1690,No,0,0.1274071468158512,0,0.49786057561594055,0,Lower score,train,in-sample
T100797,CUST1970,2023-06-07 23:33:00,66.62,Electronics,NetBanking,POS,Chennai,0,133,70.75,1977,No,0,0.11549623380976472,0,0.4769913202636326,0,Lower score,train,in-sample
T104928,CUST6906,2023-06-08 01:04:00,108.98,Utilities,NetBanking,POS,Kolkata,0,137,33.85,1169,No,0,0.11575652442727928,0,0.4805009845373695,0,Lower score,train,in-sample
T100141,CUST8610,2023-06-08 05:21:00,23.2,Travel,Credit Card,POS,Chennai,0,70,429.32,759,No,1,0.14670130827272723,0,0.4838890215103662,0,Lower score,train,in-sample
T101802,CUST3306,2023-06-08 06:26:00,34.86,Health,NetBanking,POS,Mumbai,1,3,270.65,664,No,0,0.47526638962858403,1,0.514560713050204,0,Model review,train,in-sample
T103157,CUST5527,2023-06-08 07:45:00,5.29,Utilities,UPI,Desktop,Hyderabad,1,156,439.6,1140,Yes,1,0.36047759180160843,1,0.5276959561579824,1,Model review,train,in-sample
T102622,CUST8819,2023-06-08 08:20:00,45.51,Entertainment,Credit Card,Desktop,Kolkata,0,58,301.39,379,No,0,0.047078730188555275,0,0.4824300088841987,0,Lower score,train,in-sample
T102956,CUST6238,2023-06-08 08:53:00,104.45,Health,NetBanking,Desktop,Delhi,0,110,278.36,149,No,0,0.039270418021396296,0,0.480697537323971,0,Lower score,train,in-sample
T100424,CUST9378,2023-06-08 08:59:00,4.74,Entertainment,PayPal,POS,Pune,0,134,413.98,1037,No,0,0.0368209298340867,0,0.5047238839559506,0,Lower score,train,in-sample
T102385,CUST4170,2023-06-08 09:23:00,69.82,Utilities,NetBanking,Mobile,Bengaluru,0,175,123.82,1900,No,0,0.03801639695525552,0,0.46969313253421324,0,Lower score,train,in-sample
T104222,CUST1656,2023-06-08 16:23:00,182.57,Entertainment,Credit Card,Desktop,Pune,0,56,415.27,1680,No,0,0.01642586079892116,0,0.4918689982044352,0,Lower score,train,in-sample
T103563,CUST3460,2023-06-08 18:10:00,43.39,Grocery,Debit Card,Mobile,Kolkata,0,79,189.38,1714,No,0,0.013059741423866525,0,0.48461397788428584,0,Lower score,train,in-sample
T102876,CUST7688,2023-06-08 18:20:00,55.06,Travel,NetBanking,Mobile,Bengaluru,0,145,451.15,101,No,0,0.023375984561690228,0,0.477953411411442,0,Lower score,train,in-sample
T102871,CUST6608,2023-06-08 20:35:00,234.18,Fashion,Credit Card,Mobile,Pune,0,11,487.09,114,No,0,0.06051043899909186,0,0.496407639511121,0,Lower score,train,in-sample
T101411,CUST6016,2023-06-08 22:46:00,9.5,Electronics,NetBanking,POS,Mumbai,0,51,146.21,656,No,0,0.06420760028485799,0,0.48801148144271567,0,Lower score,train,in-sample
T102667,CUST6813,2023-06-08 22:55:00,84.36,Grocery,UPI,POS,Chennai,0,73,182.37,41,No,0,0.1070493964365615,0,0.4931144395461666,0,Lower score,train,in-sample
T101953,CUST1537,2023-06-08 23:59:00,106.44,Travel,Debit Card,POS,Hyderabad,0,63,326.39,1643,No,0,0.13218705302776615,0,0.48809308091345266,0,Lower score,train,in-sample
T104118,CUST2737,2023-06-09 00:24:00,12.37,Food,NetBanking,POS,Delhi,0,166,25.67,742,No,0,0.10817897618545844,0,0.48081128271917783,0,Lower score,train,in-sample
T101346,CUST7480,2023-06-09 01:03:00,33.96,Electronics,PayPal,Mobile,Chennai,1,118,433.67,150,No,0,0.45488924499101163,1,0.5147131254496172,0,Model review,train,in-sample
T102318,CUST4907,2023-06-09 01:42:00,43.83,Health,Credit Card,Mobile,Pune,0,27,450.65,1488,No,0,0.10207928479158701,0,0.48497034299991504,0,Lower score,train,in-sample
T101493,CUST3001,2023-06-09 02:14:00,6.08,Health,UPI,Desktop,Pune,0,13,399.06,958,No,0,0.1060262976198973,0,0.49396053202084905,0,Lower score,train,in-sample
T101390,CUST3301,2023-06-09 07:06:00,21.54,Travel,NetBanking,Desktop,Hyderabad,0,36,213.57,1607,No,0,0.05799057737862912,0,0.4862200770727433,0,Lower score,train,in-sample
T100095,CUST6062,2023-06-09 08:48:00,54.47,Food,PayPal,Mobile,Kolkata,1,69,380.98,645,No,1,0.2160179033558488,1,0.5295848031149757,1,Model review,train,in-sample
T101305,CUST5630,2023-06-09 11:14:00,163.82,Food,NetBanking,Desktop,Mumbai,0,118,26.41,686,No,0,0.02263384246796601,0,0.4826140061285396,0,Lower score,train,in-sample
T103466,CUST9559,2023-06-09 13:53:00,48.58,Utilities,UPI,Desktop,Hyderabad,0,89,187.09,115,Yes,0,0.009205287689923323,0,0.48097064188540123,0,Lower score,train,in-sample
T103765,CUST2040,2023-06-09 20:34:00,28.53,Fashion,PayPal,Desktop,Hyderabad,0,78,262.78,1916,No,0,0.0348120251740516,0,0.4831833777072859,0,Lower score,train,in-sample
T101776,CUST2825,2023-06-09 23:08:00,93.21,Health,PayPal,POS,Hyderabad,0,51,410.52,1107,No,0,0.06932071440433632,0,0.4911536339180453,0,Lower score,train,in-sample
T104777,CUST5359,2023-06-09 23:18:00,29.43,Health,PayPal,POS,Pune,0,163,109.22,35,No,0,0.060232256218524224,0,0.4980021689610945,0,Lower score,train,in-sample
T103416,CUST1769,2023-06-09 23:32:00,30.01,Fashion,Debit Card,POS,Delhi,0,66,339.67,1508,No,0,0.09481858103995736,0,0.4853184105482344,0,Lower score,train,in-sample
T104868,CUST2964,2023-06-09 23:45:00,72.6,Fashion,Debit Card,Mobile,Kolkata,0,186,95.62,311,No,0,0.08548609868397816,0,0.48421795536581513,0,Lower score,train,in-sample
T103241,CUST1244,2023-06-10 05:07:00,44.82,Health,Debit Card,POS,Pune,0,94,139.77,1392,No,0,0.10221336548708275,0,0.4891443582951933,0,Lower score,train,in-sample
T104363,CUST5702,2023-06-10 05:14:00,59.29,Grocery,UPI,Desktop,Kolkata,0,38,426.34,574,No,0,0.09098889671541542,0,0.48977201828010786,0,Lower score,train,in-sample
T104935,CUST1187,2023-06-10 05:16:00,34.67,Travel,Credit Card,Desktop,Chennai,0,186,384.67,480,No,0,0.13769358709105148,0,0.4906750021260809,0,Lower score,train,in-sample
T102280,CUST6765,2023-06-10 05:54:00,23.48,Travel,Debit Card,Mobile,Hyderabad,0,96,213.11,646,No,0,0.09796487937424668,0,0.49570248898563823,0,Lower score,train,in-sample
T104390,CUST3918,2023-06-10 07:00:00,16.39,Entertainment,Debit Card,Desktop,Delhi,0,128,397.07,725,No,0,0.07461935188708708,0,0.4924110365339482,0,Lower score,train,in-sample
T100593,CUST9252,2023-06-10 07:27:00,33.93,Fashion,Debit Card,POS,Bengaluru,0,56,155.26,1722,No,0,0.09039892199096344,0,0.4875098953138198,0,Lower score,train,in-sample
T100299,CUST2684,2023-06-10 08:05:00,7.14,Health,NetBanking,Mobile,Kolkata,0,199,325.17,852,No,0,0.03492929575149413,0,0.49807830612348564,0,Lower score,train,in-sample
T102579,CUST5383,2023-06-10 08:53:00,83.49,Electronics,PayPal,Desktop,Mumbai,0,48,111.09,1932,No,0,0.029799372908654365,0,0.4921292958979376,0,Lower score,train,in-sample
T100487,CUST7256,2023-06-10 09:49:00,26.39,Electronics,PayPal,POS,Kolkata,0,130,218.97,1711,No,0,0.0152105785883398,0,0.495050650145321,0,Lower score,train,in-sample
T104818,CUST3058,2023-06-10 10:03:00,175.28,Electronics,NetBanking,Mobile,Chennai,0,198,129.88,810,No,0,0.025907882517994585,0,0.5048894798807981,0,Lower score,train,in-sample
T100325,CUST6257,2023-06-10 13:13:00,107.12,Grocery,PayPal,POS,Mumbai,0,76,294.69,275,No,0,0.011720349116073234,0,0.49428081519112294,0,Lower score,train,in-sample
T103773,CUST6961,2023-06-10 15:31:00,105.64,Fashion,NetBanking,POS,Delhi,0,18,252.24,1831,No,0,0.014013608358202614,0,0.49505818955053427,0,Lower score,train,in-sample
T103385,CUST6194,2023-06-10 16:03:00,169.08,Food,UPI,Mobile,Bengaluru,0,74,314.22,390,No,0,0.02074140606831118,0,0.5044311209047979,0,Lower score,train,in-sample
T104767,CUST1537,2023-06-10 17:44:00,8.2,Food,UPI,Desktop,Bengaluru,0,177,489.29,933,No,0,0.022788003892955138,0,0.5055867936661507,0,Lower score,train,in-sample
T104136,CUST8584,2023-06-10 18:12:00,104.39,Travel,Credit Card,POS,Chennai,0,60,392.02,224,Yes,1,0.02539437802624264,0,0.4881520250824254,0,Lower score,train,in-sample
T102597,CUST7694,2023-06-10 19:57:00,54.92,Food,UPI,Desktop,Hyderabad,0,59,63.53,1668,No,0,0.04113188973077169,0,0.500082101475777,0,Lower score,train,in-sample
T102123,CUST1242,2023-06-11 00:30:00,43.27,Utilities,NetBanking,Mobile,Delhi,0,118,135.83,1929,No,0,0.11784533657072611,0,0.48364903486507405,0,Lower score,train,in-sample
T100549,CUST2281,2023-06-11 03:44:00,118.38,Fashion,Credit Card,Desktop,Delhi,0,16,89.66,673,No,0,0.20474343370179401,1,0.5051234081441391,0,Model review,train,in-sample
T104511,CUST6527,2023-06-11 05:29:00,51.04,Electronics,NetBanking,POS,Hyderabad,0,108,184.02,1155,No,0,0.09476979745841914,0,0.49913412003169877,0,Lower score,train,in-sample
T104175,CUST1510,2023-06-11 07:47:00,433.53,Health,Credit Card,POS,Kolkata,0,123,388.39,1709,No,0,0.08963784630151372,0,0.5382436206718075,1,Anomaly review,train,in-sample
T102938,CUST5642,2023-06-11 08:12:00,243.29,Fashion,Debit Card,Mobile,Bengaluru,0,174,380.49,1480,No,0,0.1033497406564304,0,0.5020486731381403,0,Lower score,train,in-sample
T101986,CUST4005,2023-06-11 11:17:00,104.14,Entertainment,NetBanking,Mobile,Chennai,0,110,372.63,1660,No,0,0.02872829813131749,0,0.5039264531691372,0,Lower score,train,in-sample
T103422,CUST4997,2023-06-11 12:21:00,114.94,Electronics,Credit Card,Desktop,Kolkata,0,105,472.5,64,No,0,0.010611961546860884,0,0.4870089535437303,0,Lower score,train,in-sample
T100154,CUST8670,2023-06-11 13:25:00,339.52,Health,NetBanking,POS,Chennai,1,60,92.27,743,No,0,0.1716958548548282,1,0.5627774485757836,1,Model review,train,in-sample
T101761,CUST9460,2023-06-11 13:29:00,148.82,Grocery,Credit Card,POS,Chennai,0,29,103.45,1761,No,0,0.01730240996711991,0,0.5033538438928469,0,Lower score,train,in-sample
T100071,CUST5408,2023-06-11 14:22:00,17.72,Grocery,PayPal,Mobile,Kolkata,0,124,40.38,1620,No,0,0.00759211541607699,0,0.5016717069406594,0,Lower score,train,in-sample
T103449,CUST6854,2023-06-11 15:24:00,4.39,Utilities,UPI,Desktop,Pune,0,48,239.91,1743,No,0,0.010801816551004796,0,0.4984846536390446,0,Lower score,train,in-sample
T103692,CUST6469,2023-06-11 16:01:00,119.42,Food,Credit Card,Desktop,Kolkata,0,72,37.34,1624,No,0,0.014800195222581311,0,0.4929860962868336,0,Lower score,train,in-sample
T102250,CUST7298,2023-06-11 16:12:00,7.88,Utilities,NetBanking,POS,Bengaluru,0,55,496.6,758,No,0,0.014110267238903997,0,0.4970853229488682,0,Lower score,train,in-sample
T102732,CUST7940,2023-06-11 16:21:00,4.77,Travel,PayPal,Mobile,Mumbai,0,4,329.28,1154,No,0,0.013266803758752995,0,0.5002287100337376,0,Lower score,train,in-sample
T101468,CUST2729,2023-06-11 18:08:00,163.68,Grocery,UPI,POS,Bengaluru,0,130,129.58,947,No,0,0.02803697961623901,0,0.4964084494550156,0,Lower score,train,in-sample
T103178,CUST9829,2023-06-11 20:17:00,134.61,Travel,Debit Card,POS,Kolkata,0,74,259.75,1112,No,0,0.03940559213670281,0,0.5043219846996794,0,Lower score,train,in-sample
T104287,CUST7675,2023-06-11 22:23:00,68.83,Food,UPI,Mobile,Delhi,0,79,277.88,1610,No,0,0.10231920719772165,0,0.4945050364838333,0,Lower score,train,in-sample
T100623,CUST7699,2023-06-12 01:16:00,53.01,Fashion,Debit Card,Desktop,Kolkata,0,60,434.01,1737,No,1,0.15038218731367514,0,0.4878482678122409,0,Lower score,train,in-sample
T104079,CUST4308,2023-06-12 01:24:00,20.52,Electronics,UPI,POS,Delhi,0,147,470.2,1332,No,0,0.12077916418954288,0,0.4878394808412472,0,Lower score,train,in-sample
T102367,CUST5995,2023-06-12 01:57:00,65.43,Health,Credit Card,Mobile,Kolkata,0,150,59.1,1855,Yes,1,0.130489764354881,0,0.49371945717966825,0,Lower score,train,in-sample
T101165,CUST5488,2023-06-12 04:26:00,136.29,Health,UPI,POS,Bengaluru,0,41,491.02,88,No,1,0.19671793710620566,1,0.49472677405846915,0,Model review,train,in-sample
T103216,CUST5541,2023-06-12 10:15:00,14.45,Utilities,NetBanking,Desktop,Delhi,0,3,165.51,1910,No,0,0.023679138980162433,0,0.47930560935414035,0,Lower score,train,in-sample
T103745,CUST7953,2023-06-12 19:24:00,19.11,Utilities,Debit Card,Mobile,Chennai,0,167,12.13,359,No,0,0.03103837605222542,0,0.49015117582803797,0,Lower score,train,in-sample
T103314,CUST6897,2023-06-12 19:43:00,19.64,Health,Debit Card,Desktop,Delhi,0,168,464.94,346,No,0,0.028336110954511294,0,0.4907272932689584,0,Lower score,train,in-sample
T100231,CUST6576,2023-06-12 19:55:00,55.87,Food,UPI,Desktop,Pune,0,48,399.64,353,No,0,0.04291653610935539,0,0.4837738246833161,0,Lower score,train,in-sample
T101793,CUST1214,2023-06-12 23:23:00,91.21,Health,Credit Card,POS,Delhi,0,192,173.66,870,No,0,0.10913452066059753,0,0.48236814723159716,0,Lower score,train,in-sample
T103921,CUST9764,2023-06-13 01:14:00,40.89,Health,PayPal,POS,Hyderabad,0,100,228.52,960,No,0,0.15985082083217442,1,0.4851464635695204,0,Model review,train,in-sample
T103325,CUST4171,2023-06-13 03:49:00,111.46,Grocery,Credit Card,POS,Kolkata,0,96,490.45,1346,No,0,0.16071914737081677,1,0.4900914598968589,0,Model review,train,in-sample
T104549,CUST2853,2023-06-13 07:15:00,128.22,Food,UPI,Mobile,Kolkata,0,124,229.6,1357,No,0,0.1079351047024305,0,0.4922400171996416,0,Lower score,train,in-sample
T100676,CUST7045,2023-06-13 09:20:00,9.51,Entertainment,Credit Card,POS,Chennai,1,13,424.76,1611,No,0,0.37560724916106886,1,0.5362608869840785,1,Model review,train,in-sample
T101355,CUST8611,2023-06-13 10:46:00,165.35,Travel,Credit Card,Desktop,Delhi,0,122,237.7,72,No,0,0.03580570640850822,0,0.4987660759420723,0,Lower score,train,in-sample
T102829,CUST1872,2023-06-13 11:17:00,2.37,Entertainment,Credit Card,POS,Hyderabad,0,94,444.0,1563,No,0,0.028662644529759983,0,0.5087062833689503,0,Lower score,train,in-sample
T103990,CUST8778,2023-06-13 14:37:00,6.98,Food,Credit Card,Mobile,Delhi,0,21,388.45,1988,No,0,0.016772326730240362,0,0.48990240619462405,0,Lower score,train,in-sample
T104792,CUST1638,2023-06-13 16:30:00,4.97,Travel,NetBanking,Desktop,Bengaluru,1,30,213.85,1818,No,1,0.14970353363023567,0,0.5229722455134568,1,Anomaly review,train,in-sample
T104020,CUST5974,2023-06-13 18:42:00,42.39,Travel,PayPal,POS,Pune,0,74,350.79,209,No,0,0.025853058545940368,0,0.48695578017711827,0,Lower score,train,in-sample
T101130,CUST7748,2023-06-13 20:11:00,102.82,Electronics,Credit Card,POS,Chennai,0,135,372.05,1601,No,0,0.046957997383244784,0,0.4755331605908497,0,Lower score,train,in-sample
T103584,CUST5819,2023-06-13 20:12:00,41.78,Electronics,PayPal,POS,Kolkata,1,98,427.09,1100,No,0,0.19524249186918077,1,0.5177287635052698,1,Model review,train,in-sample
T104209,CUST7825,2023-06-13 23:06:00,4.7,Entertainment,UPI,POS,Kolkata,0,94,395.88,374,No,0,0.11345749183956146,0,0.5008161584263473,0,Lower score,train,in-sample
T100189,CUST5718,2023-06-14 01:44:00,22.15,Entertainment,Credit Card,Mobile,Pune,0,17,295.44,877,No,0,0.18226238504524248,1,0.48780737553813647,0,Model review,train,in-sample
T102233,CUST1609,2023-06-14 02:16:00,152.99,Travel,Credit Card,POS,Mumbai,0,121,17.15,1497,No,1,0.24649181758009706,1,0.483893271653718,0,Model review,train,in-sample
T100642,CUST8724,2023-06-14 02:18:00,19.0,Grocery,UPI,POS,Hyderabad,1,120,234.48,1924,No,0,0.6669148385488933,1,0.5208156363227294,1,Model review,train,in-sample
T102156,CUST9089,2023-06-14 03:20:00,12.25,Utilities,UPI,Desktop,Hyderabad,0,64,228.63,825,Yes,1,0.18097287648330956,1,0.48944245492932975,0,Model review,train,in-sample
T101958,CUST6866,2023-06-14 08:31:00,80.89,Electronics,NetBanking,Desktop,Hyderabad,0,58,196.7,1425,No,0,0.04504214850810755,0,0.4789069494001325,0,Lower score,train,in-sample
T101365,CUST6696,2023-06-14 09:52:00,11.29,Grocery,Debit Card,Mobile,Chennai,0,79,255.22,623,No,0,0.03680626250795803,0,0.49529976883918897,0,Lower score,train,in-sample
T101232,CUST2210,2023-06-14 10:00:00,19.17,Travel,Debit Card,POS,Mumbai,0,68,485.28,64,No,0,0.04031376032070317,0,0.48377761962611804,0,Lower score,train,in-sample
T104399,CUST7557,2023-06-14 10:37:00,10.86,Travel,NetBanking,Mobile,Chennai,0,137,318.22,1052,No,0,0.03302742211629608,0,0.4876054742069139,0,Lower score,train,in-sample
T103040,CUST9239,2023-06-14 13:36:00,15.81,Entertainment,Credit Card,Desktop,Pune,0,134,457.35,699,No,0,0.015443711605530847,0,0.4811906459655389,0,Lower score,train,in-sample
T102714,CUST9869,2023-06-14 14:27:00,0.11,Electronics,UPI,Desktop,Kolkata,0,14,36.6,1735,No,0,0.008461132528713078,0,0.5069927866974419,0,Lower score,train,in-sample
T102499,CUST9304,2023-06-14 16:11:00,41.88,Electronics,NetBanking,Mobile,Bengaluru,0,161,143.05,277,No,0,0.012827909377189174,0,0.4730158291423943,0,Lower score,train,in-sample
T104947,CUST5762,2023-06-14 18:28:00,108.27,Utilities,PayPal,Desktop,Chennai,0,15,113.33,1098,No,0,0.028496167813433167,0,0.4899825979897608,0,Lower score,train,in-sample
T101727,CUST4491,2023-06-14 21:15:00,457.03,Fashion,NetBanking,POS,Bengaluru,0,41,450.01,1011,No,0,0.155993483352303,0,0.5136121461532218,0,Lower score,train,in-sample
T103080,CUST2256,2023-06-14 21:51:00,106.71,Food,NetBanking,POS,Bengaluru,0,65,46.31,798,No,0,0.11959898274344216,0,0.4710003782652071,0,Lower score,train,in-sample
T102884,CUST5187,2023-06-14 22:41:00,5.72,Travel,UPI,Desktop,Mumbai,0,74,332.76,1648,No,0,0.11615050091753291,0,0.49656830309719857,0,Lower score,train,in-sample
T104089,CUST8760,2023-06-15 03:00:00,3.68,Entertainment,Credit Card,Mobile,Delhi,0,75,410.67,1624,No,1,0.1581852202003678,0,0.4997961666987403,0,Lower score,train,in-sample
T102657,CUST8745,2023-06-15 03:10:00,151.96,Food,UPI,Desktop,Pune,1,7,131.95,1518,No,0,0.6950604468594234,1,0.5298818041152661,1,Model review,train,in-sample
T100350,CUST5185,2023-06-15 03:43:00,55.96,Grocery,Debit Card,POS,Hyderabad,0,153,298.71,43,No,0,0.1401172428707319,0,0.4899852067398516,0,Lower score,train,in-sample
T100597,CUST8244,2023-06-15 03:51:00,15.13,Travel,Credit Card,Mobile,Hyderabad,0,54,256.24,1997,No,0,0.149936095428067,0,0.4889699364645632,0,Lower score,train,in-sample
T104324,CUST7712,2023-06-15 05:49:00,132.72,Fashion,UPI,Mobile,Hyderabad,0,153,20.26,485,No,0,0.15286177945388818,0,0.4847986738652996,0,Lower score,train,in-sample
T101621,CUST8600,2023-06-15 06:58:00,4.96,Entertainment,NetBanking,Mobile,Kolkata,0,138,323.33,1401,No,0,0.06455713040892123,0,0.49684047799719294,0,Lower score,train,in-sample
T100924,CUST2490,2023-06-15 07:16:00,44.3,Utilities,Debit Card,Desktop,Delhi,0,52,278.64,582,No,0,0.06387346025906068,0,0.47913303148855985,0,Lower score,train,in-sample
T103663,CUST4264,2023-06-15 11:32:00,2.84,Entertainment,UPI,Mobile,Chennai,0,117,132.95,884,No,0,0.0237722052536169,0,0.516775639154605,0,Lower score,train,in-sample
T102939,CUST1076,2023-06-15 13:42:00,3.47,Entertainment,NetBanking,POS,Chennai,0,175,92.35,522,No,0,0.01496736174040349,0,0.49641069647450486,0,Lower score,train,in-sample
T103910,CUST3066,2023-06-15 14:12:00,3.2,Utilities,Credit Card,POS,Hyderabad,0,148,445.41,384,No,0,0.01083006892089805,0,0.49756964481490573,0,Lower score,train,in-sample
T103744,CUST1585,2023-06-15 15:22:00,0.55,Grocery,Credit Card,Mobile,Pune,0,111,298.42,1574,No,0,0.008817118044770464,0,0.5067750004254847,0,Lower score,train,in-sample
T100137,CUST6424,2023-06-16 00:02:00,97.13,Health,Credit Card,Desktop,Pune,0,113,466.18,1737,No,0,0.08561455037029277,0,0.4879672867397865,0,Lower score,train,in-sample
T101201,CUST5740,2023-06-16 00:32:00,1.99,Food,Credit Card,Mobile,Bengaluru,0,65,124.62,716,No,0,0.13230109959946823,0,0.49769138309329086,0,Lower score,train,in-sample
T103863,CUST8319,2023-06-16 00:40:00,23.59,Entertainment,UPI,Desktop,Pune,0,9,461.3,30,No,0,0.10926765759337549,0,0.48629630482914804,0,Lower score,train,in-sample
T100089,CUST2994,2023-06-16 08:07:00,51.13,Electronics,Debit Card,Desktop,Hyderabad,0,160,117.04,38,No,0,0.03118320274822968,0,0.47977886413938037,0,Lower score,train,in-sample
T103064,CUST3784,2023-06-16 08:26:00,83.64,Utilities,Credit Card,Desktop,Bengaluru,0,72,320.8,1297,No,0,0.04500596258899995,0,0.4817709540912797,0,Lower score,train,in-sample
T102633,CUST1686,2023-06-16 09:08:00,14.61,Grocery,Debit Card,Desktop,Pune,1,170,410.49,373,No,0,0.17341755001140138,1,0.5212280553808054,1,Model review,train,in-sample
T101228,CUST2643,2023-06-16 09:09:00,330.7,Travel,PayPal,POS,Chennai,0,44,351.62,1819,No,0,0.05109318312673273,0,0.5256362869620345,1,Anomaly review,train,in-sample
T103602,CUST6248,2023-06-16 10:22:00,16.39,Travel,Credit Card,Desktop,Chennai,1,120,449.44,1442,No,0,0.17970189533534306,1,0.5179322085749379,1,Model review,train,in-sample
T101321,CUST1396,2023-06-16 10:27:00,13.9,Electronics,PayPal,Desktop,Delhi,0,99,243.1,1111,No,0,0.011515329165940622,0,0.48578019635457487,0,Lower score,train,in-sample
T101090,CUST9927,2023-06-16 13:01:00,228.8,Travel,Debit Card,POS,Hyderabad,0,157,466.32,1012,No,0,0.014120224228689684,0,0.5045424972171418,0,Lower score,train,in-sample
T101843,CUST6072,2023-06-16 15:56:00,75.93,Electronics,NetBanking,Mobile,Delhi,0,131,344.18,88,No,0,0.0064625566990485685,0,0.480325817622989,0,Lower score,train,in-sample
T100427,CUST9997,2023-06-16 16:56:00,174.93,Health,Debit Card,POS,Kolkata,0,9,198.89,1476,No,0,0.009982968488722446,0,0.49948694542190825,0,Lower score,train,in-sample
T101967,CUST1351,2023-06-16 17:04:00,35.98,Travel,Credit Card,Desktop,Chennai,0,127,43.31,152,No,0,0.013932024541817856,0,0.47971331489626173,0,Lower score,train,in-sample
T100314,CUST6750,2023-06-16 19:52:00,144.62,Grocery,PayPal,Mobile,Bengaluru,0,1,72.41,468,No,0,0.026857374489012924,0,0.49289813161985396,0,Lower score,train,in-sample
T103981,CUST2072,2023-06-16 21:43:00,131.05,Grocery,UPI,POS,Bengaluru,1,48,265.44,1060,No,1,0.37239268917164575,1,0.5277648277138501,1,Model review,train,in-sample
T103453,CUST6361,2023-06-17 02:25:00,37.36,Utilities,NetBanking,POS,Mumbai,0,168,342.24,1077,No,0,0.14518650333642322,0,0.48909174402250444,0,Lower score,train,in-sample
T102371,CUST8432,2023-06-17 04:28:00,149.46,Utilities,Credit Card,Desktop,Kolkata,0,191,403.77,1914,No,0,0.11679395466815065,0,0.5021168606740449,0,Lower score,train,in-sample
T102144,CUST1760,2023-06-17 15:09:00,50.97,Food,UPI,Mobile,Bengaluru,0,87,268.83,843,No,0,0.0163244180548849,0,0.4892285777203686,0,Lower score,train,in-sample
T103555,CUST6014,2023-06-17 16:44:00,78.25,Entertainment,Credit Card,Desktop,Bengaluru,0,154,242.96,1170,No,0,0.018026089718490592,0,0.49560058902177495,0,Lower score,train,in-sample
T100799,CUST2531,2023-06-17 17:09:00,204.6,Electronics,Debit Card,Mobile,Hyderabad,0,191,190.99,1402,No,0,0.012335789846940103,0,0.5049032301118707,0,Lower score,train,in-sample
T102541,CUST4061,2023-06-17 18:12:00,116.23,Food,UPI,Desktop,Hyderabad,0,4,80.03,1314,No,0,0.025881940382339704,0,0.5097555832823203,0,Lower score,train,in-sample
T104602,CUST2083,2023-06-17 19:13:00,191.97,Fashion,Credit Card,Desktop,Hyderabad,1,3,361.93,988,No,0,0.2612388359216888,1,0.5359979772807556,1,Model review,train,in-sample
T102080,CUST3478,2023-06-17 21:23:00,2.2,Food,Credit Card,POS,Delhi,0,194,401.43,411,Yes,0,0.05886422904042731,0,0.50215299187341,0,Lower score,train,in-sample
T104446,CUST6535,2023-06-18 01:14:00,15.96,Grocery,NetBanking,Desktop,Pune,1,80,55.51,1630,No,0,0.5444212670665541,1,0.523768322937048,1,Model review,train,in-sample
T102662,CUST9790,2023-06-18 01:15:00,19.44,Travel,Debit Card,Desktop,Hyderabad,0,144,108.47,1418,No,0,0.15183211496843355,0,0.49414299354022967,0,Lower score,train,in-sample
T102928,CUST4344,2023-06-18 04:02:00,112.27,Fashion,NetBanking,Desktop,Delhi,0,86,324.07,1947,No,0,0.18819844007362152,1,0.5087464656426572,0,Model review,train,in-sample
T100944,CUST3718,2023-06-18 04:04:00,18.5,Travel,Debit Card,Desktop,Hyderabad,0,39,218.61,859,No,0,0.154939097231486,0,0.4943862238983916,0,Lower score,train,in-sample
T100116,CUST7975,2023-06-18 04:34:00,130.24,Grocery,Credit Card,POS,Mumbai,0,28,404.01,1427,No,0,0.16617765313264363,1,0.503243727705366,0,Model review,train,in-sample
T101565,CUST6016,2023-06-18 08:58:00,44.1,Food,Debit Card,Mobile,Chennai,1,11,223.95,1992,No,1,0.36957328830636443,1,0.5253547110107907,1,Model review,train,in-sample
T102033,CUST2645,2023-06-18 09:43:00,286.06,Utilities,Debit Card,POS,Hyderabad,0,34,364.62,1987,No,0,0.046155473020628376,0,0.5230135949096596,1,Anomaly review,train,in-sample
T104357,CUST4841,2023-06-18 13:48:00,78.61,Fashion,UPI,POS,Kolkata,0,90,459.73,1058,No,0,0.014898051936268074,0,0.5065498071185458,0,Lower score,train,in-sample
T101933,CUST6303,2023-06-18 17:46:00,74.0,Travel,PayPal,POS,Mumbai,0,69,330.18,1270,No,0,0.020531670144716324,0,0.48899180104332224,0,Lower score,train,in-sample
T103660,CUST3412,2023-06-18 19:22:00,57.04,Utilities,Debit Card,Mobile,Delhi,0,24,165.89,220,No,0,0.026327266100635856,0,0.49102060094060235,0,Lower score,train,in-sample
T100590,CUST7936,2023-06-18 19:35:00,11.96,Electronics,NetBanking,POS,Kolkata,0,64,277.05,1514,No,0,0.017774244534657316,0,0.4965516259354161,0,Lower score,train,in-sample
T103955,CUST9619,2023-06-18 22:40:00,162.24,Fashion,Debit Card,POS,Hyderabad,0,52,190.4,1768,No,0,0.12793320692992083,0,0.506172899570145,0,Lower score,train,in-sample
T103898,CUST2282,2023-06-19 02:12:00,62.17,Utilities,UPI,POS,Mumbai,0,50,477.14,472,No,0,0.18635840548310942,1,0.4885645643998399,0,Model review,train,in-sample
T100096,CUST8011,2023-06-19 06:45:00,59.17,Travel,UPI,Desktop,Delhi,0,190,201.2,181,No,0,0.09931489734776362,0,0.48907347272494806,0,Lower score,train,in-sample
T102565,CUST9806,2023-06-19 09:13:00,28.0,Electronics,NetBanking,Desktop,Chennai,0,155,39.41,1960,No,0,0.032998770301924434,0,0.47935373011303717,0,Lower score,train,in-sample
T101350,CUST3325,2023-06-19 10:35:00,161.41,Fashion,Debit Card,Mobile,Bengaluru,0,61,388.85,1272,No,0,0.04249464620346041,0,0.4931876909730302,0,Lower score,train,in-sample
T104744,CUST4460,2023-06-19 12:26:00,21.19,Travel,UPI,Desktop,Hyderabad,0,146,61.69,1805,No,0,0.01726885036402229,0,0.4954046857162529,0,Lower score,train,in-sample
T100050,CUST5035,2023-06-19 13:21:00,279.42,Fashion,NetBanking,Desktop,Hyderabad,0,157,429.84,1076,No,0,0.022640338336915963,0,0.5143472263563825,0,Lower score,train,in-sample
T103780,CUST7873,2023-06-19 13:52:00,40.8,Grocery,Credit Card,Mobile,Hyderabad,0,168,104.45,780,No,0,0.011582414992600576,0,0.48599640200265426,0,Lower score,train,in-sample
T100125,CUST2528,2023-06-19 17:23:00,44.56,Electronics,Credit Card,POS,Kolkata,0,6,389.76,1595,No,0,0.010483596620778522,0,0.4792538979981034,0,Lower score,train,in-sample
T100232,CUST8641,2023-06-20 00:47:00,68.81,Grocery,UPI,Desktop,Kolkata,1,82,18.04,114,No,1,0.5903184788233378,1,0.5127783485258485,0,Model review,train,in-sample
T103529,CUST8031,2023-06-20 01:45:00,46.35,Health,Debit Card,Desktop,Pune,0,87,69.67,386,Yes,1,0.1614256169894095,1,0.4810281733797328,0,Model review,train,in-sample
T103716,CUST1434,2023-06-20 05:02:00,33.24,Utilities,Debit Card,Mobile,Hyderabad,0,137,450.5,1894,No,0,0.1465716554150258,0,0.4840267197841743,0,Lower score,train,in-sample
T100356,CUST5318,2023-06-20 06:52:00,2.15,Fashion,Debit Card,POS,Bengaluru,0,53,211.56,1106,No,0,0.14041910832568427,0,0.4968828502311224,0,Lower score,train,in-sample
T104119,CUST5074,2023-06-20 07:56:00,100.34,Electronics,UPI,Desktop,Mumbai,0,117,316.97,896,No,0,0.0698552674034898,0,0.4896306810406088,0,Lower score,train,in-sample
T100787,CUST2922,2023-06-20 09:11:00,40.98,Entertainment,PayPal,POS,Chennai,0,173,309.01,331,No,0,0.06110826893416122,0,0.4879903503682915,0,Lower score,train,in-sample
T102926,CUST9710,2023-06-20 11:05:00,131.48,Food,PayPal,POS,Pune,0,52,133.54,976,No,0,0.0314829023140225,0,0.4943096392145785,0,Lower score,train,in-sample
T100588,CUST2301,2023-06-20 19:53:00,10.96,Grocery,UPI,Mobile,Chennai,0,139,176.87,1583,No,0,0.045042144976742464,0,0.4898739195164084,0,Lower score,train,in-sample
T103028,CUST2619,2023-06-20 20:53:00,89.05,Entertainment,Debit Card,Desktop,Pune,0,118,465.79,1295,No,0,0.06419195675823149,0,0.48003423469800377,0,Lower score,train,in-sample
T103659,CUST2813,2023-06-20 22:04:00,193.18,Utilities,NetBanking,POS,Pune,0,92,291.93,908,No,0,0.09235009952125282,0,0.48307823005777717,0,Lower score,train,in-sample
T102899,CUST6726,2023-06-20 22:15:00,3.06,Fashion,UPI,POS,Chennai,0,11,218.72,1577,No,0,0.13651466047325267,0,0.4997603904140998,0,Lower score,train,in-sample
T100478,CUST8132,2023-06-20 22:32:00,278.69,Entertainment,Debit Card,POS,Pune,0,57,264.05,331,No,0,0.14311100688374806,0,0.5101331215355621,0,Lower score,train,in-sample
T100412,CUST2499,2023-06-20 22:51:00,240.64,Fashion,Debit Card,POS,Hyderabad,0,134,402.65,1080,No,0,0.17490493788633263,1,0.49893158296268664,0,Model review,train,in-sample
T102337,CUST1731,2023-06-21 00:26:00,36.84,Grocery,Debit Card,Desktop,Chennai,0,191,315.86,590,No,0,0.1570006085303765,0,0.48336510002367433,0,Lower score,train,in-sample
T101151,CUST6286,2023-06-21 05:40:00,145.13,Travel,NetBanking,Desktop,Delhi,1,93,387.47,857,No,0,0.6152485905870286,1,0.5320744031007869,1,Model review,train,in-sample
T100312,CUST5987,2023-06-21 06:04:00,2.05,Utilities,Credit Card,POS,Hyderabad,0,114,133.89,584,No,0,0.11835008059230498,0,0.5065630139624672,0,Lower score,train,in-sample
T102407,CUST7030,2023-06-21 07:11:00,19.66,Food,NetBanking,POS,Delhi,0,76,372.34,1325,No,0,0.1027362177285667,0,0.47434951600210234,0,Lower score,train,in-sample
T103892,CUST3883,2023-06-21 12:40:00,90.52,Health,PayPal,Desktop,Hyderabad,1,38,151.59,1317,No,0,0.12742426891260042,0,0.5173014139585017,1,Anomaly review,train,in-sample
T102045,CUST5469,2023-06-21 12:45:00,102.65,Electronics,Credit Card,Mobile,Mumbai,0,70,338.72,1940,No,0,0.015093647843541629,0,0.48442282869171943,0,Lower score,train,in-sample
T104810,CUST4655,2023-06-21 15:17:00,14.79,Fashion,Debit Card,Desktop,Pune,0,77,153.72,1447,No,0,0.015406681810832816,0,0.4823862793079417,0,Lower score,train,in-sample
T100750,CUST7940,2023-06-21 15:41:00,9.95,Grocery,PayPal,Mobile,Kolkata,0,128,35.45,140,No,0,0.009063904108978471,0,0.49755352041194817,0,Lower score,train,in-sample
T103206,CUST6430,2023-06-21 16:00:00,156.59,Travel,UPI,POS,Delhi,0,21,109.96,32,No,0,0.020345283169049176,0,0.5021289405313868,0,Lower score,train,in-sample
T103358,CUST3251,2023-06-21 16:02:00,138.0,Utilities,UPI,POS,Chennai,0,186,143.3,1285,No,0,0.021892461243352486,0,0.48809390821629645,0,Lower score,train,in-sample
T102039,CUST4514,2023-06-21 18:49:00,23.12,Fashion,PayPal,Mobile,Delhi,0,114,431.69,1029,No,0,0.029595367119979732,0,0.48067114496083096,0,Lower score,train,in-sample
T100400,CUST6483,2023-06-21 23:39:00,8.71,Fashion,PayPal,POS,Delhi,0,106,88.01,542,No,0,0.1373932752272548,0,0.483560437666706,0,Lower score,train,in-sample
T104236,CUST1590,2023-06-21 23:48:00,4.69,Food,PayPal,Mobile,Hyderabad,0,70,195.1,841,No,0,0.13975426498920032,0,0.4898912476771587,0,Lower score,train,in-sample
T103167,CUST2225,2023-06-22 00:26:00,8.91,Food,UPI,Desktop,Chennai,0,44,180.09,1705,No,1,0.17377702686101829,1,0.48918720645080765,0,Model review,train,in-sample
T100869,CUST6304,2023-06-22 04:06:00,233.67,Grocery,Credit Card,Mobile,Delhi,0,189,163.01,607,No,0,0.16015054212540822,1,0.5117085813017541,0,Model review,train,in-sample
T102840,CUST1928,2023-06-22 04:10:00,39.87,Food,Debit Card,POS,Pune,0,78,398.64,1426,No,0,0.1579607398506318,0,0.47910370707847594,0,Lower score,train,in-sample
T103337,CUST5353,2023-06-22 04:49:00,113.74,Electronics,Credit Card,Desktop,Chennai,1,26,270.33,645,No,0,0.5688589376564096,1,0.5146898240466551,0,Model review,train,in-sample
T102779,CUST9948,2023-06-22 07:06:00,18.78,Health,PayPal,Desktop,Bengaluru,0,145,344.94,569,No,0,0.07224137163394975,0,0.49437375851892773,0,Lower score,train,in-sample
T101945,CUST1111,2023-06-22 07:37:00,58.26,Entertainment,PayPal,POS,Chennai,0,109,210.33,1526,No,0,0.08108911583411062,0,0.48725823633906984,0,Lower score,train,in-sample
T104714,CUST5105,2023-06-22 08:00:00,57.54,Grocery,PayPal,POS,Pune,0,198,286.38,1619,No,0,0.0442934402610188,0,0.48755045347223064,0,Lower score,train,in-sample
T103046,CUST4407,2023-06-22 10:47:00,43.96,Utilities,Debit Card,POS,Hyderabad,0,24,227.75,1137,No,0,0.02138385924305373,0,0.4850759651803927,0,Lower score,train,in-sample
T101547,CUST9981,2023-06-22 14:10:00,63.92,Food,Debit Card,Mobile,Kolkata,0,54,152.15,1809,No,0,0.01125463629988169,0,0.4742381804862257,0,Lower score,train,in-sample
T100343,CUST1553,2023-06-22 15:44:00,45.51,Entertainment,NetBanking,Mobile,Bengaluru,1,60,221.03,574,No,1,0.12037852924667129,0,0.5149501226262361,0,Lower score,train,in-sample
T104252,CUST3011,2023-06-22 18:06:00,33.16,Utilities,Debit Card,Desktop,Kolkata,0,186,244.24,1053,No,0,0.01342804365848892,0,0.4803519022697178,0,Lower score,train,in-sample
T103533,CUST7124,2023-06-22 18:47:00,28.46,Fashion,NetBanking,Desktop,Chennai,0,180,348.76,1651,No,0,0.030777631628287196,0,0.47277927018854615,0,Lower score,train,in-sample
T103405,CUST2777,2023-06-22 18:58:00,131.47,Travel,UPI,Desktop,Mumbai,0,70,140.2,1823,Yes,0,0.032912910551928604,0,0.4926391092079045,0,Lower score,train,in-sample
T100834,CUST8669,2023-06-22 20:26:00,55.19,Electronics,NetBanking,Mobile,Mumbai,0,69,146.19,1988,No,0,0.030063230466810947,0,0.47888238976308145,0,Lower score,train,in-sample
T103279,CUST6679,2023-06-22 22:31:00,125.45,Food,Credit Card,Mobile,Pune,0,115,132.27,1216,Yes,0,0.09675014368699313,0,0.4743948051633855,0,Lower score,train,in-sample
T104687,CUST1131,2023-06-23 00:29:00,0.86,Electronics,PayPal,Mobile,Bengaluru,0,161,236.35,1591,No,0,0.07306556947508892,0,0.505501423889517,0,Lower score,train,in-sample
T104059,CUST3683,2023-06-23 01:18:00,385.89,Travel,NetBanking,POS,Mumbai,1,73,288.63,580,No,1,0.6815524884415587,1,0.5588447020440704,1,Model review,train,in-sample
T104843,CUST9173,2023-06-23 07:06:00,3.52,Fashion,Debit Card,Desktop,Chennai,0,98,497.76,598,No,0,0.07848431273851039,0,0.4902562748305129,0,Lower score,train,in-sample
T102805,CUST4709,2023-06-23 10:04:00,302.86,Food,PayPal,POS,Bengaluru,0,64,89.55,1908,No,0,0.041617805034360564,0,0.5111345210772048,0,Lower score,train,in-sample
T101362,CUST4499,2023-06-23 11:05:00,78.03,Fashion,NetBanking,POS,Chennai,0,193,237.29,942,No,0,0.023882698316389256,0,0.48172015239686145,0,Lower score,train,in-sample
T103989,CUST9053,2023-06-23 12:39:00,163.64,Fashion,Debit Card,Desktop,Pune,1,118,306.01,1943,No,0,0.11357453661230556,0,0.5290731690668727,1,Anomaly review,train,in-sample
T100160,CUST3543,2023-06-23 15:00:00,36.68,Utilities,Credit Card,Mobile,Kolkata,0,168,212.49,1640,No,0,0.006547339262264563,0,0.48288100119216004,0,Lower score,train,in-sample
T104790,CUST9682,2023-06-23 17:52:00,9.04,Travel,Credit Card,Mobile,Kolkata,0,101,380.44,1412,No,0,0.01078635818375536,0,0.5005180719664963,0,Lower score,train,in-sample
T103072,CUST6581,2023-06-23 21:22:00,30.02,Health,UPI,Mobile,Kolkata,0,89,285.0,1777,No,0,0.032729362614277134,0,0.4902323329363193,0,Lower score,train,in-sample
T103616,CUST7513,2023-06-24 03:27:00,65.1,Grocery,UPI,Mobile,Chennai,0,156,258.81,1965,No,0,0.16084589326871415,1,0.4979352510175865,0,Model review,train,in-sample
T101919,CUST9520,2023-06-24 05:52:00,42.57,Electronics,UPI,Mobile,Pune,0,150,248.49,1038,No,0,0.07139705071570719,0,0.4942926128577335,0,Lower score,train,in-sample
T103847,CUST3777,2023-06-24 09:01:00,66.08,Fashion,NetBanking,POS,Bengaluru,0,140,29.55,1827,No,0,0.0549842229361996,0,0.4840854141408695,0,Lower score,train,in-sample
T103238,CUST1198,2023-06-24 16:07:00,76.63,Travel,UPI,Mobile,Mumbai,0,20,120.42,1488,No,0,0.014543677192899788,0,0.49421376276194323,0,Lower score,train,in-sample
T103430,CUST4257,2023-06-24 19:34:00,69.58,Electronics,Debit Card,Desktop,Mumbai,1,103,269.26,728,No,0,0.1685786238698001,1,0.5153867988493002,0,Model review,train,in-sample
T103252,CUST6708,2023-06-24 23:46:00,74.44,Fashion,PayPal,Desktop,Pune,0,125,259.49,497,No,0,0.10750764734341187,0,0.48868959267621453,0,Lower score,train,in-sample
T100589,CUST6687,2023-06-25 01:11:00,13.18,Food,UPI,Desktop,Delhi,0,133,357.1,160,No,0,0.17566011418855615,1,0.4966777499562507,0,Model review,train,in-sample
T104552,CUST9970,2023-06-25 04:37:00,13.36,Health,NetBanking,Desktop,Kolkata,0,148,161.67,1459,No,0,0.10344777769353143,0,0.4893618073976139,0,Lower score,train,in-sample
T100702,CUST5553,2023-06-25 05:14:00,32.83,Entertainment,PayPal,POS,Mumbai,0,115,34.76,1234,No,0,0.14566392094909097,0,0.5047607523089868,0,Lower score,train,in-sample
T101237,CUST2522,2023-06-25 12:25:00,51.28,Entertainment,NetBanking,POS,Bengaluru,1,196,304.46,124,No,0,0.1628376335710106,1,0.5287850262491789,1,Model review,train,in-sample
T103033,CUST3753,2023-06-25 12:36:00,8.55,Entertainment,NetBanking,Mobile,Pune,0,55,138.34,486,No,0,0.014090364747485377,0,0.49673845930581806,0,Lower score,train,in-sample
T104648,CUST3590,2023-06-25 14:30:00,165.11,Health,NetBanking,POS,Kolkata,0,106,447.48,1648,No,0,0.010966946658753357,0,0.5064475415127762,0,Lower score,train,in-sample
T101808,CUST3064,2023-06-25 15:00:00,15.3,Food,Credit Card,Desktop,Chennai,0,76,438.28,1798,No,0,0.01748447835797895,0,0.49123013828876555,0,Lower score,train,in-sample
T101290,CUST2532,2023-06-25 21:14:00,40.46,Utilities,PayPal,Desktop,Pune,0,26,430.18,1482,No,0,0.043146435633314204,0,0.48959381527750734,0,Lower score,train,in-sample
T100958,CUST7952,2023-06-26 01:27:00,14.55,Entertainment,PayPal,POS,Pune,0,164,229.63,1144,No,0,0.14512352251583224,0,0.4961886936176207,0,Lower score,train,in-sample
T102649,CUST2540,2023-06-26 03:21:00,48.95,Utilities,UPI,POS,Delhi,0,144,64.64,869,No,0,0.1650366993174916,1,0.4847963798000247,0,Model review,train,in-sample
T100333,CUST2416,2023-06-26 05:16:00,9.87,Grocery,PayPal,Mobile,Bengaluru,0,42,371.86,1276,No,0,0.1169513623352036,0,0.48764082499844985,0,Lower score,train,in-sample
T102902,CUST7140,2023-06-26 05:24:00,0.0,Entertainment,Debit Card,Desktop,Chennai,0,19,440.7,1061,Yes,1,0.151522946129644,0,0.5008018432108331,0,Lower score,train,in-sample
T104801,CUST6816,2023-06-26 05:57:00,5.85,Electronics,PayPal,Mobile,Mumbai,0,189,88.66,1942,No,0,0.07744981886209325,0,0.49328633396603166,0,Lower score,train,in-sample
T101744,CUST6946,2023-06-26 09:21:00,43.05,Fashion,NetBanking,POS,Mumbai,0,35,179.37,864,No,0,0.0512683576091485,0,0.481428603098977,0,Lower score,train,in-sample
T104989,CUST8112,2023-06-26 09:28:00,117.49,Utilities,NetBanking,POS,Hyderabad,0,180,419.03,216,No,0,0.038905345941032454,0,0.48495151226283423,0,Lower score,train,in-sample
T101323,CUST1524,2023-06-26 10:30:00,19.8,Grocery,UPI,POS,Delhi,0,119,93.28,184,No,0,0.024302875431777976,0,0.49239448509563405,0,Lower score,train,in-sample
T102977,CUST2250,2023-06-26 11:08:00,0.92,Utilities,NetBanking,Mobile,Delhi,0,172,445.61,1435,No,0,0.017413326066277154,0,0.4953071017637694,0,Lower score,train,in-sample
T101092,CUST1693,2023-06-26 18:35:00,74.87,Food,PayPal,POS,Delhi,0,174,412.14,981,No,0,0.02656768395311864,0,0.4895531217256444,0,Lower score,train,in-sample
T103909,CUST3657,2023-06-26 18:56:00,31.47,Fashion,UPI,Desktop,Bengaluru,0,102,383.87,313,No,0,0.039036356010224475,0,0.48804426127714423,0,Lower score,train,in-sample
T104461,CUST1973,2023-06-26 22:36:00,58.65,Electronics,UPI,Mobile,Hyderabad,0,59,321.47,278,No,0,0.07012580691667626,0,0.4856340629168155,0,Lower score,train,in-sample
T102807,CUST4743,2023-06-27 00:23:00,14.11,Utilities,NetBanking,POS,Pune,0,76,493.55,815,No,1,0.13145658165546462,0,0.47817914104391707,0,Lower score,train,in-sample
T102554,CUST7806,2023-06-27 00:58:00,6.01,Fashion,Debit Card,Desktop,Chennai,0,85,280.21,1094,No,0,0.22115464509431945,1,0.4925817442751676,0,Model review,train,in-sample
T101951,CUST2933,2023-06-27 02:03:00,19.94,Grocery,PayPal,Mobile,Chennai,0,105,92.91,1425,No,0,0.1764584778820547,1,0.4869220067064015,0,Model review,train,in-sample
T101264,CUST3145,2023-06-27 02:17:00,0.94,Utilities,Credit Card,POS,Chennai,0,25,40.1,407,No,0,0.20896990525261094,1,0.49970394532187346,0,Model review,train,in-sample
T104983,CUST8776,2023-06-27 03:59:00,146.16,Grocery,NetBanking,POS,Kolkata,0,80,107.43,523,No,0,0.15651129976596537,0,0.49322632319205795,0,Lower score,train,in-sample
T101360,CUST6341,2023-06-27 05:27:00,194.76,Health,UPI,Desktop,Chennai,0,81,412.73,1742,No,1,0.2044044948882872,1,0.4964743534798549,0,Model review,train,in-sample
T103055,CUST3697,2023-06-27 06:53:00,276.72,Entertainment,PayPal,POS,Hyderabad,0,58,425.49,693,No,0,0.148814989563049,0,0.5179532448773195,1,Anomaly review,train,in-sample
T100430,CUST6830,2023-06-27 07:14:00,12.34,Electronics,Credit Card,Mobile,Chennai,0,111,442.76,1937,No,0,0.07933070661855132,0,0.4814192141487016,0,Lower score,train,in-sample
T103852,CUST8997,2023-06-27 09:13:00,75.9,Electronics,Debit Card,Mobile,Bengaluru,0,116,89.13,1010,No,0,0.042794640394568005,0,0.47911600018432204,0,Lower score,train,in-sample
T101245,CUST7220,2023-06-27 11:56:00,78.73,Grocery,NetBanking,POS,Chennai,0,170,221.05,429,No,0,0.02355313107233996,0,0.4773962364341585,0,Lower score,train,in-sample
T100009,CUST2337,2023-06-27 12:06:00,98.5,Grocery,Debit Card,Desktop,Mumbai,0,182,465.58,1131,No,0,0.021123206111334225,0,0.4869449474434489,0,Lower score,train,in-sample
T103823,CUST1072,2023-06-27 17:43:00,31.82,Utilities,PayPal,Mobile,Delhi,0,25,26.97,1146,No,0,0.01739650244542356,0,0.48749978682692574,0,Lower score,train,in-sample
T100317,CUST1815,2023-06-27 19:53:00,15.22,Fashion,Debit Card,Mobile,Chennai,1,156,465.91,1447,No,0,0.3529385336116337,1,0.5281394944731461,1,Model review,train,in-sample
T104869,CUST4139,2023-06-27 23:47:00,134.73,Electronics,NetBanking,Mobile,Chennai,0,25,196.44,1885,No,0,0.1316341044229629,0,0.4835686062387731,0,Lower score,train,in-sample
T101990,CUST5998,2023-06-28 00:07:00,116.03,Food,PayPal,POS,Kolkata,0,180,445.75,781,No,0,0.14714631531376737,0,0.4847165947112977,0,Lower score,train,in-sample
T100677,CUST3656,2023-06-28 01:12:00,40.58,Electronics,NetBanking,Mobile,Chennai,0,169,340.71,1598,No,0,0.14445345582110397,0,0.4794429726336527,0,Lower score,train,in-sample
T102145,CUST2798,2023-06-28 02:22:00,137.91,Grocery,UPI,Desktop,Hyderabad,0,81,279.98,235,No,0,0.20327362336974306,1,0.4818992458859608,0,Model review,train,in-sample
T100372,CUST5286,2023-06-28 04:19:00,7.94,Utilities,PayPal,POS,Pune,0,143,104.75,65,No,0,0.13531224068428555,0,0.4956376637476735,0,Lower score,train,in-sample
T102125,CUST5990,2023-06-28 11:43:00,88.19,Health,Credit Card,POS,Delhi,0,11,19.62,1981,No,0,0.021939317269751894,0,0.4706896259168841,0,Lower score,train,in-sample
T103210,CUST4668,2023-06-28 12:45:00,13.98,Food,NetBanking,POS,Kolkata,0,94,185.82,1743,No,0,0.016137374425711868,0,0.4761732096551397,0,Lower score,train,in-sample
T101947,CUST1674,2023-06-28 13:29:00,12.76,Grocery,UPI,Mobile,Delhi,0,65,451.07,1800,No,0,0.013421316350282252,0,0.48655452630184903,0,Lower score,train,in-sample
T100182,CUST9621,2023-06-28 14:31:00,206.9,Fashion,NetBanking,Desktop,Chennai,0,133,408.58,1785,No,0,0.02548420398244614,0,0.49230379799009094,0,Lower score,train,in-sample
T100723,CUST7063,2023-06-29 00:12:00,108.11,Fashion,UPI,POS,Kolkata,0,64,293.84,1990,No,1,0.14097251447678122,0,0.4946797883337357,0,Lower score,train,in-sample
T102404,CUST6846,2023-06-29 00:25:00,90.44,Food,NetBanking,Desktop,Mumbai,1,106,139.87,385,No,0,0.6362479347554765,1,0.5145381669890109,0,Model review,train,in-sample
T103179,CUST3170,2023-06-29 02:56:00,92.45,Electronics,UPI,Desktop,Bengaluru,0,179,168.96,157,No,0,0.15233786905647712,0,0.4869203611430786,0,Lower score,train,in-sample
T101655,CUST7221,2023-06-29 12:11:00,221.12,Entertainment,Debit Card,Desktop,Chennai,0,32,275.5,1078,No,0,0.025799939745314842,0,0.5069857965250921,0,Lower score,train,in-sample
T103074,CUST3260,2023-06-29 13:56:00,72.84,Grocery,Debit Card,Desktop,Kolkata,0,90,437.22,1070,No,0,0.008543295054316832,0,0.4850527884560828,0,Lower score,train,in-sample
T101816,CUST4337,2023-06-29 17:53:00,28.02,Travel,UPI,POS,Pune,0,99,12.44,834,No,0,0.018079374643777617,0,0.4914518532533418,0,Lower score,train,in-sample
T104811,CUST2575,2023-06-29 20:39:00,153.9,Travel,Debit Card,POS,Hyderabad,0,157,53.83,1891,No,0,0.0528417733748662,0,0.4916346588689578,0,Lower score,train,in-sample
T101440,CUST3313,2023-06-29 21:45:00,280.29,Electronics,NetBanking,Desktop,Bengaluru,0,149,69.18,1970,No,0,0.07033919694213918,0,0.5059854373433912,0,Lower score,train,in-sample
T101193,CUST6080,2023-06-30 00:55:00,77.6,Food,PayPal,POS,Pune,0,105,315.26,1207,No,1,0.11590114428725545,0,0.49108981945188845,0,Lower score,train,in-sample
T100829,CUST8035,2023-06-30 00:56:00,48.15,Entertainment,UPI,Desktop,Mumbai,0,43,90.53,537,No,1,0.1377882259031734,0,0.48823657994173325,0,Lower score,train,in-sample
T100107,CUST8766,2023-06-30 03:33:00,112.7,Food,Credit Card,POS,Kolkata,0,27,317.37,480,No,0,0.13530454492331018,0,0.4847125710771574,0,Lower score,train,in-sample
T104812,CUST9942,2023-06-30 04:48:00,1.07,Fashion,UPI,Mobile,Pune,0,163,218.4,679,No,0,0.11412118206724167,0,0.49816551791689184,0,Lower score,train,in-sample
T104603,CUST7723,2023-06-30 06:31:00,36.99,Health,NetBanking,POS,Chennai,0,93,402.63,992,No,0,0.0760513622184438,0,0.4791958802243336,0,Lower score,train,in-sample
T102660,CUST4969,2023-06-30 06:55:00,51.14,Electronics,UPI,POS,Mumbai,1,176,472.37,471,No,0,0.3488414885242772,1,0.5221799680176159,1,Model review,train,in-sample
T103635,CUST7316,2023-06-30 08:11:00,53.26,Food,Debit Card,Desktop,Kolkata,0,48,494.32,1603,No,0,0.04036526934249459,0,0.47832322916537606,0,Lower score,train,in-sample
T101437,CUST8676,2023-06-30 08:32:00,97.58,Fashion,Debit Card,POS,Mumbai,0,108,449.87,353,No,0,0.05361517491209146,0,0.4858936998467634,0,Lower score,train,in-sample
T103345,CUST8684,2023-06-30 09:21:00,100.81,Travel,Debit Card,Mobile,Kolkata,0,83,277.31,1452,No,0,0.02442734215544946,0,0.49471019694611296,0,Lower score,train,in-sample
T104162,CUST4934,2023-06-30 11:58:00,63.68,Utilities,Credit Card,POS,Hyderabad,0,37,87.99,1031,No,0,0.01275927117732397,0,0.48472945465725986,0,Lower score,train,in-sample
T104229,CUST7333,2023-06-30 14:06:00,16.85,Grocery,Debit Card,Mobile,Bengaluru,0,83,233.57,1110,No,0,0.00869526551106591,0,0.4874772424373256,0,Lower score,train,in-sample
T101920,CUST1930,2023-06-30 16:55:00,95.16,Grocery,Debit Card,POS,Pune,0,172,208.12,1629,No,0,0.009619888238857031,0,0.48563608788342627,0,Lower score,train,in-sample
T103056,CUST1372,2023-06-30 21:16:00,74.03,Health,NetBanking,Desktop,Chennai,0,14,280.52,859,No,0,0.04468359680622138,0,0.4786981451463767,0,Lower score,train,in-sample
T102754,CUST8316,2023-06-30 21:17:00,199.58,Entertainment,Credit Card,Desktop,Mumbai,0,133,288.23,397,No,0,0.06300199097107079,0,0.49877734277157365,0,Lower score,train,in-sample
T101736,CUST2222,2023-07-01 01:31:00,47.8,Entertainment,Debit Card,POS,Kolkata,0,119,178.14,1578,No,0,0.12820214073879346,0,0.5023545261438125,0,Lower score,train,in-sample
T104200,CUST7367,2023-07-01 09:45:00,151.75,Utilities,UPI,POS,Mumbai,0,130,375.64,1706,No,0,0.038113343194490036,0,0.5066172795106559,0,Lower score,train,in-sample
T101444,CUST8846,2023-07-01 11:01:00,162.08,Electronics,UPI,Desktop,Bengaluru,0,11,475.58,1442,No,0,0.021023980513302808,0,0.5108413900783292,0,Lower score,train,in-sample
T104035,CUST4454,2023-07-01 11:13:00,356.68,Travel,Credit Card,POS,Kolkata,0,195,46.56,1723,No,0,0.025371605764370194,0,0.5383197817884919,1,Anomaly review,train,in-sample
T100017,CUST5632,2023-07-01 12:06:00,59.51,Entertainment,NetBanking,Desktop,Kolkata,0,54,320.02,349,No,0,0.012895413396483944,0,0.5013236388443415,0,Lower score,train,in-sample
T103864,CUST9163,2023-07-01 13:38:00,8.95,Fashion,NetBanking,Desktop,Hyderabad,0,32,192.62,106,No,0,0.012692324736278517,0,0.49806277999041043,0,Lower score,train,in-sample
T104264,CUST2362,2023-07-01 14:36:00,86.23,Health,UPI,Desktop,Mumbai,0,44,424.95,567,No,0,0.012206660130441874,0,0.4956856985393402,0,Lower score,train,in-sample
T101442,CUST2698,2023-07-01 15:30:00,89.33,Food,NetBanking,Desktop,Bengaluru,0,128,52.8,102,No,0,0.01592772957697879,0,0.4816004266066384,0,Lower score,train,in-sample
T103258,CUST6815,2023-07-01 20:03:00,39.79,Entertainment,Credit Card,POS,Hyderabad,1,10,72.93,660,No,1,0.2643622254313829,1,0.5374433026806283,1,Model review,train,in-sample
T101026,CUST8559,2023-07-01 20:05:00,158.46,Grocery,NetBanking,Mobile,Chennai,0,119,414.42,400,No,0,0.03799854921555046,0,0.5023780015766552,0,Lower score,train,in-sample
T104074,CUST1907,2023-07-01 22:07:00,91.79,Fashion,Debit Card,Mobile,Kolkata,0,168,345.79,697,No,0,0.06638141608081981,0,0.4912421208402038,0,Lower score,train,in-sample
T104803,CUST2509,2023-07-02 00:06:00,16.87,Fashion,Credit Card,Mobile,Kolkata,0,68,155.83,1570,No,0,0.12157553845317451,0,0.5036149345091405,0,Lower score,train,in-sample
T100914,CUST5413,2023-07-02 00:10:00,64.25,Utilities,PayPal,POS,Mumbai,0,143,345.14,798,No,0,0.1257613015067251,0,0.49471786470455165,0,Lower score,train,in-sample
T100654,CUST7977,2023-07-02 01:32:00,45.2,Travel,NetBanking,POS,Hyderabad,0,37,337.67,1920,No,0,0.16362703707559395,1,0.4951868085697883,0,Model review,train,in-sample
T101868,CUST6553,2023-07-02 03:02:00,11.3,Travel,PayPal,Desktop,Chennai,0,168,473.51,427,No,1,0.1744228874877513,1,0.49661176469922114,0,Model review,train,in-sample
T103097,CUST6746,2023-07-02 07:03:00,8.6,Food,UPI,Desktop,Delhi,0,166,192.78,136,No,0,0.09760329854186231,0,0.5049557149016459,0,Lower score,train,in-sample
T103890,CUST3242,2023-07-02 07:43:00,111.67,Electronics,Debit Card,Mobile,Pune,0,87,335.2,566,No,0,0.04864635288086879,0,0.4915764370905242,0,Lower score,train,in-sample
T100831,CUST6582,2023-07-02 07:56:00,48.18,Electronics,UPI,POS,Kolkata,0,9,476.67,88,No,0,0.04181090983431954,0,0.49346436815315325,0,Lower score,train,in-sample
T102219,CUST8698,2023-07-02 09:04:00,9.55,Entertainment,NetBanking,Desktop,Chennai,0,175,369.81,622,No,0,0.05162364187740412,0,0.4991303546751884,0,Lower score,train,in-sample
T103914,CUST4968,2023-07-02 09:32:00,269.92,Grocery,UPI,Mobile,Pune,0,87,388.55,1588,No,0,0.042907177380312314,0,0.5150721517373112,0,Lower score,train,in-sample
T103731,CUST8211,2023-07-02 11:38:00,275.55,Entertainment,Debit Card,Desktop,Chennai,0,69,316.78,80,Yes,1,0.03451458678088761,0,0.5269546533712051,1,Anomaly review,train,in-sample
T104309,CUST4501,2023-07-02 12:03:00,122.4,Entertainment,PayPal,POS,Delhi,0,155,424.14,1365,No,0,0.019499407021250047,0,0.5037706558013685,0,Lower score,train,in-sample
T101299,CUST9969,2023-07-02 14:17:00,98.06,Utilities,Credit Card,Mobile,Kolkata,0,20,442.57,71,No,0,0.010203860658153324,0,0.49508957648553786,0,Lower score,train,in-sample
T104891,CUST7512,2023-07-02 14:51:00,4.59,Entertainment,NetBanking,Desktop,Chennai,0,53,183.19,1336,No,0,0.01492105789012497,0,0.5019784202402237,0,Lower score,train,in-sample
T103387,CUST2280,2023-07-02 16:48:00,65.2,Utilities,NetBanking,Desktop,Hyderabad,0,180,333.49,1025,No,0,0.013935549691510027,0,0.49047991336090807,0,Lower score,train,in-sample
T101742,CUST9263,2023-07-02 21:56:00,117.33,Grocery,UPI,Mobile,Delhi,0,165,174.86,1485,No,0,0.07096644731657113,0,0.4936707928511939,0,Lower score,train,in-sample
T101120,CUST5776,2023-07-02 22:44:00,175.68,Travel,Debit Card,Desktop,Bengaluru,0,74,174.16,1859,No,0,0.12688920356792915,0,0.5089601620430183,0,Lower score,train,in-sample
T101697,CUST6527,2023-07-02 23:12:00,11.62,Health,NetBanking,Mobile,Pune,0,53,167.44,678,No,0,0.07998168668648335,0,0.4921981323785949,0,Lower score,train,in-sample
T102644,CUST5315,2023-07-03 00:39:00,3.95,Electronics,NetBanking,Desktop,Mumbai,0,87,123.82,967,No,1,0.10385548877572881,0,0.49439188515216936,0,Lower score,train,in-sample
T104637,CUST8026,2023-07-03 02:33:00,86.85,Utilities,NetBanking,Mobile,Kolkata,0,59,236.42,1064,No,0,0.1304613149871854,0,0.47869889152048734,0,Lower score,train,in-sample
T100203,CUST4397,2023-07-03 05:52:00,183.06,Grocery,NetBanking,Mobile,Bengaluru,0,169,299.28,256,No,0,0.13577653893380792,0,0.4891716631132091,0,Lower score,train,in-sample
T103518,CUST3812,2023-07-03 06:45:00,5.89,Fashion,Debit Card,POS,Delhi,0,92,17.02,1956,No,0,0.10271017290328348,0,0.49692360607451785,0,Lower score,train,in-sample
T101671,CUST5059,2023-07-03 07:17:00,168.28,Electronics,PayPal,Mobile,Kolkata,0,147,437.11,587,No,0,0.04954673613110118,0,0.4992999551092217,0,Lower score,train,in-sample
T101830,CUST6598,2023-07-03 07:46:00,312.84,Entertainment,NetBanking,Mobile,Delhi,0,63,485.19,1894,No,0,0.09785156415001971,0,0.5103777900606685,0,Lower score,train,in-sample
T100208,CUST8499,2023-07-03 14:07:00,0.41,Utilities,NetBanking,POS,Chennai,0,117,126.24,1034,No,0,0.013007587606879676,0,0.5018543129435662,0,Lower score,train,in-sample
T100229,CUST4828,2023-07-03 16:16:00,79.79,Food,NetBanking,Mobile,Pune,0,98,458.37,1693,No,0,0.01522395614792248,0,0.4732310938737113,0,Lower score,train,in-sample
T101939,CUST8175,2023-07-03 16:26:00,6.42,Entertainment,PayPal,POS,Hyderabad,1,82,195.79,470,No,0,0.1151054270395264,0,0.5403031963937164,1,Anomaly review,train,in-sample
T102733,CUST5940,2023-07-03 18:30:00,253.21,Entertainment,NetBanking,Desktop,Kolkata,0,123,38.08,768,No,0,0.02649856087754599,0,0.5121501518798236,0,Lower score,train,in-sample
T102561,CUST9105,2023-07-03 20:30:00,98.23,Grocery,Debit Card,Mobile,Mumbai,0,165,231.24,1787,No,0,0.044282176127935134,0,0.487139953305534,0,Lower score,train,in-sample
T104254,CUST1395,2023-07-04 00:55:00,14.13,Electronics,Debit Card,Desktop,Delhi,0,80,182.83,1495,No,0,0.11933992950947428,0,0.48632446808830815,0,Lower score,train,in-sample
T100165,CUST2865,2023-07-04 10:17:00,144.29,Fashion,Debit Card,Mobile,Hyderabad,1,15,342.31,1464,No,0,0.30914767168134566,1,0.5189904628540819,1,Model review,train,in-sample
T103332,CUST5872,2023-07-04 12:11:00,14.89,Entertainment,UPI,Desktop,Hyderabad,0,31,48.13,330,No,0,0.023541240957472058,0,0.4908483503989021,0,Lower score,train,in-sample
T100121,CUST8212,2023-07-04 13:41:00,181.14,Fashion,UPI,POS,Mumbai,0,132,481.85,1841,No,0,0.028593667206765205,0,0.49947452726086383,0,Lower score,train,in-sample
T103913,CUST1765,2023-07-04 13:47:00,306.64,Travel,NetBanking,Desktop,Mumbai,0,135,371.14,1939,No,0,0.024835467242028397,0,0.5060034875012315,0,Lower score,train,in-sample
T100296,CUST7035,2023-07-04 14:44:00,117.57,Grocery,Credit Card,POS,Mumbai,0,162,440.29,452,Yes,1,0.01711464446393213,0,0.4916542362980704,0,Lower score,train,in-sample
T102996,CUST6190,2023-07-04 15:06:00,13.69,Entertainment,Debit Card,Desktop,Bengaluru,0,113,340.9,567,No,0,0.018778778326388718,0,0.4839519150193619,0,Lower score,train,in-sample
T103412,CUST1153,2023-07-04 15:40:00,1.81,Electronics,Credit Card,Mobile,Hyderabad,0,146,142.57,1319,No,0,0.010846210486120994,0,0.4954476245339676,0,Lower score,train,in-sample
T104507,CUST1753,2023-07-04 16:47:00,1.94,Travel,PayPal,POS,Chennai,0,5,48.53,1451,No,0,0.01966698227874254,0,0.4950845004884238,0,Lower score,train,in-sample
T103383,CUST8499,2023-07-04 18:16:00,24.04,Fashion,Debit Card,POS,Bengaluru,0,119,136.34,947,No,0,0.036488803349171824,0,0.4842780297018023,0,Lower score,train,in-sample
T101170,CUST8546,2023-07-04 20:20:00,76.76,Grocery,PayPal,POS,Mumbai,0,122,254.91,1520,No,0,0.047201560504082765,0,0.4897282226374289,0,Lower score,train,in-sample
T100225,CUST6535,2023-07-05 03:15:00,22.38,Grocery,Debit Card,Mobile,Mumbai,0,47,49.26,564,Yes,0,0.17306685946715816,1,0.4880223974045531,0,Model review,train,in-sample
T103826,CUST8262,2023-07-05 05:05:00,50.29,Travel,Credit Card,POS,Hyderabad,0,27,291.62,509,Yes,1,0.1705889628295406,1,0.48161327016987543,0,Model review,train,in-sample
T104205,CUST8444,2023-07-05 09:39:00,52.08,Entertainment,PayPal,Desktop,Bengaluru,0,125,211.76,291,No,0,0.048935337960200255,0,0.4845714950910309,0,Lower score,train,in-sample
T103019,CUST6474,2023-07-05 11:05:00,122.51,Grocery,Credit Card,POS,Mumbai,0,86,397.14,965,No,0,0.029572382833854997,0,0.48783295221082945,0,Lower score,train,in-sample
T103231,CUST3591,2023-07-05 18:54:00,74.87,Electronics,PayPal,Desktop,Hyderabad,0,105,213.81,117,No,0,0.020681839279705752,0,0.49015462362550233,0,Lower score,train,in-sample
T104711,CUST3597,2023-07-05 21:05:00,49.0,Travel,Debit Card,POS,Chennai,0,108,47.04,842,No,0,0.077442401784237,0,0.4827008525116481,0,Lower score,train,in-sample
T103493,CUST1522,2023-07-05 22:10:00,171.59,Electronics,UPI,POS,Mumbai,0,45,393.36,1990,No,0,0.09268031611820816,0,0.4985883021526896,0,Lower score,train,in-sample
T104419,CUST1701,2023-07-06 01:04:00,15.59,Entertainment,Credit Card,POS,Chennai,0,119,246.58,714,No,0,0.17941732080605138,1,0.4936106862734141,0,Model review,train,in-sample
T100420,CUST6109,2023-07-06 01:22:00,125.46,Travel,UPI,Mobile,Bengaluru,0,113,281.11,607,No,1,0.1972837918265634,1,0.5054223868388605,0,Model review,train,in-sample
T103667,CUST3610,2023-07-06 01:29:00,14.01,Food,UPI,Mobile,Kolkata,0,179,240.19,1697,No,0,0.1435549121220695,0,0.4910034079675689,0,Lower score,train,in-sample
T101529,CUST1413,2023-07-06 01:52:00,61.98,Food,Debit Card,Mobile,Mumbai,0,32,329.45,1610,No,0,0.18922717866566194,1,0.47138949711609884,0,Model review,train,in-sample
T100682,CUST1882,2023-07-06 02:33:00,14.99,Travel,PayPal,POS,Bengaluru,0,159,425.13,758,No,0,0.1678489907432854,1,0.48856412409882555,0,Model review,train,in-sample
T101157,CUST9228,2023-07-06 02:53:00,170.2,Travel,NetBanking,Mobile,Mumbai,0,114,478.2,1703,No,0,0.19154041957061904,1,0.48929402643299486,0,Model review,train,in-sample
T104065,CUST7221,2023-07-06 05:56:00,8.68,Health,NetBanking,Desktop,Bengaluru,1,149,336.63,1029,Yes,1,0.5108370664117444,1,0.5232494979999158,1,Model review,train,in-sample
T100605,CUST4148,2023-07-06 09:08:00,49.41,Utilities,UPI,Desktop,Bengaluru,0,80,291.8,767,No,0,0.0453493780835557,0,0.48327954938233497,0,Lower score,train,in-sample
T104055,CUST7801,2023-07-06 12:54:00,1.31,Fashion,UPI,Mobile,Bengaluru,0,93,280.49,1582,No,0,0.01907936578381464,0,0.4995289489341382,0,Lower score,train,in-sample
T101396,CUST1452,2023-07-06 14:00:00,45.09,Food,Credit Card,Mobile,Chennai,0,86,310.09,893,No,0,0.016989931413811974,0,0.47353346116298234,0,Lower score,train,in-sample
T100936,CUST9768,2023-07-06 16:18:00,1.48,Health,NetBanking,Mobile,Kolkata,0,161,82.36,1934,No,0,0.008386598500623989,0,0.49020789858509883,0,Lower score,train,in-sample
T101598,CUST5834,2023-07-06 16:59:00,7.16,Utilities,UPI,POS,Pune,0,131,348.38,1856,No,0,0.012737261940225727,0,0.49722803000398674,0,Lower score,train,in-sample
T100717,CUST2817,2023-07-06 17:29:00,268.25,Health,UPI,Desktop,Chennai,0,47,441.09,695,No,0,0.02572121492261116,0,0.5123663682898782,0,Lower score,train,in-sample
T104829,CUST7747,2023-07-06 17:50:00,55.99,Fashion,NetBanking,Desktop,Hyderabad,0,177,357.11,1093,No,0,0.02091214485730794,0,0.47475949413308427,0,Lower score,train,in-sample
T100830,CUST2234,2023-07-07 00:25:00,20.35,Utilities,Credit Card,Desktop,Hyderabad,0,126,10.42,163,No,1,0.09215659037326292,0,0.4827295938743917,0,Lower score,train,in-sample
T100481,CUST4385,2023-07-07 03:01:00,95.19,Utilities,Credit Card,Mobile,Mumbai,0,137,207.01,93,No,0,0.13411708823031576,0,0.4784197689964793,0,Lower score,train,in-sample
T101804,CUST5466,2023-07-07 05:05:00,34.43,Entertainment,Debit Card,POS,Hyderabad,0,75,224.3,657,No,0,0.1116695127166764,0,0.4951652360104828,0,Lower score,train,in-sample
T103077,CUST2952,2023-07-07 05:37:00,8.96,Food,Credit Card,Desktop,Bengaluru,0,16,412.64,1394,No,0,0.11922438739072674,0,0.49097848381215337,0,Lower score,train,in-sample
T102710,CUST4029,2023-07-07 09:47:00,118.67,Utilities,Credit Card,POS,Hyderabad,0,102,38.74,1092,No,0,0.02647212012975027,0,0.4890824414590759,0,Lower score,train,in-sample
T104227,CUST4763,2023-07-07 18:20:00,81.95,Grocery,UPI,Mobile,Mumbai,0,120,339.87,801,No,0,0.016503138638065032,0,0.47840624695302675,0,Lower score,train,in-sample
T101104,CUST2681,2023-07-07 18:35:00,422.4,Entertainment,NetBanking,Desktop,Hyderabad,0,5,400.56,651,No,0,0.030699789354913003,0,0.5281068204362274,1,Anomaly review,train,in-sample
T103224,CUST9899,2023-07-07 18:53:00,14.5,Grocery,Credit Card,Mobile,Hyderabad,0,37,81.37,837,No,0,0.015629013388655223,0,0.4893671144363021,0,Lower score,train,in-sample
T100720,CUST2866,2023-07-07 19:20:00,222.89,Utilities,PayPal,Mobile,Hyderabad,0,117,159.06,1152,No,0,0.0226252079996183,0,0.49183333592521494,0,Lower score,train,in-sample
T102346,CUST2609,2023-07-07 21:40:00,90.82,Travel,PayPal,Desktop,Chennai,0,122,285.81,778,No,0,0.05521870407373808,0,0.49074034393248517,0,Lower score,train,in-sample
T103299,CUST9797,2023-07-08 01:02:00,130.3,Food,PayPal,Mobile,Hyderabad,0,5,136.56,1703,No,0,0.1558659106479575,0,0.49097490528771687,0,Lower score,train,in-sample
T104533,CUST1739,2023-07-08 03:26:00,29.27,Travel,PayPal,POS,Mumbai,0,7,293.65,1344,No,0,0.14812349744699163,0,0.48850275978018437,0,Lower score,train,in-sample
T104718,CUST6791,2023-07-08 06:12:00,45.71,Food,PayPal,POS,Delhi,0,22,188.06,398,No,0,0.09979380792702147,0,0.49488232635511853,0,Lower score,train,in-sample
T103100,CUST8885,2023-07-08 08:18:00,7.78,Electronics,Credit Card,Desktop,Hyderabad,0,150,431.76,995,No,0,0.034409773904195085,0,0.5007335832487566,0,Lower score,train,in-sample
T104338,CUST4140,2023-07-08 10:38:00,38.66,Utilities,NetBanking,Mobile,Chennai,0,5,25.52,700,No,0,0.022577175261497502,0,0.48780834548677515,0,Lower score,train,in-sample
T102068,CUST7621,2023-07-08 11:14:00,14.4,Entertainment,PayPal,Desktop,Pune,0,168,229.29,324,No,0,0.016106466400881154,0,0.5066051334208954,0,Lower score,train,in-sample
T100445,CUST7309,2023-07-08 12:34:00,235.37,Utilities,PayPal,Desktop,Delhi,0,13,52.4,807,No,0,0.014032383190598102,0,0.5185991170750622,1,Anomaly review,train,in-sample
T100351,CUST3169,2023-07-08 13:51:00,155.31,Utilities,UPI,POS,Bengaluru,0,159,175.83,1359,No,0,0.01578290073321331,0,0.5094583714679822,0,Lower score,train,in-sample
T103275,CUST6990,2023-07-08 15:04:00,137.8,Grocery,Debit Card,Mobile,Pune,0,56,106.53,1237,No,0,0.009553077622629056,0,0.49997296477138586,0,Lower score,train,in-sample
T104443,CUST3052,2023-07-08 15:09:00,40.78,Grocery,Debit Card,POS,Hyderabad,0,85,478.23,1437,No,0,0.00970792704149624,0,0.49913744022710715,0,Lower score,train,in-sample
T101957,CUST5261,2023-07-08 15:37:00,43.75,Entertainment,Credit Card,Desktop,Mumbai,0,164,392.07,642,No,0,0.013730944842678075,0,0.48769658305941394,0,Lower score,train,in-sample
T104215,CUST4107,2023-07-08 19:49:00,137.21,Food,NetBanking,Mobile,Kolkata,0,147,431.36,1933,No,0,0.03128956913327291,0,0.4877414184717365,0,Lower score,train,in-sample
T104007,CUST5090,2023-07-08 19:54:00,42.0,Travel,Credit Card,Mobile,Mumbai,0,132,95.28,1802,No,0,0.03472552722269084,0,0.48779991066501566,0,Lower score,train,in-sample
T104950,CUST4774,2023-07-08 19:57:00,40.21,Grocery,NetBanking,Mobile,Bengaluru,0,69,259.02,753,No,0,0.030512381910217868,0,0.4793897146056476,0,Lower score,train,in-sample
T100259,CUST8697,2023-07-09 00:38:00,8.18,Utilities,PayPal,POS,Delhi,0,182,234.64,1036,No,1,0.11396313297903318,0,0.4994200697805259,0,Lower score,train,in-sample
T100041,CUST3656,2023-07-09 03:30:00,54.68,Grocery,Debit Card,POS,Delhi,0,43,298.09,951,No,0,0.14644182979770579,0,0.5024740682860867,0,Lower score,train,in-sample
T101174,CUST8552,2023-07-09 07:20:00,80.41,Fashion,NetBanking,POS,Delhi,0,179,18.55,1892,No,0,0.09334592958594069,0,0.5027763706246918,0,Lower score,train,in-sample
T100629,CUST3381,2023-07-09 07:57:00,23.27,Fashion,PayPal,Mobile,Hyderabad,1,157,187.93,1475,No,1,0.3927220250733147,1,0.527932751900078,1,Model review,train,in-sample
T101848,CUST8545,2023-07-09 08:18:00,174.38,Travel,NetBanking,Mobile,Kolkata,1,194,198.12,1044,No,0,0.33697677726696595,1,0.5442510248334118,1,Model review,train,in-sample
T104825,CUST4180,2023-07-09 11:42:00,13.94,Electronics,UPI,POS,Mumbai,0,155,346.79,1318,No,0,0.015758968260497153,0,0.4925916488785736,0,Lower score,train,in-sample
T102082,CUST5564,2023-07-09 12:01:00,49.88,Fashion,PayPal,Desktop,Kolkata,0,85,493.5,521,No,0,0.015534849832987628,0,0.49851100942231275,0,Lower score,train,in-sample
T103137,CUST1387,2023-07-09 13:08:00,107.13,Entertainment,PayPal,Mobile,Mumbai,1,181,278.38,946,Yes,0,0.13282556267178244,0,0.5404343641610577,1,Anomaly review,train,in-sample
T100155,CUST6712,2023-07-09 17:36:00,22.17,Entertainment,PayPal,POS,Chennai,0,173,219.34,1266,No,0,0.021463444856270452,0,0.501677490431214,0,Lower score,train,in-sample
T103462,CUST6923,2023-07-09 18:42:00,80.83,Food,NetBanking,Mobile,Mumbai,0,162,265.58,310,No,0,0.031608711879120246,0,0.4838508665146936,0,Lower score,train,in-sample
T100120,CUST6820,2023-07-09 18:48:00,131.79,Entertainment,NetBanking,Desktop,Chennai,0,10,162.68,1899,No,0,0.035718399840642505,0,0.5066530992807299,0,Lower score,train,in-sample
T101849,CUST8918,2023-07-09 18:54:00,83.03,Electronics,Credit Card,Mobile,Mumbai,0,91,495.47,1244,No,0,0.021613272637084187,0,0.4909475734049929,0,Lower score,train,in-sample
T101762,CUST3661,2023-07-09 21:28:00,8.26,Health,Credit Card,POS,Hyderabad,0,55,312.78,1302,No,0,0.057410089738572416,0,0.5090632634546979,0,Lower score,train,in-sample
T101379,CUST5386,2023-07-09 22:47:00,71.91,Travel,Debit Card,Mobile,Kolkata,0,32,328.25,112,No,0,0.0783727873902857,0,0.5000956603581119,0,Lower score,train,in-sample
T101038,CUST5526,2023-07-10 00:47:00,5.41,Fashion,UPI,POS,Hyderabad,0,199,371.3,1857,No,1,0.17937622140606652,1,0.5008337777103582,0,Model review,train,in-sample
T102692,CUST1642,2023-07-10 02:43:00,0.8,Health,Debit Card,Desktop,Bengaluru,0,1,356.01,1420,No,0,0.16736524422171473,1,0.5040579740091925,0,Model review,train,in-sample
T100479,CUST6092,2023-07-10 06:13:00,59.24,Entertainment,PayPal,Desktop,Pune,0,162,204.4,682,No,0,0.10010460890469278,0,0.48887487161173926,0,Lower score,train,in-sample
T104067,CUST2512,2023-07-10 08:07:00,309.64,Grocery,PayPal,POS,Kolkata,0,176,277.34,175,No,0,0.058108848462254406,0,0.524551576997154,1,Anomaly review,train,in-sample
T103095,CUST6662,2023-07-10 10:02:00,89.29,Health,UPI,POS,Bengaluru,0,130,275.34,557,No,0,0.03981586229060237,0,0.48658663341526837,0,Lower score,train,in-sample
T102163,CUST4348,2023-07-10 10:33:00,147.33,Travel,NetBanking,POS,Kolkata,0,65,496.25,1523,No,0,0.02526385217991524,0,0.49189492511625615,0,Lower score,train,in-sample
T101202,CUST2813,2023-07-10 12:35:00,1.79,Utilities,Debit Card,POS,Delhi,0,109,150.24,448,No,0,0.013187411849529705,0,0.5059699151113438,0,Lower score,train,in-sample
T102200,CUST6245,2023-07-10 15:51:00,301.09,Health,PayPal,Desktop,Kolkata,0,121,170.42,1472,No,0,0.012754839304875124,0,0.5247397000364498,1,Anomaly review,train,in-sample
T102563,CUST4728,2023-07-10 19:46:00,6.06,Utilities,Debit Card,Desktop,Pune,0,143,390.2,1156,No,0,0.02687369988420264,0,0.4880166371073685,0,Lower score,train,in-sample
T104768,CUST5441,2023-07-11 01:05:00,98.04,Food,UPI,POS,Bengaluru,0,133,167.92,444,No,0,0.2699485692169756,1,0.4830371171646343,0,Model review,train,in-sample
T104365,CUST2406,2023-07-11 01:55:00,87.85,Travel,UPI,Desktop,Mumbai,0,63,47.74,846,No,0,0.2339847139255968,1,0.49050240442121373,0,Model review,train,in-sample
T103553,CUST4622,2023-07-11 02:45:00,56.34,Grocery,Debit Card,Mobile,Delhi,1,127,173.05,965,No,1,0.6480320272660791,1,0.5217434522328007,1,Model review,train,in-sample
T103223,CUST9678,2023-07-11 05:01:00,1.55,Electronics,UPI,Mobile,Bengaluru,0,126,98.38,1672,No,1,0.13983717807941476,0,0.5010429103300323,0,Lower score,train,in-sample
T103132,CUST7870,2023-07-11 05:23:00,215.9,Fashion,UPI,Mobile,Kolkata,0,21,326.05,169,No,0,0.1922832252781041,1,0.5029724880113023,0,Model review,train,in-sample
T103519,CUST4596,2023-07-11 05:35:00,18.94,Grocery,PayPal,Mobile,Mumbai,1,170,403.9,1112,No,0,0.5577213896404303,1,0.5275820590668012,1,Model review,train,in-sample
T100721,CUST4705,2023-07-11 07:45:00,16.0,Grocery,Debit Card,POS,Chennai,0,64,439.7,905,No,0,0.08242597986115567,0,0.49087109593953504,0,Lower score,train,in-sample
T101322,CUST6239,2023-07-11 09:37:00,164.32,Health,NetBanking,Desktop,Bengaluru,0,73,149.86,988,No,0,0.05287501968456215,0,0.48687274904317934,0,Lower score,train,in-sample
T102983,CUST5021,2023-07-11 10:24:00,135.92,Entertainment,Debit Card,Desktop,Pune,0,29,138.9,254,No,0,0.037862401358091234,0,0.48418987132290753,0,Lower score,train,in-sample
T101473,CUST4617,2023-07-11 11:57:00,41.42,Entertainment,Debit Card,POS,Mumbai,0,147,284.0,117,No,0,0.02649946996255376,0,0.48681628438948743,0,Lower score,train,in-sample
T102695,CUST6537,2023-07-11 14:06:00,58.56,Utilities,Debit Card,Mobile,Mumbai,0,177,475.46,646,No,0,0.015405107988074103,0,0.4793071504476317,0,Lower score,train,in-sample
T103944,CUST8053,2023-07-11 19:14:00,8.45,Health,UPI,Desktop,Bengaluru,0,146,481.81,853,No,0,0.03803347351133153,0,0.49582940045964047,0,Lower score,train,in-sample
T103339,CUST1015,2023-07-11 19:26:00,84.94,Health,UPI,Desktop,Pune,0,184,358.07,745,No,0,0.03525587899489734,0,0.48417970986930164,0,Lower score,train,in-sample
T100226,CUST7532,2023-07-11 19:51:00,288.98,Utilities,Credit Card,POS,Kolkata,0,118,462.86,754,No,0,0.04738946961738099,0,0.5116827747757822,0,Lower score,train,in-sample
T103489,CUST4628,2023-07-12 00:00:00,44.04,Food,NetBanking,POS,Hyderabad,0,109,79.75,1252,No,0,0.16863396409714904,1,0.47570828937049825,0,Model review,train,in-sample
T100782,CUST1467,2023-07-12 00:53:00,23.21,Grocery,Credit Card,POS,Hyderabad,0,14,127.52,1365,Yes,0,0.1545650672447287,0,0.49107729024455093,0,Lower score,train,in-sample
T103504,CUST6941,2023-07-12 06:20:00,182.13,Electronics,Debit Card,POS,Pune,0,27,447.18,1113,No,0,0.09847420409895374,0,0.4976660930662494,0,Lower score,train,in-sample
T100510,CUST6278,2023-07-12 08:01:00,76.03,Entertainment,UPI,Mobile,Mumbai,0,146,415.97,786,No,0,0.09433233245731101,0,0.48943530579626554,0,Lower score,train,in-sample
T104401,CUST8378,2023-07-12 11:59:00,58.48,Entertainment,PayPal,POS,Delhi,0,90,123.36,1288,Yes,1,0.021079306924626038,0,0.48688718699789724,0,Lower score,train,in-sample
T103497,CUST8237,2023-07-12 14:25:00,173.79,Travel,PayPal,Mobile,Chennai,0,132,269.73,517,No,0,0.01926642995261507,0,0.5038456237722485,0,Lower score,train,in-sample
T104174,CUST8278,2023-07-12 18:21:00,165.48,Travel,PayPal,Desktop,Bengaluru,0,103,327.68,1521,Yes,0,0.03314636241072214,0,0.49553021265818703,0,Lower score,train,in-sample
T100671,CUST5312,2023-07-12 18:37:00,181.66,Health,Debit Card,Desktop,Delhi,0,180,353.18,1115,No,0,0.029136314096274752,0,0.4938261744379153,0,Lower score,train,in-sample
T104823,CUST9640,2023-07-12 21:24:00,39.98,Grocery,PayPal,POS,Hyderabad,0,150,465.78,1655,No,0,0.05790328441556204,0,0.48051060437966614,0,Lower score,train,in-sample
T102957,CUST4199,2023-07-12 21:33:00,158.26,Fashion,NetBanking,POS,Pune,0,196,116.96,1622,No,0,0.09320355468504408,0,0.4871597372584813,0,Lower score,train,in-sample
T100908,CUST4556,2023-07-12 22:25:00,24.03,Food,PayPal,Desktop,Delhi,0,76,443.79,1948,No,0,0.09691600298984887,0,0.48111195895684566,0,Lower score,train,in-sample
T101614,CUST7423,2023-07-12 23:25:00,32.4,Health,PayPal,Desktop,Kolkata,0,56,12.44,1700,No,0,0.08545428980236924,0,0.4895215753726738,0,Lower score,train,in-sample
T101596,CUST1179,2023-07-12 23:43:00,25.63,Electronics,PayPal,Mobile,Hyderabad,1,186,212.48,1931,No,1,0.467926316644651,1,0.515516062351644,0,Model review,train,in-sample
T103526,CUST1717,2023-07-13 01:14:00,289.18,Entertainment,Debit Card,Mobile,Bengaluru,0,90,264.07,214,No,0,0.2326732110713261,1,0.5081942607258912,0,Model review,train,in-sample
T102085,CUST2539,2023-07-13 03:40:00,55.1,Travel,Credit Card,Mobile,Mumbai,0,35,490.18,904,No,0,0.17046889740235663,1,0.4846287836639311,0,Model review,train,in-sample
T104421,CUST6916,2023-07-13 04:06:00,251.21,Food,Debit Card,POS,Hyderabad,1,100,173.85,1561,No,1,0.7205088623182659,1,0.5370715753612767,1,Model review,train,in-sample
T102772,CUST6810,2023-07-13 05:01:00,131.59,Travel,NetBanking,Mobile,Kolkata,0,115,476.35,244,No,0,0.1150877765728318,0,0.4941129466463921,0,Lower score,train,in-sample
T103026,CUST9485,2023-07-13 05:25:00,231.24,Entertainment,PayPal,Mobile,Delhi,0,7,283.92,1498,No,1,0.1439248860037474,0,0.5049776394403515,0,Lower score,train,in-sample
T101993,CUST4144,2023-07-13 05:33:00,11.63,Electronics,PayPal,Mobile,Chennai,0,134,300.17,352,No,0,0.08561305156834646,0,0.48376369318350637,0,Lower score,train,in-sample
T102502,CUST6446,2023-07-13 06:12:00,68.18,Entertainment,UPI,Mobile,Pune,0,198,171.1,85,No,0,0.10865558727442207,0,0.484849580057425,0,Lower score,train,in-sample
T102116,CUST2080,2023-07-13 06:32:00,46.43,Health,Credit Card,Desktop,Delhi,1,38,250.22,974,No,1,0.44714628153832386,1,0.5147828934661866,0,Model review,train,in-sample
T103653,CUST7651,2023-07-13 06:51:00,14.97,Utilities,PayPal,POS,Pune,0,44,325.0,570,No,0,0.06328070325500144,0,0.49113229991347107,0,Lower score,train,in-sample
T102551,CUST4163,2023-07-13 12:32:00,9.41,Utilities,Debit Card,Desktop,Kolkata,1,155,216.55,1116,No,0,0.08287122118397582,0,0.5206087229371917,1,Anomaly review,train,in-sample
T101395,CUST5637,2023-07-13 13:46:00,141.23,Grocery,Credit Card,Desktop,Kolkata,0,158,498.74,342,No,0,0.009952292581996229,0,0.4847459549438124,0,Lower score,train,in-sample
T103182,CUST4948,2023-07-13 18:06:00,29.66,Utilities,UPI,Mobile,Delhi,0,159,396.4,1833,No,0,0.017236734640571544,0,0.4831996688921057,0,Lower score,train,in-sample
T101677,CUST8350,2023-07-13 19:26:00,41.26,Travel,PayPal,Desktop,Delhi,0,113,409.85,1508,No,0,0.025151219871488006,0,0.4873578387137521,0,Lower score,train,in-sample
T100604,CUST3680,2023-07-13 19:37:00,10.28,Health,NetBanking,Desktop,Mumbai,0,125,396.47,677,No,0,0.027356386453201122,0,0.4891245307894935,0,Lower score,train,in-sample
T100509,CUST4712,2023-07-13 19:39:00,103.49,Food,Credit Card,POS,Kolkata,0,52,67.02,193,Yes,1,0.03376320052102131,0,0.477391179809981,0,Lower score,train,in-sample
T100387,CUST2520,2023-07-13 21:07:00,15.63,Travel,PayPal,Mobile,Kolkata,0,171,417.01,1294,No,0,0.03589967528574649,0,0.4975509102599049,0,Lower score,train,in-sample
T100452,CUST7665,2023-07-13 21:59:00,44.16,Travel,NetBanking,Desktop,Pune,0,12,300.69,1851,No,0,0.060712941002222104,0,0.4800723863077907,0,Lower score,train,in-sample
T102696,CUST9835,2023-07-13 23:20:00,90.54,Electronics,UPI,Mobile,Delhi,1,7,464.4,1220,No,1,0.4365048346018656,1,0.5218036123702089,1,Model review,train,in-sample
T100359,CUST5008,2023-07-13 23:45:00,68.54,Fashion,Credit Card,Mobile,Bengaluru,0,138,201.32,492,No,0,0.15653492029310628,0,0.47880370448517756,0,Lower score,train,in-sample
T101356,CUST5588,2023-07-14 03:09:00,184.77,Health,PayPal,Mobile,Delhi,0,35,42.05,899,Yes,0,0.11976020164678393,0,0.5008957634988389,0,Lower score,train,in-sample
T103445,CUST8849,2023-07-14 03:29:00,83.87,Health,NetBanking,POS,Bengaluru,1,39,12.82,1533,No,1,0.5884083073700482,1,0.5170957795595456,0,Model review,train,in-sample
T103281,CUST9228,2023-07-14 04:08:00,16.21,Entertainment,Credit Card,POS,Delhi,0,198,232.86,812,Yes,1,0.12445858665135513,0,0.4946017396599558,0,Lower score,train,in-sample
T104436,CUST3313,2023-07-14 06:35:00,34.45,Fashion,NetBanking,Mobile,Delhi,0,146,223.54,750,No,0,0.07588360264880654,0,0.477837051753164,0,Lower score,train,in-sample
T100591,CUST8546,2023-07-14 08:53:00,81.93,Health,UPI,Mobile,Mumbai,1,76,429.43,298,No,0,0.25558637100121945,1,0.5199667617796568,1,Model review,train,in-sample
T102640,CUST2511,2023-07-14 10:20:00,28.31,Utilities,UPI,POS,Pune,0,104,113.97,54,No,0,0.018306712697447377,0,0.48394094070587235,0,Lower score,train,in-sample
T102010,CUST8631,2023-07-14 13:02:00,2.74,Travel,NetBanking,Desktop,Bengaluru,0,71,287.34,371,No,0,0.011103901854952896,0,0.4884305318550238,0,Lower score,train,in-sample
T102412,CUST8195,2023-07-14 13:26:00,53.18,Fashion,NetBanking,POS,Delhi,0,61,308.65,753,No,0,0.011333842102882652,0,0.4847268595686206,0,Lower score,train,in-sample
T104233,CUST8746,2023-07-14 14:18:00,193.83,Entertainment,PayPal,POS,Kolkata,0,28,309.48,504,No,0,0.00929264084448056,0,0.5157121847296882,0,Lower score,train,in-sample
T103110,CUST7517,2023-07-14 14:45:00,81.22,Health,PayPal,POS,Bengaluru,0,70,430.2,1602,Yes,0,0.009464205445969313,0,0.4881863062189726,0,Lower score,train,in-sample
T101818,CUST1417,2023-07-14 17:02:00,78.39,Entertainment,NetBanking,POS,Chennai,0,100,112.67,568,No,0,0.015495418241668928,0,0.48742795285437907,0,Lower score,train,in-sample
T100429,CUST2888,2023-07-14 17:31:00,9.96,Grocery,NetBanking,Desktop,Hyderabad,0,74,204.58,1948,No,0,0.010064690475937567,0,0.48974179393309886,0,Lower score,train,in-sample
T104208,CUST8487,2023-07-14 21:56:00,7.2,Fashion,UPI,Mobile,Bengaluru,0,116,428.55,1849,No,0,0.07249233419536122,0,0.4929804145084399,0,Lower score,train,in-sample
T100237,CUST6375,2023-07-14 22:25:00,1.97,Travel,Debit Card,Mobile,Kolkata,0,21,482.14,1321,No,0,0.04576231922579087,0,0.513145095555977,0,Lower score,train,in-sample
T101118,CUST7693,2023-07-15 09:03:00,24.7,Grocery,Debit Card,Mobile,Kolkata,0,111,403.25,620,No,0,0.025026300544902656,0,0.4990472388338932,0,Lower score,train,in-sample
T100336,CUST1681,2023-07-15 10:33:00,154.74,Utilities,PayPal,POS,Bengaluru,0,134,245.56,1073,No,0,0.026880268256224225,0,0.5018212299923677,0,Lower score,train,in-sample
T102400,CUST7573,2023-07-15 12:13:00,33.31,Fashion,Debit Card,POS,Mumbai,0,184,381.88,1100,No,0,0.01902964269930978,0,0.48898024027997694,0,Lower score,train,in-sample
T102103,CUST5125,2023-07-15 13:56:00,95.23,Food,Credit Card,POS,Delhi,0,187,443.7,1116,No,0,0.014610413589405482,0,0.4895819325317772,0,Lower score,train,in-sample
T104307,CUST4757,2023-07-15 14:18:00,79.56,Food,Debit Card,Desktop,Hyderabad,0,50,491.52,300,No,0,0.013581649238857227,0,0.49399494485548523,0,Lower score,train,in-sample
T103320,CUST8835,2023-07-15 15:48:00,63.6,Food,Credit Card,Desktop,Kolkata,0,113,483.49,233,No,0,0.011431017828269685,0,0.4891823656760784,0,Lower score,train,in-sample
T104758,CUST7126,2023-07-15 16:11:00,49.4,Electronics,UPI,Desktop,Mumbai,1,68,494.7,838,No,0,0.08299860800671546,0,0.5313037199485992,1,Anomaly review,train,in-sample
T102307,CUST2209,2023-07-15 16:36:00,76.79,Utilities,UPI,POS,Delhi,0,136,116.74,324,No,0,0.012956633240256053,0,0.49563215130293425,0,Lower score,train,in-sample
T102831,CUST6789,2023-07-15 16:44:00,86.88,Utilities,Credit Card,POS,Hyderabad,0,59,286.91,734,Yes,0,0.013476643113730006,0,0.5018110511644904,0,Lower score,train,in-sample
T104165,CUST2920,2023-07-15 17:46:00,39.38,Grocery,NetBanking,Mobile,Kolkata,0,163,243.4,1754,No,0,0.01062184263325856,0,0.4845060061873601,0,Lower score,train,in-sample
T100398,CUST2296,2023-07-15 20:00:00,111.18,Travel,Credit Card,POS,Hyderabad,0,59,127.43,883,No,0,0.038675184374228636,0,0.49125944689242695,0,Lower score,train,in-sample
T104454,CUST3859,2023-07-15 22:07:00,161.05,Fashion,Debit Card,Desktop,Bengaluru,0,34,462.51,1319,No,0,0.10503820589968038,0,0.49961180306613123,0,Lower score,train,in-sample
T100099,CUST1730,2023-07-15 22:54:00,9.13,Fashion,UPI,Mobile,Hyderabad,0,32,316.45,986,No,0,0.10050170795651629,0,0.49968117196155654,0,Lower score,train,in-sample
T100941,CUST6670,2023-07-15 23:12:00,64.63,Fashion,UPI,POS,Mumbai,0,163,118.67,1946,No,0,0.13099197012635228,0,0.4870699056690704,0,Lower score,train,in-sample
T103212,CUST3323,2023-07-16 02:36:00,15.8,Travel,Debit Card,Desktop,Hyderabad,0,59,349.68,295,No,0,0.1650847733966874,1,0.49312772728036436,0,Model review,train,in-sample
T101044,CUST3081,2023-07-16 03:07:00,173.71,Fashion,UPI,Desktop,Delhi,0,91,470.66,644,No,0,0.23335340810909586,1,0.5105039527151726,0,Model review,train,in-sample
T103940,CUST4087,2023-07-16 03:15:00,113.27,Fashion,UPI,Mobile,Kolkata,0,24,488.48,1062,No,0,0.18573487476083647,1,0.5025226984719695,0,Model review,train,in-sample
T101505,CUST4152,2023-07-16 08:46:00,40.71,Electronics,UPI,POS,Mumbai,0,125,491.97,278,No,0,0.04173102126225855,0,0.48985173657982556,0,Lower score,train,in-sample
T103261,CUST3758,2023-07-16 08:47:00,56.71,Fashion,UPI,Mobile,Pune,0,111,103.09,1731,No,0,0.05649667760872492,0,0.49514246118185606,0,Lower score,train,in-sample
T103266,CUST8882,2023-07-16 11:09:00,51.44,Food,Debit Card,Desktop,Delhi,0,110,451.35,1149,No,0,0.025150866562084477,0,0.49701216064126363,0,Lower score,train,in-sample
T104009,CUST8530,2023-07-16 11:26:00,4.67,Utilities,Credit Card,Desktop,Pune,0,128,184.97,1139,No,0,0.016416463166322212,0,0.49510062946515493,0,Lower score,train,in-sample
T103594,CUST8997,2023-07-16 14:08:00,53.81,Utilities,NetBanking,Mobile,Delhi,0,182,374.19,939,No,0,0.010844528994834087,0,0.48662391362873353,0,Lower score,train,in-sample
T103083,CUST5047,2023-07-16 14:49:00,70.86,Electronics,UPI,POS,Kolkata,0,192,83.64,75,No,0,0.008341084628162979,0,0.49285381149803736,0,Lower score,train,in-sample
T100778,CUST6092,2023-07-16 15:13:00,101.85,Food,Debit Card,Desktop,Bengaluru,0,48,187.83,340,No,0,0.01906901007441795,0,0.49235803740932554,0,Lower score,train,in-sample
T100798,CUST8872,2023-07-16 15:35:00,95.43,Travel,UPI,POS,Mumbai,0,152,369.0,957,No,0,0.017371465702311975,0,0.48843232608272213,0,Lower score,train,in-sample
T104748,CUST7155,2023-07-16 16:21:00,39.78,Electronics,NetBanking,POS,Chennai,0,85,255.2,1071,No,0,0.011860314078937161,0,0.483778203753832,0,Lower score,train,in-sample
T104000,CUST4944,2023-07-16 20:29:00,67.89,Travel,Debit Card,POS,Chennai,0,64,26.42,1071,No,0,0.05602978972322598,0,0.4874010202194106,0,Lower score,train,in-sample
T101549,CUST7318,2023-07-16 20:45:00,80.22,Entertainment,PayPal,POS,Pune,0,58,154.4,1492,No,0,0.04811643692242468,0,0.49956172210621697,0,Lower score,train,in-sample
T100355,CUST9979,2023-07-17 00:54:00,82.27,Electronics,NetBanking,Mobile,Hyderabad,0,189,111.17,1826,No,0,0.11095995391838143,0,0.48098364632167323,0,Lower score,train,in-sample
T104085,CUST7606,2023-07-17 00:58:00,4.95,Electronics,UPI,POS,Mumbai,0,141,341.12,1567,No,0,0.12494714335565338,0,0.4970084381387116,0,Lower score,train,in-sample
T101279,CUST5078,2023-07-17 03:36:00,55.27,Utilities,UPI,Mobile,Hyderabad,0,4,244.92,715,No,0,0.16383630328272675,1,0.48373231148626283,0,Model review,train,in-sample
T102507,CUST8546,2023-07-17 04:32:00,46.26,Food,Debit Card,Mobile,Kolkata,0,186,469.69,1956,No,0,0.14083318301823533,0,0.48101294049229837,0,Lower score,train,in-sample
T104535,CUST1935,2023-07-17 10:16:00,70.94,Fashion,NetBanking,Desktop,Delhi,0,100,274.45,1803,No,0,0.033552971974755215,0,0.4904515351360449,0,Lower score,train,in-sample
T100177,CUST2824,2023-07-17 10:48:00,39.12,Electronics,NetBanking,Desktop,Mumbai,0,75,26.8,79,No,0,0.01822488323954591,0,0.4832300082620612,0,Lower score,train,in-sample
T103017,CUST6045,2023-07-17 13:03:00,41.47,Travel,PayPal,Mobile,Chennai,0,25,398.78,1529,No,0,0.015555049414388542,0,0.4913168642216488,0,Lower score,train,in-sample
T102639,CUST5952,2023-07-17 13:52:00,97.0,Health,UPI,Desktop,Kolkata,0,157,14.7,1306,No,0,0.011085870091045924,0,0.48613629435049166,0,Lower score,train,in-sample
T100118,CUST1517,2023-07-17 13:56:00,178.47,Food,PayPal,Mobile,Mumbai,0,73,355.54,323,No,0,0.018307122018743245,0,0.49843813194746384,0,Lower score,train,in-sample
T104922,CUST5688,2023-07-17 17:31:00,72.79,Health,Debit Card,POS,Bengaluru,0,121,136.33,1748,No,0,0.020264721409919924,0,0.4847953978699315,0,Lower score,train,in-sample
T103532,CUST9398,2023-07-17 18:41:00,31.59,Health,PayPal,Mobile,Pune,0,115,261.28,1885,No,0,0.01775861185897853,0,0.49786739794866736,0,Lower score,train,in-sample
T103739,CUST4487,2023-07-18 01:02:00,69.0,Grocery,PayPal,Desktop,Hyderabad,0,103,208.64,984,No,1,0.15025388778143287,0,0.489063875402761,0,Lower score,train,in-sample
T102154,CUST9668,2023-07-18 04:27:00,8.49,Food,UPI,POS,Hyderabad,0,195,65.6,1293,No,1,0.21643306905883455,1,0.49346068153882916,0,Model review,train,in-sample
T101226,CUST1143,2023-07-18 04:42:00,40.55,Food,Debit Card,POS,Pune,0,143,339.04,1260,No,0,0.18660909254722263,1,0.4808253133853708,0,Model review,train,in-sample
T104945,CUST5112,2023-07-18 05:58:00,226.41,Entertainment,UPI,Mobile,Hyderabad,0,51,417.56,595,No,1,0.19433036176705132,1,0.5029326727712021,0,Model review,train,in-sample
T103907,CUST7991,2023-07-18 08:23:00,29.51,Grocery,Credit Card,Desktop,Hyderabad,0,13,63.56,536,No,0,0.058640625741815035,0,0.4884717337880255,0,Lower score,train,in-sample
T104433,CUST9303,2023-07-18 10:13:00,204.53,Grocery,Credit Card,Mobile,Pune,0,25,374.91,200,No,0,0.035986288662781474,0,0.5050209328896982,0,Lower score,train,in-sample
T100495,CUST7586,2023-07-18 10:23:00,34.88,Travel,Credit Card,Mobile,Delhi,0,134,131.65,248,No,0,0.03315564672934589,0,0.49333999812141033,0,Lower score,train,in-sample
T103759,CUST8553,2023-07-18 11:26:00,142.2,Grocery,PayPal,POS,Hyderabad,0,114,231.63,748,No,0,0.02353111640382227,0,0.49521268811007535,0,Lower score,train,in-sample
T103807,CUST1954,2023-07-18 12:33:00,34.16,Travel,PayPal,Mobile,Pune,0,195,465.71,1151,No,0,0.015632528430042668,0,0.49233214501980754,0,Lower score,train,in-sample
T101057,CUST8495,2023-07-18 15:12:00,41.12,Travel,NetBanking,Desktop,Mumbai,0,10,166.91,967,No,0,0.016420895013125682,0,0.4755019933579703,0,Lower score,train,in-sample
T100002,CUST7852,2023-07-18 15:54:00,105.34,Entertainment,Debit Card,Mobile,Bengaluru,0,60,432.03,216,No,0,0.022386120629613784,0,0.4846673753015239,0,Lower score,train,in-sample
T103528,CUST1274,2023-07-18 17:18:00,274.77,Electronics,Debit Card,Desktop,Delhi,0,116,167.2,1277,No,0,0.019216676246854122,0,0.5131734851436036,0,Lower score,train,in-sample
T100785,CUST9806,2023-07-18 19:03:00,191.27,Utilities,Debit Card,Mobile,Hyderabad,0,54,205.37,375,No,0,0.03648882664585426,0,0.4924786359673456,0,Lower score,train,in-sample
T104258,CUST4949,2023-07-19 03:31:00,35.05,Travel,PayPal,POS,Pune,0,59,232.26,1120,No,0,0.1661499380367632,1,0.491156179204272,0,Model review,train,in-sample
T103701,CUST3010,2023-07-19 04:55:00,90.78,Entertainment,Credit Card,POS,Kolkata,0,47,144.38,1759,No,0,0.16198396771785845,1,0.49232025376450916,0,Model review,train,in-sample
T101005,CUST8600,2023-07-19 05:20:00,86.02,Grocery,Debit Card,Desktop,Delhi,0,57,334.51,1091,No,0,0.132882689081277,0,0.49213233663499,0,Lower score,train,in-sample
T103888,CUST3525,2023-07-19 06:12:00,79.5,Utilities,NetBanking,Desktop,Mumbai,0,106,337.87,1350,No,0,0.12389451803081651,0,0.4754467688102648,0,Lower score,train,in-sample
T103693,CUST8749,2023-07-19 07:09:00,21.37,Entertainment,UPI,Desktop,Kolkata,0,25,396.6,1062,No,0,0.08781558990918806,0,0.4887995774899103,0,Lower score,train,in-sample
T102180,CUST5506,2023-07-19 08:28:00,29.14,Travel,Debit Card,Mobile,Hyderabad,1,59,353.81,1798,No,0,0.3692774716011161,1,0.525779049533045,1,Model review,train,in-sample
T101987,CUST3492,2023-07-19 08:32:00,54.89,Grocery,Credit Card,POS,Chennai,0,174,387.92,572,No,0,0.0671690899323652,0,0.4821313149636385,0,Lower score,train,in-sample
T103794,CUST4875,2023-07-19 10:30:00,2.64,Food,UPI,Desktop,Mumbai,0,165,378.46,1796,No,0,0.040726178550665605,0,0.5003490718432703,0,Lower score,train,in-sample
T104091,CUST6769,2023-07-19 11:21:00,33.4,Travel,NetBanking,Desktop,Hyderabad,1,199,144.97,717,No,0,0.18014746735394027,1,0.5127185912394444,0,Model review,train,in-sample
T104133,CUST9380,2023-07-19 11:32:00,80.35,Utilities,Debit Card,Desktop,Mumbai,0,28,296.71,1307,No,0,0.023909896460070693,0,0.47796067591408925,0,Lower score,train,in-sample
T103588,CUST9601,2023-07-19 12:53:00,10.77,Utilities,Debit Card,Desktop,Pune,0,178,258.56,1045,No,0,0.013462619922354908,0,0.48641752474024824,0,Lower score,train,in-sample
T104192,CUST5450,2023-07-19 13:22:00,55.45,Health,NetBanking,Mobile,Bengaluru,0,63,446.15,1631,No,0,0.016621680879082994,0,0.477290102868912,0,Lower score,train,in-sample
T104181,CUST3099,2023-07-19 14:09:00,89.3,Electronics,UPI,POS,Bengaluru,0,128,269.68,147,No,0,0.014939161263642538,0,0.48165513003526017,0,Lower score,train,in-sample
T102982,CUST2892,2023-07-19 14:54:00,97.63,Food,Credit Card,POS,Mumbai,0,163,173.74,1575,Yes,1,0.021901564821919833,0,0.4728885948452649,0,Lower score,train,in-sample
T101599,CUST7477,2023-07-19 15:13:00,179.69,Electronics,NetBanking,Desktop,Kolkata,0,127,325.77,276,Yes,0,0.009919117415728125,0,0.49024567587749396,0,Lower score,train,in-sample
T104844,CUST2801,2023-07-19 15:43:00,15.79,Food,NetBanking,Desktop,Pune,0,132,60.59,1347,No,0,0.015350774306110105,0,0.46893023652800625,0,Lower score,train,in-sample
T102821,CUST1785,2023-07-19 19:41:00,20.77,Entertainment,PayPal,Mobile,Hyderabad,1,28,483.31,686,No,0,0.26030771995129826,1,0.5324553235477182,1,Model review,train,in-sample
T103797,CUST9944,2023-07-19 23:26:00,8.72,Food,UPI,POS,Kolkata,0,94,248.62,1044,No,0,0.1283417892445448,0,0.49132094911132895,0,Lower score,train,in-sample
T101181,CUST4362,2023-07-20 01:08:00,33.47,Fashion,UPI,Mobile,Delhi,0,190,494.75,1704,No,0,0.16667581829125322,1,0.474634228204073,0,Model review,train,in-sample
T102155,CUST2892,2023-07-20 06:53:00,21.94,Utilities,UPI,POS,Mumbai,1,78,453.01,634,No,0,0.4647665531129463,1,0.5234789776249673,1,Model review,train,in-sample
T101900,CUST1340,2023-07-20 12:25:00,64.64,Food,NetBanking,POS,Mumbai,0,75,482.84,299,No,0,0.0197582734552048,0,0.4671749963350223,0,Lower score,train,in-sample
T103316,CUST4438,2023-07-20 12:43:00,52.93,Food,UPI,Mobile,Kolkata,0,122,25.14,105,No,0,0.014374501895700213,0,0.48358714331200026,0,Lower score,train,in-sample
T102584,CUST8952,2023-07-20 12:59:00,70.53,Entertainment,PayPal,Mobile,Kolkata,0,190,497.84,1766,No,0,0.01098886162440993,0,0.4996757204584721,0,Lower score,train,in-sample
T101260,CUST3291,2023-07-20 17:18:00,25.07,Food,PayPal,Desktop,Mumbai,0,46,96.86,555,No,0,0.017651441651932113,0,0.48783939823089995,0,Lower score,train,in-sample
T102230,CUST7345,2023-07-20 18:34:00,108.75,Food,NetBanking,Desktop,Kolkata,0,127,448.69,1883,No,0,0.02177550531803769,0,0.4695824206860333,0,Lower score,train,in-sample
T101347,CUST2147,2023-07-20 19:12:00,37.09,Travel,UPI,Mobile,Kolkata,1,123,12.34,771,No,0,0.17305397543950835,1,0.5388950485808471,1,Model review,train,in-sample
T100773,CUST2770,2023-07-20 22:40:00,40.51,Utilities,Debit Card,POS,Chennai,0,50,426.96,872,Yes,0,0.09098890377261735,0,0.4872122621178994,0,Lower score,train,in-sample
T102530,CUST1719,2023-07-20 22:58:00,90.36,Food,NetBanking,Mobile,Delhi,0,146,114.75,356,No,0,0.10403869737281761,0,0.46791781690896295,0,Lower score,train,in-sample
T101732,CUST6277,2023-07-21 03:12:00,59.9,Travel,Debit Card,Desktop,Chennai,0,119,292.26,911,No,0,0.1479322675200245,0,0.48152180458163024,0,Lower score,train,in-sample
T103813,CUST1070,2023-07-21 05:56:00,76.15,Fashion,PayPal,POS,Pune,0,65,165.72,1173,No,0,0.0896920608909361,0,0.48808629704570106,0,Lower score,train,in-sample
T100793,CUST2477,2023-07-21 06:19:00,75.63,Fashion,UPI,POS,Hyderabad,0,20,29.46,1809,No,0,0.10465666056449398,0,0.4868688360191251,0,Lower score,train,in-sample
T102399,CUST7924,2023-07-21 08:47:00,81.05,Utilities,NetBanking,POS,Mumbai,0,31,401.43,673,No,0,0.035907634189662134,0,0.47930959661694095,0,Lower score,train,in-sample
T100302,CUST3293,2023-07-21 09:54:00,62.23,Food,UPI,Mobile,Mumbai,0,59,384.57,967,Yes,0,0.03273683005526522,0,0.48035874641477405,0,Lower score,train,in-sample
T101514,CUST9977,2023-07-21 10:29:00,17.43,Entertainment,PayPal,POS,Delhi,0,46,311.67,1307,No,0,0.018424293198970623,0,0.4950816214446224,0,Lower score,train,in-sample
T103586,CUST8294,2023-07-21 12:57:00,48.41,Electronics,UPI,Mobile,Delhi,0,89,162.03,857,No,0,0.0075618909246375375,0,0.4900850272217594,0,Lower score,train,in-sample
T104391,CUST5472,2023-07-21 22:30:00,62.34,Fashion,PayPal,Mobile,Pune,0,187,161.52,533,No,0,0.062371798943902115,0,0.48437356596033787,0,Lower score,train,in-sample
T104334,CUST4562,2023-07-21 23:31:00,38.37,Health,PayPal,Mobile,Kolkata,0,54,164.15,1790,No,0,0.05453584002301408,0,0.49036415053863575,0,Lower score,train,in-sample
T100552,CUST1919,2023-07-21 23:33:00,64.22,Fashion,NetBanking,Desktop,Bengaluru,0,108,473.35,59,No,0,0.11313452942279713,0,0.47988829854707205,0,Lower score,train,in-sample
T102034,CUST3585,2023-07-22 00:01:00,75.03,Food,UPI,Desktop,Pune,0,87,132.34,1760,No,0,0.13113259584413714,0,0.4963431339764017,0,Lower score,train,in-sample
T101847,CUST2328,2023-07-22 00:43:00,17.6,Travel,PayPal,POS,Delhi,0,170,101.23,589,Yes,1,0.11269267136574505,0,0.49310075020938476,0,Lower score,train,in-sample
T104036,CUST2240,2023-07-22 03:17:00,302.76,Travel,Debit Card,Mobile,Hyderabad,0,53,356.32,1771,No,0,0.20063561123038307,1,0.5210330161170277,1,Model review,train,in-sample
T100948,CUST5545,2023-07-22 11:34:00,165.65,Electronics,Debit Card,Desktop,Mumbai,0,13,444.15,1747,No,0,0.0153718352379879,0,0.49756421812204443,0,Lower score,train,in-sample
T102067,CUST9854,2023-07-22 12:18:00,23.94,Electronics,Debit Card,Desktop,Chennai,1,154,101.76,230,No,0,0.09438518016662847,0,0.5253830443094886,1,Anomaly review,train,in-sample
T102254,CUST6108,2023-07-22 15:09:00,168.94,Entertainment,Credit Card,Desktop,Delhi,0,149,407.71,1446,No,0,0.0141379023175882,0,0.500049455413358,0,Lower score,train,in-sample
T104919,CUST5092,2023-07-22 15:38:00,33.1,Health,Credit Card,POS,Delhi,0,107,346.55,1480,No,0,0.010238898231615539,0,0.4859539971324817,0,Lower score,train,in-sample
T104721,CUST6998,2023-07-22 15:47:00,4.5,Fashion,Debit Card,Desktop,Chennai,0,111,420.04,317,No,0,0.015003491883176527,0,0.4967093299153457,0,Lower score,train,in-sample
T100633,CUST2630,2023-07-22 20:13:00,60.76,Electronics,UPI,Mobile,Bengaluru,0,151,73.24,713,No,0,0.031582239452622625,0,0.4924387309567679,0,Lower score,train,in-sample
T101256,CUST5553,2023-07-22 20:48:00,17.9,Utilities,UPI,POS,Pune,0,166,116.63,1092,Yes,0,0.03794032767065854,0,0.49999113551077645,0,Lower score,train,in-sample
T104550,CUST9069,2023-07-22 23:01:00,215.95,Food,NetBanking,Mobile,Delhi,0,157,389.36,1634,No,0,0.1165074086355846,0,0.5023096119727088,0,Lower score,train,in-sample
T103377,CUST5108,2023-07-23 00:09:00,16.63,Travel,NetBanking,Desktop,Mumbai,1,175,368.09,1786,No,1,0.5798959192210199,1,0.5241154326639029,1,Model review,train,in-sample
T100028,CUST4506,2023-07-23 02:04:00,71.8,Grocery,UPI,POS,Delhi,0,142,211.53,1749,No,0,0.1616534091744836,1,0.49172804224933525,0,Model review,train,in-sample
T104040,CUST2879,2023-07-23 03:08:00,160.85,Health,NetBanking,Mobile,Kolkata,0,105,423.23,101,No,0,0.14180643553892752,0,0.49961964693226607,0,Lower score,train,in-sample
T104559,CUST2951,2023-07-23 03:23:00,463.39,Electronics,Credit Card,Desktop,Hyderabad,0,99,417.74,153,No,1,0.2121908597407187,1,0.5367220416286992,1,Model review,train,in-sample
T101911,CUST7551,2023-07-23 04:50:00,167.42,Health,UPI,Desktop,Bengaluru,0,199,457.45,1019,No,0,0.18671577780928597,1,0.5089710025822526,0,Model review,train,in-sample
T101217,CUST4935,2023-07-23 14:32:00,91.28,Utilities,NetBanking,Desktop,Bengaluru,0,176,179.6,453,No,0,0.013966887966633661,0,0.4806143298117659,0,Lower score,train,in-sample
T101466,CUST9086,2023-07-23 19:56:00,302.39,Health,UPI,POS,Chennai,0,62,76.45,1386,No,0,0.06239937602643778,0,0.5298390304784694,1,Anomaly review,train,in-sample
T101635,CUST5154,2023-07-23 22:47:00,21.39,Entertainment,PayPal,POS,Bengaluru,0,199,20.82,422,No,0,0.10823001540809817,0,0.5009739317079801,0,Lower score,train,in-sample
T101564,CUST9655,2023-07-24 01:59:00,138.35,Health,NetBanking,Desktop,Kolkata,0,174,30.4,1459,No,0,0.137071646380441,0,0.4908781252570249,0,Lower score,train,in-sample
T104647,CUST8385,2023-07-24 03:12:00,23.26,Entertainment,UPI,POS,Mumbai,0,152,368.77,483,No,0,0.2083931109325938,1,0.4946795354800064,0,Model review,train,in-sample
T100472,CUST6570,2023-07-24 04:20:00,3.53,Utilities,UPI,POS,Chennai,0,141,204.74,647,No,0,0.1710614155267778,1,0.502070698190586,0,Model review,train,in-sample
T103393,CUST4316,2023-07-24 05:40:00,31.48,Electronics,Credit Card,Desktop,Kolkata,0,90,225.01,1829,No,0,0.07343789365030064,0,0.4833260774654043,0,Lower score,train,in-sample
T101553,CUST8026,2023-07-24 09:35:00,172.48,Food,UPI,Desktop,Delhi,0,189,267.67,675,No,0,0.053371407343390874,0,0.5085318938769655,0,Lower score,train,in-sample
T104749,CUST4904,2023-07-24 10:21:00,129.72,Electronics,Credit Card,POS,Pune,0,52,356.79,369,No,0,0.022173279653911887,0,0.4866131572197939,0,Lower score,train,in-sample
T100014,CUST1114,2023-07-24 10:27:00,16.05,Travel,Credit Card,Desktop,Mumbai,0,79,290.74,1178,No,0,0.02991331052492375,0,0.48539242699555113,0,Lower score,train,in-sample
T103539,CUST1368,2023-07-24 11:58:00,5.17,Fashion,UPI,POS,Bengaluru,1,145,413.83,126,No,1,0.1975015845801314,1,0.5345344142174923,1,Model review,train,in-sample
T103711,CUST6502,2023-07-24 22:27:00,100.72,Grocery,UPI,POS,Delhi,1,77,396.25,159,No,1,0.4576627902472926,1,0.5211955849759973,1,Model review,train,in-sample
T100913,CUST7019,2023-07-24 23:29:00,42.13,Grocery,Credit Card,POS,Bengaluru,0,196,183.11,800,No,0,0.12080356367537814,0,0.48354089007110307,0,Lower score,train,in-sample
T100531,CUST9184,2023-07-25 00:29:00,653.8,Grocery,PayPal,Mobile,Hyderabad,0,95,152.28,1630,No,1,0.2700229600074359,1,0.5252326201383413,1,Model review,train,in-sample
T104837,CUST9832,2023-07-25 01:06:00,42.69,Utilities,Credit Card,Desktop,Mumbai,0,54,12.11,1187,No,0,0.1811256064646645,1,0.4824070557965029,0,Model review,train,in-sample
T102587,CUST6051,2023-07-25 02:16:00,91.81,Health,Debit Card,Desktop,Pune,0,172,496.37,1859,No,0,0.17587253662044072,1,0.482572438902365,0,Model review,train,in-sample
T102828,CUST6525,2023-07-25 02:49:00,44.79,Electronics,NetBanking,POS,Chennai,0,157,41.37,1134,No,0,0.17232113006629599,1,0.47534271411255336,0,Model review,train,in-sample
T101632,CUST3388,2023-07-25 05:48:00,87.47,Utilities,Credit Card,Desktop,Hyderabad,0,8,470.56,187,No,1,0.1408958818374573,0,0.4912364563541079,0,Lower score,train,in-sample
T101103,CUST5853,2023-07-25 09:08:00,210.21,Grocery,NetBanking,Desktop,Mumbai,0,106,491.62,950,No,0,0.058892535817129894,0,0.49640188251229767,0,Lower score,train,in-sample
T103141,CUST9017,2023-07-25 12:30:00,202.83,Entertainment,Credit Card,Mobile,Pune,0,94,372.46,154,No,0,0.024555274932737875,0,0.499949510989836,0,Lower score,train,in-sample
T104279,CUST5568,2023-07-25 13:33:00,39.77,Food,NetBanking,Desktop,Hyderabad,1,97,412.79,1864,No,0,0.1470993502720272,0,0.5106665720368957,0,Lower score,train,in-sample
T101046,CUST8152,2023-07-25 13:45:00,21.22,Health,PayPal,Desktop,Bengaluru,0,154,485.24,626,No,0,0.015001421548267594,0,0.491232340236915,0,Lower score,train,in-sample
T101415,CUST8709,2023-07-25 14:34:00,220.67,Utilities,Debit Card,Mobile,Delhi,0,110,200.69,385,No,0,0.016865519623103363,0,0.5014774870277438,0,Lower score,train,in-sample
T103853,CUST3741,2023-07-25 18:11:00,223.07,Fashion,Debit Card,POS,Chennai,0,41,355.16,1534,Yes,1,0.04744629843482637,0,0.5041327218349998,0,Lower score,train,in-sample
T100011,CUST8675,2023-07-25 18:45:00,280.28,Grocery,PayPal,Desktop,Bengaluru,0,167,75.88,1427,No,0,0.038819901010896746,0,0.5102047784258732,0,Lower score,train,in-sample
T103070,CUST9689,2023-07-25 19:47:00,98.11,Entertainment,PayPal,POS,Delhi,0,105,96.15,666,No,0,0.04505569130157581,0,0.48772881616068126,0,Lower score,train,in-sample
T102238,CUST5002,2023-07-25 21:23:00,6.58,Food,PayPal,POS,Delhi,0,101,127.94,390,No,0,0.07328125534110104,0,0.4900573002504532,0,Lower score,train,in-sample
T101897,CUST4311,2023-07-25 23:03:00,16.66,Entertainment,PayPal,POS,Chennai,0,181,104.6,258,No,0,0.13808535851215648,0,0.4917660573061576,0,Lower score,train,in-sample
T100193,CUST8087,2023-07-25 23:48:00,80.21,Food,Debit Card,POS,Hyderabad,0,196,20.68,1884,No,0,0.17832506300004258,1,0.48144383216092757,0,Model review,train,in-sample
T104726,CUST3251,2023-07-26 00:25:00,197.21,Grocery,Credit Card,POS,Chennai,0,141,417.33,156,No,1,0.20247161492792753,1,0.49917121516649665,0,Model review,train,in-sample
T104251,CUST2044,2023-07-26 01:10:00,5.12,Electronics,PayPal,Desktop,Hyderabad,0,148,205.38,1323,No,0,0.1140927863965562,0,0.4969544886041316,0,Lower score,train,in-sample
T104553,CUST2814,2023-07-26 02:32:00,173.84,Grocery,PayPal,Mobile,Pune,0,70,495.7,1983,No,0,0.16802085799166158,1,0.5003660473359501,0,Model review,train,in-sample
T101811,CUST8327,2023-07-26 02:58:00,115.64,Grocery,PayPal,POS,Chennai,0,171,364.8,1349,No,0,0.2031533835303701,1,0.4835626717858919,0,Model review,train,in-sample
T102974,CUST4387,2023-07-26 04:32:00,38.81,Utilities,UPI,POS,Hyderabad,0,121,172.27,971,No,0,0.17330057812504254,1,0.4807356410129097,0,Model review,train,in-sample
T100367,CUST4639,2023-07-26 04:50:00,188.61,Food,UPI,POS,Kolkata,0,155,460.87,1577,No,0,0.20429175311280262,1,0.49670585357358576,0,Model review,train,in-sample
T103685,CUST8580,2023-07-26 05:48:00,66.74,Food,NetBanking,POS,Kolkata,0,80,317.1,648,No,0,0.13391139900145996,0,0.47464881676160003,0,Lower score,train,in-sample
T100697,CUST8574,2023-07-26 06:26:00,69.64,Health,UPI,POS,Bengaluru,0,181,96.72,1416,No,0,0.14039561703049983,0,0.48420962798734063,0,Lower score,train,in-sample
T103774,CUST3597,2023-07-26 09:47:00,85.99,Grocery,PayPal,Desktop,Pune,0,188,457.46,379,No,0,0.03030409357678283,0,0.49086685176871664,0,Lower score,train,in-sample
T100727,CUST6176,2023-07-26 09:54:00,126.88,Grocery,Debit Card,Desktop,Pune,0,36,373.39,1572,No,0,0.03356157649624643,0,0.4865174746729322,0,Lower score,train,in-sample
T104010,CUST3313,2023-07-26 10:23:00,2.82,Grocery,NetBanking,Mobile,Pune,0,140,365.8,1625,No,0,0.02309731337915594,0,0.49475702225196616,0,Lower score,train,in-sample
T102126,CUST3666,2023-07-26 12:17:00,80.56,Electronics,PayPal,POS,Chennai,0,144,217.82,757,No,0,0.016199600126591645,0,0.4758579959511277,0,Lower score,train,in-sample
T100569,CUST7381,2023-07-26 23:46:00,34.25,Food,Debit Card,Mobile,Kolkata,0,91,300.2,301,No,0,0.12708864300150355,0,0.4776890351646928,0,Lower score,train,in-sample
T104924,CUST4444,2023-07-27 04:04:00,4.07,Electronics,Debit Card,Mobile,Kolkata,0,186,183.81,1202,No,0,0.08198689497891985,0,0.4936440326436191,0,Lower score,train,in-sample
T102756,CUST8679,2023-07-27 12:09:00,50.79,Utilities,NetBanking,Mobile,Delhi,0,36,39.43,1767,No,0,0.013228243271136333,0,0.4725201134237918,0,Lower score,train,in-sample
T101767,CUST3975,2023-07-27 12:41:00,51.7,Electronics,Debit Card,Desktop,Bengaluru,0,48,148.63,1316,No,0,0.01174802224148874,0,0.4833804960215276,0,Lower score,train,in-sample
T100925,CUST3608,2023-07-27 14:16:00,1.82,Utilities,NetBanking,Desktop,Bengaluru,0,171,363.53,946,No,0,0.011338151725366764,0,0.48646429532235946,0,Lower score,train,in-sample
T100658,CUST6034,2023-07-27 15:01:00,83.06,Health,PayPal,POS,Pune,0,147,360.78,1825,No,0,0.009554489082589823,0,0.49025403812026114,0,Lower score,train,in-sample
T103626,CUST5398,2023-07-27 16:01:00,0.05,Fashion,PayPal,Desktop,Delhi,0,73,471.07,864,No,0,0.012183337666541774,0,0.5039339311036772,0,Lower score,train,in-sample
T103410,CUST2321,2023-07-27 16:44:00,42.37,Electronics,NetBanking,POS,Hyderabad,0,166,407.86,983,No,0,0.00991157310821078,0,0.4785729791483109,0,Lower score,train,in-sample
T100458,CUST2081,2023-07-27 17:09:00,4.64,Electronics,UPI,POS,Pune,0,122,274.22,1574,No,0,0.010229001970654206,0,0.4953459382733612,0,Lower score,train,in-sample
T104126,CUST4270,2023-07-27 20:08:00,91.06,Health,PayPal,Desktop,Mumbai,0,15,113.52,1040,No,0,0.034519423917933036,0,0.4935946289157416,0,Lower score,train,in-sample
T101272,CUST6907,2023-07-27 20:15:00,121.08,Entertainment,NetBanking,POS,Delhi,0,182,389.5,724,No,0,0.04416071645523486,0,0.48161045461702773,0,Lower score,train,in-sample
T101520,CUST5381,2023-07-27 21:15:00,4.97,Electronics,PayPal,POS,Pune,0,69,481.15,1886,No,0,0.030883865889256117,0,0.49495557632141834,0,Lower score,train,in-sample
T104620,CUST6642,2023-07-27 22:04:00,155.72,Health,Debit Card,POS,Mumbai,0,10,27.56,372,No,0,0.08156493253731513,0,0.4935732205216649,0,Lower score,train,in-sample
T101693,CUST8435,2023-07-27 22:41:00,12.66,Travel,NetBanking,POS,Mumbai,0,67,54.63,467,No,0,0.08828594462279672,0,0.48315554160107377,0,Lower score,train,in-sample
T104046,CUST5076,2023-07-27 23:44:00,32.07,Electronics,UPI,Desktop,Hyderabad,0,146,325.47,993,No,0,0.08547683830591288,0,0.4874780076322364,0,Lower score,train,in-sample
T103790,CUST8364,2023-07-28 00:07:00,19.33,Health,Debit Card,Desktop,Mumbai,0,99,367.84,1448,No,1,0.08923055424442546,0,0.4875122476316247,0,Lower score,train,in-sample
T102241,CUST5171,2023-07-28 03:53:00,2.82,Health,PayPal,Desktop,Kolkata,0,191,170.8,241,No,0,0.07678294262338514,0,0.5076197589770856,0,Lower score,train,in-sample
T101308,CUST8267,2023-07-28 07:01:00,33.17,Travel,UPI,Mobile,Mumbai,0,72,207.18,1958,No,0,0.07129564990508826,0,0.4896847226636678,0,Lower score,train,in-sample
T102941,CUST8944,2023-07-28 07:31:00,73.61,Utilities,PayPal,POS,Hyderabad,0,48,298.62,111,No,0,0.04797439507128352,0,0.48630232398390477,0,Lower score,train,in-sample
T102393,CUST9071,2023-07-28 08:51:00,12.31,Food,NetBanking,Mobile,Pune,0,184,337.78,1003,No,0,0.0329624884344219,0,0.4724393749338363,0,Lower score,train,in-sample
T102911,CUST3563,2023-07-28 09:05:00,0.12,Health,Debit Card,POS,Delhi,1,21,48.77,284,No,0,0.19333044414988987,1,0.5379274864813562,1,Model review,train,in-sample
T100887,CUST8887,2023-07-28 12:21:00,21.76,Travel,NetBanking,Desktop,Pune,0,71,79.54,1053,No,0,0.01003041260547012,0,0.47358245125191567,0,Lower score,train,in-sample
T103031,CUST5222,2023-07-28 12:47:00,43.35,Health,Credit Card,Desktop,Kolkata,0,196,382.14,1262,No,0,0.007949923805824675,0,0.4735451684846937,0,Lower score,train,in-sample
T103742,CUST2446,2023-07-28 15:30:00,113.19,Grocery,Credit Card,POS,Delhi,0,4,84.55,1628,No,0,0.008990152154142634,0,0.48907627166152967,0,Lower score,train,in-sample
T101946,CUST3306,2023-07-28 16:26:00,46.41,Health,Credit Card,Mobile,Kolkata,0,86,372.42,1300,No,0,0.007516220331022542,0,0.4787990264192114,0,Lower score,train,in-sample
T101650,CUST7855,2023-07-28 23:06:00,2.95,Electronics,Debit Card,POS,Delhi,0,26,318.5,108,No,0,0.049567982115716294,0,0.5044786466415033,0,Lower score,train,in-sample
T101516,CUST7500,2023-07-29 00:23:00,83.41,Entertainment,PayPal,Mobile,Delhi,0,26,56.18,1513,No,0,0.11865894872572365,0,0.49491126166681304,0,Lower score,train,in-sample
T101295,CUST9393,2023-07-29 00:45:00,17.87,Electronics,NetBanking,Desktop,Delhi,0,52,50.84,1664,No,0,0.08319540430064093,0,0.4891500171052261,0,Lower score,train,in-sample
T102519,CUST1125,2023-07-29 03:54:00,102.61,Utilities,NetBanking,Desktop,Mumbai,0,172,353.72,473,No,1,0.14527878314596976,0,0.4946505651687393,0,Lower score,train,in-sample
T102673,CUST3207,2023-07-29 05:27:00,17.77,Electronics,Debit Card,Mobile,Bengaluru,0,177,491.21,365,No,1,0.08895978638400123,0,0.4946537924105831,0,Lower score,train,in-sample
T101184,CUST3456,2023-07-29 06:22:00,8.65,Electronics,NetBanking,Desktop,Mumbai,0,131,104.89,68,No,0,0.06442459374275705,0,0.49631908415667103,0,Lower score,train,in-sample
T104600,CUST3868,2023-07-29 06:59:00,17.71,Utilities,NetBanking,Desktop,Chennai,0,123,49.16,1975,No,0,0.07485157719487733,0,0.48948004050587174,0,Lower score,train,in-sample
T104635,CUST9712,2023-07-29 08:01:00,243.57,Food,UPI,Desktop,Mumbai,0,67,129.88,211,No,0,0.09603024683118459,0,0.521270451580628,1,Anomaly review,train,in-sample
T100156,CUST1960,2023-07-29 13:16:00,89.21,Utilities,Credit Card,Desktop,Bengaluru,0,137,326.42,246,No,0,0.014050096555187411,0,0.4910934889263332,0,Lower score,train,in-sample
T101535,CUST1103,2023-07-29 13:36:00,10.4,Food,Credit Card,Desktop,Kolkata,0,164,336.06,1063,No,0,0.010687561196711399,0,0.4974855655258677,0,Lower score,train,in-sample
T102521,CUST8704,2023-07-29 14:17:00,11.55,Travel,UPI,Mobile,Delhi,0,9,381.38,1340,No,0,0.010826532357330403,0,0.5033901026536447,0,Lower score,train,in-sample
T103381,CUST6900,2023-07-29 14:48:00,45.3,Food,Credit Card,Desktop,Kolkata,0,139,179.47,1274,No,0,0.01057926461753844,0,0.49168836193567056,0,Lower score,train,in-sample
T104262,CUST8962,2023-07-29 19:18:00,42.87,Food,Debit Card,POS,Kolkata,0,31,401.63,1603,No,0,0.024756485151880787,0,0.49597645260468287,0,Lower score,train,in-sample
T104111,CUST7142,2023-07-29 20:50:00,55.5,Utilities,PayPal,POS,Delhi,0,14,342.43,1893,No,0,0.03611020210685582,0,0.4835026433736865,0,Lower score,train,in-sample
T104213,CUST9846,2023-07-30 07:09:00,21.3,Electronics,NetBanking,Mobile,Mumbai,0,4,292.43,1161,No,0,0.05968982815624164,0,0.48668306828903013,0,Lower score,train,in-sample
T101608,CUST5596,2023-07-30 07:12:00,21.3,Electronics,UPI,POS,Kolkata,0,82,461.32,132,No,0,0.05120801530675875,0,0.49106947050027333,0,Lower score,train,in-sample
T100408,CUST6864,2023-07-30 07:20:00,188.63,Electronics,Credit Card,Mobile,Pune,0,29,56.08,313,No,0,0.06359707552108622,0,0.5015453583881336,0,Lower score,train,in-sample
T102331,CUST8744,2023-07-30 08:03:00,4.91,Utilities,UPI,Desktop,Hyderabad,0,68,55.8,313,No,0,0.057708184652561514,0,0.5116248298422182,0,Lower score,train,in-sample
T100018,CUST7496,2023-07-30 09:36:00,45.24,Utilities,Debit Card,Desktop,Mumbai,0,145,454.63,504,No,0,0.03552439629556884,0,0.4840106803552432,0,Lower score,train,in-sample
T104275,CUST3164,2023-07-30 09:37:00,69.73,Entertainment,Debit Card,POS,Hyderabad,0,109,211.85,1333,No,0,0.042422089266989677,0,0.5044657776548221,0,Lower score,train,in-sample
T103541,CUST8937,2023-07-30 11:29:00,132.45,Grocery,Credit Card,Mobile,Bengaluru,0,6,139.51,153,No,0,0.023674339622181236,0,0.49054435947280783,0,Lower score,train,in-sample
T104941,CUST6782,2023-07-30 13:12:00,45.49,Grocery,PayPal,POS,Mumbai,0,174,178.19,1639,No,0,0.012543720021314889,0,0.4970939833870918,0,Lower score,train,in-sample
T102566,CUST7964,2023-07-30 14:04:00,21.16,Travel,Credit Card,Desktop,Delhi,0,48,208.87,1200,No,0,0.0125253870724902,0,0.4929648747739552,0,Lower score,train,in-sample
T101995,CUST9394,2023-07-30 14:13:00,85.59,Food,NetBanking,POS,Chennai,0,76,119.25,1516,No,0,0.01909014658545209,0,0.4863803547597728,0,Lower score,train,in-sample
T102962,CUST1327,2023-07-30 15:10:00,32.71,Food,PayPal,Desktop,Bengaluru,0,187,388.22,337,No,0,0.0158213524023324,0,0.49045597592061324,0,Lower score,train,in-sample
T101303,CUST5651,2023-07-30 15:48:00,62.35,Food,NetBanking,Mobile,Bengaluru,0,89,421.4,677,No,0,0.018105063782621156,0,0.48080421630045317,0,Lower score,train,in-sample
T104615,CUST2922,2023-07-30 17:06:00,30.49,Food,NetBanking,POS,Mumbai,1,116,237.98,980,Yes,1,0.15858964354266591,0,0.5245233420256014,1,Anomaly review,train,in-sample
T103652,CUST9353,2023-07-30 17:41:00,140.61,Food,NetBanking,Mobile,Hyderabad,0,2,322.47,1509,No,0,0.02416133866600599,0,0.4936294144122224,0,Lower score,train,in-sample
T104700,CUST8700,2023-07-30 18:11:00,23.01,Grocery,UPI,Desktop,Mumbai,0,125,302.59,1905,No,0,0.02071034059287258,0,0.4915956554962871,0,Lower score,train,in-sample
T101663,CUST1038,2023-07-30 18:31:00,54.97,Electronics,Debit Card,POS,Pune,0,173,264.63,1990,No,0,0.015628774452508324,0,0.48387333530987475,0,Lower score,train,in-sample
T100252,CUST6800,2023-07-30 21:37:00,152.38,Health,Credit Card,POS,Pune,0,123,354.66,1741,No,0,0.06677235013246526,0,0.5017877889831993,0,Lower score,train,in-sample
T101378,CUST3034,2023-07-30 22:07:00,35.61,Electronics,Credit Card,Mobile,Pune,1,44,113.59,951,No,0,0.3241016968791591,1,0.5234062472343478,1,Model review,train,in-sample
T102750,CUST2546,2023-07-30 23:24:00,39.3,Grocery,PayPal,Desktop,Kolkata,0,121,136.94,1516,No,0,0.07122677736635946,0,0.4999553058192423,0,Lower score,train,in-sample
T102107,CUST2317,2023-07-31 05:30:00,189.28,Health,NetBanking,POS,Mumbai,0,161,496.93,1044,No,0,0.15031446846624205,0,0.494537652149135,0,Lower score,train,in-sample
T100994,CUST3085,2023-07-31 06:07:00,35.82,Entertainment,Credit Card,POS,Kolkata,0,23,192.55,1959,No,0,0.10290292566486313,0,0.4914961267596617,0,Lower score,train,in-sample
T101102,CUST4240,2023-07-31 06:19:00,172.19,Health,PayPal,Mobile,Chennai,0,114,131.23,728,No,0,0.11910936592254047,0,0.510243576210704,0,Lower score,train,in-sample
T103793,CUST4873,2023-07-31 14:12:00,107.42,Utilities,Credit Card,Mobile,Mumbai,0,77,317.82,1753,No,0,0.014124721986649215,0,0.47862237978519456,0,Lower score,train,in-sample
T102698,CUST1198,2023-07-31 14:26:00,118.97,Grocery,NetBanking,Desktop,Pune,0,131,332.28,795,No,0,0.010758020102133323,0,0.4797978599516461,0,Lower score,train,in-sample
T102421,CUST1652,2023-07-31 15:45:00,1.89,Health,NetBanking,Desktop,Hyderabad,0,103,148.21,756,No,0,0.010948549884373243,0,0.494814693189593,0,Lower score,train,in-sample
T100036,CUST1493,2023-07-31 16:19:00,29.06,Travel,Debit Card,POS,Kolkata,0,160,58.46,950,No,0,0.011596363337676226,0,0.48679470461936136,0,Lower score,train,in-sample
T101561,CUST7742,2023-07-31 17:11:00,21.63,Travel,Credit Card,Desktop,Kolkata,0,17,99.74,1344,No,0,0.0133991393052968,0,0.4848219447167312,0,Lower score,train,in-sample
T101658,CUST3913,2023-07-31 21:34:00,40.46,Entertainment,NetBanking,Mobile,Mumbai,0,30,401.89,1810,No,0,0.07208127688344403,0,0.4879715215438756,0,Lower score,train,in-sample
T101522,CUST6371,2023-08-01 00:12:00,34.66,Food,Credit Card,Mobile,Bengaluru,0,181,48.24,1834,No,0,0.2051060530626924,1,0.4772514297720974,0,Model review,train,in-sample
T102647,CUST5635,2023-08-01 00:34:00,55.52,Entertainment,PayPal,Mobile,Mumbai,0,76,301.69,967,No,0,0.17803786325132095,1,0.49182663357296647,0,Model review,train,in-sample
T100975,CUST3014,2023-08-01 01:02:00,24.33,Grocery,UPI,Desktop,Mumbai,0,164,291.83,544,No,0,0.17530246058845264,1,0.48313114120389195,0,Model review,train,in-sample
T100264,CUST3094,2023-08-01 05:29:00,167.89,Fashion,UPI,POS,Pune,0,190,468.35,153,No,1,0.20596069065493394,1,0.4933719510605291,0,Model review,train,in-sample
T102050,CUST4589,2023-08-01 05:36:00,49.04,Utilities,UPI,Desktop,Chennai,0,181,379.42,1218,No,0,0.16744418292448987,1,0.48187011044382894,0,Model review,train,in-sample
T104427,CUST8572,2023-08-01 06:26:00,8.16,Health,Debit Card,Desktop,Delhi,0,59,174.68,277,No,0,0.10008293537033497,0,0.48823782217417816,0,Lower score,train,in-sample
T104451,CUST4220,2023-08-01 08:02:00,69.09,Grocery,Debit Card,POS,Kolkata,0,148,485.72,1538,No,0,0.05594116421139423,0,0.4927668562370528,0,Lower score,train,in-sample
T104840,CUST2422,2023-08-01 08:59:00,249.25,Utilities,UPI,Desktop,Mumbai,1,166,328.72,1679,No,0,0.4257072245425055,1,0.543721931790001,1,Model review,train,in-sample
T103976,CUST8867,2023-08-01 11:07:00,37.56,Utilities,Credit Card,POS,Pune,0,27,445.11,1625,No,0,0.02373929097247047,0,0.4827988953555447,0,Lower score,train,in-sample
T103590,CUST3132,2023-08-01 12:25:00,242.0,Electronics,UPI,Mobile,Hyderabad,0,160,29.26,1278,No,0,0.01985872684600376,0,0.5066215563658958,0,Lower score,train,in-sample
T100666,CUST8743,2023-08-01 14:39:00,22.58,Grocery,PayPal,Mobile,Hyderabad,0,75,172.39,132,No,0,0.011624258150145624,0,0.49280551797484184,0,Lower score,train,in-sample
T100106,CUST5225,2023-08-01 15:23:00,42.26,Grocery,Credit Card,Desktop,Delhi,0,37,108.04,696,No,0,0.0132955285369131,0,0.4867286147375175,0,Lower score,train,in-sample
T104170,CUST3468,2023-08-01 15:34:00,15.57,Utilities,PayPal,Mobile,Bengaluru,0,106,152.74,1379,No,0,0.014518561218674859,0,0.49047442878366065,0,Lower score,train,in-sample
T104995,CUST3702,2023-08-01 21:20:00,182.15,Electronics,Debit Card,Mobile,Kolkata,0,13,277.99,840,No,0,0.049017048077107384,0,0.4939488225429184,0,Lower score,train,in-sample
T100069,CUST1147,2023-08-02 03:27:00,346.73,Food,Debit Card,POS,Bengaluru,0,25,293.99,703,No,0,0.3423729331212322,1,0.5180590569133336,1,Model review,train,in-sample
T104686,CUST4925,2023-08-02 07:04:00,12.0,Entertainment,UPI,Desktop,Mumbai,0,44,274.05,1879,No,0,0.11724907179261565,0,0.4931305861662165,0,Lower score,train,in-sample
T103508,CUST8226,2023-08-02 07:55:00,150.39,Entertainment,Debit Card,POS,Pune,0,177,280.9,1245,No,0,0.08823180459694807,0,0.4959083835083399,0,Lower score,train,in-sample
T102414,CUST2976,2023-08-02 13:45:00,56.33,Food,PayPal,POS,Delhi,0,35,124.7,93,No,0,0.01687340752985602,0,0.4756900509789743,0,Lower score,train,in-sample
T100540,CUST4899,2023-08-02 22:13:00,246.42,Food,Debit Card,Mobile,Chennai,0,54,378.19,662,No,0,0.1561360813956194,0,0.5027958753954924,0,Lower score,train,in-sample
T104218,CUST8703,2023-08-02 22:31:00,93.52,Entertainment,UPI,Desktop,Pune,0,61,377.43,974,No,0,0.1135507891615974,0,0.4874320347639788,0,Lower score,train,in-sample
T100820,CUST7200,2023-08-03 00:08:00,129.9,Health,NetBanking,Mobile,Mumbai,0,76,392.49,1227,No,0,0.12682592900719977,0,0.4806976214167836,0,Lower score,train,in-sample
T101886,CUST7804,2023-08-03 00:38:00,0.75,Food,Debit Card,POS,Mumbai,0,108,439.25,1951,No,0,0.15861016820523377,0,0.5022422672069293,0,Lower score,train,in-sample
T100614,CUST8245,2023-08-03 01:09:00,165.45,Food,NetBanking,Mobile,Kolkata,0,130,133.72,1533,No,0,0.15185297879409143,0,0.47475948643715143,0,Lower score,train,in-sample
T101726,CUST3040,2023-08-03 02:08:00,56.97,Entertainment,UPI,Desktop,Kolkata,0,140,314.69,1814,No,0,0.15062961493578647,0,0.4901816933344443,0,Lower score,train,in-sample
T101015,CUST4408,2023-08-03 03:36:00,207.49,Food,NetBanking,Mobile,Hyderabad,0,33,246.11,518,No,1,0.20760220166532548,1,0.48174463848007715,0,Model review,train,in-sample
T103392,CUST4778,2023-08-03 05:30:00,175.22,Travel,Credit Card,POS,Bengaluru,0,44,375.3,358,No,0,0.17085243819915313,1,0.497828664230674,0,Model review,train,in-sample
T101913,CUST4090,2023-08-03 05:49:00,36.75,Food,UPI,POS,Pune,0,37,331.87,732,No,0,0.12807687960265673,0,0.48448206574147634,0,Lower score,train,in-sample
T104562,CUST9406,2023-08-03 06:36:00,169.46,Food,Debit Card,Desktop,Delhi,0,126,461.17,555,No,0,0.11728120193922174,0,0.49575903635493007,0,Lower score,train,in-sample
T101394,CUST8114,2023-08-03 07:07:00,32.88,Travel,Credit Card,POS,Delhi,1,195,302.59,819,No,0,0.4352634098316124,1,0.5268311007570454,1,Model review,train,in-sample
T103044,CUST5174,2023-08-03 08:58:00,107.12,Food,Credit Card,Desktop,Bengaluru,0,142,282.1,84,No,0,0.06410573536429882,0,0.47641935035693356,0,Lower score,train,in-sample
T100761,CUST2041,2023-08-03 10:20:00,29.89,Grocery,PayPal,POS,Mumbai,0,53,375.74,1868,No,0,0.022763692481352515,0,0.4925712320607039,0,Lower score,train,in-sample
T103042,CUST6555,2023-08-03 10:30:00,9.62,Travel,PayPal,Mobile,Mumbai,0,128,293.67,816,No,0,0.02337951547312379,0,0.4971642808646181,0,Lower score,train,in-sample
T103353,CUST8771,2023-08-03 12:01:00,56.59,Grocery,PayPal,Desktop,Bengaluru,0,39,102.35,713,No,0,0.015258854848935372,0,0.48319735516648765,0,Lower score,train,in-sample
T104781,CUST1056,2023-08-03 12:57:00,16.57,Entertainment,PayPal,Desktop,Delhi,0,24,394.58,1415,No,0,0.012377717778216231,0,0.4908310607571839,0,Lower score,train,in-sample
T101734,CUST7416,2023-08-03 13:29:00,11.21,Entertainment,NetBanking,Mobile,Hyderabad,0,2,162.26,830,No,0,0.012572271724881652,0,0.4862716373769777,0,Lower score,train,in-sample
T102182,CUST3056,2023-08-03 13:34:00,2.7,Health,PayPal,Mobile,Bengaluru,0,182,50.95,816,No,0,0.011102418573008319,0,0.506515672134426,0,Lower score,train,in-sample
T104848,CUST1944,2023-08-03 16:22:00,115.35,Travel,Debit Card,Mobile,Delhi,0,36,196.83,1988,No,0,0.01381956055581179,0,0.49228852057709527,0,Lower score,train,in-sample
T104560,CUST6063,2023-08-03 16:47:00,101.88,Health,NetBanking,Desktop,Mumbai,0,124,371.05,557,No,0,0.01444983569539534,0,0.478934756089593,0,Lower score,train,in-sample
T103645,CUST5775,2023-08-03 19:44:00,13.43,Food,Credit Card,Mobile,Hyderabad,0,73,186.77,353,No,0,0.03639573105132761,0,0.4756370915426955,0,Lower score,train,in-sample
T103487,CUST6724,2023-08-03 21:04:00,4.27,Entertainment,UPI,POS,Bengaluru,0,11,82.26,1430,No,0,0.06688518412199158,0,0.5040630358022635,0,Lower score,train,in-sample
T104930,CUST4129,2023-08-03 22:27:00,44.1,Grocery,PayPal,Mobile,Chennai,0,180,478.0,482,No,0,0.07219637214159294,0,0.4890907234071826,0,Lower score,train,in-sample
T100448,CUST7673,2023-08-04 03:03:00,37.76,Utilities,Credit Card,POS,Hyderabad,0,60,370.86,908,No,0,0.12181233384652651,0,0.48567792711515434,0,Lower score,train,in-sample
T103086,CUST5519,2023-08-04 04:44:00,41.96,Fashion,PayPal,Desktop,Bengaluru,0,140,36.46,1196,No,0,0.1328551132940699,0,0.4811186289605497,0,Lower score,train,in-sample
T103346,CUST8995,2023-08-04 04:44:00,25.28,Utilities,NetBanking,POS,Kolkata,0,194,52.82,68,No,0,0.07810263148129712,0,0.4868554706648766,0,Lower score,train,in-sample
T102641,CUST9174,2023-08-04 05:13:00,8.91,Travel,Credit Card,POS,Pune,0,9,417.95,312,No,0,0.09251598418824752,0,0.49514002904429066,0,Lower score,train,in-sample
T102591,CUST9460,2023-08-04 08:19:00,130.35,Travel,Credit Card,Mobile,Mumbai,0,73,86.61,1159,No,0,0.05106569213928697,0,0.4915907940740622,0,Lower score,train,in-sample
T103817,CUST5165,2023-08-04 11:26:00,138.78,Electronics,Debit Card,POS,Chennai,0,38,335.49,1196,No,0,0.014338850900606022,0,0.4913597616713005,0,Lower score,train,in-sample
T100390,CUST6757,2023-08-04 12:56:00,372.56,Electronics,PayPal,Mobile,Kolkata,0,53,350.18,743,No,0,0.008497644096119614,0,0.533051476239457,1,Anomaly review,train,in-sample
T102868,CUST3642,2023-08-04 16:44:00,26.56,Fashion,UPI,Desktop,Delhi,1,108,116.4,752,No,1,0.10560508403495582,0,0.5165386949712196,0,Lower score,train,in-sample
T101249,CUST6802,2023-08-04 21:21:00,76.7,Utilities,PayPal,Desktop,Delhi,0,36,76.03,163,No,0,0.03562235901984581,0,0.4821154028704795,0,Lower score,train,in-sample
T103607,CUST8944,2023-08-04 23:18:00,26.92,Grocery,PayPal,Desktop,Delhi,0,123,251.96,898,No,0,0.05835145355265487,0,0.4845259624026238,0,Lower score,train,in-sample
T101349,CUST5164,2023-08-05 00:58:00,3.27,Grocery,NetBanking,Mobile,Delhi,1,37,20.97,1539,No,0,0.5008417372601873,1,0.5351448165121545,1,Model review,train,in-sample
T101864,CUST8930,2023-08-05 03:30:00,334.23,Grocery,UPI,Mobile,Pune,0,31,140.08,576,No,1,0.17795973553342612,1,0.5199381215510187,1,Model review,train,in-sample
T102051,CUST5837,2023-08-05 06:07:00,53.04,Utilities,Debit Card,Mobile,Chennai,0,134,120.1,1899,No,0,0.10092449381657893,0,0.4890322192123426,0,Lower score,train,in-sample
T100258,CUST3777,2023-08-05 08:44:00,67.53,Food,Credit Card,POS,Hyderabad,0,142,82.65,684,No,0,0.055107872076932705,0,0.49796565162980055,0,Lower score,train,in-sample
T102379,CUST6040,2023-08-05 10:19:00,128.11,Utilities,Credit Card,POS,Mumbai,0,63,311.09,164,No,0,0.02918564084532008,0,0.495001194221447,0,Lower score,train,in-sample
T103125,CUST3287,2023-08-05 12:09:00,74.66,Food,NetBanking,Mobile,Delhi,0,111,240.34,1598,No,0,0.016645457993902227,0,0.484872312745947,0,Lower score,train,in-sample
T102686,CUST8373,2023-08-05 13:59:00,10.62,Travel,NetBanking,Desktop,Bengaluru,0,92,49.29,1464,No,0,0.012204378368579509,0,0.4908390200954878,0,Lower score,train,in-sample
T102496,CUST2609,2023-08-05 14:46:00,68.88,Fashion,Debit Card,Desktop,Delhi,0,98,182.89,1569,No,0,0.012750786136952368,0,0.48839043729649306,0,Lower score,train,in-sample
T102427,CUST7866,2023-08-05 15:10:00,249.74,Fashion,PayPal,Desktop,Pune,0,30,297.11,934,No,0,0.014501151556115343,0,0.513771307278114,0,Lower score,train,in-sample
T104561,CUST5875,2023-08-05 18:00:00,27.09,Electronics,UPI,POS,Kolkata,0,45,426.34,1691,No,0,0.010669117844860675,0,0.4985096626030948,0,Lower score,train,in-sample
T102223,CUST8689,2023-08-05 19:53:00,22.15,Travel,NetBanking,Desktop,Hyderabad,1,23,191.08,173,No,1,0.21589048134801858,1,0.5290351535889188,1,Model review,train,in-sample
T100672,CUST6200,2023-08-05 21:43:00,6.69,Travel,UPI,Mobile,Chennai,0,110,46.83,984,Yes,0,0.06963089896884585,0,0.511783610737735,0,Lower score,train,in-sample
T103756,CUST4065,2023-08-05 22:33:00,16.33,Utilities,Debit Card,Desktop,Kolkata,0,127,173.45,1419,No,0,0.05316262893209548,0,0.4920325867588323,0,Lower score,train,in-sample
T102665,CUST3155,2023-08-05 22:47:00,28.0,Fashion,NetBanking,POS,Mumbai,0,142,112.63,249,No,0,0.10116527301684426,0,0.48755717277278215,0,Lower score,train,in-sample
T100385,CUST1311,2023-08-05 23:36:00,130.16,Grocery,Debit Card,Desktop,Mumbai,0,1,136.59,1884,No,0,0.10508551197981277,0,0.49475227475411254,0,Lower score,train,in-sample
T100238,CUST6255,2023-08-06 10:36:00,82.96,Health,UPI,POS,Hyderabad,0,61,345.67,141,No,0,0.028239289661449132,0,0.49715671447342025,0,Lower score,train,in-sample
T102170,CUST7031,2023-08-06 19:50:00,92.75,Utilities,PayPal,POS,Chennai,0,94,155.51,709,No,0,0.03840729880664847,0,0.49128750669613,0,Lower score,train,in-sample
T103851,CUST8687,2023-08-07 03:02:00,9.9,Grocery,PayPal,Desktop,Hyderabad,0,169,234.37,149,No,0,0.13239035893400514,0,0.49007534119957885,0,Lower score,train,in-sample
T103263,CUST9813,2023-08-07 03:28:00,1.46,Entertainment,Credit Card,POS,Kolkata,0,141,269.28,1109,No,0,0.14924367673365027,0,0.512475709058103,0,Lower score,train,in-sample
T100592,CUST9267,2023-08-07 05:14:00,16.06,Entertainment,UPI,Desktop,Kolkata,0,131,173.91,647,No,1,0.12293212130052845,0,0.49136365954736255,0,Lower score,train,in-sample
T104160,CUST7201,2023-08-07 07:04:00,57.8,Entertainment,Debit Card,POS,Kolkata,0,102,471.68,698,No,0,0.07851796485781519,0,0.48849173840226384,0,Lower score,train,in-sample
T104791,CUST7565,2023-08-07 07:07:00,245.3,Utilities,Credit Card,Mobile,Kolkata,1,132,92.14,722,No,1,0.44785164544809813,1,0.538734686569569,1,Model review,train,in-sample
T102084,CUST3633,2023-08-07 09:48:00,61.9,Utilities,Debit Card,Desktop,Bengaluru,0,131,424.37,360,Yes,0,0.036789787096042685,0,0.47786002295529384,0,Lower score,train,in-sample
T104095,CUST1743,2023-08-07 13:09:00,50.09,Health,Debit Card,Mobile,Pune,0,107,77.02,967,No,0,0.011562117318657092,0,0.49054555441057807,0,Lower score,train,in-sample
T102705,CUST8499,2023-08-07 13:30:00,131.67,Travel,Credit Card,Mobile,Mumbai,0,183,102.85,1224,No,0,0.017345660944741107,0,0.49081528304633415,0,Lower score,train,in-sample
T100693,CUST6846,2023-08-07 18:29:00,22.21,Travel,Credit Card,Desktop,Mumbai,0,133,116.93,1094,No,0,0.02530182616915699,0,0.486023880963076,0,Lower score,train,in-sample
T104061,CUST3160,2023-08-07 21:28:00,18.89,Electronics,Debit Card,POS,Kolkata,0,183,438.81,46,No,0,0.03556791351179578,0,0.48724432758277003,0,Lower score,train,in-sample
T101813,CUST9375,2023-08-07 21:41:00,1.69,Food,Credit Card,POS,Delhi,0,168,107.73,566,No,0,0.0753689956692097,0,0.5020023587215348,0,Lower score,train,in-sample
T102492,CUST7393,2023-08-07 22:41:00,114.77,Utilities,UPI,Mobile,Kolkata,0,112,135.1,1581,No,0,0.07894653827831298,0,0.492651817951525,0,Lower score,train,in-sample
T102142,CUST5891,2023-08-08 00:52:00,99.1,Travel,Debit Card,Mobile,Delhi,0,41,329.99,556,No,0,0.17831871556553208,1,0.4941681275024172,0,Model review,train,in-sample
T102402,CUST5712,2023-08-08 01:24:00,42.16,Entertainment,NetBanking,POS,Pune,0,26,64.92,123,No,0,0.18508536621678934,1,0.47873889201373065,0,Model review,train,in-sample
T100073,CUST2246,2023-08-08 04:50:00,135.19,Electronics,NetBanking,Desktop,Pune,0,93,195.49,1313,No,0,0.125418644025305,0,0.4816701999107086,0,Lower score,train,in-sample
T103400,CUST7522,2023-08-08 06:12:00,5.57,Health,PayPal,POS,Pune,0,108,198.08,274,No,0,0.09665562149787325,0,0.5009378557996086,0,Lower score,train,in-sample
T100708,CUST4242,2023-08-08 06:29:00,23.51,Electronics,PayPal,Mobile,Bengaluru,0,46,414.43,992,No,0,0.08875560148531506,0,0.4817901467065255,0,Lower score,train,in-sample
T103227,CUST9702,2023-08-08 07:58:00,34.99,Electronics,Credit Card,POS,Pune,0,95,285.03,261,No,0,0.05282868746301606,0,0.4805485486559106,0,Lower score,train,in-sample
T102919,CUST3480,2023-08-08 08:54:00,28.87,Electronics,UPI,POS,Kolkata,0,140,127.44,1216,No,0,0.0351631209366817,0,0.48497075566516634,0,Lower score,train,in-sample
T102382,CUST7708,2023-08-08 09:50:00,198.76,Utilities,Credit Card,POS,Hyderabad,0,186,433.0,546,No,0,0.0492860754320704,0,0.500555379039173,0,Lower score,train,in-sample
T104817,CUST8149,2023-08-08 09:54:00,137.02,Electronics,Debit Card,Mobile,Mumbai,0,157,318.04,161,No,0,0.0342389716776678,0,0.483036575825966,0,Lower score,train,in-sample
T103217,CUST9184,2023-08-08 10:08:00,0.16,Fashion,Debit Card,Desktop,Hyderabad,0,184,196.8,32,No,0,0.04086573444596751,0,0.5001837106431721,0,Lower score,train,in-sample
T104963,CUST8417,2023-08-08 13:48:00,110.46,Electronics,NetBanking,Mobile,Delhi,0,48,272.02,943,No,0,0.011419826845174513,0,0.48375210699740184,0,Lower score,train,in-sample
T103177,CUST7286,2023-08-09 04:18:00,170.76,Grocery,UPI,Mobile,Bengaluru,0,70,409.87,447,No,0,0.2176681269504714,1,0.49137960910461503,0,Model review,train,in-sample
T103513,CUST6882,2023-08-09 07:39:00,135.85,Health,Credit Card,POS,Mumbai,0,125,50.26,190,No,0,0.09638081781296948,0,0.4811439080942799,0,Lower score,train,in-sample
T104207,CUST4069,2023-08-09 11:17:00,62.36,Health,PayPal,Mobile,Pune,0,161,416.94,1657,No,0,0.018908391826185963,0,0.49428481734597435,0,Lower score,train,in-sample
T100216,CUST2591,2023-08-09 13:06:00,31.49,Fashion,Debit Card,Mobile,Delhi,0,54,313.32,806,No,0,0.018438552177934418,0,0.48194689921161443,0,Lower score,train,in-sample
T103452,CUST2944,2023-08-09 15:26:00,90.54,Health,PayPal,Mobile,Hyderabad,1,77,358.16,1534,No,0,0.10754546872811162,0,0.5188333414549268,1,Anomaly review,train,in-sample
T104819,CUST5541,2023-08-09 16:03:00,17.77,Entertainment,Credit Card,Mobile,Delhi,0,3,20.11,151,No,0,0.016410077010551954,0,0.4817996495661445,0,Lower score,train,in-sample
T104841,CUST7329,2023-08-09 17:14:00,245.69,Entertainment,PayPal,Desktop,Kolkata,0,81,349.81,1161,No,0,0.020742663948899502,0,0.5207375430119545,1,Anomaly review,train,in-sample
T104659,CUST4742,2023-08-09 20:22:00,101.95,Entertainment,NetBanking,POS,Chennai,0,10,101.09,69,No,0,0.06876534830206915,0,0.49003286215786984,0,Lower score,train,in-sample
T104911,CUST6961,2023-08-09 22:33:00,64.59,Entertainment,NetBanking,POS,Delhi,0,79,465.87,908,No,0,0.10860496350098998,0,0.4807799808170218,0,Lower score,train,in-sample
T101950,CUST2524,2023-08-09 22:43:00,7.42,Travel,PayPal,POS,Pune,0,118,210.27,898,No,0,0.08850166375094042,0,0.5025968812568681,0,Lower score,train,in-sample
T100200,CUST3184,2023-08-10 02:10:00,82.18,Travel,Credit Card,Desktop,Chennai,0,73,262.29,439,No,0,0.19440648473288552,1,0.4822601162719379,0,Model review,train,in-sample
T101885,CUST6195,2023-08-10 02:45:00,49.53,Utilities,PayPal,Desktop,Kolkata,0,65,228.65,1584,No,0,0.11025568329093814,0,0.4845519739061663,0,Lower score,train,in-sample
T104149,CUST1826,2023-08-10 07:04:00,121.07,Grocery,PayPal,Mobile,Bengaluru,0,104,329.41,660,No,0,0.07949183568948083,0,0.4867907971885117,0,Lower score,train,in-sample
T104883,CUST2319,2023-08-10 07:27:00,15.89,Electronics,Credit Card,Mobile,Pune,1,50,98.19,540,No,0,0.29536610153435694,1,0.5176674637348807,1,Model review,train,in-sample
T100725,CUST7930,2023-08-10 09:22:00,147.53,Utilities,Credit Card,Mobile,Hyderabad,0,12,157.11,387,No,0,0.039070023486035575,0,0.48650355903498127,0,Lower score,train,in-sample
T100112,CUST3984,2023-08-10 10:57:00,212.4,Health,NetBanking,POS,Kolkata,0,182,457.06,1105,No,0,0.020035436191594605,0,0.498262084798561,0,Lower score,train,in-sample
T102958,CUST7519,2023-08-10 13:37:00,25.62,Grocery,NetBanking,Mobile,Hyderabad,1,41,22.33,215,No,0,0.08321742918451311,0,0.512905170091528,0,Lower score,train,in-sample
T101717,CUST5671,2023-08-10 13:49:00,95.0,Utilities,PayPal,Mobile,Chennai,0,163,452.45,1196,No,0,0.012548774565198612,0,0.4911709816949055,0,Lower score,train,in-sample
T101213,CUST6861,2023-08-10 14:48:00,126.71,Entertainment,Debit Card,Mobile,Pune,1,106,22.8,1199,No,0,0.10427288377461137,0,0.5213056879548547,1,Anomaly review,train,in-sample
T100899,CUST8535,2023-08-10 15:56:00,7.15,Food,NetBanking,Desktop,Kolkata,0,51,154.99,839,No,0,0.010728533074811529,0,0.4755845603734922,0,Lower score,train,in-sample
T102159,CUST3973,2023-08-10 17:13:00,110.53,Travel,Debit Card,Desktop,Pune,0,125,20.75,1371,No,0,0.015347177046986807,0,0.48267258071805513,0,Lower score,train,in-sample
T102737,CUST6131,2023-08-10 19:13:00,62.91,Electronics,Debit Card,Desktop,Delhi,0,26,171.9,528,No,0,0.018377654710455653,0,0.484465466763589,0,Lower score,train,in-sample
T102329,CUST8681,2023-08-10 20:24:00,4.2,Fashion,Debit Card,Mobile,Hyderabad,0,112,165.52,1814,No,0,0.043843081642607654,0,0.48831930772328636,0,Lower score,train,in-sample
T103546,CUST5868,2023-08-11 01:31:00,6.91,Health,Credit Card,POS,Kolkata,0,38,56.11,1732,No,0,0.08890784930217036,0,0.4907818329671643,0,Lower score,train,in-sample
T101643,CUST5143,2023-08-11 01:34:00,78.17,Food,Debit Card,Mobile,Hyderabad,1,26,87.77,1130,No,0,0.5983871716142714,1,0.50293988478403,0,Model review,train,in-sample
T100077,CUST8906,2023-08-11 04:49:00,6.15,Travel,UPI,POS,Mumbai,0,128,490.6,845,No,0,0.12149157895772711,0,0.49789596565627875,0,Lower score,train,in-sample
T101839,CUST2746,2023-08-11 05:27:00,20.35,Travel,Credit Card,Desktop,Delhi,0,104,299.29,912,No,0,0.0909167586300713,0,0.4886564570414556,0,Lower score,train,in-sample
T103996,CUST3865,2023-08-11 12:27:00,32.57,Electronics,Debit Card,Desktop,Hyderabad,0,1,233.89,667,No,0,0.00789403519692242,0,0.48666198579573355,0,Lower score,train,in-sample
T103537,CUST7170,2023-08-11 14:07:00,35.12,Utilities,NetBanking,Desktop,Kolkata,0,117,289.51,1830,No,0,0.006304171259757269,0,0.47227538447940604,0,Lower score,train,in-sample
T104668,CUST2797,2023-08-11 16:00:00,88.94,Health,PayPal,POS,Chennai,0,126,466.35,424,No,0,0.010354899406266493,0,0.48226846115156213,0,Lower score,train,in-sample
T103514,CUST5147,2023-08-11 16:06:00,153.14,Entertainment,NetBanking,Desktop,Mumbai,0,59,324.36,1814,No,0,0.013106535904121532,0,0.49227247194117063,0,Lower score,train,in-sample
T101768,CUST9592,2023-08-11 17:47:00,37.71,Food,NetBanking,Desktop,Delhi,0,110,416.12,1986,No,0,0.01461403671159077,0,0.4775205682520996,0,Lower score,train,in-sample
T104286,CUST7059,2023-08-11 18:26:00,164.4,Fashion,UPI,POS,Delhi,0,113,20.7,126,No,0,0.02454693992264314,0,0.5027578031025964,0,Lower score,train,in-sample
T101998,CUST3172,2023-08-11 19:16:00,4.7,Electronics,Credit Card,Desktop,Mumbai,1,93,404.99,280,No,0,0.12477395464202161,0,0.5270601151699402,1,Anomaly review,train,in-sample
T100290,CUST7257,2023-08-11 21:32:00,2.48,Grocery,Credit Card,Mobile,Mumbai,0,114,169.27,366,No,0,0.04090179898389678,0,0.5022081069338602,0,Lower score,train,in-sample
T104879,CUST4049,2023-08-11 21:59:00,138.98,Grocery,PayPal,Mobile,Delhi,0,93,280.17,193,No,0,0.04535455947160633,0,0.4880032456494556,0,Lower score,train,in-sample
T101822,CUST9813,2023-08-12 01:08:00,76.36,Grocery,Credit Card,POS,Pune,1,128,230.04,585,No,0,0.5497356500104096,1,0.5331627036788462,1,Model review,train,in-sample
T100704,CUST5382,2023-08-12 02:00:00,5.24,Grocery,UPI,Mobile,Chennai,0,109,255.92,1017,No,0,0.1485505269237382,0,0.5081467383752233,0,Lower score,train,in-sample
T100684,CUST7192,2023-08-12 03:01:00,212.03,Entertainment,Credit Card,POS,Kolkata,0,186,54.25,1097,No,0,0.1724625272024739,1,0.5226922391005314,1,Model review,train,in-sample
T100024,CUST7223,2023-08-12 04:50:00,48.71,Grocery,Debit Card,POS,Chennai,0,29,33.3,494,No,0,0.1312390533348535,0,0.4931833139990756,0,Lower score,train,in-sample
T104462,CUST5039,2023-08-12 12:11:00,453.0,Grocery,NetBanking,POS,Mumbai,0,176,278.09,1889,No,0,0.024635010699669845,0,0.5331426448955983,1,Anomaly review,train,in-sample
T104389,CUST2420,2023-08-12 13:30:00,3.61,Travel,NetBanking,Desktop,Kolkata,0,4,458.87,1651,No,0,0.008600432394869678,0,0.4931421773094016,0,Lower score,train,in-sample
T102016,CUST3730,2023-08-12 13:58:00,34.14,Health,Debit Card,Mobile,Mumbai,0,130,171.83,1368,No,0,0.010541605237160278,0,0.48627205873617174,0,Lower score,train,in-sample
T103846,CUST5058,2023-08-12 16:09:00,283.65,Fashion,Credit Card,Desktop,Pune,0,173,234.5,1497,No,0,0.018704312223753728,0,0.5144611978910403,0,Lower score,train,in-sample
T100713,CUST8206,2023-08-12 16:49:00,42.46,Fashion,NetBanking,Mobile,Delhi,1,139,60.27,1883,No,0,0.11618690245167625,0,0.5213848098107119,1,Anomaly review,train,in-sample
T101141,CUST1758,2023-08-12 17:16:00,34.19,Food,PayPal,Desktop,Kolkata,0,11,21.39,1042,Yes,0,0.012217888081453939,0,0.4955299071120443,0,Lower score,train,in-sample
T103936,CUST7957,2023-08-12 20:18:00,43.19,Health,Credit Card,Desktop,Mumbai,0,106,81.32,1759,No,0,0.03604811880157856,0,0.4887556632897381,0,Lower score,train,in-sample
T104866,CUST4505,2023-08-12 23:02:00,35.2,Entertainment,UPI,Mobile,Delhi,0,161,192.51,244,No,0,0.09532406409962424,0,0.49543094172977,0,Lower score,train,in-sample
T103128,CUST6490,2023-08-12 23:37:00,242.08,Grocery,Debit Card,POS,Kolkata,0,91,183.74,1487,No,0,0.09581927973649655,0,0.524634229065963,1,Anomaly review,train,in-sample
T104588,CUST5885,2023-08-13 00:41:00,89.11,Utilities,PayPal,Mobile,Kolkata,0,116,132.98,251,No,0,0.10386698168209856,0,0.4943775859981271,0,Lower score,train,in-sample
T104304,CUST2864,2023-08-13 00:46:00,141.03,Entertainment,UPI,Desktop,Hyderabad,1,148,264.7,1317,No,1,0.6782210051606268,1,0.5469032840539088,1,Model review,train,in-sample
T104962,CUST8663,2023-08-13 01:38:00,27.61,Food,PayPal,Mobile,Kolkata,0,85,424.49,362,Yes,1,0.13739463140564978,0,0.5007105984585372,0,Lower score,train,in-sample
T101664,CUST6953,2023-08-13 02:14:00,387.86,Health,PayPal,Mobile,Bengaluru,0,102,161.98,1259,No,0,0.24038067848636369,1,0.536315612339979,1,Model review,train,in-sample
T104426,CUST2836,2023-08-13 05:58:00,21.63,Utilities,Debit Card,Mobile,Hyderabad,0,189,273.69,1663,No,0,0.09994916626458343,0,0.4959792401981482,0,Lower score,train,in-sample
T100407,CUST2157,2023-08-13 06:13:00,0.87,Fashion,Debit Card,Desktop,Hyderabad,0,59,256.84,500,No,0,0.11833594862637722,0,0.5057611496513588,0,Lower score,train,in-sample
T102812,CUST7222,2023-08-13 09:42:00,87.87,Utilities,NetBanking,Desktop,Hyderabad,1,168,294.36,601,No,1,0.23587475568262095,1,0.5208350578633023,1,Model review,train,in-sample
T104628,CUST6303,2023-08-13 12:35:00,83.01,Health,Debit Card,POS,Pune,1,188,264.45,1251,No,0,0.11348703628327086,0,0.5199927251877807,1,Anomaly review,train,in-sample
T104839,CUST9219,2023-08-13 14:27:00,25.62,Utilities,Credit Card,POS,Delhi,0,108,174.06,1840,No,0,0.011501735717692778,0,0.4927235950836515,0,Lower score,train,in-sample
T100670,CUST7641,2023-08-13 15:07:00,15.23,Entertainment,PayPal,POS,Bengaluru,0,151,49.73,1110,Yes,1,0.014814860480369438,0,0.4943358216617496,0,Lower score,train,in-sample
T104284,CUST4459,2023-08-13 18:02:00,64.3,Utilities,Credit Card,POS,Pune,0,191,115.76,1379,No,0,0.01840512156113339,0,0.4945765678488155,0,Lower score,train,in-sample
T101708,CUST8322,2023-08-13 18:07:00,77.32,Grocery,Debit Card,POS,Chennai,0,116,15.27,614,No,0,0.022806043863458417,0,0.49281525652946434,0,Lower score,train,in-sample
T103937,CUST3971,2023-08-13 18:07:00,13.97,Entertainment,Debit Card,Mobile,Delhi,0,44,185.93,187,No,0,0.020376069279355424,0,0.49492462752647837,0,Lower score,train,in-sample
T103530,CUST1041,2023-08-13 18:58:00,26.1,Grocery,Credit Card,POS,Kolkata,0,113,416.48,521,No,0,0.019248287494739176,0,0.4944095675678552,0,Lower score,train,in-sample
T101326,CUST7246,2023-08-13 20:10:00,16.08,Grocery,PayPal,Desktop,Delhi,1,140,71.38,1513,No,0,0.21130041592005333,1,0.5271148656385135,1,Model review,train,in-sample
T104762,CUST4392,2023-08-13 23:45:00,112.38,Utilities,PayPal,Desktop,Hyderabad,0,185,52.29,1105,No,0,0.11063784307661673,0,0.5019434346805577,0,Lower score,train,in-sample
T101236,CUST1558,2023-08-14 04:39:00,159.82,Grocery,NetBanking,POS,Hyderabad,0,102,75.95,1372,No,0,0.1516710008376793,0,0.49153717023528465,0,Lower score,train,in-sample
T103814,CUST2240,2023-08-14 06:37:00,23.32,Electronics,Credit Card,Mobile,Pune,0,168,416.21,1906,No,0,0.06313441766314236,0,0.4829451427324612,0,Lower score,train,in-sample
T104601,CUST2106,2023-08-14 07:13:00,122.37,Electronics,UPI,POS,Pune,0,37,461.9,810,No,0,0.0662732891621756,0,0.48626165967617985,0,Lower score,train,in-sample
T103475,CUST3079,2023-08-14 08:55:00,129.89,Grocery,PayPal,POS,Hyderabad,0,77,419.32,905,No,0,0.042983450466863346,0,0.49407082789782986,0,Lower score,train,in-sample
T100015,CUST5555,2023-08-14 12:04:00,16.21,Grocery,PayPal,Mobile,Chennai,0,156,291.65,1369,No,0,0.015428420977689952,0,0.48996604377172953,0,Lower score,train,in-sample
T103295,CUST5989,2023-08-14 16:50:00,5.51,Health,Debit Card,Desktop,Delhi,0,72,237.46,114,No,0,0.01249913734535611,0,0.49589543488558996,0,Lower score,train,in-sample
T103775,CUST6225,2023-08-14 18:07:00,214.54,Electronics,NetBanking,Desktop,Mumbai,0,197,357.17,765,No,0,0.01971916344975407,0,0.4963905598318706,0,Lower score,train,in-sample
T102014,CUST6311,2023-08-14 18:13:00,60.81,Grocery,NetBanking,Desktop,Bengaluru,0,116,68.89,1844,No,0,0.021439483941137233,0,0.4720909239150668,0,Lower score,train,in-sample
T103581,CUST4880,2023-08-14 18:40:00,145.73,Food,UPI,Mobile,Hyderabad,0,112,251.16,969,No,0,0.03560851827860357,0,0.4967006028702322,0,Lower score,train,in-sample
T104468,CUST5575,2023-08-14 22:40:00,238.5,Entertainment,Debit Card,POS,Hyderabad,0,51,122.12,1314,No,0,0.13072811336747872,0,0.5076156761894534,0,Lower score,train,in-sample
T102262,CUST4363,2023-08-15 00:37:00,178.44,Entertainment,Debit Card,POS,Bengaluru,0,65,473.57,1149,No,0,0.24529558894990183,1,0.49504602247712703,0,Model review,train,in-sample
T100645,CUST7707,2023-08-15 10:56:00,176.97,Electronics,PayPal,Mobile,Hyderabad,0,117,267.72,108,No,0,0.022264713749831445,0,0.4919422319920605,0,Lower score,train,in-sample
T100464,CUST1480,2023-08-15 13:42:00,261.98,Electronics,PayPal,Mobile,Chennai,0,178,157.56,198,No,0,0.01660799851453883,0,0.5114429540659334,0,Lower score,train,in-sample
T104910,CUST1103,2023-08-15 14:20:00,172.66,Entertainment,Debit Card,Mobile,Mumbai,0,46,307.67,71,No,0,0.021643687027737845,0,0.49296488659999305,0,Lower score,train,in-sample
T104909,CUST9382,2023-08-15 14:23:00,63.29,Grocery,PayPal,Mobile,Mumbai,0,133,291.66,1030,No,0,0.013378365368896921,0,0.4965150238807001,0,Lower score,train,in-sample
T100167,CUST8655,2023-08-15 16:37:00,16.51,Food,NetBanking,Desktop,Mumbai,0,132,288.56,1907,No,0,0.0214048657072193,0,0.483281961301052,0,Lower score,train,in-sample
T101601,CUST2744,2023-08-15 17:07:00,31.25,Travel,Credit Card,POS,Bengaluru,0,9,303.92,1400,Yes,1,0.02465083038168196,0,0.4823098156296642,0,Lower score,train,in-sample
T101262,CUST7702,2023-08-15 19:14:00,29.73,Grocery,Credit Card,POS,Bengaluru,0,102,108.12,1412,No,0,0.03721543409964112,0,0.48141556693356014,0,Lower score,train,in-sample
T101867,CUST8946,2023-08-15 19:54:00,14.41,Utilities,UPI,POS,Kolkata,0,36,259.67,1869,No,0,0.034330655928477574,0,0.4897945693248536,0,Lower score,train,in-sample
T101093,CUST2579,2023-08-15 20:48:00,57.51,Grocery,UPI,POS,Pune,1,162,66.9,1911,No,1,0.3380488516705268,1,0.5092465952547096,0,Model review,train,in-sample
T104725,CUST2206,2023-08-15 23:11:00,0.02,Travel,UPI,Mobile,Bengaluru,0,54,268.67,1862,No,0,0.14416306692341624,0,0.5164670562034138,0,Lower score,train,in-sample
T104182,CUST5820,2023-08-16 01:30:00,91.7,Fashion,Debit Card,POS,Mumbai,0,80,316.28,296,No,1,0.2417614174111419,1,0.4836127583651974,0,Model review,train,in-sample
T103935,CUST5146,2023-08-16 02:58:00,63.25,Grocery,UPI,Mobile,Bengaluru,0,54,132.22,1526,No,0,0.20969465939394005,1,0.4768538944922076,0,Model review,train,in-sample
T100603,CUST3015,2023-08-16 03:07:00,7.43,Grocery,NetBanking,Mobile,Mumbai,0,105,352.66,1058,No,0,0.16714412870290196,1,0.489889451147403,0,Model review,train,in-sample
T100692,CUST3524,2023-08-16 05:44:00,56.68,Electronics,UPI,Desktop,Delhi,0,44,85.19,114,No,0,0.10628656532271687,0,0.48629819665324836,0,Lower score,train,in-sample
T102866,CUST3702,2023-08-16 06:20:00,58.17,Fashion,PayPal,POS,Hyderabad,0,164,138.11,506,No,0,0.13651480380974873,0,0.4723725420268264,0,Lower score,train,in-sample
T100300,CUST5888,2023-08-16 09:01:00,4.25,Food,NetBanking,POS,Chennai,0,13,263.5,815,No,0,0.06736571325321374,0,0.4860321784657651,0,Lower score,train,in-sample
T101082,CUST3650,2023-08-16 10:12:00,43.25,Entertainment,Credit Card,Desktop,Mumbai,1,104,465.6,247,No,0,0.2841040067092714,1,0.5216186178878544,1,Model review,train,in-sample
T104548,CUST2224,2023-08-16 10:55:00,88.42,Utilities,NetBanking,Desktop,Mumbai,0,27,92.64,1592,No,0,0.028097249466350564,0,0.472554635302256,0,Lower score,train,in-sample
T104523,CUST4057,2023-08-16 11:06:00,72.69,Electronics,UPI,Desktop,Delhi,0,43,479.37,537,No,0,0.020085708847712182,0,0.48369352069295235,0,Lower score,train,in-sample
T102930,CUST3021,2023-08-16 12:29:00,71.45,Food,NetBanking,POS,Kolkata,1,151,213.73,824,No,0,0.14494481941893186,0,0.5112444665410868,0,Lower score,train,in-sample
T100158,CUST3430,2023-08-16 13:36:00,21.71,Travel,UPI,Desktop,Hyderabad,0,103,172.49,699,No,0,0.016769422532125135,0,0.4886239001265868,0,Lower score,train,in-sample
T100638,CUST9079,2023-08-16 17:10:00,25.09,Food,PayPal,POS,Pune,0,150,279.35,254,No,0,0.01894556091602892,0,0.4802657894201274,0,Lower score,train,in-sample
T104497,CUST6033,2023-08-16 18:06:00,11.43,Electronics,UPI,POS,Chennai,0,34,496.41,1674,No,0,0.021515690677022966,0,0.48729360403978916,0,Lower score,train,in-sample
T103736,CUST3834,2023-08-16 20:47:00,86.76,Utilities,UPI,POS,Bengaluru,0,37,332.42,81,No,0,0.07153105095194702,0,0.477866904271169,0,Lower score,train,in-sample
T102344,CUST4017,2023-08-17 00:08:00,227.41,Utilities,PayPal,Desktop,Delhi,0,85,419.28,530,No,0,0.12356118929408681,0,0.5000035748608226,0,Lower score,train,in-sample
T104694,CUST4957,2023-08-17 01:25:00,46.48,Health,PayPal,Mobile,Hyderabad,0,146,485.04,1472,No,1,0.12345877183837381,0,0.48479559693091917,0,Lower score,train,in-sample
T104878,CUST3367,2023-08-17 02:06:00,36.02,Grocery,PayPal,Desktop,Hyderabad,0,63,418.66,1269,No,1,0.12502758380811402,0,0.4837804589539134,0,Lower score,train,in-sample
T103705,CUST5579,2023-08-17 08:57:00,172.93,Travel,PayPal,POS,Hyderabad,0,77,112.84,1057,No,0,0.04847223580242859,0,0.49654789444608316,0,Lower score,train,in-sample
T101450,CUST1842,2023-08-17 08:58:00,55.0,Travel,Debit Card,Desktop,Mumbai,0,118,478.36,1358,No,0,0.04600424425014573,0,0.4773061889836243,0,Lower score,train,in-sample
T104784,CUST8871,2023-08-17 10:03:00,43.22,Health,Debit Card,Desktop,Kolkata,0,118,16.54,1858,No,0,0.020642043237934064,0,0.4757181613251445,0,Lower score,train,in-sample
T101072,CUST1891,2023-08-17 11:05:00,3.44,Travel,Debit Card,Mobile,Hyderabad,0,74,472.89,683,No,0,0.01957137103989459,0,0.49602793845036575,0,Lower score,train,in-sample
T104526,CUST9174,2023-08-17 14:54:00,110.86,Grocery,PayPal,POS,Hyderabad,0,55,392.53,1943,No,0,0.010518163168183697,0,0.487328728168855,0,Lower score,train,in-sample
T101583,CUST8222,2023-08-17 14:55:00,54.94,Electronics,PayPal,Mobile,Hyderabad,0,149,323.26,1664,No,0,0.007549554265658077,0,0.4766200830712935,0,Lower score,train,in-sample
T102543,CUST8780,2023-08-18 02:02:00,76.07,Entertainment,Credit Card,POS,Kolkata,0,49,73.98,1745,No,0,0.12124722391061923,0,0.49718910529546656,0,Lower score,train,in-sample
T103575,CUST9814,2023-08-18 04:19:00,37.15,Health,PayPal,POS,Delhi,0,83,430.64,502,No,0,0.0939503988307762,0,0.48335077026404444,0,Lower score,train,in-sample
T100265,CUST7749,2023-08-18 04:37:00,108.0,Food,PayPal,Desktop,Chennai,0,44,416.42,1811,No,0,0.14637667784610156,0,0.48529558169223064,0,Lower score,train,in-sample
T100550,CUST4709,2023-08-18 05:27:00,58.74,Entertainment,UPI,POS,Bengaluru,0,171,32.85,622,No,1,0.13286792111580342,0,0.4897184712226054,0,Lower score,train,in-sample
T100759,CUST1487,2023-08-18 06:09:00,124.32,Grocery,PayPal,Desktop,Bengaluru,0,177,365.18,1534,No,0,0.08198180559685642,0,0.489529897974773,0,Lower score,train,in-sample
T104776,CUST2572,2023-08-18 06:49:00,0.05,Electronics,Credit Card,Mobile,Mumbai,0,91,395.2,42,No,0,0.048835833200833505,0,0.5052382532352937,0,Lower score,train,in-sample
T103638,CUST6937,2023-08-18 10:25:00,27.56,Electronics,PayPal,Mobile,Delhi,0,168,458.46,1802,No,0,0.011739963961744598,0,0.4783634765949128,0,Lower score,train,in-sample
T100663,CUST1973,2023-08-18 13:08:00,21.66,Fashion,UPI,Mobile,Bengaluru,0,28,195.36,567,No,0,0.014656726275112407,0,0.4845307208133355,0,Lower score,train,in-sample
T104178,CUST3517,2023-08-18 13:34:00,31.67,Electronics,PayPal,POS,Chennai,0,60,190.81,214,No,0,0.007402131613061015,0,0.47834491790349604,0,Lower score,train,in-sample
T104998,CUST9120,2023-08-18 17:15:00,135.31,Utilities,Debit Card,Mobile,Bengaluru,0,13,73.33,246,No,0,0.014099030711133201,0,0.4919329982492543,0,Lower score,train,in-sample
T103967,CUST2990,2023-08-18 17:29:00,3.29,Electronics,PayPal,POS,Bengaluru,0,116,53.55,202,No,0,0.009217450802803867,0,0.4940123358008212,0,Lower score,train,in-sample
T100386,CUST4008,2023-08-18 20:58:00,26.51,Utilities,NetBanking,Mobile,Mumbai,0,158,392.52,235,No,0,0.03439158064065671,0,0.4749002514607758,0,Lower score,train,in-sample
T102411,CUST1995,2023-08-18 22:45:00,12.12,Food,Debit Card,Desktop,Bengaluru,0,133,153.96,731,Yes,1,0.086423416095999,0,0.4913474656234926,0,Lower score,train,in-sample
T103920,CUST8618,2023-08-19 01:18:00,234.63,Travel,NetBanking,POS,Pune,0,65,209.84,1646,No,0,0.1617270242152108,1,0.5184982224469976,1,Model review,train,in-sample
T104698,CUST7879,2023-08-19 02:45:00,11.91,Travel,Debit Card,Desktop,Mumbai,0,154,373.47,1675,No,1,0.1536215297542609,0,0.4890105056497229,0,Lower score,train,in-sample
T103760,CUST5814,2023-08-19 03:30:00,10.22,Electronics,UPI,Desktop,Delhi,0,50,389.2,351,No,0,0.10535498681682393,0,0.5006409513524948,0,Lower score,train,in-sample
T104761,CUST3978,2023-08-19 03:46:00,346.79,Health,PayPal,POS,Bengaluru,1,30,405.21,680,No,0,0.700043768569938,1,0.5590446717228215,1,Model review,train,in-sample
T102736,CUST1386,2023-08-19 06:29:00,379.81,Entertainment,Debit Card,Mobile,Delhi,0,175,349.16,94,No,0,0.13730560483772716,0,0.5374401509284147,1,Anomaly review,train,in-sample
T101551,CUST7436,2023-08-19 07:42:00,73.63,Fashion,Debit Card,POS,Delhi,0,70,86.19,294,No,0,0.07298617066081432,0,0.4944266774691195,0,Lower score,train,in-sample
T104157,CUST9893,2023-08-19 09:12:00,152.39,Food,Debit Card,Mobile,Delhi,1,28,482.69,1171,No,0,0.30397838847417175,1,0.5389921696951224,1,Model review,train,in-sample
T103188,CUST1075,2023-08-19 10:01:00,141.08,Health,PayPal,Desktop,Bengaluru,0,171,140.32,236,No,0,0.03006153653732504,0,0.5072230777610685,0,Lower score,train,in-sample
T100950,CUST1232,2023-08-19 11:54:00,73.41,Fashion,NetBanking,POS,Chennai,0,70,231.32,729,No,0,0.02303994869614258,0,0.49210398216021983,0,Lower score,train,in-sample
T104029,CUST1963,2023-08-19 18:11:00,35.76,Travel,NetBanking,Desktop,Pune,0,35,133.17,845,No,0,0.0159395822544041,0,0.48070859491701123,0,Lower score,train,in-sample
T100964,CUST8506,2023-08-19 19:13:00,27.25,Food,PayPal,Desktop,Bengaluru,0,108,229.04,1817,No,0,0.03041964243651525,0,0.4906003365461936,0,Lower score,train,in-sample
T100923,CUST9546,2023-08-19 19:15:00,128.7,Grocery,NetBanking,Desktop,Mumbai,0,110,362.6,494,No,0,0.0256285141720047,0,0.4851934362610489,0,Lower score,train,in-sample
T104438,CUST9452,2023-08-20 02:15:00,391.58,Travel,Debit Card,POS,Chennai,1,49,286.0,844,No,0,0.788552902539644,1,0.569387986890674,1,Model review,train,in-sample
T103117,CUST7391,2023-08-20 04:01:00,1.11,Fashion,Debit Card,POS,Mumbai,0,17,142.46,1561,No,1,0.19196811693440613,1,0.5079058673077758,0,Model review,train,in-sample
T102691,CUST2152,2023-08-20 06:59:00,72.34,Entertainment,Debit Card,POS,Hyderabad,0,96,382.82,934,No,0,0.10119197737721858,0,0.5047930668403516,0,Lower score,train,in-sample
T102272,CUST4370,2023-08-20 07:01:00,53.5,Fashion,PayPal,Desktop,Delhi,0,123,358.72,528,No,0,0.09039993103277706,0,0.49896824180146115,0,Lower score,train,in-sample
T104484,CUST4279,2023-08-20 07:38:00,18.87,Entertainment,UPI,POS,Delhi,0,61,401.68,1547,No,0,0.07989545658101277,0,0.5042082759826293,0,Lower score,train,in-sample
T100701,CUST4623,2023-08-20 16:32:00,4.26,Grocery,NetBanking,Desktop,Chennai,0,181,362.17,396,No,0,0.013582851240257487,0,0.4919121180525347,0,Lower score,train,in-sample
T103965,CUST7297,2023-08-20 17:48:00,123.86,Electronics,NetBanking,Mobile,Hyderabad,0,103,203.02,613,No,0,0.01456767390732744,0,0.49682219188879706,0,Lower score,train,in-sample
T101543,CUST9652,2023-08-20 18:05:00,23.72,Electronics,NetBanking,Mobile,Bengaluru,0,106,116.6,733,No,0,0.0158269367951836,0,0.48932066724724105,0,Lower score,train,in-sample
T102536,CUST4194,2023-08-20 18:38:00,107.91,Utilities,NetBanking,Desktop,Kolkata,1,194,400.55,412,No,0,0.14552552816203626,0,0.5192345175774495,1,Anomaly review,train,in-sample
T102147,CUST8047,2023-08-20 22:02:00,35.43,Health,NetBanking,Mobile,Bengaluru,0,124,458.84,845,No,0,0.07455081630005446,0,0.48507756452328304,0,Lower score,train,in-sample
T100668,CUST1598,2023-08-20 23:13:00,16.52,Entertainment,NetBanking,POS,Hyderabad,0,167,340.22,1907,No,0,0.11115022059863781,0,0.5054077266976528,0,Lower score,train,in-sample
T101585,CUST6272,2023-08-21 12:08:00,11.74,Fashion,Credit Card,POS,Hyderabad,1,68,300.22,1377,No,1,0.16328515512801256,1,0.532359686211326,1,Model review,train,in-sample
T103905,CUST2424,2023-08-21 12:13:00,52.94,Fashion,PayPal,Mobile,Hyderabad,0,16,108.16,130,No,0,0.01857296589539709,0,0.4855248608369021,0,Lower score,train,in-sample
T104660,CUST2575,2023-08-21 17:27:00,57.25,Utilities,Credit Card,POS,Chennai,0,131,306.1,1368,No,0,0.020505709473151904,0,0.479744815099209,0,Lower score,train,in-sample
T101844,CUST9770,2023-08-21 20:29:00,229.28,Fashion,Credit Card,POS,Chennai,0,176,352.37,1446,No,0,0.08473294784682908,0,0.5044589239672216,0,Lower score,train,in-sample
T102950,CUST1305,2023-08-22 02:04:00,140.59,Food,Credit Card,POS,Mumbai,0,191,361.75,386,No,0,0.27848781209440543,1,0.4839928622095773,0,Model review,train,in-sample
T103084,CUST7042,2023-08-22 04:04:00,96.62,Grocery,Debit Card,Desktop,Chennai,0,61,444.04,533,No,0,0.20000646100217812,1,0.4838779609858106,0,Model review,train,in-sample
T100277,CUST4287,2023-08-22 04:43:00,83.98,Entertainment,Debit Card,Desktop,Mumbai,0,89,46.78,359,No,0,0.20636852473614603,1,0.4893676107526492,0,Model review,train,in-sample
T104257,CUST2243,2023-08-22 05:20:00,48.08,Food,NetBanking,Desktop,Kolkata,0,40,441.44,1231,No,1,0.14427180741788007,0,0.47432361132531603,0,Lower score,train,in-sample
T100402,CUST7364,2023-08-22 10:50:00,56.3,Fashion,Credit Card,Mobile,Chennai,0,125,398.95,1075,No,0,0.0428222719846674,0,0.4824689292903059,0,Lower score,train,in-sample
T102291,CUST6529,2023-08-22 12:05:00,26.36,Health,UPI,POS,Mumbai,0,48,31.57,1324,No,0,0.022628230054628138,0,0.4880403920901038,0,Lower score,train,in-sample
T100558,CUST3292,2023-08-22 18:56:00,112.56,Grocery,Credit Card,POS,Mumbai,0,163,441.58,187,No,0,0.03525652809721498,0,0.4877285058218716,0,Lower score,train,in-sample
T104152,CUST9922,2023-08-22 20:12:00,99.62,Utilities,Debit Card,Desktop,Delhi,0,141,452.05,67,No,0,0.04531410761997638,0,0.4838345725031741,0,Lower score,train,in-sample
T100700,CUST7776,2023-08-22 21:09:00,60.84,Electronics,PayPal,POS,Kolkata,0,172,379.08,391,No,0,0.037552217306604484,0,0.4833803382197413,0,Lower score,train,in-sample
T101690,CUST9355,2023-08-23 01:43:00,15.37,Travel,NetBanking,POS,Delhi,0,100,163.88,835,No,0,0.17517954173282493,1,0.4852490286278132,0,Model review,train,in-sample
T101409,CUST5166,2023-08-23 04:02:00,162.16,Fashion,PayPal,POS,Mumbai,0,32,469.02,1648,No,1,0.2442990779047015,1,0.4853283428333364,0,Model review,train,in-sample
T103977,CUST6491,2023-08-23 07:29:00,63.86,Health,Credit Card,POS,Kolkata,0,189,311.96,115,No,0,0.06948756826619605,0,0.4740451993714194,0,Lower score,train,in-sample
T102048,CUST8538,2023-08-23 07:32:00,62.74,Utilities,Debit Card,Desktop,Mumbai,1,82,312.7,830,No,0,0.454965352885521,1,0.5098406674217532,0,Model review,train,in-sample
T100897,CUST6672,2023-08-23 07:34:00,181.33,Food,Debit Card,Desktop,Kolkata,0,3,492.56,57,No,0,0.09470202771301368,0,0.4905906064466997,0,Lower score,train,in-sample
T101944,CUST5978,2023-08-23 09:47:00,124.33,Health,Debit Card,POS,Delhi,0,23,349.21,755,No,0,0.03978305342462326,0,0.4878590961845131,0,Lower score,train,in-sample
T104296,CUST5080,2023-08-23 10:57:00,12.39,Grocery,Credit Card,Mobile,Delhi,0,159,130.15,1260,No,0,0.02209741782129786,0,0.4882122572878926,0,Lower score,train,in-sample
T104745,CUST4646,2023-08-23 11:48:00,4.43,Health,Credit Card,POS,Mumbai,0,42,427.59,1579,No,0,0.02150016082399654,0,0.4871625629044503,0,Lower score,train,in-sample
T102097,CUST4152,2023-08-23 13:15:00,80.54,Grocery,NetBanking,Mobile,Bengaluru,0,172,139.22,825,No,0,0.016728012699869538,0,0.47269162011418137,0,Lower score,train,in-sample
T101163,CUST5910,2023-08-23 14:58:00,108.85,Food,UPI,POS,Mumbai,0,176,38.45,1801,No,0,0.02334725426761841,0,0.48437858901828706,0,Lower score,train,in-sample
T100875,CUST2660,2023-08-23 16:05:00,13.58,Entertainment,Debit Card,POS,Delhi,0,160,237.21,1713,No,0,0.016548680771909303,0,0.488169828875646,0,Lower score,train,in-sample
T101700,CUST9565,2023-08-23 17:53:00,270.09,Electronics,NetBanking,Desktop,Hyderabad,0,124,472.45,1754,No,0,0.021658404511494846,0,0.513153139389009,0,Lower score,train,in-sample
T104652,CUST8039,2023-08-23 20:36:00,51.62,Food,NetBanking,POS,Kolkata,1,43,363.82,1782,No,0,0.3287628415913206,1,0.515890439537902,0,Model review,train,in-sample
T103268,CUST2566,2023-08-23 21:02:00,79.2,Food,NetBanking,POS,Pune,0,33,55.09,984,No,0,0.06997405443896115,0,0.4690002550490229,0,Lower score,train,in-sample
T101125,CUST7366,2023-08-23 21:11:00,64.03,Utilities,Debit Card,Desktop,Mumbai,0,181,224.78,243,No,0,0.06548674826913553,0,0.4810460038832286,0,Lower score,train,in-sample
T100190,CUST6128,2023-08-23 22:40:00,7.82,Utilities,Credit Card,POS,Hyderabad,0,97,460.61,953,Yes,0,0.09707805694553477,0,0.49841753411530293,0,Lower score,train,in-sample
T102209,CUST2963,2023-08-23 23:16:00,193.32,Utilities,Credit Card,POS,Kolkata,0,37,497.74,1211,No,0,0.11833603146449134,0,0.4964802209199772,0,Lower score,train,in-sample
T101799,CUST6312,2023-08-23 23:37:00,0.97,Fashion,PayPal,Mobile,Hyderabad,0,41,353.08,1311,No,0,0.13465460980726585,0,0.4990586488717822,0,Lower score,train,in-sample
T102823,CUST3050,2023-08-24 02:50:00,20.09,Fashion,Debit Card,Mobile,Bengaluru,0,8,228.83,1133,No,0,0.19948907002417368,1,0.4819333678741288,0,Model review,train,in-sample
T103243,CUST2956,2023-08-24 03:50:00,95.37,Health,Credit Card,Desktop,Chennai,0,108,406.52,592,No,0,0.17386131949160646,1,0.48007083788086585,0,Model review,train,in-sample
T102870,CUST2017,2023-08-24 05:33:00,179.62,Travel,Credit Card,Desktop,Delhi,0,79,290.6,1438,No,1,0.1383337423176127,0,0.5021597858416401,0,Lower score,train,in-sample
T104354,CUST3176,2023-08-24 06:45:00,62.32,Utilities,NetBanking,POS,Delhi,0,103,367.71,172,No,0,0.07756416092031387,0,0.477084927056976,0,Lower score,train,in-sample
T102276,CUST5278,2023-08-24 09:00:00,108.88,Entertainment,UPI,POS,Pune,0,84,491.24,1283,No,0,0.05015524923994628,0,0.489432228946292,0,Lower score,train,in-sample
T102206,CUST7756,2023-08-24 09:31:00,26.28,Entertainment,PayPal,Mobile,Bengaluru,0,197,29.26,1592,No,0,0.0386705223954736,0,0.4837416651019907,0,Lower score,train,in-sample
T104350,CUST8851,2023-08-24 11:31:00,122.75,Food,PayPal,Mobile,Mumbai,0,103,85.83,1007,No,0,0.02377347897645245,0,0.4802728472911349,0,Lower score,train,in-sample
T102555,CUST9681,2023-08-24 11:59:00,248.29,Electronics,Debit Card,POS,Mumbai,0,61,40.6,1593,Yes,1,0.01736138485937852,0,0.5110249312428305,0,Lower score,train,in-sample
T103433,CUST3671,2023-08-24 12:24:00,46.71,Utilities,Credit Card,Mobile,Hyderabad,0,33,302.62,194,No,0,0.013942637605827786,0,0.47770484307484623,0,Lower score,train,in-sample
T100622,CUST1454,2023-08-24 13:35:00,37.02,Grocery,Debit Card,Mobile,Mumbai,0,24,306.15,1186,No,0,0.011235336550359782,0,0.48726634645991546,0,Lower score,train,in-sample
T101051,CUST4617,2023-08-24 14:24:00,60.22,Food,PayPal,Desktop,Delhi,0,21,17.09,598,No,0,0.012336016349746426,0,0.483929255317552,0,Lower score,train,in-sample
T102020,CUST1990,2023-08-24 15:25:00,264.6,Entertainment,Credit Card,Mobile,Kolkata,0,186,114.47,1834,No,0,0.01453733482553587,0,0.5085508799440897,0,Lower score,train,in-sample
T102980,CUST9595,2023-08-24 16:03:00,46.05,Fashion,Debit Card,Mobile,Chennai,0,122,38.57,1339,No,0,0.01740406274542095,0,0.4798584344706263,0,Lower score,train,in-sample
T101840,CUST2517,2023-08-24 16:36:00,37.24,Travel,Credit Card,Mobile,Hyderabad,0,108,431.11,609,No,0,0.013986187280862499,0,0.482361512323514,0,Lower score,train,in-sample
T101204,CUST6151,2023-08-24 19:34:00,53.66,Health,PayPal,Desktop,Hyderabad,0,66,251.39,536,No,0,0.025053693107623214,0,0.4929873649737311,0,Lower score,train,in-sample
T101403,CUST5528,2023-08-24 21:20:00,106.67,Food,PayPal,POS,Pune,0,101,120.7,915,No,0,0.06042977947243769,0,0.487593503646324,0,Lower score,train,in-sample
T103669,CUST3976,2023-08-25 00:00:00,47.69,Grocery,UPI,Desktop,Hyderabad,0,89,230.89,459,No,0,0.08767908489453313,0,0.4800469944176619,0,Lower score,train,in-sample
T104097,CUST9978,2023-08-25 00:44:00,6.81,Electronics,Debit Card,POS,Bengaluru,0,115,433.11,764,No,0,0.08750892118389005,0,0.5012339513925539,0,Lower score,train,in-sample
T103592,CUST3045,2023-08-25 03:37:00,67.1,Entertainment,Credit Card,POS,Bengaluru,0,115,243.96,769,No,1,0.16574384629836136,1,0.4837771945876932,0,Model review,train,in-sample
T102659,CUST6814,2023-08-25 05:00:00,85.68,Electronics,NetBanking,POS,Hyderabad,0,15,52.83,381,No,0,0.07948793018409775,0,0.49121127876104664,0,Lower score,train,in-sample
T104509,CUST2353,2023-08-25 10:36:00,227.06,Travel,PayPal,Mobile,Chennai,1,150,381.97,1945,No,0,0.19399212216036996,1,0.5430294443762664,1,Model review,train,in-sample
T100046,CUST9003,2023-08-25 11:16:00,29.88,Health,Credit Card,Mobile,Mumbai,0,77,392.19,1047,No,0,0.014890566901250242,0,0.48102707141886614,0,Lower score,train,in-sample
T102120,CUST8928,2023-08-25 11:37:00,130.21,Food,NetBanking,POS,Mumbai,0,74,378.36,1634,No,0,0.02019642162113382,0,0.4761455178562423,0,Lower score,train,in-sample
T104128,CUST2726,2023-08-25 18:35:00,28.06,Utilities,UPI,Mobile,Hyderabad,0,113,161.78,1890,No,0,0.016011301578521844,0,0.4854099438935314,0,Lower score,train,in-sample
T100020,CUST2854,2023-08-25 19:33:00,75.71,Food,PayPal,Mobile,Kolkata,0,86,318.98,855,No,0,0.020429579900550582,0,0.48447141614198586,0,Lower score,train,in-sample
T101525,CUST4806,2023-08-25 21:59:00,23.74,Travel,UPI,Mobile,Mumbai,0,169,387.61,750,No,0,0.05995977719366366,0,0.4935714852344646,0,Lower score,train,in-sample
T102863,CUST8065,2023-08-25 21:59:00,69.71,Food,Debit Card,Mobile,Bengaluru,0,89,198.31,1478,Yes,0,0.0732689201770245,0,0.4766133559243499,0,Lower score,train,in-sample
T101628,CUST7405,2023-08-26 00:55:00,8.13,Grocery,PayPal,Mobile,Kolkata,0,23,475.9,213,No,0,0.08012458896222202,0,0.5088865616067411,0,Lower score,train,in-sample
T104058,CUST7162,2023-08-26 02:48:00,176.52,Fashion,Credit Card,Desktop,Pune,0,155,194.09,205,No,0,0.19174002773881263,1,0.4998993272748307,0,Model review,train,in-sample
T100961,CUST7979,2023-08-26 04:03:00,73.94,Travel,PayPal,Desktop,Chennai,1,37,322.06,1706,No,0,0.6237784151372356,1,0.5218412826369923,1,Model review,train,in-sample
T101470,CUST3482,2023-08-26 05:35:00,66.96,Utilities,PayPal,Desktop,Bengaluru,0,16,420.41,1703,No,0,0.10835935094414229,0,0.4973740795167818,0,Lower score,train,in-sample
T102896,CUST6480,2023-08-26 05:56:00,61.96,Entertainment,NetBanking,Desktop,Bengaluru,1,10,436.31,1676,No,1,0.5616353627182663,1,0.534401629249394,1,Model review,train,in-sample
T101533,CUST5200,2023-08-26 06:18:00,25.46,Fashion,PayPal,Desktop,Mumbai,1,148,427.74,1835,No,1,0.5096937810448776,1,0.5238206179806014,1,Model review,train,in-sample
T100959,CUST4499,2023-08-26 09:26:00,107.16,Travel,PayPal,POS,Delhi,0,113,434.75,1880,No,0,0.03332583970943678,0,0.4984859796738441,0,Lower score,train,in-sample
T101773,CUST5521,2023-08-26 10:29:00,248.68,Food,UPI,Desktop,Hyderabad,0,88,339.36,99,No,0,0.039857831676951366,0,0.5275699747565764,1,Anomaly review,train,in-sample
T100414,CUST6020,2023-08-26 11:01:00,79.94,Travel,Debit Card,Mobile,Pune,0,109,221.99,158,No,0,0.01880252087099516,0,0.4876508938289741,0,Lower score,train,in-sample
T101648,CUST5113,2023-08-26 11:35:00,121.87,Travel,NetBanking,Desktop,Bengaluru,0,70,489.77,236,No,0,0.021730521309049965,0,0.4866846162486503,0,Lower score,train,in-sample
T100048,CUST9659,2023-08-26 14:51:00,63.3,Fashion,PayPal,POS,Chennai,0,96,481.0,1566,No,0,0.014880309355874408,0,0.49015723019886426,0,Lower score,train,in-sample
T101443,CUST1583,2023-08-26 16:35:00,46.92,Travel,UPI,POS,Hyderabad,1,97,66.73,869,No,0,0.11739629540955916,0,0.5352160406015956,1,Anomaly review,train,in-sample
T104416,CUST1665,2023-08-26 18:10:00,42.95,Entertainment,Credit Card,Mobile,Hyderabad,1,27,308.54,1439,No,0,0.15664612746780415,0,0.5340189243966528,1,Anomaly review,train,in-sample
T102022,CUST4951,2023-08-26 21:43:00,220.94,Travel,PayPal,Mobile,Pune,0,7,268.65,453,Yes,0,0.06189036121427236,0,0.5124861392384872,0,Lower score,train,in-sample
T102851,CUST6598,2023-08-26 22:23:00,22.0,Grocery,PayPal,Desktop,Bengaluru,0,121,104.04,637,No,0,0.06453715033724806,0,0.48904433545118536,0,Lower score,train,in-sample
T101361,CUST9533,2023-08-26 22:43:00,18.92,Utilities,Debit Card,POS,Hyderabad,0,168,493.59,617,No,0,0.07236033863047421,0,0.5009755253683567,0,Lower score,train,in-sample
T101421,CUST2285,2023-08-26 22:45:00,56.62,Utilities,NetBanking,POS,Hyderabad,0,191,295.65,351,No,0,0.07524639264042264,0,0.4937223424644397,0,Lower score,train,in-sample
T101006,CUST7000,2023-08-27 01:18:00,94.28,Entertainment,Debit Card,Desktop,Pune,1,3,64.22,798,No,0,0.6385316028953316,1,0.5274243058867805,1,Model review,train,in-sample
T101733,CUST7791,2023-08-27 03:54:00,44.42,Electronics,UPI,Desktop,Kolkata,0,113,352.62,701,No,0,0.10439151395486174,0,0.4922439690928628,0,Lower score,train,in-sample
T104302,CUST4954,2023-08-27 05:59:00,112.56,Electronics,PayPal,POS,Chennai,0,141,13.1,1317,No,1,0.10030360697528683,0,0.4949140106414626,0,Lower score,train,in-sample
T104733,CUST8166,2023-08-27 13:27:00,211.39,Electronics,Debit Card,POS,Kolkata,0,159,341.52,1859,No,0,0.010137999098453533,0,0.5185356777860796,1,Anomaly review,train,in-sample
T102961,CUST6474,2023-08-27 15:15:00,33.89,Travel,Credit Card,POS,Delhi,0,137,441.09,1281,No,0,0.013120722964210364,0,0.49329823924844324,0,Lower score,train,in-sample
T100349,CUST3309,2023-08-27 15:44:00,78.65,Food,UPI,Desktop,Kolkata,0,68,369.63,1711,No,0,0.014209051895438628,0,0.49718713459332237,0,Lower score,train,in-sample
T103490,CUST6517,2023-08-28 03:02:00,7.07,Electronics,PayPal,Mobile,Chennai,0,92,205.23,868,No,0,0.12602656581300217,0,0.4937600122883225,0,Lower score,train,in-sample
T102271,CUST3726,2023-08-28 04:41:00,38.83,Fashion,Debit Card,Mobile,Pune,0,45,378.07,1593,No,0,0.15377545268774445,0,0.485966403410767,0,Lower score,train,in-sample
T104669,CUST2934,2023-08-28 05:54:00,95.53,Grocery,UPI,Mobile,Bengaluru,0,172,332.74,821,No,0,0.1329587731425798,0,0.4833016837637611,0,Lower score,train,in-sample
T102175,CUST7306,2023-08-28 12:10:00,145.14,Electronics,UPI,Mobile,Kolkata,0,91,457.71,1425,No,0,0.011983423481173879,0,0.496008414594602,0,Lower score,train,in-sample
T103376,CUST4644,2023-08-28 13:23:00,114.45,Travel,NetBanking,Mobile,Bengaluru,0,143,457.07,1551,No,0,0.017417439724742797,0,0.4824167625393124,0,Lower score,train,in-sample
T100501,CUST1302,2023-08-28 14:16:00,61.45,Health,PayPal,Mobile,Bengaluru,0,127,117.15,1526,No,0,0.01252837873356488,0,0.49363250651435864,0,Lower score,train,in-sample
T102003,CUST2832,2023-08-28 16:26:00,22.97,Grocery,PayPal,POS,Pune,0,133,265.4,483,No,0,0.01036249141426145,0,0.4879726188458631,0,Lower score,train,in-sample
T102252,CUST2676,2023-08-28 16:43:00,88.5,Fashion,PayPal,Desktop,Kolkata,0,99,319.25,645,No,0,0.014036077425451455,0,0.49812419360127674,0,Lower score,train,in-sample
T102556,CUST3623,2023-08-28 17:39:00,59.15,Entertainment,PayPal,Mobile,Kolkata,0,136,193.27,396,No,0,0.014839060183137952,0,0.4990729870603959,0,Lower score,train,in-sample
T102995,CUST9618,2023-08-28 18:40:00,160.37,Entertainment,PayPal,POS,Mumbai,0,35,115.79,721,No,0,0.03222145757132619,0,0.49797307767439264,0,Lower score,train,in-sample
T101797,CUST2425,2023-08-28 20:23:00,5.99,Food,Debit Card,Mobile,Chennai,0,23,425.96,381,No,0,0.05488462454320435,0,0.4946340589319536,0,Lower score,train,in-sample
T100789,CUST2471,2023-08-28 20:56:00,235.43,Food,Credit Card,Desktop,Kolkata,0,131,240.38,536,No,0,0.06581781425605517,0,0.5052360957376069,0,Lower score,train,in-sample
T101306,CUST4121,2023-08-28 21:36:00,100.17,Fashion,UPI,Mobile,Kolkata,0,178,338.55,1570,No,0,0.07152641329441423,0,0.4973406393904936,0,Lower score,train,in-sample
T101345,CUST9365,2023-08-29 01:42:00,44.34,Electronics,Credit Card,Mobile,Bengaluru,0,181,251.62,1531,No,0,0.16581837158106058,1,0.48027848637287723,0,Model review,train,in-sample
T104013,CUST1598,2023-08-29 01:51:00,17.2,Entertainment,UPI,POS,Chennai,0,128,206.97,1921,No,1,0.2510233123499558,1,0.49049539815697507,0,Model review,train,in-sample
T103676,CUST1589,2023-08-29 06:01:00,15.24,Grocery,UPI,Desktop,Mumbai,0,160,177.02,1245,No,0,0.13026899282267662,0,0.48824229978553235,0,Lower score,train,in-sample
T102192,CUST7584,2023-08-29 11:38:00,88.87,Entertainment,NetBanking,Mobile,Chennai,0,22,97.73,1795,No,0,0.030983540530536965,0,0.49240542233716966,0,Lower score,train,in-sample
T104120,CUST1211,2023-08-29 14:47:00,27.78,Utilities,UPI,POS,Kolkata,0,175,366.73,843,No,0,0.012208429650056045,0,0.4897584214980458,0,Lower score,train,in-sample
T101787,CUST2630,2023-08-29 19:41:00,76.14,Electronics,NetBanking,Desktop,Hyderabad,0,47,199.82,1033,No,0,0.029554516433651364,0,0.4871294560039504,0,Lower score,train,in-sample
T100413,CUST8121,2023-08-30 01:21:00,68.16,Grocery,Credit Card,Desktop,Hyderabad,0,173,368.43,884,No,1,0.16780671829124386,1,0.48536363205052613,0,Model review,train,in-sample
T100688,CUST7847,2023-08-30 05:06:00,117.4,Food,UPI,POS,Kolkata,0,128,249.61,1432,No,0,0.18001107064838676,1,0.48898376106548186,0,Model review,train,in-sample
T103509,CUST2115,2023-08-30 06:59:00,5.15,Fashion,PayPal,POS,Mumbai,0,159,393.44,517,No,0,0.11413916231403806,0,0.4912742607429399,0,Lower score,train,in-sample
T100583,CUST6915,2023-08-30 07:57:00,31.89,Health,NetBanking,Mobile,Mumbai,0,166,170.7,526,No,0,0.06842993132353423,0,0.4786307295186964,0,Lower score,train,in-sample
T102011,CUST6467,2023-08-30 08:45:00,5.18,Travel,Credit Card,POS,Mumbai,0,117,423.26,1447,No,0,0.06257571893486619,0,0.48924942430828305,0,Lower score,train,in-sample
T102525,CUST2076,2023-08-30 10:15:00,26.14,Grocery,NetBanking,POS,Hyderabad,0,65,174.89,1441,No,0,0.029076377885830135,0,0.47728936261382704,0,Lower score,train,in-sample
T101434,CUST7937,2023-08-30 12:36:00,12.03,Utilities,NetBanking,POS,Kolkata,1,137,441.1,168,No,0,0.10382678965920829,0,0.5198070162155843,1,Anomaly review,train,in-sample
T102887,CUST7822,2023-08-30 13:07:00,42.13,Health,Credit Card,Mobile,Hyderabad,0,171,341.68,1610,No,0,0.015428170398704037,0,0.4817085775346247,0,Lower score,train,in-sample
T104400,CUST1738,2023-08-30 15:21:00,10.53,Utilities,Debit Card,Desktop,Pune,0,173,487.11,583,No,0,0.011648408387517514,0,0.48289228053601513,0,Lower score,train,in-sample
T104348,CUST3887,2023-08-30 16:12:00,139.86,Travel,UPI,POS,Kolkata,0,7,284.59,437,Yes,0,0.017011702383314693,0,0.503182296618216,0,Lower score,train,in-sample
T102592,CUST5677,2023-08-30 18:04:00,64.33,Fashion,PayPal,POS,Delhi,0,56,33.9,908,No,0,0.02656472964838544,0,0.47752107137327027,0,Lower score,train,in-sample
T103111,CUST7285,2023-08-30 18:29:00,22.17,Entertainment,Credit Card,POS,Bengaluru,0,177,405.47,1010,No,0,0.03554371796835091,0,0.48191383737864174,0,Lower score,train,in-sample
T103235,CUST6483,2023-08-30 19:33:00,21.35,Entertainment,PayPal,Desktop,Bengaluru,0,129,439.6,479,No,0,0.04224395707500244,0,0.48796598475035946,0,Lower score,train,in-sample
T100539,CUST4950,2023-08-30 19:47:00,11.06,Grocery,Credit Card,POS,Chennai,0,65,147.3,1542,No,0,0.0420684292601048,0,0.48825724756487704,0,Lower score,train,in-sample
T104255,CUST9977,2023-08-30 19:57:00,85.86,Electronics,Debit Card,Mobile,Delhi,0,48,394.54,1358,No,0,0.030456757460723547,0,0.4862849319345624,0,Lower score,train,in-sample
T100502,CUST8188,2023-08-31 01:35:00,29.63,Fashion,NetBanking,POS,Delhi,0,4,338.38,1043,No,1,0.165467247543435,1,0.4765242092634564,0,Model review,train,in-sample
T102689,CUST9285,2023-08-31 01:45:00,41.44,Fashion,Debit Card,Desktop,Delhi,0,123,482.12,269,No,0,0.16824758565151432,1,0.4767994119334711,0,Model review,train,in-sample
T100113,CUST2479,2023-08-31 02:43:00,132.07,Food,Debit Card,Desktop,Delhi,0,15,444.89,1788,No,0,0.1932477142166916,1,0.48837909149242914,0,Model review,train,in-sample
T102664,CUST9586,2023-08-31 04:32:00,74.87,Health,UPI,Desktop,Delhi,0,97,381.98,563,No,0,0.13646164126230814,0,0.4824292627379918,0,Lower score,train,in-sample
T104226,CUST3273,2023-08-31 05:33:00,36.31,Entertainment,Credit Card,Mobile,Bengaluru,0,106,102.89,1751,No,0,0.14579882573153652,0,0.4829653218326412,0,Lower score,train,in-sample
T102205,CUST1177,2023-08-31 10:43:00,200.16,Travel,Debit Card,Desktop,Bengaluru,0,43,330.28,1306,Yes,0,0.03409014732347066,0,0.507179077293044,0,Lower score,train,in-sample
T102661,CUST5724,2023-08-31 14:02:00,169.73,Electronics,NetBanking,Mobile,Chennai,0,131,395.3,424,No,0,0.011390786136821351,0,0.488212920443608,0,Lower score,train,in-sample
T100284,CUST8585,2023-08-31 14:26:00,69.07,Utilities,PayPal,Mobile,Hyderabad,0,17,94.2,728,No,0,0.009930127496164004,0,0.4801192628865725,0,Lower score,train,in-sample
T101154,CUST2734,2023-08-31 15:18:00,77.11,Entertainment,NetBanking,POS,Kolkata,0,88,146.8,750,No,0,0.010883828908667483,0,0.4874553905109012,0,Lower score,train,in-sample
T101731,CUST3786,2023-08-31 17:51:00,78.23,Grocery,NetBanking,Mobile,Chennai,0,109,130.27,505,No,0,0.01817008381562343,0,0.4860901412178647,0,Lower score,train,in-sample
T103681,CUST2700,2023-08-31 18:09:00,10.73,Food,Debit Card,Mobile,Mumbai,0,13,195.44,92,No,0,0.022952616208423322,0,0.4828934884469115,0,Lower score,train,in-sample
T102748,CUST1794,2023-08-31 20:54:00,133.33,Travel,UPI,Mobile,Mumbai,0,194,177.84,112,No,0,0.06223392709558781,0,0.4974113179216966,0,Lower score,train,in-sample
T104143,CUST8691,2023-08-31 21:37:00,142.47,Entertainment,UPI,POS,Kolkata,0,174,19.84,53,No,0,0.06772029398261903,0,0.5001533022511118,0,Lower score,train,in-sample
T104293,CUST9598,2023-08-31 21:54:00,190.89,Utilities,UPI,POS,Chennai,0,66,38.74,322,No,0,0.095400077934125,0,0.4996611996728223,0,Lower score,train,in-sample
T100072,CUST5894,2023-08-31 22:22:00,0.44,Health,Credit Card,Mobile,Mumbai,0,22,26.6,1392,No,0,0.0715850218662663,0,0.5028123823086248,0,Lower score,train,in-sample
T101028,CUST6052,2023-09-01 00:42:00,30.75,Travel,Credit Card,Desktop,Mumbai,0,81,317.34,422,No,0,0.11646473731898024,0,0.48208883232159894,0,Lower score,train,in-sample
T100180,CUST6557,2023-09-01 03:57:00,33.37,Food,Debit Card,Desktop,Chennai,0,28,89.31,372,No,0,0.15542821085490466,0,0.4743096609724451,0,Lower score,train,in-sample
T103101,CUST4246,2023-09-01 05:20:00,110.39,Electronics,NetBanking,Desktop,Mumbai,0,104,213.68,1148,No,0,0.07963310377594508,0,0.48861777831681896,0,Lower score,train,in-sample
T101266,CUST4345,2023-09-01 06:29:00,39.87,Fashion,PayPal,POS,Kolkata,0,197,144.89,902,No,0,0.06565733482810367,0,0.48882135256037423,0,Lower score,train,in-sample
T101178,CUST8502,2023-09-01 10:03:00,114.51,Food,UPI,POS,Hyderabad,0,40,365.92,237,No,0,0.03273129199531179,0,0.4904361443909483,0,Lower score,train,in-sample
T100455,CUST6109,2023-09-01 12:08:00,54.28,Health,NetBanking,Desktop,Mumbai,0,85,354.09,866,No,0,0.011740024321198222,0,0.4784896634595671,0,Lower score,train,in-sample
T100883,CUST2634,2023-09-01 14:15:00,8.79,Travel,Debit Card,Desktop,Pune,0,97,71.75,349,No,0,0.007836484809157279,0,0.4889205216028404,0,Lower score,train,in-sample
T104719,CUST5364,2023-09-01 17:41:00,202.75,Entertainment,NetBanking,POS,Hyderabad,0,38,91.73,1680,No,0,0.018268620003062935,0,0.49821869989738804,0,Lower score,train,in-sample
T101694,CUST9831,2023-09-01 20:39:00,36.65,Entertainment,Credit Card,Desktop,Delhi,0,73,295.47,1814,No,0,0.035834535326925994,0,0.47982242827294297,0,Lower score,train,in-sample
T101177,CUST9301,2023-09-01 22:49:00,9.05,Entertainment,Debit Card,Desktop,Mumbai,0,40,75.79,273,No,0,0.07593502828921155,0,0.49892892031513003,0,Lower score,train,in-sample
T104117,CUST2865,2023-09-01 23:54:00,41.75,Food,UPI,Mobile,Hyderabad,0,88,257.15,1227,No,0,0.1122076969359581,0,0.48061407667141687,0,Lower score,train,in-sample
T101740,CUST3432,2023-09-02 00:09:00,140.61,Fashion,UPI,Desktop,Pune,1,8,321.5,214,Yes,1,0.6097080911844847,1,0.5340694004891378,1,Model review,train,in-sample
T100213,CUST2864,2023-09-02 01:03:00,20.32,Grocery,UPI,Mobile,Mumbai,0,146,253.14,1137,No,1,0.12816546719374325,0,0.4916901273730742,0,Lower score,train,in-sample
T103053,CUST9336,2023-09-02 02:38:00,27.11,Fashion,PayPal,POS,Chennai,0,106,13.38,947,No,0,0.18558615776310522,1,0.49392543857178567,0,Model review,train,in-sample
T104789,CUST5739,2023-09-02 03:36:00,32.06,Grocery,UPI,Mobile,Hyderabad,0,5,128.27,1853,No,1,0.13311844850444082,0,0.49008972553445024,0,Lower score,train,in-sample
T102988,CUST9288,2023-09-02 08:23:00,101.4,Fashion,NetBanking,Desktop,Delhi,0,173,218.26,1384,No,0,0.056935978007223956,0,0.497777292422002,0,Lower score,train,in-sample
T102630,CUST5075,2023-09-02 08:57:00,80.13,Fashion,PayPal,Mobile,Hyderabad,0,134,407.62,1496,No,0,0.04445998589160402,0,0.48617541597349345,0,Lower score,train,in-sample
T100927,CUST6526,2023-09-02 10:22:00,62.41,Travel,Credit Card,Mobile,Delhi,0,188,42.73,1037,No,0,0.024603031608235418,0,0.49907840860839786,0,Lower score,train,in-sample
T104193,CUST3346,2023-09-02 11:56:00,104.82,Grocery,UPI,Mobile,Delhi,0,22,476.55,1238,No,0,0.014914928581298729,0,0.4927711185138176,0,Lower score,train,in-sample
T104214,CUST5682,2023-09-02 12:33:00,81.24,Food,Debit Card,POS,Delhi,0,160,295.49,1610,No,0,0.01663752898714805,0,0.4976144907560815,0,Lower score,train,in-sample
T100986,CUST5371,2023-09-02 15:48:00,93.28,Grocery,NetBanking,Desktop,Mumbai,0,82,430.84,1901,No,0,0.01108460186520543,0,0.48251951333724696,0,Lower score,train,in-sample
T104739,CUST7448,2023-09-02 18:59:00,77.69,Travel,Debit Card,Mobile,Delhi,0,166,161.42,1221,No,0,0.022972890776656527,0,0.4920308149604012,0,Lower score,train,in-sample
T102681,CUST9237,2023-09-02 20:25:00,144.38,Travel,UPI,Desktop,Delhi,0,194,173.87,65,No,0,0.04495553790042546,0,0.5038642378732534,0,Lower score,train,in-sample
T100176,CUST9755,2023-09-02 21:45:00,93.94,Food,Debit Card,Mobile,Pune,0,177,197.39,174,No,0,0.0659725909076675,0,0.48942677425501185,0,Lower score,train,in-sample
T102179,CUST8462,2023-09-02 22:01:00,57.5,Health,UPI,Mobile,Delhi,0,70,283.31,1481,No,0,0.06056330261152449,0,0.49290504209465946,0,Lower score,train,in-sample
T101716,CUST4210,2023-09-02 23:04:00,4.76,Utilities,Credit Card,Desktop,Kolkata,0,186,431.52,1609,No,0,0.06313088710176601,0,0.5066958758209971,0,Lower score,train,in-sample
T103646,CUST9150,2023-09-03 03:11:00,53.44,Health,NetBanking,Desktop,Bengaluru,1,115,63.26,1959,No,1,0.6546997457645501,1,0.5196020002060374,1,Model review,train,in-sample
T104830,CUST4250,2023-09-03 06:20:00,127.34,Food,NetBanking,Mobile,Bengaluru,0,24,430.7,608,No,0,0.14863008225377447,0,0.4913081928365998,0,Lower score,train,in-sample
T101888,CUST3564,2023-09-03 09:11:00,103.71,Utilities,Debit Card,Mobile,Chennai,0,129,458.47,1047,No,0,0.04775479196297779,0,0.4943673940646418,0,Lower score,train,in-sample
T101971,CUST8137,2023-09-03 12:26:00,142.56,Utilities,NetBanking,POS,Chennai,0,15,50.0,1390,Yes,1,0.020016987183594154,0,0.4957569910589056,0,Lower score,train,in-sample
T102375,CUST2973,2023-09-03 14:00:00,25.77,Utilities,UPI,Mobile,Bengaluru,0,62,479.28,612,No,0,0.014361136212701138,0,0.4917688559148843,0,Lower score,train,in-sample
T103634,CUST6494,2023-09-03 18:22:00,7.88,Health,NetBanking,Mobile,Kolkata,0,4,265.33,153,No,0,0.014577805834374234,0,0.49471286859237834,0,Lower score,train,in-sample
T102006,CUST8728,2023-09-03 20:21:00,47.79,Fashion,UPI,POS,Delhi,0,178,308.13,1787,No,0,0.054200646978368835,0,0.5017860065833635,0,Lower score,train,in-sample
T102030,CUST5416,2023-09-03 21:14:00,17.66,Health,Credit Card,POS,Bengaluru,0,128,273.48,454,No,0,0.06226802394996515,0,0.4907469618162933,0,Lower score,train,in-sample
T102802,CUST5233,2023-09-03 22:16:00,230.17,Travel,UPI,Desktop,Pune,0,13,325.21,1693,No,0,0.1021738933792069,0,0.5121131798746877,0,Lower score,train,in-sample
T103734,CUST6861,2023-09-04 01:14:00,22.66,Food,Credit Card,POS,Pune,0,161,40.57,1847,No,1,0.16999152242182322,1,0.4850906445185941,0,Model review,train,in-sample
T104062,CUST6075,2023-09-04 01:45:00,115.98,Food,Debit Card,Desktop,Delhi,0,137,472.54,278,No,0,0.19598039007617576,1,0.491700774886894,0,Model review,train,in-sample
T101878,CUST7397,2023-09-04 02:40:00,28.25,Health,PayPal,POS,Kolkata,0,175,388.7,832,No,0,0.1195471474827552,0,0.4878292097695667,0,Lower score,train,in-sample
T103349,CUST5869,2023-09-04 03:33:00,22.11,Entertainment,Debit Card,Desktop,Chennai,0,36,469.08,108,No,0,0.19821605299592504,1,0.48083143041424886,0,Model review,train,in-sample
T102066,CUST7353,2023-09-04 07:25:00,17.99,Fashion,Credit Card,Mobile,Bengaluru,0,68,82.6,1824,No,0,0.10221656129463712,0,0.4853452191628316,0,Lower score,train,in-sample
T104742,CUST7712,2023-09-04 08:35:00,2.9,Fashion,UPI,Desktop,Pune,1,152,490.22,971,No,1,0.35183145478621597,1,0.5282193398785697,1,Model review,train,in-sample
T103668,CUST4001,2023-09-04 09:24:00,2.02,Health,Debit Card,Mobile,Pune,0,150,361.58,904,No,0,0.02958024848181942,0,0.5035402022285805,0,Lower score,train,in-sample
T100489,CUST9652,2023-09-04 11:21:00,176.77,Food,NetBanking,Mobile,Kolkata,0,57,229.7,121,No,0,0.023011039835990583,0,0.48487888822442743,0,Lower score,train,in-sample
T100384,CUST5636,2023-09-04 23:26:00,106.26,Utilities,Credit Card,POS,Mumbai,1,11,356.42,924,No,0,0.5658510549132831,1,0.5172428042643155,1,Model review,train,in-sample
T101510,CUST9369,2023-09-05 01:04:00,134.13,Utilities,UPI,Desktop,Hyderabad,0,132,480.91,1050,No,0,0.19654578116479332,1,0.49383853055551563,0,Model review,train,in-sample
T104712,CUST3463,2023-09-05 03:47:00,23.73,Food,Debit Card,Mobile,Hyderabad,0,28,202.72,413,No,1,0.21118685359251904,1,0.4805349966735749,0,Model review,train,in-sample
T102717,CUST2805,2023-09-05 10:05:00,292.57,Grocery,NetBanking,Desktop,Pune,0,34,17.06,529,No,0,0.04042080885242679,0,0.5066068725621403,0,Lower score,train,in-sample
T102335,CUST4299,2023-09-05 10:19:00,38.74,Travel,PayPal,Desktop,Mumbai,0,86,107.16,196,No,0,0.0344400203644123,0,0.4885040588928405,0,Lower score,train,in-sample
T104106,CUST3191,2023-09-05 16:08:00,268.89,Entertainment,PayPal,POS,Mumbai,0,165,254.91,1272,No,0,0.025931360160568333,0,0.5104466162861873,0,Lower score,train,in-sample
T100045,CUST2739,2023-09-05 19:28:00,86.9,Entertainment,UPI,POS,Kolkata,0,196,27.44,1620,No,0,0.039595457124765414,0,0.4924396976387926,0,Lower score,train,in-sample
T100990,CUST1981,2023-09-05 20:48:00,128.52,Grocery,UPI,Desktop,Pune,0,92,263.18,253,No,0,0.05701131934178875,0,0.47856222472747884,0,Lower score,train,in-sample
T102975,CUST8911,2023-09-05 20:57:00,2.04,Travel,Debit Card,Mobile,Pune,0,32,235.61,379,No,0,0.05335905039280684,0,0.5108708429457393,0,Lower score,train,in-sample
T102723,CUST4919,2023-09-05 21:06:00,49.0,Fashion,PayPal,Desktop,Bengaluru,0,170,267.8,848,No,0,0.08336155550692673,0,0.4825164741721243,0,Lower score,train,in-sample
T100418,CUST1582,2023-09-06 02:15:00,89.31,Food,PayPal,POS,Delhi,0,57,274.54,1951,No,1,0.21282687570300238,1,0.4740395767172531,0,Model review,train,in-sample
T104713,CUST2415,2023-09-06 03:13:00,111.58,Electronics,UPI,Desktop,Chennai,0,44,56.17,1597,No,0,0.19042042104587892,1,0.48427431923694564,0,Model review,train,in-sample
T104772,CUST3969,2023-09-06 05:15:00,21.4,Electronics,NetBanking,POS,Pune,0,60,245.95,878,No,0,0.10021098719225394,0,0.48114163483592143,0,Lower score,train,in-sample
T101197,CUST9715,2023-09-06 07:31:00,277.59,Food,NetBanking,Mobile,Hyderabad,0,108,132.16,280,Yes,0,0.12965734780436575,0,0.4931480717764176,0,Lower score,train,in-sample
T102138,CUST2377,2023-09-06 08:53:00,16.6,Food,PayPal,Mobile,Hyderabad,0,25,348.79,1041,No,0,0.055460011231387614,0,0.48030685434750436,0,Lower score,train,in-sample
T100537,CUST6142,2023-09-06 10:57:00,22.73,Travel,PayPal,Mobile,Mumbai,0,117,33.38,1261,No,0,0.026315732232441685,0,0.49273164347063475,0,Lower score,train,in-sample
T102332,CUST2082,2023-09-06 12:24:00,74.07,Electronics,Credit Card,Mobile,Pune,0,106,296.94,692,No,0,0.012968178387581599,0,0.479974078182482,0,Lower score,train,in-sample
T100369,CUST6008,2023-09-06 15:17:00,5.75,Entertainment,NetBanking,Mobile,Mumbai,0,99,152.06,280,No,0,0.01604481668870947,0,0.49806986553411664,0,Lower score,train,in-sample
T104362,CUST3541,2023-09-06 15:56:00,115.41,Fashion,UPI,Mobile,Pune,1,126,148.24,1134,No,0,0.15679874264406934,0,0.5215947225669729,1,Anomaly review,train,in-sample
T101710,CUST7125,2023-09-06 18:44:00,13.19,Entertainment,NetBanking,Desktop,Chennai,0,68,261.25,514,No,0,0.03441430592196963,0,0.48626337744876286,0,Lower score,train,in-sample
T104664,CUST9413,2023-09-06 18:52:00,141.55,Grocery,NetBanking,Mobile,Delhi,0,173,50.19,946,No,0,0.02742033716402171,0,0.481268879604162,0,Lower score,train,in-sample
T101499,CUST2273,2023-09-06 21:36:00,159.22,Food,UPI,Mobile,Pune,0,165,64.78,1876,No,0,0.09920831590263485,0,0.49482491228015346,0,Lower score,train,in-sample
T104969,CUST7337,2023-09-06 22:30:00,44.56,Grocery,Credit Card,Desktop,Mumbai,0,22,69.08,1646,No,0,0.09611761989107327,0,0.47943413941818475,0,Lower score,train,in-sample
T101012,CUST6829,2023-09-06 22:35:00,230.68,Utilities,Debit Card,Mobile,Bengaluru,0,13,169.84,1021,No,0,0.13409697075968122,0,0.49731801506401246,0,Lower score,train,in-sample
T102263,CUST1022,2023-09-07 00:43:00,46.87,Grocery,PayPal,Desktop,Delhi,0,10,250.77,1485,No,0,0.10418090295931645,0,0.48077053880254667,0,Lower score,train,in-sample
T104717,CUST6651,2023-09-07 01:16:00,436.57,Entertainment,Credit Card,Desktop,Pune,0,94,301.63,271,No,0,0.23457377807569085,1,0.5244192318270309,1,Model review,train,in-sample
T103664,CUST9553,2023-09-07 01:25:00,64.09,Grocery,PayPal,POS,Delhi,0,105,153.71,520,No,0,0.1214210844339209,0,0.4799853134822392,0,Lower score,train,in-sample
T101630,CUST9453,2023-09-07 07:54:00,112.9,Electronics,Debit Card,Mobile,Bengaluru,0,117,144.8,790,No,0,0.0540766755978698,0,0.4864729193351917,0,Lower score,train,in-sample
T102614,CUST1209,2023-09-07 15:45:00,30.42,Utilities,Credit Card,POS,Mumbai,0,36,430.98,1446,No,0,0.012563312004307216,0,0.4754266192892245,0,Lower score,train,in-sample
T102798,CUST8577,2023-09-07 17:22:00,317.82,Food,Debit Card,Mobile,Chennai,0,87,298.21,232,No,0,0.031784818651145554,0,0.5149920554382081,0,Lower score,train,in-sample
T101524,CUST5334,2023-09-07 17:51:00,53.22,Food,Debit Card,Mobile,Kolkata,0,13,397.86,1386,No,0,0.016661759897413378,0,0.4723970967373936,0,Lower score,train,in-sample
T104017,CUST4632,2023-09-07 17:56:00,180.83,Health,UPI,Desktop,Bengaluru,0,74,237.2,281,No,0,0.02522519055745559,0,0.5021166943891558,0,Lower score,train,in-sample
T101709,CUST9358,2023-09-07 18:57:00,84.03,Travel,Credit Card,Mobile,Hyderabad,0,130,418.13,1789,No,0,0.026830853713426656,0,0.48513302663346214,0,Lower score,train,in-sample
T104999,CUST1080,2023-09-07 21:20:00,72.77,Entertainment,UPI,Mobile,Bengaluru,0,146,30.23,699,No,0,0.07672636769398071,0,0.4866615630874497,0,Lower score,train,in-sample
T102035,CUST1798,2023-09-07 23:46:00,34.4,Fashion,Debit Card,POS,Mumbai,0,32,312.03,273,No,0,0.14199800863154358,0,0.48500326002015287,0,Lower score,train,in-sample
T102284,CUST9812,2023-09-08 02:53:00,12.07,Travel,Debit Card,POS,Bengaluru,0,62,431.34,603,No,0,0.14411071323962746,0,0.49202601497134907,0,Lower score,train,in-sample
T104330,CUST8180,2023-09-08 04:03:00,26.32,Travel,PayPal,POS,Kolkata,0,11,124.75,1463,No,0,0.09010836846681339,0,0.49102043193642975,0,Lower score,train,in-sample
T101188,CUST1004,2023-09-08 05:29:00,28.64,Electronics,NetBanking,Desktop,Delhi,0,48,454.34,49,No,0,0.06133682845760243,0,0.4878527149743736,0,Lower score,train,in-sample
T102217,CUST4628,2023-09-08 09:01:00,26.45,Utilities,UPI,Mobile,Hyderabad,0,110,382.16,870,No,0,0.030179587706495564,0,0.48570343067452393,0,Lower score,train,in-sample
T103467,CUST6053,2023-09-08 10:26:00,88.15,Utilities,PayPal,POS,Pune,0,22,453.88,1640,No,0,0.016285645655752794,0,0.4894228523323927,0,Lower score,train,in-sample
T104530,CUST4744,2023-09-08 12:16:00,25.05,Health,Debit Card,Mobile,Kolkata,0,155,102.25,1000,No,0,0.00814036453433871,0,0.48954826930918705,0,Lower score,train,in-sample
T104075,CUST1291,2023-09-08 13:48:00,68.52,Utilities,NetBanking,Mobile,Pune,0,63,75.81,1780,No,0,0.007606294686569698,0,0.46807516368082736,0,Lower score,train,in-sample
T101686,CUST1788,2023-09-08 14:23:00,204.86,Health,UPI,Desktop,Delhi,0,191,66.98,1530,No,0,0.01062656240325548,0,0.5027955690119633,0,Lower score,train,in-sample
T100352,CUST3366,2023-09-08 17:00:00,86.0,Utilities,NetBanking,Desktop,Kolkata,0,140,90.75,1882,No,0,0.008388527942585575,0,0.47392013759500745,0,Lower score,train,in-sample
T101597,CUST5142,2023-09-08 19:38:00,6.62,Food,PayPal,Mobile,Pune,0,23,41.25,49,No,0,0.021532849514437322,0,0.49279331179340713,0,Lower score,train,in-sample
T101929,CUST1248,2023-09-08 19:41:00,5.36,Fashion,Debit Card,Desktop,Chennai,0,195,441.28,1167,No,0,0.03153233414956057,0,0.4940243632362987,0,Lower score,train,in-sample
T101641,CUST5395,2023-09-09 00:20:00,147.63,Grocery,UPI,Mobile,Kolkata,0,47,289.2,1034,No,0,0.10225247763144193,0,0.49714254140534414,0,Lower score,train,in-sample
T100004,CUST8831,2023-09-09 00:46:00,13.57,Utilities,Credit Card,Desktop,Bengaluru,0,57,437.03,754,No,0,0.13218509035614445,0,0.5035903596641444,0,Lower score,train,in-sample
T101357,CUST1953,2023-09-09 01:04:00,43.82,Entertainment,Credit Card,Mobile,Bengaluru,0,67,254.5,945,No,0,0.1670673675744616,1,0.4986181072171733,0,Model review,train,in-sample
T101252,CUST6663,2023-09-09 02:12:00,9.98,Entertainment,NetBanking,Desktop,Pune,0,116,168.79,1959,No,0,0.13572735328866214,0,0.49217214729912034,0,Lower score,train,in-sample
T101247,CUST1023,2023-09-09 02:15:00,2.65,Utilities,Credit Card,Mobile,Hyderabad,0,79,391.34,1195,No,0,0.13060952894077302,0,0.5125158557246628,0,Lower score,train,in-sample
T102963,CUST9861,2023-09-09 02:38:00,307.27,Grocery,Debit Card,POS,Kolkata,0,90,464.07,263,No,0,0.1532981408573748,0,0.5328393646065729,1,Anomaly review,train,in-sample
T103250,CUST6531,2023-09-09 07:51:00,60.83,Fashion,NetBanking,Mobile,Chennai,0,190,399.9,953,No,0,0.07752912156397761,0,0.48633168898807644,0,Lower score,train,in-sample
T101865,CUST6839,2023-09-09 09:01:00,221.66,Utilities,PayPal,POS,Chennai,1,51,22.85,444,No,1,0.31992527177666213,1,0.5480931615483676,1,Model review,train,in-sample
T104249,CUST8038,2023-09-09 12:08:00,278.74,Food,Debit Card,POS,Bengaluru,0,70,341.7,383,No,0,0.029385111342529302,0,0.5217264325561608,1,Anomaly review,train,in-sample
T101538,CUST9027,2023-09-09 13:04:00,16.02,Electronics,Debit Card,Mobile,Delhi,1,161,487.78,1571,No,1,0.06658734132632196,0,0.5304566910392392,1,Anomaly review,train,in-sample
T104527,CUST8325,2023-09-09 13:45:00,195.39,Health,NetBanking,Desktop,Chennai,0,31,355.67,481,No,0,0.014572529249170465,0,0.5021649869507495,0,Lower score,train,in-sample
T100085,CUST3641,2023-09-09 13:55:00,31.47,Grocery,PayPal,POS,Chennai,0,168,313.26,504,No,0,0.01058902083622439,0,0.4899039112782337,0,Lower score,train,in-sample
T104239,CUST7977,2023-09-09 14:43:00,32.2,Entertainment,NetBanking,POS,Delhi,0,69,340.18,516,No,0,0.011232761985862094,0,0.49274985774953256,0,Lower score,train,in-sample
T100066,CUST3125,2023-09-09 16:36:00,12.15,Fashion,PayPal,POS,Hyderabad,0,165,385.1,1255,No,0,0.013746283815606703,0,0.4932286313902079,0,Lower score,train,in-sample
T104168,CUST2742,2023-09-09 21:45:00,30.26,Fashion,NetBanking,Mobile,Pune,0,58,246.61,1652,No,0,0.05969404978760274,0,0.4862909965653391,0,Lower score,train,in-sample
T100392,CUST1027,2023-09-09 23:23:00,37.22,Health,Debit Card,Desktop,Hyderabad,0,175,493.16,927,No,0,0.08569302553910231,0,0.4894945247481014,0,Lower score,train,in-sample
T104730,CUST4970,2023-09-10 00:37:00,10.26,Health,Credit Card,POS,Kolkata,0,41,208.06,911,No,0,0.10799025650351124,0,0.5000136700954887,0,Lower score,train,in-sample
T100404,CUST6881,2023-09-10 02:02:00,30.86,Food,NetBanking,POS,Kolkata,0,38,404.04,1257,No,1,0.15647364249121412,0,0.49997375344895806,0,Lower score,train,in-sample
T104598,CUST4071,2023-09-10 02:09:00,41.58,Food,Credit Card,Desktop,Bengaluru,0,20,247.71,691,No,0,0.2230641480632196,1,0.4947018867132346,0,Model review,train,in-sample
T104037,CUST2426,2023-09-10 02:46:00,126.32,Utilities,Debit Card,Desktop,Kolkata,0,101,208.26,76,No,0,0.14142022225828907,0,0.4944957039294632,0,Lower score,train,in-sample
T104092,CUST2155,2023-09-10 03:58:00,52.09,Fashion,UPI,Desktop,Kolkata,0,163,305.45,1225,No,0,0.16617886793185938,1,0.49530663996413327,0,Model review,train,in-sample
T103507,CUST8282,2023-09-10 04:12:00,50.04,Utilities,NetBanking,Mobile,Pune,0,36,222.66,1926,No,0,0.12771785712578268,0,0.48168580501355646,0,Lower score,train,in-sample
T104780,CUST6834,2023-09-10 04:54:00,5.65,Utilities,PayPal,Desktop,Bengaluru,1,69,311.88,1610,No,1,0.5758716292164777,1,0.5427341916245966,1,Model review,train,in-sample
T103211,CUST9144,2023-09-10 11:04:00,89.58,Food,PayPal,Mobile,Mumbai,0,66,141.54,1547,No,0,0.027939480655377904,0,0.48397259908792295,0,Lower score,train,in-sample
T100134,CUST2593,2023-09-10 11:10:00,229.05,Fashion,Debit Card,Desktop,Delhi,0,83,207.18,1772,No,0,0.032552111065011324,0,0.5189687250709876,1,Anomaly review,train,in-sample
T100837,CUST5284,2023-09-10 12:40:00,36.0,Food,UPI,Desktop,Kolkata,0,127,419.55,601,No,0,0.015586664444732876,0,0.4993462001218975,0,Lower score,train,in-sample
T103479,CUST8827,2023-09-10 13:51:00,41.12,Utilities,Debit Card,Mobile,Hyderabad,0,172,421.51,1881,No,0,0.011688220790845218,0,0.48552857624312057,0,Lower score,train,in-sample
T102001,CUST3943,2023-09-10 16:33:00,22.69,Electronics,Credit Card,POS,Delhi,0,142,337.43,1601,No,0,0.01030704136739977,0,0.49164298400489587,0,Lower score,train,in-sample
T101143,CUST8907,2023-09-10 17:01:00,66.73,Fashion,Credit Card,POS,Pune,0,77,22.2,520,No,0,0.019148016470815564,0,0.4964567661011896,0,Lower score,train,in-sample
T103301,CUST5200,2023-09-10 20:08:00,469.75,Entertainment,Debit Card,POS,Chennai,0,69,101.85,1225,No,0,0.09212284039224872,0,0.5477725003387738,1,Anomaly review,train,in-sample
T102598,CUST5665,2023-09-10 23:00:00,26.76,Health,Debit Card,Mobile,Hyderabad,0,38,35.36,1728,No,0,0.08707616504729886,0,0.48888795271884633,0,Lower score,train,in-sample
T102929,CUST9540,2023-09-10 23:39:00,39.96,Utilities,Debit Card,Mobile,Chennai,0,167,423.73,660,No,0,0.12130236503845232,0,0.48634821645108256,0,Lower score,train,in-sample
T103254,CUST7295,2023-09-10 23:44:00,32.9,Travel,Credit Card,Desktop,Mumbai,0,123,121.62,170,No,0,0.13134308459367253,0,0.49010192909418127,0,Lower score,train,in-sample
T100627,CUST6177,2023-09-10 23:52:00,110.1,Health,Credit Card,Desktop,Mumbai,0,140,169.53,1615,No,0,0.13472499649481354,0,0.49638366083111773,0,Lower score,train,in-sample
T102744,CUST5392,2023-09-11 01:59:00,77.92,Utilities,NetBanking,Mobile,Mumbai,0,74,96.21,1668,No,0,0.1641868335804257,1,0.4762362954297658,0,Model review,train,in-sample
T102782,CUST1020,2023-09-11 02:42:00,317.88,Electronics,Debit Card,Mobile,Pune,0,22,468.34,146,No,0,0.1599714983435738,1,0.5208896974635174,1,Model review,train,in-sample
T102245,CUST1814,2023-09-11 05:17:00,58.96,Travel,Debit Card,Mobile,Chennai,1,19,464.02,1263,No,1,0.6233491942840232,1,0.5222493635038062,1,Model review,validation,selection/tuning
T102877,CUST9343,2023-09-11 08:58:00,18.32,Grocery,Credit Card,Desktop,Kolkata,0,125,454.44,1148,No,0,0.031354636891263395,0,0.48174621220516795,0,Lower score,validation,selection/tuning
T104937,CUST9124,2023-09-11 09:21:00,67.32,Entertainment,NetBanking,POS,Hyderabad,0,77,153.88,1132,No,0,0.04534503635218981,0,0.48998181524222145,0,Lower score,validation,selection/tuning
T101837,CUST7873,2023-09-11 11:01:00,33.03,Utilities,Debit Card,Desktop,Delhi,0,69,77.73,76,No,0,0.01961955719577562,0,0.4849965793781247,0,Lower score,validation,selection/tuning
T103544,CUST1585,2023-09-11 11:58:00,160.0,Health,PayPal,POS,Chennai,0,128,453.16,82,No,0,0.02137177040256986,0,0.4922433755574365,0,Lower score,validation,selection/tuning
T102562,CUST9987,2023-09-11 15:46:00,4.12,Travel,Debit Card,Mobile,Pune,0,127,341.38,90,No,0,0.01128953472453172,0,0.502873059157374,0,Lower score,validation,selection/tuning
T102965,CUST7030,2023-09-11 16:13:00,96.63,Utilities,NetBanking,POS,Hyderabad,0,109,375.02,204,No,0,0.013853138551688994,0,0.4803213940471503,0,Lower score,validation,selection/tuning
T104679,CUST2005,2023-09-11 17:18:00,79.84,Travel,NetBanking,Mobile,Hyderabad,0,197,141.05,1588,No,0,0.017446188194766534,0,0.4823014539206068,0,Lower score,validation,selection/tuning
T100483,CUST1095,2023-09-11 19:45:00,79.01,Travel,Debit Card,POS,Delhi,0,95,168.72,261,No,0,0.03630757471352819,0,0.49328583589399344,0,Lower score,validation,selection/tuning
T102886,CUST9762,2023-09-11 23:13:00,56.57,Travel,Credit Card,Mobile,Chennai,0,140,147.16,181,Yes,1,0.1279632154504024,0,0.48737108559681247,0,Lower score,validation,selection/tuning
T100565,CUST8915,2023-09-12 04:22:00,71.31,Entertainment,NetBanking,Desktop,Kolkata,0,143,327.32,201,No,0,0.16227288929481026,1,0.4884464640241444,0,Model review,validation,selection/tuning
T103425,CUST8528,2023-09-12 04:37:00,77.31,Food,Debit Card,Mobile,Mumbai,0,88,230.53,56,No,1,0.21858181106252383,1,0.4766571703054224,0,Model review,validation,selection/tuning
T100726,CUST9481,2023-09-12 08:29:00,12.04,Health,Debit Card,Desktop,Mumbai,0,12,222.07,1183,No,0,0.059719769062862166,0,0.48615171527727796,0,Lower score,validation,selection/tuning
T104960,CUST9899,2023-09-12 09:35:00,63.12,Food,Debit Card,Desktop,Chennai,0,197,361.32,1990,No,0,0.06195301094191746,0,0.4794865324076817,0,Lower score,validation,selection/tuning
T100331,CUST5412,2023-09-12 21:30:00,113.45,Entertainment,Debit Card,POS,Mumbai,0,28,397.58,240,No,0,0.09951317339895513,0,0.4928581528460353,0,Lower score,validation,selection/tuning
T101530,CUST7499,2023-09-12 21:43:00,29.84,Electronics,UPI,POS,Kolkata,0,173,306.78,603,No,0,0.0514932058377263,0,0.4852592664970996,0,Lower score,validation,selection/tuning
T100824,CUST4915,2023-09-12 21:53:00,61.67,Fashion,Debit Card,Mobile,Hyderabad,0,33,138.0,1735,No,0,0.10139430885381871,0,0.4758209681628134,0,Lower score,validation,selection/tuning
T103992,CUST6908,2023-09-12 22:41:00,111.7,Electronics,PayPal,POS,Hyderabad,0,123,98.67,1382,No,0,0.08242067484067925,0,0.4774268635503487,0,Lower score,validation,selection/tuning
T103572,CUST4269,2023-09-12 23:36:00,146.66,Electronics,PayPal,POS,Bengaluru,0,26,172.13,1107,No,0,0.12622223475905803,0,0.48083569331293313,0,Lower score,validation,selection/tuning
T103142,CUST9910,2023-09-13 02:12:00,70.25,Fashion,UPI,POS,Kolkata,0,4,339.53,1402,No,1,0.20819571116437832,1,0.4833709744545724,0,Model review,validation,selection/tuning
T100695,CUST3585,2023-09-13 02:48:00,75.46,Food,UPI,Desktop,Kolkata,0,113,463.91,1919,No,0,0.20361732095180277,1,0.48659377644939,0,Model review,validation,selection/tuning
T102488,CUST8974,2023-09-13 03:02:00,71.08,Utilities,UPI,Mobile,Delhi,0,38,45.04,1703,No,0,0.18664071723650866,1,0.48033196736993355,0,Model review,validation,selection/tuning
T102394,CUST9431,2023-09-13 05:26:00,176.65,Fashion,NetBanking,Desktop,Mumbai,0,150,311.81,171,No,0,0.20838117718561294,1,0.4905932623132293,0,Model review,validation,selection/tuning
T101654,CUST2978,2023-09-13 08:18:00,7.34,Entertainment,PayPal,Mobile,Mumbai,0,185,452.39,1250,No,0,0.06661091395031915,0,0.5080448203729594,0,Lower score,validation,selection/tuning
T102008,CUST7576,2023-09-13 08:28:00,5.41,Electronics,Debit Card,Desktop,Bengaluru,0,73,333.9,303,No,0,0.04884055874000614,0,0.4964486246648534,0,Lower score,validation,selection/tuning
T104546,CUST1189,2023-09-13 09:17:00,1.12,Entertainment,Debit Card,Mobile,Delhi,0,95,482.74,1096,No,0,0.04540530314940875,0,0.5041696323316817,0,Lower score,validation,selection/tuning
T103255,CUST8857,2023-09-13 09:24:00,12.33,Fashion,UPI,Mobile,Delhi,0,42,417.09,1059,No,0,0.052549119427234385,0,0.48579813550197587,0,Lower score,validation,selection/tuning
T103729,CUST1885,2023-09-13 10:47:00,72.35,Fashion,UPI,Desktop,Bengaluru,0,77,36.83,949,No,0,0.04504724105023892,0,0.48120410830927385,0,Lower score,validation,selection/tuning
T103614,CUST9497,2023-09-13 13:15:00,36.63,Food,PayPal,Desktop,Kolkata,0,28,17.52,1579,No,0,0.013960706929723704,0,0.4838705424494832,0,Lower score,validation,selection/tuning
T100724,CUST2451,2023-09-13 13:20:00,68.35,Travel,Debit Card,POS,Mumbai,1,92,334.24,1928,No,0,0.1487463913171288,0,0.5189126723987064,1,Anomaly review,validation,selection/tuning
T100326,CUST2975,2023-09-13 17:29:00,64.66,Utilities,Credit Card,POS,Bengaluru,0,158,262.44,1835,No,0,0.02413244698864348,0,0.47956006117573746,0,Lower score,validation,selection/tuning
T101173,CUST9612,2023-09-13 19:37:00,24.07,Food,UPI,POS,Chennai,0,66,322.29,1802,No,0,0.05749690499594654,0,0.4851087153952439,0,Lower score,validation,selection/tuning
T102590,CUST2641,2023-09-13 20:16:00,138.32,Electronics,Debit Card,Mobile,Pune,0,170,91.71,501,No,0,0.034700321222933685,0,0.4869891254389716,0,Lower score,validation,selection/tuning
T103860,CUST3610,2023-09-13 20:44:00,134.85,Health,NetBanking,Mobile,Delhi,0,55,261.81,1111,No,0,0.052972736911640075,0,0.48168473294499287,0,Lower score,validation,selection/tuning
T100056,CUST3212,2023-09-13 20:55:00,7.41,Food,UPI,POS,Mumbai,0,173,383.31,805,No,0,0.07991406469802971,0,0.4927258548225349,0,Lower score,validation,selection/tuning
T102948,CUST5788,2023-09-13 23:57:00,36.87,Health,Debit Card,Desktop,Hyderabad,0,37,195.37,1512,No,0,0.129475214310168,0,0.47883471082076023,0,Lower score,validation,selection/tuning
T101136,CUST7417,2023-09-14 00:41:00,152.42,Grocery,PayPal,POS,Chennai,0,114,144.54,705,No,0,0.14770636566065412,0,0.49732776367603737,0,Lower score,validation,selection/tuning
T102764,CUST8205,2023-09-14 00:52:00,11.54,Electronics,Debit Card,Desktop,Bengaluru,0,85,347.81,369,No,0,0.11022398029290749,0,0.4958982438519148,0,Lower score,validation,selection/tuning
T102943,CUST7883,2023-09-14 01:08:00,100.26,Travel,NetBanking,Mobile,Pune,0,153,154.19,1835,No,0,0.1364856948191716,0,0.48447304954678516,0,Lower score,validation,selection/tuning
T100699,CUST8384,2023-09-14 03:43:00,52.49,Travel,Credit Card,Mobile,Chennai,0,38,395.63,1322,No,0,0.1817603960672984,1,0.4888819355600349,0,Model review,validation,selection/tuning
T103282,CUST6092,2023-09-14 06:10:00,154.47,Travel,PayPal,POS,Kolkata,0,175,155.22,126,No,0,0.09126447554546432,0,0.5023557337451544,0,Lower score,validation,selection/tuning
T104822,CUST6716,2023-09-14 08:06:00,37.86,Entertainment,Credit Card,Desktop,Mumbai,0,119,321.51,1840,No,0,0.06744669885314865,0,0.4811295070309635,0,Lower score,validation,selection/tuning
T101845,CUST2974,2023-09-14 09:31:00,22.03,Fashion,UPI,Mobile,Chennai,0,10,235.64,1684,No,0,0.04973894812772418,0,0.48762118176576197,0,Lower score,validation,selection/tuning
T103029,CUST1867,2023-09-14 15:00:00,80.04,Grocery,NetBanking,Mobile,Chennai,0,194,331.21,1298,No,0,0.011960421851125929,0,0.488120344433506,0,Lower score,validation,selection/tuning
T103071,CUST5531,2023-09-14 15:14:00,75.33,Travel,PayPal,Desktop,Mumbai,0,79,178.25,783,No,0,0.012306244662557735,0,0.4836415027383163,0,Lower score,validation,selection/tuning
T104169,CUST3281,2023-09-14 17:24:00,8.13,Travel,Credit Card,Mobile,Chennai,0,146,486.8,1915,No,0,0.018392800368235443,0,0.4967466404682423,0,Lower score,validation,selection/tuning
T103204,CUST6138,2023-09-14 17:58:00,90.39,Fashion,NetBanking,Mobile,Kolkata,0,55,329.73,159,No,0,0.017893941428881982,0,0.47711171102676414,0,Lower score,validation,selection/tuning
T104774,CUST1325,2023-09-14 19:24:00,32.92,Utilities,Credit Card,Mobile,Delhi,0,111,114.18,1252,No,0,0.024586532319964726,0,0.478773588311195,0,Lower score,validation,selection/tuning
T102785,CUST2374,2023-09-14 20:25:00,22.16,Electronics,NetBanking,POS,Pune,0,37,386.88,1110,No,0,0.02511850971607873,0,0.4813662598745616,0,Lower score,validation,selection/tuning
T102669,CUST9505,2023-09-14 21:22:00,30.34,Health,UPI,Desktop,Chennai,0,31,287.2,1438,No,0,0.06208251530366545,0,0.4823391302271245,0,Lower score,validation,selection/tuning
T100466,CUST2535,2023-09-14 21:54:00,26.92,Electronics,Debit Card,Desktop,Delhi,0,96,82.07,1178,No,0,0.043937909664916605,0,0.48758967665282665,0,Lower score,validation,selection/tuning
T100078,CUST5054,2023-09-14 23:55:00,35.51,Food,NetBanking,Desktop,Bengaluru,0,20,115.29,1408,No,0,0.14745785045146398,0,0.475059488177846,0,Lower score,validation,selection/tuning
T103986,CUST3930,2023-09-15 01:03:00,8.02,Health,Debit Card,Desktop,Hyderabad,0,84,127.22,1705,No,0,0.09666411856150861,0,0.4962375004487474,0,Lower score,validation,selection/tuning
T101424,CUST5609,2023-09-15 02:58:00,345.18,Food,PayPal,POS,Mumbai,0,103,438.63,1964,No,0,0.21304957521192885,1,0.5212487720986178,1,Model review,validation,selection/tuning
T102964,CUST5930,2023-09-15 04:28:00,155.33,Travel,Credit Card,Desktop,Kolkata,0,155,493.12,1064,No,0,0.10972634545539221,0,0.4991570372718413,0,Lower score,validation,selection/tuning
T103795,CUST4979,2023-09-15 05:10:00,86.0,Food,NetBanking,Mobile,Kolkata,0,128,224.79,1034,No,0,0.09569582014642805,0,0.475583009156252,0,Lower score,validation,selection/tuning
T101148,CUST7565,2023-09-15 07:05:00,152.08,Electronics,NetBanking,Mobile,Delhi,0,16,285.78,719,No,0,0.046602414132548946,0,0.4928620427338151,0,Lower score,validation,selection/tuning
T102294,CUST1136,2023-09-15 14:12:00,0.44,Health,Credit Card,Desktop,Hyderabad,0,192,420.92,1771,Yes,0,0.007950747188293202,0,0.4987328180819427,0,Lower score,validation,selection/tuning
T101620,CUST3485,2023-09-15 20:59:00,50.07,Grocery,Credit Card,POS,Hyderabad,0,145,256.86,119,No,0,0.03540984040029112,0,0.49022715967198655,0,Lower score,validation,selection/tuning
T100060,CUST4067,2023-09-15 21:56:00,39.37,Health,Debit Card,Desktop,Hyderabad,0,130,271.86,187,No,0,0.046717262325227105,0,0.4858303023961436,0,Lower score,validation,selection/tuning
T104259,CUST4650,2023-09-16 00:07:00,40.96,Food,Credit Card,Desktop,Bengaluru,1,36,293.96,306,No,0,0.6208823096360393,1,0.5244815678126238,1,Model review,validation,selection/tuning
T101707,CUST4159,2023-09-16 00:42:00,19.47,Travel,Debit Card,Mobile,Pune,0,168,271.1,1332,No,0,0.11074152264996219,0,0.4893715921512299,0,Lower score,validation,selection/tuning
T101465,CUST7494,2023-09-16 01:10:00,3.95,Food,NetBanking,Desktop,Kolkata,0,185,326.47,1259,No,0,0.11762155736848005,0,0.5031097434467042,0,Lower score,validation,selection/tuning
T100292,CUST3048,2023-09-16 09:27:00,138.35,Grocery,UPI,Mobile,Mumbai,0,119,384.97,874,No,0,0.037590385291119,0,0.4956242917137976,0,Lower score,validation,selection/tuning
T101129,CUST4453,2023-09-16 10:53:00,24.06,Travel,PayPal,Mobile,Kolkata,0,131,368.38,1629,No,0,0.014612332850790687,0,0.4990705655078505,0,Lower score,validation,selection/tuning
T101503,CUST1002,2023-09-16 13:11:00,33.39,Food,Credit Card,POS,Chennai,1,66,381.61,654,No,0,0.14089597329937545,0,0.5267393666826204,1,Anomaly review,validation,selection/tuning
T102512,CUST7934,2023-09-16 13:11:00,47.58,Entertainment,PayPal,Desktop,Pune,0,162,293.75,1763,No,0,0.011041302353160221,0,0.4989920178916234,0,Lower score,validation,selection/tuning
T102865,CUST5126,2023-09-16 19:06:00,69.42,Electronics,Credit Card,POS,Chennai,0,116,88.28,1156,No,0,0.02215389626351757,0,0.49445393591878783,0,Lower score,validation,selection/tuning
T100215,CUST7358,2023-09-16 19:44:00,21.67,Entertainment,Debit Card,POS,Pune,1,115,328.04,1250,No,1,0.21300466166208817,1,0.5295086492591622,1,Model review,validation,selection/tuning
T101007,CUST1336,2023-09-17 02:01:00,151.34,Grocery,NetBanking,Mobile,Chennai,0,6,421.59,1905,No,1,0.18476252169960386,1,0.49955427988267803,0,Model review,validation,selection/tuning
T102645,CUST9708,2023-09-17 02:50:00,35.71,Fashion,Debit Card,Mobile,Pune,0,123,328.44,649,No,0,0.1764961300234766,1,0.48613836411315237,0,Model review,validation,selection/tuning
T101571,CUST1355,2023-09-17 04:40:00,14.72,Food,UPI,Desktop,Delhi,0,183,75.33,281,No,0,0.16829371085061676,1,0.5008925346464073,0,Model review,validation,selection/tuning
T100849,CUST3692,2023-09-17 06:25:00,72.39,Entertainment,Credit Card,Desktop,Mumbai,1,157,412.37,1248,No,1,0.5666453631385366,1,0.5338570895380256,1,Model review,validation,selection/tuning
T100609,CUST8570,2023-09-17 07:35:00,93.8,Travel,Debit Card,Desktop,Kolkata,0,132,275.43,1144,No,0,0.06277861130125476,0,0.49307344035192974,0,Lower score,validation,selection/tuning
T104673,CUST3860,2023-09-17 13:15:00,9.56,Fashion,NetBanking,Mobile,Pune,0,179,386.83,1974,No,0,0.013840984754435843,0,0.49567692508478994,0,Lower score,validation,selection/tuning
T101523,CUST6621,2023-09-17 13:48:00,8.56,Utilities,PayPal,Mobile,Mumbai,0,51,247.11,996,No,0,0.011067896944472641,0,0.505781279716717,0,Lower score,validation,selection/tuning
T103889,CUST7597,2023-09-17 18:09:00,41.3,Electronics,NetBanking,Desktop,Chennai,0,48,412.89,1973,Yes,0,0.01684839179232431,0,0.48842185936782545,0,Lower score,validation,selection/tuning
T102583,CUST3752,2023-09-17 21:02:00,47.73,Food,Debit Card,Desktop,Pune,0,74,432.23,1112,No,0,0.05705262656299188,0,0.48370332434507446,0,Lower score,validation,selection/tuning
T101817,CUST3190,2023-09-17 21:36:00,117.3,Electronics,NetBanking,Desktop,Mumbai,0,95,130.93,1263,No,0,0.0539143162446366,0,0.49465420153173817,0,Lower score,validation,selection/tuning
T101814,CUST8783,2023-09-17 22:34:00,6.86,Grocery,UPI,Desktop,Bengaluru,0,96,215.74,1432,No,0,0.09058921933897807,0,0.4995854264318783,0,Lower score,validation,selection/tuning
T102151,CUST4184,2023-09-17 22:59:00,15.27,Entertainment,NetBanking,Desktop,Bengaluru,0,42,76.02,1312,No,0,0.11572377485388738,0,0.4936108504933983,0,Lower score,validation,selection/tuning
T102183,CUST5112,2023-09-18 02:20:00,28.99,Entertainment,UPI,Desktop,Mumbai,0,51,92.95,1737,No,0,0.2035968368805965,1,0.4936278310307311,0,Model review,validation,selection/tuning
T101652,CUST4909,2023-09-18 02:24:00,24.43,Grocery,PayPal,Desktop,Pune,0,82,353.33,1818,No,0,0.12295273213316876,0,0.49549305554890605,0,Lower score,validation,selection/tuning
T100634,CUST1833,2023-09-18 04:48:00,9.07,Fashion,NetBanking,Desktop,Mumbai,0,31,27.94,1973,No,1,0.16757611949185008,1,0.4941380086381134,0,Model review,validation,selection/tuning
T101164,CUST6551,2023-09-18 05:53:00,14.02,Food,PayPal,Mobile,Hyderabad,0,138,463.31,108,No,0,0.11902616676728647,0,0.48672911567222826,0,Lower score,validation,selection/tuning
T100566,CUST2686,2023-09-18 12:01:00,39.84,Grocery,Debit Card,Mobile,Kolkata,0,30,197.31,731,No,0,0.01192312855499067,0,0.4883611379456363,0,Lower score,validation,selection/tuning
T103838,CUST3770,2023-09-18 13:57:00,217.14,Entertainment,UPI,Desktop,Pune,0,106,293.37,788,No,0,0.01800686489271858,0,0.5048752344480926,0,Lower score,validation,selection/tuning
T104012,CUST8029,2023-09-18 17:08:00,95.57,Travel,PayPal,Mobile,Delhi,0,149,334.51,1744,No,0,0.015426581810672904,0,0.4961315746265578,0,Lower score,validation,selection/tuning
T100049,CUST2346,2023-09-18 19:18:00,16.35,Health,Debit Card,Desktop,Hyderabad,0,122,369.49,709,No,0,0.025755501194783544,0,0.49085054095602654,0,Lower score,validation,selection/tuning
T100681,CUST8909,2023-09-18 21:07:00,23.86,Travel,UPI,Mobile,Pune,0,182,308.81,1781,No,0,0.05279119810215906,0,0.4995273550849823,0,Lower score,validation,selection/tuning
T104991,CUST7134,2023-09-18 21:49:00,68.18,Grocery,Debit Card,Mobile,Mumbai,1,38,264.59,608,No,1,0.390579127351657,1,0.5231543854229189,1,Model review,validation,selection/tuning
T102087,CUST3346,2023-09-18 22:03:00,85.55,Food,UPI,Mobile,Kolkata,0,59,402.43,187,Yes,0,0.08020696265481518,0,0.49448241546538835,0,Lower score,validation,selection/tuning
T102298,CUST3994,2023-09-19 04:47:00,9.15,Travel,PayPal,Desktop,Delhi,0,136,238.41,1147,No,0,0.14677114370127525,0,0.4912458271256126,0,Lower score,validation,selection/tuning
T101338,CUST5702,2023-09-19 04:56:00,5.99,Grocery,UPI,POS,Mumbai,0,151,166.91,700,No,0,0.16538889609125204,1,0.4974414249684456,0,Model review,validation,selection/tuning
T102678,CUST2842,2023-09-19 06:51:00,9.46,Health,PayPal,Desktop,Chennai,0,100,67.1,1974,No,0,0.10001192584043288,0,0.48841638364794643,0,Lower score,validation,selection/tuning
T101200,CUST6139,2023-09-19 06:52:00,113.59,Fashion,PayPal,Desktop,Chennai,0,197,130.86,1714,No,0,0.1462925630174625,0,0.48244694823790335,0,Lower score,validation,selection/tuning
T104877,CUST7998,2023-09-19 07:00:00,95.28,Fashion,PayPal,POS,Bengaluru,0,32,466.98,1416,No,0,0.14166578766867965,0,0.47792666745759205,0,Lower score,validation,selection/tuning
T101172,CUST5827,2023-09-19 10:36:00,79.93,Food,Credit Card,POS,Hyderabad,0,41,330.78,1132,No,0,0.04224594770813866,0,0.48389758437426467,0,Lower score,validation,selection/tuning
T103622,CUST4972,2023-09-19 10:57:00,19.69,Health,PayPal,Desktop,Bengaluru,0,167,157.48,1388,No,0,0.026531787012376844,0,0.49123243022111174,0,Lower score,validation,selection/tuning
T101755,CUST8651,2023-09-19 11:35:00,129.37,Travel,PayPal,Desktop,Hyderabad,0,63,154.48,753,No,0,0.025082323864711032,0,0.49981921670703505,0,Lower score,validation,selection/tuning
T103870,CUST9181,2023-09-19 12:02:00,40.24,Grocery,NetBanking,Desktop,Mumbai,0,195,368.07,603,No,0,0.01926036953082308,0,0.47628577590534116,0,Lower score,validation,selection/tuning
T100417,CUST9888,2023-09-19 16:08:00,31.88,Grocery,UPI,Mobile,Kolkata,0,149,68.98,1928,No,0,0.012139866998812547,0,0.4796330697097919,0,Lower score,validation,selection/tuning
T101746,CUST5110,2023-09-19 16:24:00,1.55,Grocery,NetBanking,POS,Delhi,0,90,130.14,1023,No,0,0.013551926578877877,0,0.49699082305596615,0,Lower score,validation,selection/tuning
T101436,CUST1084,2023-09-19 16:35:00,29.45,Health,PayPal,Desktop,Delhi,0,67,383.74,571,No,0,0.013796168100772856,0,0.482959830606759,0,Lower score,validation,selection/tuning
T101225,CUST5810,2023-09-19 16:57:00,81.41,Food,PayPal,Desktop,Delhi,1,188,342.9,272,No,1,0.1605404901329806,1,0.525533480661345,1,Model review,validation,selection/tuning
T104285,CUST9619,2023-09-19 17:02:00,72.35,Entertainment,Debit Card,Mobile,Delhi,0,97,170.44,62,No,0,0.02077853563543439,0,0.48363394041156244,0,Lower score,validation,selection/tuning
T101890,CUST4937,2023-09-19 18:50:00,8.36,Utilities,NetBanking,Desktop,Hyderabad,1,38,366.35,36,No,0,0.19376310873262234,1,0.5226147815918513,1,Model review,validation,selection/tuning
T101730,CUST4143,2023-09-19 18:53:00,29.25,Travel,NetBanking,Mobile,Pune,0,76,208.82,1341,No,0,0.027127851493231128,0,0.48419519205542205,0,Lower score,validation,selection/tuning
T104250,CUST7929,2023-09-19 19:42:00,37.96,Health,Debit Card,POS,Bengaluru,0,46,378.27,843,No,0,0.044133386305296625,0,0.4804171964261545,0,Lower score,validation,selection/tuning
T103163,CUST7518,2023-09-19 20:41:00,55.87,Food,NetBanking,Desktop,Kolkata,0,10,411.42,782,No,0,0.053370861638882924,0,0.47399094731253094,0,Lower score,validation,selection/tuning
T102353,CUST9977,2023-09-19 22:05:00,165.53,Fashion,Credit Card,Desktop,Delhi,0,50,445.66,517,No,0,0.12356053035067459,0,0.4955322831945705,0,Lower score,validation,selection/tuning
T101791,CUST5850,2023-09-19 22:11:00,106.98,Food,UPI,Mobile,Delhi,0,82,184.83,259,No,0,0.12067307086290176,0,0.484510004698384,0,Lower score,validation,selection/tuning
T103060,CUST9284,2023-09-20 02:14:00,28.22,Food,Debit Card,Mobile,Mumbai,1,122,198.65,691,No,1,0.7233804654530253,1,0.515120732111554,0,Model review,validation,selection/tuning
T104666,CUST8610,2023-09-20 02:53:00,8.91,Grocery,Credit Card,POS,Chennai,0,152,239.67,672,Yes,1,0.1983011782347155,1,0.49399053493953876,0,Model review,validation,selection/tuning
T101376,CUST4830,2023-09-20 11:48:00,47.15,Utilities,PayPal,Desktop,Chennai,0,93,198.15,365,No,0,0.02128640451559711,0,0.48192281417195626,0,Lower score,validation,selection/tuning
T101977,CUST7535,2023-09-20 13:00:00,44.92,Grocery,Credit Card,POS,Pune,1,88,205.79,899,No,1,0.11561803164583975,0,0.5222747259419874,1,Anomaly review,validation,selection/tuning
T101748,CUST8147,2023-09-20 15:14:00,114.27,Food,Credit Card,POS,Pune,0,68,451.3,1382,No,0,0.018973717990930103,0,0.47923843733800825,0,Lower score,validation,selection/tuning
T100388,CUST1322,2023-09-20 18:09:00,111.1,Food,NetBanking,Mobile,Hyderabad,0,82,400.88,70,No,0,0.030473253196533302,0,0.4672942316288476,0,Lower score,validation,selection/tuning
T104583,CUST8356,2023-09-20 21:01:00,116.15,Health,PayPal,Mobile,Chennai,0,116,68.52,808,No,0,0.06547503525137827,0,0.4959457527785027,0,Lower score,validation,selection/tuning
T102244,CUST4136,2023-09-20 21:50:00,154.87,Travel,NetBanking,Mobile,Chennai,0,58,343.55,1150,Yes,0,0.10609854444752152,0,0.4953923834317676,0,Lower score,validation,selection/tuning
T103189,CUST7366,2023-09-20 22:17:00,124.58,Travel,UPI,POS,Delhi,0,147,445.72,1325,No,0,0.11199134774297814,0,0.49741360009493013,0,Lower score,validation,selection/tuning
T103362,CUST5416,2023-09-20 23:36:00,94.31,Electronics,UPI,Desktop,Mumbai,0,109,430.08,1753,No,0,0.1197753365164402,0,0.4884790815778782,0,Lower score,validation,selection/tuning
T102396,CUST1560,2023-09-21 00:13:00,13.42,Electronics,UPI,Mobile,Chennai,0,58,286.98,987,No,1,0.10603941207549833,0,0.49062866734454624,0,Lower score,validation,selection/tuning
T103726,CUST6299,2023-09-21 00:45:00,5.1,Food,PayPal,Desktop,Chennai,0,118,470.94,498,No,0,0.15737212193538674,0,0.4938586347719799,0,Lower score,validation,selection/tuning
T102210,CUST9322,2023-09-21 01:11:00,112.18,Electronics,PayPal,Desktop,Bengaluru,0,58,375.86,555,No,0,0.12176243959669283,0,0.491035427192448,0,Lower score,validation,selection/tuning
T102880,CUST5743,2023-09-21 01:51:00,32.23,Health,Credit Card,POS,Delhi,0,8,230.08,1059,No,0,0.1408376542408955,0,0.473235335981294,0,Lower score,validation,selection/tuning
T104626,CUST8937,2023-09-21 03:30:00,32.23,Entertainment,UPI,Desktop,Kolkata,0,6,108.48,71,No,0,0.1450265924864106,0,0.49004727048954705,0,Lower score,validation,selection/tuning
T104547,CUST1740,2023-09-21 04:24:00,83.84,Food,UPI,Mobile,Hyderabad,0,164,333.33,111,No,1,0.1824092088645487,1,0.4794449020045615,0,Model review,validation,selection/tuning
T104444,CUST9656,2023-09-21 04:52:00,42.17,Travel,UPI,Mobile,Hyderabad,0,87,250.58,934,No,0,0.14229181234155663,0,0.4882747821813298,0,Lower score,validation,selection/tuning
T101241,CUST9408,2023-09-21 05:05:00,119.9,Utilities,PayPal,Mobile,Chennai,0,146,370.62,1238,No,0,0.13569569190580746,0,0.48652515256597334,0,Lower score,validation,selection/tuning
T103721,CUST5008,2023-09-21 05:05:00,143.94,Utilities,Debit Card,POS,Bengaluru,0,64,95.92,864,No,0,0.15630820496932551,0,0.4981826000870356,0,Lower score,validation,selection/tuning
T104482,CUST4259,2023-09-21 05:07:00,64.5,Utilities,PayPal,Desktop,Delhi,1,44,346.45,939,No,0,0.514880676580753,1,0.5208292411739202,1,Model review,validation,selection/tuning
T102193,CUST3938,2023-09-21 05:59:00,65.76,Grocery,Debit Card,Desktop,Kolkata,0,73,367.67,1574,No,0,0.07631814766251095,0,0.4873743062774569,0,Lower score,validation,selection/tuning
T101780,CUST1569,2023-09-21 06:32:00,3.13,Utilities,Debit Card,Desktop,Delhi,1,129,345.37,1980,Yes,1,0.4220782252728793,1,0.5298308232163679,1,Model review,validation,selection/tuning
T104374,CUST8738,2023-09-21 10:37:00,57.35,Electronics,Debit Card,Desktop,Pune,0,95,147.27,1685,No,0,0.015572512629097314,0,0.47665829237088386,0,Lower score,validation,selection/tuning
T100675,CUST9890,2023-09-21 11:35:00,323.09,Electronics,NetBanking,Desktop,Kolkata,0,66,147.38,576,No,0,0.014809851647387065,0,0.5120798188329143,0,Lower score,validation,selection/tuning
T101974,CUST7056,2023-09-21 13:35:00,28.39,Travel,UPI,Desktop,Hyderabad,0,136,65.87,1714,No,0,0.01335436685060033,0,0.48735616009707033,0,Lower score,validation,selection/tuning
T102477,CUST5985,2023-09-21 15:31:00,125.05,Entertainment,Credit Card,Desktop,Kolkata,1,54,324.92,1470,No,1,0.0995887066189452,0,0.5282382411517645,1,Anomaly review,validation,selection/tuning
T102932,CUST8876,2023-09-21 17:18:00,6.54,Fashion,NetBanking,Desktop,Chennai,0,95,281.05,907,No,0,0.020069999490089214,0,0.48308914749888276,0,Lower score,validation,selection/tuning
T100023,CUST3087,2023-09-21 18:00:00,36.5,Grocery,Credit Card,Mobile,Pune,0,36,297.01,1124,No,0,0.014580533891567453,0,0.4870863512732363,0,Lower score,validation,selection/tuning
T103943,CUST2064,2023-09-21 20:18:00,39.95,Utilities,PayPal,Mobile,Chennai,0,198,205.4,1950,No,0,0.036671924349345165,0,0.4887458057495763,0,Lower score,validation,selection/tuning
T103912,CUST1186,2023-09-21 20:44:00,0.51,Utilities,UPI,Desktop,Hyderabad,0,178,90.57,1350,No,0,0.04112341550782682,0,0.5073827108913527,0,Lower score,validation,selection/tuning
T100170,CUST7166,2023-09-21 21:20:00,90.55,Health,NetBanking,Desktop,Chennai,0,103,380.9,409,No,0,0.06004802432501208,0,0.4774155182956734,0,Lower score,validation,selection/tuning
T102387,CUST1070,2023-09-21 22:05:00,73.52,Entertainment,Credit Card,Mobile,Delhi,0,9,324.44,1493,Yes,0,0.0775104515521546,0,0.48082243068795116,0,Lower score,validation,selection/tuning
T104216,CUST2975,2023-09-21 23:59:00,3.4,Utilities,NetBanking,Mobile,Kolkata,0,131,181.21,1490,No,0,0.07891923734833625,0,0.4927754592744901,0,Lower score,validation,selection/tuning
T102002,CUST4224,2023-09-22 01:08:00,189.37,Travel,UPI,POS,Pune,0,83,431.32,470,No,0,0.13997532899589515,0,0.5125688196566439,0,Lower score,validation,selection/tuning
T104177,CUST5810,2023-09-22 03:11:00,133.91,Food,Debit Card,Mobile,Delhi,0,22,106.64,1043,No,0,0.15307601889197428,0,0.4912845272212139,0,Lower score,validation,selection/tuning
T100240,CUST2663,2023-09-22 03:58:00,225.69,Electronics,Credit Card,Desktop,Bengaluru,0,24,161.22,978,No,0,0.129957062226824,0,0.5025072967066923,0,Lower score,validation,selection/tuning
T103131,CUST4509,2023-09-22 04:10:00,138.52,Health,UPI,Mobile,Chennai,0,62,239.9,237,No,0,0.1465387615832411,0,0.4997976567207987,0,Lower score,validation,selection/tuning
T103093,CUST6224,2023-09-22 17:41:00,146.51,Electronics,NetBanking,POS,Hyderabad,0,133,480.99,586,No,0,0.010882685265304197,0,0.48979450562545324,0,Lower score,validation,selection/tuning
T104959,CUST1167,2023-09-22 20:54:00,110.7,Travel,UPI,POS,Chennai,0,126,391.55,54,No,0,0.053540732064850355,0,0.5011006284335308,0,Lower score,validation,selection/tuning
T100130,CUST5005,2023-09-22 20:59:00,43.22,Health,Credit Card,Mobile,Hyderabad,0,177,372.89,868,No,0,0.03489997773648177,0,0.4825695750631291,0,Lower score,validation,selection/tuning
T104148,CUST7807,2023-09-23 00:21:00,104.43,Food,NetBanking,POS,Kolkata,0,35,25.57,1908,No,0,0.1219454888025935,0,0.4913550124485855,0,Lower score,validation,selection/tuning
T103962,CUST1888,2023-09-23 02:42:00,2.33,Fashion,Debit Card,Mobile,Delhi,0,140,174.0,601,No,0,0.15529736936076377,0,0.5015437740844942,0,Lower score,validation,selection/tuning
T104663,CUST8658,2023-09-23 03:32:00,141.15,Travel,Credit Card,Desktop,Chennai,0,123,248.49,1684,No,0,0.1948793895008619,1,0.4939693033627426,0,Model review,validation,selection/tuning
T101467,CUST6661,2023-09-23 06:57:00,41.79,Food,PayPal,Mobile,Bengaluru,0,82,28.97,1074,No,0,0.09284437018419686,0,0.4853299000566385,0,Lower score,validation,selection/tuning
T101882,CUST4196,2023-09-23 07:03:00,80.91,Food,NetBanking,Desktop,Mumbai,0,85,91.36,173,No,0,0.09452088100684838,0,0.48761209412043494,0,Lower score,validation,selection/tuning
T100399,CUST6341,2023-09-23 10:51:00,112.37,Food,UPI,POS,Delhi,0,184,90.6,538,No,0,0.029094543661415805,0,0.5009136786666033,0,Lower score,validation,selection/tuning
T104651,CUST9393,2023-09-23 14:45:00,101.12,Health,NetBanking,Desktop,Delhi,0,46,252.6,840,No,0,0.009845613169197747,0,0.48584202182240815,0,Lower score,validation,selection/tuning
T100511,CUST3166,2023-09-23 16:57:00,43.34,Fashion,UPI,Mobile,Pune,0,181,131.19,1888,No,0,0.01561623082355014,0,0.4943016993881316,0,Lower score,validation,selection/tuning
T100918,CUST7518,2023-09-23 17:56:00,115.38,Travel,PayPal,Mobile,Pune,1,158,336.45,1100,No,0,0.12453404556254977,0,0.5365727142247463,1,Anomaly review,validation,selection/tuning
T100142,CUST2842,2023-09-23 19:24:00,55.01,Food,UPI,Mobile,Mumbai,0,71,288.28,368,No,0,0.036398448530356245,0,0.49089457922551205,0,Lower score,validation,selection/tuning
T103331,CUST4942,2023-09-23 19:59:00,108.46,Fashion,Debit Card,Mobile,Delhi,0,74,423.05,1492,No,0,0.03927315424134211,0,0.49345739659239923,0,Lower score,validation,selection/tuning
T100405,CUST7710,2023-09-23 22:35:00,180.7,Utilities,UPI,Desktop,Mumbai,0,139,310.15,728,No,0,0.09698103104946074,0,0.5069989176973814,0,Lower score,validation,selection/tuning
T100115,CUST5219,2023-09-24 00:09:00,164.12,Health,UPI,Mobile,Kolkata,0,74,171.45,1421,No,0,0.1206428063358716,0,0.5065244035526623,0,Lower score,validation,selection/tuning
T101494,CUST6799,2023-09-24 01:30:00,74.0,Travel,PayPal,Mobile,Delhi,0,171,325.67,950,No,0,0.14733081289736624,0,0.4968169458229163,0,Lower score,validation,selection/tuning
T100760,CUST4688,2023-09-24 01:53:00,13.16,Electronics,Credit Card,Mobile,Bengaluru,0,195,307.61,1457,No,0,0.13678131057020027,0,0.4993244143976388,0,Lower score,validation,selection/tuning
T104826,CUST8248,2023-09-24 08:30:00,94.02,Grocery,NetBanking,Desktop,Mumbai,1,22,57.73,587,No,0,0.3297911094423153,1,0.5267027427522348,1,Model review,validation,selection/tuning
T101672,CUST5432,2023-09-24 11:19:00,162.03,Food,Credit Card,POS,Mumbai,0,171,397.77,610,No,0,0.0342488316384296,0,0.4973233105338131,0,Lower score,validation,selection/tuning
T102527,CUST2518,2023-09-24 14:08:00,252.56,Food,PayPal,Mobile,Chennai,0,169,225.42,1604,No,0,0.02178589260144661,0,0.5165936884292558,0,Lower score,validation,selection/tuning
T100406,CUST8478,2023-09-24 16:28:00,39.44,Utilities,PayPal,Desktop,Pune,0,153,417.36,916,No,0,0.010761950457306666,0,0.488868334793949,0,Lower score,validation,selection/tuning
T101471,CUST8669,2023-09-24 16:30:00,107.29,Fashion,PayPal,POS,Pune,0,123,373.21,1118,No,0,0.0163531234504022,0,0.500730923126998,0,Lower score,validation,selection/tuning
T102600,CUST3613,2023-09-24 17:19:00,79.44,Travel,UPI,POS,Mumbai,0,83,58.96,530,No,0,0.0220642035184807,0,0.49039923109775085,0,Lower score,validation,selection/tuning
T103720,CUST2608,2023-09-24 17:22:00,33.65,Food,Debit Card,POS,Bengaluru,0,58,75.21,1976,No,0,0.02410693461611321,0,0.4875012409649731,0,Lower score,validation,selection/tuning
T103984,CUST4115,2023-09-24 17:54:00,136.0,Health,UPI,POS,Chennai,1,191,184.97,768,No,0,0.1980860611934593,1,0.5388968405633411,1,Model review,validation,selection/tuning
T100395,CUST9025,2023-09-24 19:30:00,213.61,Grocery,UPI,Mobile,Delhi,0,129,191.34,1197,No,0,0.03561661597913746,0,0.5047420777356051,0,Lower score,validation,selection/tuning
T101645,CUST5356,2023-09-25 00:46:00,112.61,Food,NetBanking,POS,Bengaluru,0,120,135.42,681,No,0,0.20873131999640168,1,0.4820745673509715,0,Model review,validation,selection/tuning
T101182,CUST1004,2023-09-25 01:37:00,80.11,Health,UPI,Desktop,Pune,1,15,210.51,629,No,1,0.6180788791701916,1,0.5211706300560272,1,Model review,validation,selection/tuning
T102072,CUST2970,2023-09-25 02:15:00,18.34,Electronics,Credit Card,Desktop,Hyderabad,0,9,116.57,1027,No,0,0.12442775764341799,0,0.4870410262079813,0,Lower score,validation,selection/tuning
T104793,CUST8004,2023-09-25 04:01:00,28.27,Electronics,Credit Card,Mobile,Mumbai,0,53,132.74,1982,No,0,0.12620131984496166,0,0.48831026036560343,0,Lower score,validation,selection/tuning
T102511,CUST1257,2023-09-25 07:02:00,171.96,Travel,UPI,POS,Chennai,0,77,298.17,1566,No,0,0.13237637522008472,0,0.5042373127541406,0,Lower score,validation,selection/tuning
T100847,CUST4417,2023-09-25 10:42:00,461.45,Food,Debit Card,POS,Mumbai,0,69,396.89,585,No,0,0.05973688088765692,0,0.5266851820406068,1,Anomaly review,validation,selection/tuning
T103651,CUST6306,2023-09-25 14:31:00,40.58,Health,PayPal,POS,Mumbai,0,47,292.0,1913,Yes,1,0.0117160421931869,0,0.48925739816907043,0,Lower score,validation,selection/tuning
T104961,CUST3247,2023-09-25 15:28:00,18.26,Fashion,Credit Card,POS,Delhi,0,164,210.31,347,No,0,0.015333869848119948,0,0.49127823112719565,0,Lower score,validation,selection/tuning
T104352,CUST8327,2023-09-25 16:54:00,42.77,Fashion,Credit Card,Desktop,Bengaluru,0,146,140.6,780,No,0,0.0225164126344305,0,0.48241838833167916,0,Lower score,validation,selection/tuning
T102426,CUST2297,2023-09-25 20:14:00,9.88,Travel,NetBanking,Mobile,Kolkata,0,66,25.89,682,Yes,0,0.030231167830751682,0,0.4945329889384902,0,Lower score,validation,selection/tuning
T102340,CUST1410,2023-09-26 02:19:00,111.28,Electronics,Debit Card,POS,Delhi,0,24,195.6,730,No,0,0.15865409521410465,0,0.49393470684235075,0,Lower score,validation,selection/tuning
T101374,CUST4538,2023-09-26 02:23:00,22.72,Utilities,UPI,Mobile,Chennai,0,71,144.91,951,No,0,0.21497862857803637,1,0.4869221658114176,0,Model review,validation,selection/tuning
T102924,CUST9094,2023-09-26 07:23:00,37.08,Electronics,Credit Card,Mobile,Kolkata,0,117,218.8,927,No,0,0.05419040973615561,0,0.47995647356604326,0,Lower score,validation,selection/tuning
T104141,CUST3477,2023-09-26 07:52:00,11.56,Utilities,UPI,POS,Chennai,0,56,164.57,753,No,0,0.08949646626620558,0,0.4919553414443645,0,Lower score,validation,selection/tuning
T100001,CUST1630,2023-09-26 08:29:00,240.81,Utilities,PayPal,Mobile,Bengaluru,0,76,335.47,66,No,0,0.08044375255627574,0,0.5049661041539634,0,Lower score,validation,selection/tuning
T102573,CUST7930,2023-09-26 11:10:00,51.77,Electronics,Debit Card,POS,Hyderabad,0,19,139.52,1898,No,0,0.019885624575280304,0,0.4799242471083874,0,Lower score,validation,selection/tuning
T100246,CUST5462,2023-09-26 11:28:00,44.72,Utilities,Credit Card,Desktop,Bengaluru,0,198,410.4,741,No,0,0.026996143174277124,0,0.4767965888901109,0,Lower score,validation,selection/tuning
T100647,CUST8437,2023-09-26 12:44:00,90.93,Grocery,NetBanking,Mobile,Hyderabad,1,121,294.91,1033,No,0,0.13097740183351525,0,0.5121966131483418,0,Lower score,validation,selection/tuning
T104631,CUST4617,2023-09-26 12:46:00,29.92,Utilities,Credit Card,POS,Kolkata,0,183,377.23,1960,No,0,0.013999203273748002,0,0.4834900567550842,0,Lower score,validation,selection/tuning
T103727,CUST5544,2023-09-26 14:53:00,7.75,Food,NetBanking,Desktop,Bengaluru,0,82,290.5,1913,No,0,0.01951046917197453,0,0.48128710626479726,0,Lower score,validation,selection/tuning
T103877,CUST5942,2023-09-26 16:41:00,169.18,Health,PayPal,Mobile,Hyderabad,0,26,129.09,1343,No,0,0.017810886319407433,0,0.4947793454886663,0,Lower score,validation,selection/tuning
T101078,CUST3046,2023-09-26 20:01:00,19.7,Electronics,NetBanking,Mobile,Kolkata,0,129,206.24,698,No,0,0.02406869596224256,0,0.47968604197218523,0,Lower score,validation,selection/tuning
T102746,CUST4059,2023-09-26 21:42:00,69.08,Utilities,NetBanking,Desktop,Bengaluru,0,6,356.62,1625,No,0,0.08531449297303093,0,0.4735125927175635,0,Lower score,validation,selection/tuning
T104893,CUST9931,2023-09-26 23:13:00,22.04,Electronics,UPI,Desktop,Delhi,0,196,488.65,1938,No,0,0.09160308194416748,0,0.4823755084488278,0,Lower score,validation,selection/tuning
T103772,CUST6709,2023-09-27 00:06:00,33.72,Health,PayPal,POS,Bengaluru,0,41,144.15,1758,No,0,0.14594063954386702,0,0.4810957287861728,0,Lower score,validation,selection/tuning
T100616,CUST1015,2023-09-27 07:48:00,5.04,Health,NetBanking,Desktop,Kolkata,0,49,100.39,844,No,0,0.052349982017658996,0,0.47952646890089495,0,Lower score,validation,selection/tuning
T100696,CUST6281,2023-09-27 10:52:00,27.25,Entertainment,Credit Card,POS,Hyderabad,1,106,166.35,1604,No,1,0.2313461526397054,1,0.5320852618122395,1,Model review,validation,selection/tuning
T102882,CUST4623,2023-09-27 11:17:00,18.56,Utilities,Credit Card,Mobile,Kolkata,0,118,362.24,1645,No,0,0.017777574999270258,0,0.48620321282814905,0,Lower score,validation,selection/tuning
T104599,CUST3107,2023-09-27 12:23:00,25.09,Electronics,Debit Card,Mobile,Delhi,0,156,277.7,1212,No,0,0.012294752519800353,0,0.49069393329687533,0,Lower score,validation,selection/tuning
T104336,CUST6550,2023-09-27 12:37:00,73.2,Fashion,NetBanking,Mobile,Pune,0,63,19.08,897,No,0,0.019667307116980226,0,0.47581801158278614,0,Lower score,validation,selection/tuning
T102160,CUST8777,2023-09-27 13:55:00,84.25,Electronics,UPI,POS,Chennai,0,141,446.34,628,No,0,0.01516464943462304,0,0.4822222204550207,0,Lower score,validation,selection/tuning
T101982,CUST3521,2023-09-27 17:11:00,49.03,Grocery,UPI,POS,Kolkata,0,52,65.66,1809,No,0,0.015054811411971899,0,0.47580914285365555,0,Lower score,validation,selection/tuning
T103161,CUST8031,2023-09-27 17:22:00,1.77,Travel,UPI,POS,Kolkata,0,192,146.52,685,No,0,0.017144572050871727,0,0.5131957192194171,0,Lower score,validation,selection/tuning
T104596,CUST5737,2023-09-27 22:05:00,109.39,Grocery,NetBanking,Desktop,Bengaluru,0,80,34.01,174,Yes,1,0.09364905778508437,0,0.4750068775877331,0,Lower score,validation,selection/tuning
T101963,CUST7707,2023-09-27 23:30:00,38.74,Travel,Debit Card,POS,Delhi,0,50,193.85,944,No,0,0.12874123960174635,0,0.489664968880518,0,Lower score,validation,selection/tuning
T101406,CUST4937,2023-09-28 02:12:00,148.72,Travel,Credit Card,POS,Hyderabad,0,93,159.75,221,No,0,0.19063139966126974,1,0.4928942081747065,0,Model review,validation,selection/tuning
T101393,CUST8265,2023-09-28 04:46:00,58.68,Grocery,NetBanking,Desktop,Hyderabad,0,8,321.54,977,No,1,0.11739266513691432,0,0.48072518766036465,0,Lower score,validation,selection/tuning
T100094,CUST6489,2023-09-28 06:34:00,117.91,Utilities,Debit Card,Mobile,Bengaluru,1,106,35.44,1107,No,1,0.509877093726112,1,0.5235491881948157,1,Model review,validation,selection/tuning
T102301,CUST4974,2023-09-28 11:32:00,67.9,Fashion,UPI,POS,Mumbai,0,17,32.56,1231,No,0,0.027560144897719997,0,0.48351463975922737,0,Lower score,validation,selection/tuning
T100512,CUST9660,2023-09-28 13:33:00,215.92,Electronics,NetBanking,Desktop,Mumbai,0,187,266.84,1942,No,0,0.011813467921005561,0,0.491006104518772,0,Lower score,validation,selection/tuning
T103958,CUST2240,2023-09-28 18:24:00,4.16,Electronics,Debit Card,Desktop,Pune,0,104,362.94,1698,No,0,0.012379355734387348,0,0.4948848554892584,0,Lower score,validation,selection/tuning
T103025,CUST8059,2023-09-28 19:33:00,37.46,Food,Credit Card,Mobile,Mumbai,0,40,315.8,1475,No,0,0.038134829314335074,0,0.4692313314485358,0,Lower score,validation,selection/tuning
T104678,CUST2881,2023-09-28 21:24:00,90.95,Entertainment,UPI,Mobile,Pune,0,193,31.86,460,No,0,0.06313855429867421,0,0.4885249776278674,0,Lower score,validation,selection/tuning
T104112,CUST1165,2023-09-28 23:48:00,5.75,Electronics,NetBanking,Desktop,Kolkata,1,121,171.56,702,No,1,0.36829813786698434,1,0.5228610649533821,1,Model review,validation,selection/tuning
T101340,CUST2064,2023-09-28 23:54:00,23.84,Entertainment,Credit Card,Desktop,Pune,0,36,449.62,1321,No,0,0.11411930812754356,0,0.4837393244647837,0,Lower score,validation,selection/tuning
T102693,CUST9611,2023-09-29 07:42:00,49.9,Grocery,NetBanking,Mobile,Hyderabad,0,91,264.06,885,No,0,0.04208374895694709,0,0.4770660683128033,0,Lower score,validation,selection/tuning
T103109,CUST5647,2023-09-29 07:53:00,76.01,Electronics,PayPal,Mobile,Kolkata,0,3,37.54,1203,No,0,0.025384760796894827,0,0.4846329885114692,0,Lower score,validation,selection/tuning
T103352,CUST3943,2023-09-29 08:35:00,190.74,Utilities,UPI,Desktop,Chennai,0,121,393.2,1147,Yes,1,0.05223304222155574,0,0.5019666721844355,0,Lower score,validation,selection/tuning
T100484,CUST2248,2023-09-29 11:03:00,70.23,Food,UPI,POS,Delhi,0,161,124.06,1652,No,0,0.021396106426433782,0,0.484940488837262,0,Lower score,validation,selection/tuning
T104306,CUST2650,2023-09-29 13:46:00,51.83,Health,Debit Card,Mobile,Delhi,0,148,485.35,1063,No,0,0.008022153897130794,0,0.4852996206993775,0,Lower score,validation,selection/tuning
T102796,CUST4283,2023-09-29 14:02:00,6.07,Entertainment,NetBanking,Mobile,Chennai,0,174,360.19,271,Yes,0,0.010720759882119447,0,0.5031359459077142,0,Lower score,validation,selection/tuning
T100790,CUST1644,2023-09-29 19:49:00,13.32,Entertainment,Debit Card,Desktop,Kolkata,1,9,341.98,276,No,1,0.16109022199339956,1,0.5298559183565195,1,Model review,validation,selection/tuning
T103006,CUST1265,2023-09-29 21:05:00,189.23,Travel,NetBanking,POS,Bengaluru,0,14,97.38,1099,No,0,0.05676081745653782,0,0.4939177885729496,0,Lower score,validation,selection/tuning
T103569,CUST7523,2023-09-29 22:02:00,158.56,Fashion,Debit Card,Mobile,Chennai,0,139,66.1,921,No,0,0.08528550806898103,0,0.4964492086551554,0,Lower score,validation,selection/tuning
T104710,CUST1602,2023-09-29 23:13:00,43.44,Fashion,PayPal,Mobile,Mumbai,1,195,426.77,1411,No,0,0.46565420717768946,1,0.5161723966088468,0,Model review,validation,selection/tuning
T102425,CUST8816,2023-09-30 00:18:00,184.27,Fashion,PayPal,POS,Hyderabad,0,109,390.21,952,No,0,0.1562395315517968,0,0.5014116569873925,0,Lower score,validation,selection/tuning
T102792,CUST3406,2023-09-30 03:57:00,67.43,Health,PayPal,Mobile,Delhi,0,126,15.2,1807,No,0,0.11578803621232427,0,0.4922765221275,0,Lower score,validation,selection/tuning
T100632,CUST4252,2023-09-30 04:38:00,57.34,Health,Debit Card,Desktop,Hyderabad,0,128,278.0,1491,No,0,0.11958390653442136,0,0.48877182721782114,0,Lower score,validation,selection/tuning
T103571,CUST6926,2023-09-30 04:54:00,61.78,Entertainment,PayPal,POS,Mumbai,0,154,148.6,1919,No,0,0.14011975145604344,0,0.504206100747198,0,Lower score,validation,selection/tuning
T103861,CUST1265,2023-09-30 07:31:00,75.71,Food,Debit Card,POS,Mumbai,0,6,480.82,965,No,0,0.08621687203050968,0,0.4915651274542993,0,Lower score,validation,selection/tuning
T102875,CUST3304,2023-09-30 09:05:00,51.75,Food,Debit Card,Desktop,Hyderabad,0,179,413.88,889,No,0,0.0443405094856396,0,0.49143590520490277,0,Lower score,validation,selection/tuning
T104621,CUST6830,2023-09-30 12:57:00,115.73,Food,Debit Card,Desktop,Mumbai,0,61,338.5,1903,No,0,0.017730390157736343,0,0.48876073159681926,0,Lower score,validation,selection/tuning
T104278,CUST8954,2023-09-30 13:50:00,10.85,Grocery,Debit Card,Mobile,Bengaluru,0,153,154.62,842,Yes,1,0.010634920154446111,0,0.49292636460632555,0,Lower score,validation,selection/tuning
T100851,CUST8461,2023-09-30 14:40:00,110.89,Fashion,Credit Card,POS,Mumbai,0,181,185.62,1345,No,0,0.016579188363546087,0,0.48936968499264477,0,Lower score,validation,selection/tuning
T101246,CUST6004,2023-09-30 18:21:00,11.26,Utilities,NetBanking,POS,Chennai,0,12,71.84,719,No,0,0.019452758634493448,0,0.49145301934836133,0,Lower score,validation,selection/tuning
T101035,CUST4777,2023-09-30 22:08:00,95.33,Fashion,UPI,Desktop,Pune,0,174,413.45,1860,No,0,0.0828100475322905,0,0.49362295476695217,0,Lower score,validation,selection/tuning
T102226,CUST1934,2023-09-30 22:11:00,28.68,Food,PayPal,Desktop,Kolkata,0,52,436.23,494,No,0,0.057346200370666664,0,0.49939392580949576,0,Lower score,validation,selection/tuning
T104150,CUST9171,2023-09-30 23:21:00,10.06,Electronics,Debit Card,Desktop,Kolkata,0,100,252.87,1746,No,0,0.05222338227517024,0,0.4943363414612863,0,Lower score,validation,selection/tuning
T102204,CUST4910,2023-10-01 00:15:00,107.74,Utilities,UPI,POS,Bengaluru,0,58,250.21,1317,No,0,0.16755431825577147,1,0.49788940418942124,0,Model review,validation,selection/tuning
T101511,CUST9767,2023-10-01 03:24:00,101.3,Fashion,UPI,Mobile,Hyderabad,0,72,494.15,298,No,0,0.2191284188473778,1,0.4971499531243991,0,Model review,validation,selection/tuning
T100555,CUST7553,2023-10-01 04:04:00,41.33,Travel,Credit Card,Mobile,Hyderabad,0,28,246.18,1262,No,0,0.1632391752398003,1,0.4961676357753306,0,Model review,validation,selection/tuning
T103832,CUST8358,2023-10-01 05:37:00,138.81,Utilities,NetBanking,Mobile,Kolkata,0,122,263.42,551,No,0,0.10045058993870705,0,0.49719415752939566,0,Lower score,validation,selection/tuning
T104005,CUST8907,2023-10-01 06:15:00,24.98,Grocery,UPI,Desktop,Kolkata,0,12,34.15,1956,Yes,1,0.07910741555934353,0,0.48739176132594825,0,Lower score,validation,selection/tuning
T104203,CUST3496,2023-10-01 08:57:00,264.79,Health,UPI,Desktop,Kolkata,0,75,100.25,1091,No,0,0.04866457507073884,0,0.5198737989303093,1,Anomaly review,validation,selection/tuning
T102718,CUST2872,2023-10-01 08:59:00,150.22,Entertainment,UPI,POS,Hyderabad,1,105,473.68,1196,No,1,0.38094941190548137,1,0.5433542511889534,1,Model review,validation,selection/tuning
T103408,CUST2246,2023-10-01 10:24:00,22.11,Food,PayPal,Mobile,Mumbai,0,138,375.61,126,No,0,0.031090258737638984,0,0.4872184155072268,0,Lower score,validation,selection/tuning
T101281,CUST7655,2023-10-01 22:11:00,96.98,Entertainment,UPI,POS,Delhi,0,95,361.55,1692,No,0,0.09763339837710186,0,0.49891719415823743,0,Lower score,validation,selection/tuning
T102469,CUST1725,2023-10-01 23:12:00,62.65,Food,Credit Card,Mobile,Bengaluru,0,186,261.47,777,No,0,0.14565089751048005,0,0.4913172980085289,0,Lower score,validation,selection/tuning
T101760,CUST2769,2023-10-01 23:57:00,48.47,Food,PayPal,Desktop,Mumbai,0,38,145.67,866,No,0,0.1439443962560215,0,0.49616237597572715,0,Lower score,validation,selection/tuning
T103350,CUST9083,2023-10-02 02:56:00,19.36,Grocery,PayPal,Mobile,Delhi,1,101,16.41,758,No,1,0.568005199381857,1,0.5189172714307883,1,Model review,validation,selection/tuning
T102777,CUST3120,2023-10-02 03:36:00,14.5,Entertainment,Credit Card,Mobile,Chennai,0,79,283.41,1339,No,1,0.20021188316109859,1,0.4954623424715751,0,Model review,validation,selection/tuning
T101534,CUST1806,2023-10-02 03:58:00,42.69,Fashion,UPI,Desktop,Bengaluru,0,44,486.18,466,No,1,0.2251236993000135,1,0.4820515633872657,0,Model review,validation,selection/tuning
T102580,CUST9147,2023-10-02 08:26:00,10.49,Utilities,Debit Card,Mobile,Delhi,0,153,207.37,1584,No,0,0.044421078368743955,0,0.49355692956034897,0,Lower score,validation,selection/tuning
T101484,CUST9671,2023-10-02 10:17:00,31.39,Electronics,UPI,Mobile,Kolkata,0,33,300.93,355,No,0,0.017298865100536083,0,0.4870246691080571,0,Lower score,validation,selection/tuning
T100172,CUST5506,2023-10-02 11:15:00,57.41,Fashion,Debit Card,POS,Kolkata,0,171,482.97,1282,No,0,0.021714853734853122,0,0.49259209293526923,0,Lower score,validation,selection/tuning
T103997,CUST3351,2023-10-02 13:08:00,40.15,Entertainment,NetBanking,Mobile,Hyderabad,0,150,200.83,1087,No,0,0.014999282962929277,0,0.480984675844505,0,Lower score,validation,selection/tuning
T102856,CUST7894,2023-10-02 17:19:00,19.96,Utilities,PayPal,Mobile,Kolkata,0,33,168.96,529,No,0,0.010724553944705284,0,0.48618164922696067,0,Lower score,validation,selection/tuning
T101552,CUST9716,2023-10-02 19:44:00,136.82,Food,NetBanking,Desktop,Kolkata,0,198,76.23,536,No,0,0.03588092197575764,0,0.482364449811452,0,Lower score,validation,selection/tuning
T103015,CUST4638,2023-10-02 21:02:00,32.52,Grocery,Debit Card,Desktop,Pune,0,154,133.89,1185,No,0,0.04133042679484388,0,0.48252029962235005,0,Lower score,validation,selection/tuning
T103067,CUST6340,2023-10-02 22:20:00,268.23,Food,Debit Card,POS,Chennai,0,143,16.8,834,No,0,0.1518430547333158,0,0.5129836677075179,0,Lower score,validation,selection/tuning
T101331,CUST3298,2023-10-02 23:53:00,101.61,Food,UPI,Mobile,Kolkata,0,26,340.27,630,No,0,0.13409171759957228,0,0.4953735250027734,0,Lower score,validation,selection/tuning
T100854,CUST9384,2023-10-03 02:15:00,18.37,Fashion,NetBanking,POS,Delhi,0,116,21.0,712,No,1,0.21415375413719986,1,0.48221365280110384,0,Model review,validation,selection/tuning
T100267,CUST4792,2023-10-03 03:01:00,96.98,Fashion,UPI,POS,Hyderabad,0,128,83.56,1019,No,0,0.2663587986847572,1,0.48254746069583937,0,Model review,validation,selection/tuning
T100857,CUST2351,2023-10-03 06:41:00,51.1,Electronics,PayPal,Desktop,Bengaluru,0,41,165.13,1424,No,0,0.08810849998358859,0,0.48066860697710767,0,Lower score,validation,selection/tuning
T101629,CUST3488,2023-10-03 07:34:00,47.88,Health,NetBanking,Mobile,Mumbai,1,75,422.78,319,No,0,0.4464628591393145,1,0.5148114215206658,0,Model review,validation,selection/tuning
T100932,CUST2588,2023-10-03 12:13:00,332.85,Utilities,UPI,Mobile,Mumbai,0,50,78.16,1755,No,0,0.032423565745722804,0,0.5145303726208751,0,Lower score,validation,selection/tuning
T101627,CUST1751,2023-10-03 14:05:00,61.4,Food,UPI,POS,Delhi,0,135,85.57,1646,No,0,0.0204270631126972,0,0.4863483566756347,0,Lower score,validation,selection/tuning
T102358,CUST5007,2023-10-03 17:22:00,61.08,Food,Debit Card,Desktop,Hyderabad,0,32,322.91,1519,No,0,0.025137090369676634,0,0.48738117178633644,0,Lower score,validation,selection/tuning
T104766,CUST4954,2023-10-03 17:29:00,155.89,Entertainment,Credit Card,POS,Hyderabad,0,144,470.36,1384,No,0,0.0295737964163596,0,0.5006905831915782,0,Lower score,validation,selection/tuning
T103421,CUST4025,2023-10-03 19:12:00,78.2,Electronics,UPI,Mobile,Kolkata,0,167,262.98,1314,No,0,0.022184594720674525,0,0.48303041349221876,0,Lower score,validation,selection/tuning
T103099,CUST1680,2023-10-03 20:54:00,45.47,Travel,Debit Card,POS,Chennai,0,174,345.64,645,No,0,0.07517807558534734,0,0.4800435578770337,0,Lower score,validation,selection/tuning
T103551,CUST6323,2023-10-03 21:47:00,11.8,Health,Debit Card,POS,Kolkata,0,137,255.81,1443,No,0,0.059677299010869586,0,0.4898487313693086,0,Lower score,validation,selection/tuning
T100168,CUST5969,2023-10-04 03:02:00,3.33,Travel,UPI,POS,Chennai,0,151,310.27,889,No,1,0.23194480209827106,1,0.5061439098620091,0,Model review,validation,selection/tuning
T100289,CUST9513,2023-10-04 04:13:00,71.49,Entertainment,UPI,Desktop,Hyderabad,0,93,178.75,52,No,0,0.21176760486000795,1,0.4895982067724071,0,Model review,validation,selection/tuning
T100281,CUST8399,2023-10-04 06:57:00,33.0,Fashion,NetBanking,Desktop,Mumbai,0,20,424.48,1065,No,0,0.12211941298118341,0,0.4728755913895137,0,Lower score,validation,selection/tuning
T100952,CUST8521,2023-10-04 07:38:00,15.43,Fashion,UPI,Desktop,Delhi,0,1,157.94,73,No,0,0.09605003187288272,0,0.4784733480956702,0,Lower score,validation,selection/tuning
T100000,CUST3252,2023-10-04 07:45:00,37.54,Travel,PayPal,POS,Bengaluru,0,94,417.4,1492,No,0,0.08737321558927562,0,0.4804556386564751,0,Lower score,validation,selection/tuning
T103819,CUST3707,2023-10-04 16:41:00,51.91,Health,Debit Card,Desktop,Hyderabad,0,87,265.09,1695,Yes,1,0.01594793794685902,0,0.4812467878893561,0,Lower score,validation,selection/tuning
T101179,CUST7502,2023-10-04 18:21:00,62.34,Food,Debit Card,Mobile,Bengaluru,0,197,382.06,885,No,0,0.035769107948421745,0,0.47566532597473554,0,Lower score,validation,selection/tuning
T104176,CUST3689,2023-10-04 18:30:00,69.92,Entertainment,Credit Card,Mobile,Kolkata,1,180,256.48,1337,No,1,0.18766142144990305,1,0.5328795101717188,1,Model review,validation,selection/tuning
T102720,CUST6804,2023-10-04 20:17:00,183.06,Fashion,NetBanking,Mobile,Chennai,0,168,415.75,1755,No,0,0.07729086652486775,0,0.4954693293948723,0,Lower score,validation,selection/tuning
T100752,CUST3990,2023-10-04 20:35:00,79.05,Health,Debit Card,Desktop,Delhi,0,40,222.58,1751,No,0,0.048198782782230554,0,0.4842183751535018,0,Lower score,validation,selection/tuning
T102388,CUST1960,2023-10-04 20:42:00,97.82,Travel,Credit Card,Desktop,Kolkata,0,7,274.29,180,No,0,0.050285779968643404,0,0.49401487955279216,0,Lower score,validation,selection/tuning
T101855,CUST2949,2023-10-04 22:47:00,23.25,Fashion,PayPal,Desktop,Hyderabad,0,188,243.14,1269,No,0,0.11361026817179891,0,0.48012021358227946,0,Lower score,validation,selection/tuning
T103900,CUST3625,2023-10-04 22:48:00,45.15,Food,Debit Card,POS,Mumbai,0,38,67.69,67,No,0,0.138622526260811,0,0.4830919369705256,0,Lower score,validation,selection/tuning
T104253,CUST6704,2023-10-05 01:24:00,56.41,Health,PayPal,POS,Mumbai,1,99,380.18,298,No,1,0.5934372844514763,1,0.5192668638067427,1,Model review,validation,selection/tuning
T100347,CUST4277,2023-10-05 01:38:00,3.71,Fashion,NetBanking,Mobile,Delhi,0,94,40.79,1674,No,1,0.15397729467468313,0,0.4867790320390241,0,Lower score,validation,selection/tuning
T103978,CUST1829,2023-10-05 02:19:00,4.15,Utilities,NetBanking,POS,Delhi,0,196,249.93,1989,No,0,0.13212622606583277,0,0.48937618237957226,0,Lower score,validation,selection/tuning
T104477,CUST2905,2023-10-05 05:21:00,35.43,Electronics,UPI,Desktop,Pune,0,149,198.1,570,No,1,0.08580540845639152,0,0.484817543417875,0,Lower score,validation,selection/tuning
T104956,CUST6855,2023-10-05 06:11:00,35.33,Entertainment,Credit Card,POS,Delhi,0,69,275.85,394,No,0,0.11003277757265117,0,0.48715529561622495,0,Lower score,validation,selection/tuning
T102517,CUST1353,2023-10-05 07:40:00,51.83,Health,PayPal,POS,Hyderabad,0,150,338.92,1851,No,0,0.056671907756095666,0,0.4863967477800375,0,Lower score,validation,selection/tuning
T101477,CUST7201,2023-10-05 11:44:00,114.93,Food,PayPal,Mobile,Pune,1,113,356.01,1936,No,0,0.14608039545421875,0,0.523727154993997,1,Anomaly review,validation,selection/tuning
T102650,CUST4460,2023-10-05 11:46:00,18.74,Food,Credit Card,Mobile,Pune,0,175,207.66,492,No,0,0.0181912752017019,0,0.4739632943197591,0,Lower score,validation,selection/tuning
T103712,CUST3493,2023-10-05 12:00:00,98.0,Travel,NetBanking,POS,Kolkata,0,148,242.13,1990,No,0,0.014400249717241942,0,0.4812357401262087,0,Lower score,validation,selection/tuning
T102768,CUST1000,2023-10-05 12:14:00,55.55,Entertainment,Credit Card,POS,Hyderabad,0,121,293.99,1759,No,0,0.018574238153128628,0,0.48647819396253605,0,Lower score,validation,selection/tuning
T102808,CUST3605,2023-10-05 14:19:00,51.84,Electronics,Debit Card,Mobile,Mumbai,0,22,223.49,570,No,0,0.008897262720126673,0,0.4754398966080999,0,Lower score,validation,selection/tuning
T102220,CUST2591,2023-10-05 16:12:00,97.31,Health,Debit Card,POS,Mumbai,1,195,462.51,742,No,0,0.11305390137261159,0,0.5192963947256853,1,Anomaly review,validation,selection/tuning
T103277,CUST8063,2023-10-05 18:30:00,53.1,Food,PayPal,POS,Mumbai,0,113,374.06,1836,No,0,0.02605600736762342,0,0.48057923957252874,0,Lower score,validation,selection/tuning
T102418,CUST7256,2023-10-05 21:58:00,2.52,Utilities,UPI,Mobile,Mumbai,0,1,128.06,1442,No,0,0.06651065566527209,0,0.5051085990076508,0,Lower score,validation,selection/tuning
T104241,CUST1552,2023-10-05 23:06:00,40.33,Grocery,UPI,Desktop,Chennai,0,135,427.34,721,No,0,0.10251316750037986,0,0.4809507881265831,0,Lower score,validation,selection/tuning
T102305,CUST3400,2023-10-06 06:45:00,40.47,Entertainment,Credit Card,Desktop,Bengaluru,0,132,291.4,1955,No,0,0.08710210568381391,0,0.47855291240186576,0,Lower score,validation,selection/tuning
T104173,CUST9387,2023-10-06 07:07:00,60.72,Travel,Credit Card,POS,Pune,0,192,304.94,385,No,0,0.06084637814796459,0,0.48700344934146295,0,Lower score,validation,selection/tuning
T100871,CUST7475,2023-10-06 09:43:00,25.26,Travel,UPI,Mobile,Chennai,0,14,383.52,661,No,0,0.030890433628067905,0,0.5002326540949312,0,Lower score,validation,selection/tuning
T104964,CUST7514,2023-10-06 15:03:00,52.72,Fashion,UPI,Desktop,Kolkata,1,67,41.95,591,No,0,0.07885787022480793,0,0.5239098688374696,1,Anomaly review,validation,selection/tuning
T104722,CUST9091,2023-10-06 17:20:00,18.28,Electronics,UPI,Mobile,Chennai,0,122,144.13,428,No,0,0.010370236991433527,0,0.49719670150976436,0,Lower score,validation,selection/tuning
T104551,CUST7852,2023-10-06 20:43:00,1.63,Electronics,Debit Card,Mobile,Hyderabad,0,87,217.44,1252,No,0,0.022566532653108796,0,0.5030713576552208,0,Lower score,validation,selection/tuning
T101681,CUST7809,2023-10-06 21:52:00,297.09,Food,UPI,Mobile,Hyderabad,0,19,191.82,1341,No,0,0.08995596084457295,0,0.5077775378592977,0,Lower score,validation,selection/tuning
T100164,CUST1337,2023-10-06 21:56:00,7.57,Utilities,Credit Card,Desktop,Pune,0,76,204.92,1611,No,0,0.04210293757195799,0,0.48598947884933685,0,Lower score,validation,selection/tuning
T103848,CUST3328,2023-10-07 02:21:00,100.35,Fashion,UPI,Mobile,Kolkata,0,136,418.87,298,No,0,0.16114156760836953,1,0.4989811262296325,0,Model review,validation,selection/tuning
T100595,CUST8300,2023-10-07 05:39:00,51.39,Utilities,NetBanking,Desktop,Chennai,0,105,476.34,1624,No,0,0.11123033042528434,0,0.48826281164445695,0,Lower score,validation,selection/tuning
T103134,CUST5340,2023-10-07 07:29:00,17.88,Grocery,Credit Card,Mobile,Hyderabad,0,37,431.43,616,No,0,0.05515580769442171,0,0.49953344908194325,0,Lower score,validation,selection/tuning
T103873,CUST9294,2023-10-07 10:00:00,140.5,Fashion,PayPal,Mobile,Delhi,0,125,73.18,1730,No,0,0.032234919624579,0,0.5033125769302412,0,Lower score,validation,selection/tuning
T103257,CUST6908,2023-10-07 12:00:00,18.48,Food,Debit Card,Desktop,Pune,0,171,187.62,1671,No,0,0.015589935944810503,0,0.4943657744734222,0,Lower score,validation,selection/tuning
T100321,CUST6405,2023-10-07 12:47:00,100.31,Grocery,PayPal,Mobile,Bengaluru,0,180,201.74,1975,No,0,0.012786515504995011,0,0.4908802496339105,0,Lower score,validation,selection/tuning
T104887,CUST9355,2023-10-07 15:48:00,92.13,Electronics,PayPal,Desktop,Chennai,0,90,494.7,584,No,0,0.009278655332253282,0,0.49367358944560696,0,Lower score,validation,selection/tuning
T100877,CUST4235,2023-10-07 17:50:00,86.05,Health,Credit Card,Desktop,Bengaluru,0,124,351.0,1275,No,0,0.019118118936691155,0,0.49456147289046226,0,Lower score,validation,selection/tuning
T104705,CUST6671,2023-10-07 18:25:00,43.88,Utilities,Credit Card,POS,Kolkata,0,188,296.31,1815,No,0,0.015038630745341623,0,0.4950592289563179,0,Lower score,validation,selection/tuning
T103717,CUST9875,2023-10-07 21:48:00,6.58,Travel,PayPal,POS,Pune,0,94,20.65,387,No,0,0.049575977127638414,0,0.5066819053935128,0,Lower score,validation,selection/tuning
T103051,CUST5617,2023-10-08 01:11:00,52.78,Grocery,NetBanking,POS,Kolkata,0,26,59.24,1036,No,0,0.11282300665893982,0,0.4939151279053728,0,Lower score,validation,selection/tuning
T104086,CUST6441,2023-10-08 05:26:00,11.23,Health,NetBanking,POS,Pune,0,158,137.98,1978,No,1,0.10328850522837826,0,0.4932563891019631,0,Lower score,validation,selection/tuning
T102738,CUST3825,2023-10-08 06:08:00,263.25,Fashion,UPI,Desktop,Bengaluru,0,70,337.19,105,No,0,0.20507813261931354,1,0.5203504048712334,1,Model review,validation,selection/tuning
T104512,CUST3651,2023-10-08 06:25:00,7.67,Fashion,PayPal,Desktop,Hyderabad,0,2,394.04,127,No,0,0.10519072337295854,0,0.5085925974041986,0,Lower score,validation,selection/tuning
T103573,CUST2909,2023-10-08 07:07:00,364.14,Food,PayPal,Desktop,Chennai,0,128,352.73,1276,No,0,0.15594934304881136,0,0.5296313192475459,1,Anomaly review,validation,selection/tuning
T102643,CUST2725,2023-10-08 07:44:00,82.66,Grocery,Credit Card,Desktop,Hyderabad,0,102,321.84,916,No,0,0.06520600151551686,0,0.4990552189812354,0,Lower score,validation,selection/tuning
T101794,CUST3635,2023-10-08 08:00:00,3.41,Health,Credit Card,Desktop,Hyderabad,0,157,161.49,1246,No,0,0.055745768850708984,0,0.5082375009634283,0,Lower score,validation,selection/tuning
T102504,CUST6050,2023-10-08 19:58:00,17.9,Utilities,PayPal,Mobile,Hyderabad,0,156,119.68,948,No,0,0.029405029315125286,0,0.4953681747397531,0,Lower score,validation,selection/tuning
T104373,CUST3908,2023-10-08 21:54:00,40.57,Food,NetBanking,Mobile,Bengaluru,0,187,473.86,1098,No,0,0.09245545160352159,0,0.482721243999238,0,Lower score,validation,selection/tuning
T104653,CUST1352,2023-10-09 02:31:00,151.29,Grocery,UPI,POS,Hyderabad,0,27,438.66,1295,No,1,0.1888225030393351,1,0.49650814135596316,0,Model review,validation,selection/tuning
T101052,CUST1907,2023-10-09 06:16:00,223.84,Health,UPI,POS,Bengaluru,0,60,47.94,984,No,0,0.15539439255812137,0,0.5082028823766956,0,Lower score,validation,selection/tuning
T102523,CUST4822,2023-10-09 08:44:00,35.54,Health,Debit Card,Desktop,Kolkata,1,4,239.87,1994,No,1,0.2468700569571722,1,0.5076752353222959,0,Model review,validation,selection/tuning
T103417,CUST3051,2023-10-09 11:32:00,84.98,Fashion,NetBanking,Mobile,Pune,0,172,100.93,858,No,0,0.02201844359828103,0,0.4829707573935185,0,Lower score,validation,selection/tuning
T100210,CUST5517,2023-10-09 15:20:00,63.66,Grocery,Credit Card,Mobile,Mumbai,0,179,56.16,448,No,0,0.01263664286181101,0,0.48935333376633655,0,Lower score,validation,selection/tuning
T103799,CUST7022,2023-10-09 16:10:00,67.14,Electronics,UPI,Desktop,Delhi,0,124,265.72,1675,No,0,0.010522876097402557,0,0.4861734724521658,0,Lower score,validation,selection/tuning
T100227,CUST7168,2023-10-09 16:14:00,39.95,Electronics,NetBanking,Desktop,Pune,0,126,29.94,1447,No,0,0.008647501505577648,0,0.4674825236577589,0,Lower score,validation,selection/tuning
T100576,CUST5566,2023-10-09 17:44:00,12.73,Utilities,NetBanking,POS,Mumbai,0,24,421.2,1823,No,0,0.01774492072164763,0,0.4820683559169504,0,Lower score,validation,selection/tuning
T100147,CUST6253,2023-10-09 17:52:00,55.88,Utilities,NetBanking,Mobile,Pune,0,64,175.55,1070,No,0,0.015576623724207123,0,0.4757823347884399,0,Lower score,validation,selection/tuning
T104624,CUST5558,2023-10-09 21:19:00,232.07,Utilities,Debit Card,Mobile,Hyderabad,0,61,423.96,350,No,0,0.06863792819317756,0,0.49627643434918584,0,Lower score,validation,selection/tuning
T102047,CUST6087,2023-10-09 22:32:00,98.43,Utilities,Debit Card,Desktop,Mumbai,0,30,208.09,1992,No,0,0.09147339859979228,0,0.48449411315483937,0,Lower score,validation,selection/tuning
T104675,CUST7256,2023-10-09 23:25:00,173.99,Fashion,NetBanking,Mobile,Pune,0,112,234.39,773,No,0,0.13525624018271526,0,0.49915248576195437,0,Lower score,validation,selection/tuning
T100998,CUST8283,2023-10-10 00:54:00,240.04,Food,UPI,Mobile,Mumbai,0,183,95.74,1664,No,0,0.2792938607520391,1,0.5062031609005632,0,Model review,validation,selection/tuning
T101670,CUST1283,2023-10-10 01:36:00,38.32,Food,UPI,Mobile,Hyderabad,0,61,464.85,451,No,0,0.22773097431229056,1,0.4827017186292784,0,Model review,validation,selection/tuning
T102741,CUST7491,2023-10-10 04:15:00,20.43,Grocery,Credit Card,POS,Delhi,0,7,58.75,664,No,1,0.1603639845490199,1,0.49346720630250235,0,Model review,validation,selection/tuning
T100992,CUST4437,2023-10-10 06:53:00,25.41,Travel,Credit Card,Mobile,Bengaluru,0,139,204.89,860,No,0,0.12368552602795324,0,0.4922653016776324,0,Lower score,validation,selection/tuning
T101948,CUST2683,2023-10-10 08:30:00,31.82,Electronics,Debit Card,Mobile,Delhi,0,89,98.27,1973,No,0,0.04235043186804013,0,0.48598712537212374,0,Lower score,validation,selection/tuning
T100391,CUST4572,2023-10-10 09:32:00,42.57,Entertainment,PayPal,Mobile,Chennai,1,125,273.88,1416,No,1,0.3302716142615079,1,0.5319566952505493,1,Model review,validation,selection/tuning
T102352,CUST2473,2023-10-10 09:38:00,75.86,Travel,PayPal,Mobile,Hyderabad,0,102,493.53,1640,No,0,0.041803501373526994,0,0.48660399274784016,0,Lower score,validation,selection/tuning
T100431,CUST2290,2023-10-10 17:34:00,114.67,Entertainment,UPI,Mobile,Kolkata,0,87,63.87,349,No,0,0.02260576588127591,0,0.4939548418481124,0,Lower score,validation,selection/tuning
T100775,CUST5958,2023-10-10 18:12:00,12.99,Utilities,Debit Card,Desktop,Pune,1,11,352.44,1417,No,0,0.1558001548744104,0,0.5209204934220573,1,Anomaly review,validation,selection/tuning
T101703,CUST7645,2023-10-10 20:38:00,56.44,Travel,PayPal,POS,Pune,0,195,119.72,165,No,0,0.05005822905909092,0,0.4882200404601673,0,Lower score,validation,selection/tuning
T101656,CUST1156,2023-10-10 20:51:00,64.56,Health,Credit Card,Mobile,Hyderabad,0,62,216.54,501,No,0,0.057838269374251836,0,0.48362351692168465,0,Lower score,validation,selection/tuning
T103942,CUST6392,2023-10-10 23:26:00,7.03,Health,Credit Card,Desktop,Mumbai,1,29,437.76,1492,No,0,0.5667939118998183,1,0.5251170724063183,1,Model review,validation,selection/tuning
T104070,CUST5504,2023-10-10 23:58:00,31.36,Fashion,PayPal,POS,Delhi,1,155,42.27,194,No,0,0.6261113343050897,1,0.5137897221463544,0,Model review,validation,selection/tuning
T100214,CUST2359,2023-10-11 00:14:00,99.63,Food,NetBanking,Mobile,Chennai,0,138,93.21,948,No,0,0.2060776095258035,1,0.4727047091101518,0,Model review,validation,selection/tuning
T100419,CUST7379,2023-10-11 00:38:00,111.67,Travel,UPI,POS,Kolkata,0,76,366.99,1148,No,0,0.16309608364029649,1,0.500615267425571,0,Model review,validation,selection/tuning
T100032,CUST3979,2023-10-11 01:37:00,5.38,Grocery,UPI,Mobile,Mumbai,0,34,462.45,387,Yes,1,0.17479218373976407,1,0.49361848776199174,0,Model review,validation,selection/tuning
T103885,CUST8300,2023-10-11 02:42:00,217.82,Utilities,Credit Card,Mobile,Kolkata,0,52,128.46,1926,Yes,0,0.18461756467510962,1,0.5007719331121832,0,Model review,validation,selection/tuning
T103321,CUST4201,2023-10-11 03:03:00,5.5,Utilities,Debit Card,Mobile,Bengaluru,0,52,423.2,1781,No,0,0.1894753776689168,1,0.4999671280472265,0,Model review,validation,selection/tuning
T104821,CUST2386,2023-10-11 06:41:00,27.28,Fashion,PayPal,Mobile,Delhi,0,194,205.3,1773,No,0,0.10944147109078255,0,0.4764084914262859,0,Lower score,validation,selection/tuning
T104832,CUST1684,2023-10-11 06:44:00,82.97,Fashion,Debit Card,Mobile,Bengaluru,0,36,17.52,1392,No,0,0.14950999326508288,0,0.4783534603604172,0,Lower score,validation,selection/tuning
T100732,CUST8321,2023-10-11 08:35:00,87.54,Fashion,PayPal,POS,Pune,0,85,333.21,1615,No,0,0.06513925158994853,0,0.4858404305702096,0,Lower score,validation,selection/tuning
T104156,CUST1581,2023-10-11 08:47:00,62.17,Electronics,PayPal,Mobile,Pune,0,150,360.3,111,No,0,0.033672314898861896,0,0.48501091848883493,0,Lower score,validation,selection/tuning
T101027,CUST2448,2023-10-11 13:55:00,148.91,Entertainment,Debit Card,Mobile,Mumbai,1,25,96.69,55,No,0,0.15956298297076657,1,0.5327241532621435,1,Model review,validation,selection/tuning
T104167,CUST4516,2023-10-11 14:43:00,7.98,Food,UPI,POS,Delhi,0,116,312.51,1837,No,0,0.017793817989005256,0,0.49054000053551716,0,Lower score,validation,selection/tuning
T104633,CUST5319,2023-10-11 14:47:00,158.1,Utilities,UPI,POS,Kolkata,0,123,289.68,313,No,0,0.014178760833756444,0,0.4984059165871261,0,Lower score,validation,selection/tuning
T102130,CUST9486,2023-10-11 16:34:00,14.16,Travel,PayPal,POS,Bengaluru,0,165,170.04,396,No,0,0.01847097747101992,0,0.4863832006958199,0,Lower score,validation,selection/tuning
T102490,CUST2146,2023-10-11 17:16:00,26.93,Food,Credit Card,POS,Bengaluru,0,77,28.95,675,No,0,0.028298959407501656,0,0.4752913586803966,0,Lower score,validation,selection/tuning
T102789,CUST5669,2023-10-11 17:49:00,421.03,Fashion,Debit Card,Desktop,Hyderabad,1,49,426.17,1273,No,0,0.29874375478064513,1,0.554567370880058,1,Model review,validation,selection/tuning
T103335,CUST8574,2023-10-11 18:16:00,110.9,Fashion,Debit Card,POS,Bengaluru,0,68,245.54,1324,Yes,0,0.039727752699830456,0,0.4883743579191792,0,Lower score,validation,selection/tuning
T100090,CUST1456,2023-10-11 18:48:00,10.19,Entertainment,UPI,POS,Chennai,0,23,381.12,1566,No,0,0.04042861387013092,0,0.4974558439700119,0,Lower score,validation,selection/tuning
T101280,CUST4591,2023-10-11 20:12:00,77.02,Health,Debit Card,Mobile,Bengaluru,0,115,494.74,1517,No,0,0.05063590099976672,0,0.4834832499680742,0,Lower score,validation,selection/tuning
T103733,CUST9383,2023-10-11 21:03:00,55.7,Electronics,UPI,POS,Kolkata,0,2,278.15,102,No,0,0.04098951886235765,0,0.4844724250521616,0,Lower score,validation,selection/tuning
T102883,CUST8283,2023-10-12 01:52:00,5.91,Utilities,NetBanking,Mobile,Mumbai,0,122,114.65,1275,No,0,0.13792563250976847,0,0.4887157272883388,0,Lower score,validation,selection/tuning
T103069,CUST7718,2023-10-12 05:12:00,90.17,Electronics,Debit Card,Mobile,Chennai,1,38,445.87,949,No,1,0.5283383534098581,1,0.5214522587178457,1,Model review,validation,selection/tuning
T104109,CUST8939,2023-10-12 06:01:00,68.81,Health,UPI,POS,Kolkata,0,46,415.23,1728,No,0,0.08904461212003256,0,0.487531988533333,0,Lower score,validation,selection/tuning
T104434,CUST1338,2023-10-12 06:05:00,6.04,Electronics,Credit Card,POS,Pune,0,70,276.91,1085,No,0,0.06878286810953534,0,0.4978875357697342,0,Lower score,validation,selection/tuning
T103482,CUST2377,2023-10-12 06:30:00,25.95,Travel,NetBanking,POS,Kolkata,0,117,169.51,603,No,0,0.07432872481721506,0,0.4868439702795752,0,Lower score,validation,selection/tuning
T102513,CUST9371,2023-10-12 15:28:00,57.14,Fashion,Debit Card,POS,Mumbai,1,87,290.89,586,No,1,0.12917202633680738,0,0.5199873300099637,1,Anomaly review,validation,selection/tuning
T102820,CUST2613,2023-10-12 16:02:00,208.51,Food,PayPal,POS,Delhi,1,84,87.91,1601,No,0,0.13493465129493262,0,0.5314873885998898,1,Anomaly review,validation,selection/tuning
T101098,CUST5726,2023-10-12 17:20:00,120.98,Food,UPI,POS,Pune,0,129,116.28,836,No,0,0.021077549147371533,0,0.48546802548805884,0,Lower score,validation,selection/tuning
T104471,CUST2893,2023-10-12 20:55:00,381.72,Electronics,Credit Card,POS,Pune,0,63,42.57,1180,No,0,0.05269785363105511,0,0.5226772496375296,1,Anomaly review,validation,selection/tuning
T100174,CUST5672,2023-10-12 21:01:00,82.89,Utilities,NetBanking,POS,Hyderabad,0,157,285.54,1558,No,0,0.047646080328622005,0,0.475386348706706,0,Lower score,validation,selection/tuning
T103005,CUST6584,2023-10-12 21:56:00,143.1,Utilities,NetBanking,POS,Delhi,0,112,100.84,1807,Yes,0,0.06713757437344552,0,0.4820840917774761,0,Lower score,validation,selection/tuning
T102018,CUST1292,2023-10-13 02:01:00,1.77,Grocery,PayPal,Desktop,Kolkata,0,45,452.28,887,Yes,1,0.07580791009672429,0,0.5142509761909183,0,Lower score,validation,selection/tuning
T100123,CUST2592,2023-10-13 04:56:00,9.33,Entertainment,Credit Card,Desktop,Hyderabad,0,132,31.44,898,No,1,0.11101196893321678,0,0.49720927423200356,0,Lower score,validation,selection/tuning
T103202,CUST8147,2023-10-13 05:33:00,17.24,Electronics,Debit Card,Mobile,Hyderabad,0,12,159.92,1951,No,0,0.06302229708729262,0,0.48668471194084917,0,Lower score,validation,selection/tuning
T102623,CUST2521,2023-10-13 06:00:00,192.59,Health,PayPal,Mobile,Mumbai,0,30,337.93,804,No,0,0.08946090724558169,0,0.5017379918230105,0,Lower score,validation,selection/tuning
T102176,CUST3386,2023-10-13 06:41:00,26.2,Fashion,UPI,POS,Pune,0,193,440.93,236,No,0,0.08058003943395858,0,0.48441704477918,0,Lower score,validation,selection/tuning
T102697,CUST9322,2023-10-13 09:56:00,29.9,Food,Debit Card,Mobile,Bengaluru,0,120,330.62,583,No,0,0.030655932199917836,0,0.47408044690666845,0,Lower score,validation,selection/tuning
T104131,CUST4036,2023-10-13 19:50:00,19.66,Entertainment,Debit Card,Desktop,Pune,0,135,212.09,1589,No,0,0.024001832244534605,0,0.4768423436277314,0,Lower score,validation,selection/tuning
T102240,CUST8871,2023-10-13 21:19:00,126.62,Travel,Debit Card,POS,Delhi,0,139,427.73,1675,No,0,0.04749260497972802,0,0.49530036200059474,0,Lower score,validation,selection/tuning
T103604,CUST7650,2023-10-13 22:31:00,19.74,Food,Debit Card,Mobile,Kolkata,0,154,412.18,1170,No,0,0.05619222930461937,0,0.4854316169160986,0,Lower score,validation,selection/tuning
T100533,CUST3551,2023-10-13 23:26:00,64.85,Electronics,PayPal,Desktop,Kolkata,0,44,180.9,1178,No,0,0.044251205079757,0,0.48615942252261163,0,Lower score,validation,selection/tuning
T101559,CUST4259,2023-10-13 23:42:00,184.23,Travel,PayPal,POS,Pune,0,45,196.82,1152,No,0,0.09162481970845218,0,0.5146699874586069,0,Lower score,validation,selection/tuning
T101781,CUST6810,2023-10-14 08:01:00,185.63,Food,Debit Card,POS,Pune,0,108,103.38,288,No,0,0.07202154510418936,0,0.5145739133446887,0,Lower score,validation,selection/tuning
T100753,CUST4363,2023-10-14 10:01:00,32.63,Travel,UPI,POS,Chennai,0,146,222.32,282,No,0,0.03572995719453072,0,0.4999168151584402,0,Lower score,validation,selection/tuning
T101563,CUST9893,2023-10-14 11:49:00,25.71,Food,Credit Card,Desktop,Pune,0,5,176.0,516,No,0,0.017133053174589137,0,0.49280819847012763,0,Lower score,validation,selection/tuning
T104221,CUST3554,2023-10-14 14:43:00,76.08,Grocery,Credit Card,POS,Kolkata,0,134,127.82,244,No,0,0.008382467524471336,0,0.4959015743868244,0,Lower score,validation,selection/tuning
T100938,CUST2596,2023-10-14 17:34:00,10.02,Travel,NetBanking,Mobile,Bengaluru,0,3,56.13,1152,Yes,0,0.016682345499063823,0,0.49788121386829887,0,Lower score,validation,selection/tuning
T102985,CUST2791,2023-10-14 21:08:00,272.99,Entertainment,Debit Card,Mobile,Mumbai,1,70,105.47,1776,No,1,0.4237913046354391,1,0.5507192117868136,1,Model review,validation,selection/tuning
T101223,CUST8241,2023-10-14 21:42:00,230.05,Travel,UPI,POS,Kolkata,0,5,391.5,1495,No,0,0.06823441660324053,0,0.5326617183376704,1,Anomaly review,validation,selection/tuning
T104411,CUST5672,2023-10-14 21:46:00,0.34,Grocery,PayPal,POS,Chennai,0,184,111.03,1345,No,0,0.05347549139141537,0,0.5125425465850507,0,Lower score,validation,selection/tuning
T101198,CUST1009,2023-10-15 01:49:00,110.79,Health,NetBanking,POS,Mumbai,0,84,179.12,241,No,0,0.17529891842395323,1,0.49719925602172005,0,Model review,validation,selection/tuning
T100235,CUST1110,2023-10-15 03:02:00,102.54,Food,UPI,Desktop,Hyderabad,0,193,294.11,916,No,0,0.22231972563560243,1,0.5065846580227348,0,Model review,validation,selection/tuning
T104521,CUST9211,2023-10-15 03:58:00,68.85,Travel,Credit Card,Mobile,Pune,0,97,403.07,1720,No,0,0.15621072767468233,0,0.49695894042699773,0,Lower score,validation,selection/tuning
T102232,CUST8371,2023-10-15 04:30:00,186.56,Fashion,NetBanking,Desktop,Hyderabad,0,29,124.52,833,No,0,0.20280510491873208,1,0.5115640805716295,0,Model review,validation,selection/tuning
T100993,CUST4983,2023-10-15 06:45:00,71.37,Health,NetBanking,POS,Bengaluru,0,155,142.28,1334,No,0,0.10195915677469912,0,0.4851851637383596,0,Lower score,validation,selection/tuning
T102268,CUST7604,2023-10-15 07:51:00,21.69,Food,UPI,POS,Mumbai,0,69,65.71,463,No,0,0.09013122201610876,0,0.500049532207653,0,Lower score,validation,selection/tuning
T104457,CUST3392,2023-10-15 08:10:00,12.06,Utilities,Credit Card,Mobile,Delhi,0,184,432.12,1797,No,0,0.05055121333819701,0,0.49942971426705957,0,Lower score,validation,selection/tuning
T102839,CUST1933,2023-10-15 09:01:00,37.18,Health,UPI,Desktop,Kolkata,0,46,364.96,428,No,0,0.03458348317229037,0,0.4875975456175623,0,Lower score,validation,selection/tuning
T101715,CUST7322,2023-10-15 09:16:00,421.75,Travel,Credit Card,Mobile,Chennai,0,69,254.65,906,Yes,1,0.08267103443005559,0,0.5258997229589814,1,Anomaly review,validation,selection/tuning
T100862,CUST6591,2023-10-15 13:26:00,59.45,Entertainment,PayPal,Mobile,Kolkata,0,122,384.86,1898,Yes,1,0.011047134667423537,0,0.5106374105929073,0,Lower score,validation,selection/tuning
T102822,CUST4255,2023-10-15 13:59:00,80.49,Fashion,UPI,Desktop,Pune,1,124,292.98,1303,No,1,0.1283616209134141,0,0.5298944646032627,1,Anomaly review,validation,selection/tuning
T101447,CUST8201,2023-10-15 14:20:00,145.67,Travel,Debit Card,Mobile,Pune,0,106,325.02,1375,No,0,0.013315182582315167,0,0.4997927207609421,0,Lower score,validation,selection/tuning
T102922,CUST6605,2023-10-15 17:08:00,135.77,Fashion,PayPal,POS,Pune,1,122,488.72,949,No,0,0.1494841382908139,0,0.5399019381434359,1,Anomaly review,validation,selection/tuning
T102161,CUST1769,2023-10-15 20:17:00,77.6,Grocery,PayPal,Desktop,Mumbai,0,27,291.53,1104,No,0,0.03707095481026687,0,0.4938421819979138,0,Lower score,validation,selection/tuning
T100873,CUST8620,2023-10-15 21:31:00,42.04,Food,NetBanking,Mobile,Kolkata,0,180,215.06,783,No,0,0.05708106688900302,0,0.489054878408626,0,Lower score,validation,selection/tuning
T104140,CUST9097,2023-10-15 22:16:00,33.57,Electronics,NetBanking,Mobile,Mumbai,0,159,329.71,1550,No,0,0.058967358618926276,0,0.490157387063507,0,Lower score,validation,selection/tuning
T103180,CUST6311,2023-10-15 22:29:00,9.36,Utilities,UPI,POS,Bengaluru,1,80,168.7,846,No,0,0.4895506665678685,1,0.5338522378715954,1,Model review,validation,selection/tuning
T100844,CUST1910,2023-10-15 22:53:00,12.88,Fashion,UPI,POS,Kolkata,0,39,425.38,1266,No,0,0.09831687857621163,0,0.5035790821614483,0,Lower score,validation,selection/tuning
T101227,CUST8715,2023-10-16 00:42:00,25.64,Health,PayPal,POS,Kolkata,0,81,398.86,1481,Yes,0,0.1001216866461027,0,0.49008371630378145,0,Lower score,validation,selection/tuning
T103849,CUST9903,2023-10-16 01:35:00,5.67,Travel,PayPal,POS,Chennai,0,22,194.92,562,No,0,0.17035909379424435,1,0.49573002912777564,0,Model review,validation,selection/tuning
T104107,CUST2512,2023-10-16 02:09:00,4.14,Electronics,UPI,Desktop,Bengaluru,0,150,412.19,1270,No,0,0.14485201406247764,0,0.4925116775139038,0,Lower score,validation,selection/tuning
T103798,CUST1217,2023-10-16 05:11:00,15.15,Health,UPI,Desktop,Pune,0,87,474.2,1243,No,0,0.11680944615200994,0,0.4888174972106239,0,Lower score,validation,selection/tuning
T100970,CUST7474,2023-10-16 05:24:00,87.17,Entertainment,NetBanking,Desktop,Pune,1,199,391.64,866,No,0,0.5787152052206355,1,0.5142206915751425,0,Model review,validation,selection/tuning
T103173,CUST1553,2023-10-16 06:02:00,13.99,Grocery,NetBanking,Desktop,Hyderabad,0,69,421.34,423,No,0,0.09219475066303717,0,0.4821155701805228,0,Lower score,validation,selection/tuning
T104584,CUST9856,2023-10-16 06:28:00,94.12,Electronics,PayPal,Desktop,Pune,0,65,122.46,147,No,0,0.06527255726719715,0,0.4901153220015057,0,Lower score,validation,selection/tuning
T103624,CUST8991,2023-10-16 09:42:00,22.98,Electronics,Debit Card,Mobile,Bengaluru,0,126,283.89,1799,No,0,0.027873726452354787,0,0.4830867540179721,0,Lower score,validation,selection/tuning
T103949,CUST8412,2023-10-16 11:12:00,21.31,Fashion,Credit Card,POS,Mumbai,0,125,444.57,1021,Yes,1,0.029363676538533688,0,0.4834569842974889,0,Lower score,validation,selection/tuning
T100601,CUST7778,2023-10-16 11:58:00,26.12,Food,Debit Card,Desktop,Kolkata,0,40,331.61,1732,No,0,0.016389192906982264,0,0.4829564758214479,0,Lower score,validation,selection/tuning
T102775,CUST8166,2023-10-16 12:03:00,45.37,Entertainment,PayPal,Desktop,Chennai,0,178,344.84,581,No,0,0.02073780381319421,0,0.4881903262991215,0,Lower score,validation,selection/tuning
T102189,CUST8529,2023-10-16 12:27:00,87.49,Grocery,NetBanking,Mobile,Bengaluru,0,94,344.26,544,Yes,0,0.01663125769698987,0,0.4699545979085081,0,Lower score,validation,selection/tuning
T100465,CUST3697,2023-10-16 13:14:00,37.58,Travel,PayPal,Desktop,Chennai,1,118,28.83,1591,No,0,0.12241217307517846,0,0.5115303109097146,0,Lower score,validation,selection/tuning
T100251,CUST9258,2023-10-16 13:21:00,38.9,Food,Credit Card,Mobile,Mumbai,1,122,376.56,1074,No,0,0.14182428485768492,0,0.5209490499221251,1,Anomaly review,validation,selection/tuning
T101244,CUST8867,2023-10-16 13:47:00,114.51,Entertainment,PayPal,Desktop,Hyderabad,1,115,319.96,1675,Yes,1,0.11867479670092124,0,0.5227444883654432,1,Anomaly review,validation,selection/tuning
T101208,CUST2786,2023-10-16 16:26:00,25.58,Electronics,Credit Card,POS,Pune,0,193,85.78,1256,No,0,0.009651307579237949,0,0.4790390241118006,0,Lower score,validation,selection/tuning
T102586,CUST4507,2023-10-16 16:45:00,5.96,Grocery,UPI,Mobile,Hyderabad,0,135,431.73,232,No,0,0.013328044560219052,0,0.499652713997,0,Lower score,validation,selection/tuning
T100003,CUST4892,2023-10-16 17:10:00,73.04,Utilities,NetBanking,Desktop,Kolkata,0,68,488.3,449,No,0,0.0120719821063482,0,0.4725853538004022,0,Lower score,validation,selection/tuning
T104008,CUST2782,2023-10-16 17:38:00,91.08,Electronics,PayPal,Mobile,Hyderabad,0,83,20.93,1133,No,0,0.012570407084108899,0,0.4889073800082488,0,Lower score,validation,selection/tuning
T100835,CUST3861,2023-10-16 21:21:00,43.43,Entertainment,PayPal,Mobile,Pune,1,184,41.09,214,Yes,1,0.3381121219238515,1,0.5325199765360009,1,Model review,validation,selection/tuning
T102618,CUST3419,2023-10-16 22:12:00,147.97,Fashion,Debit Card,Mobile,Hyderabad,0,118,417.23,1727,No,0,0.10514408591323669,0,0.4867088231883861,0,Lower score,validation,selection/tuning
T101286,CUST9266,2023-10-16 22:35:00,7.36,Electronics,Credit Card,Mobile,Chennai,0,16,391.1,807,No,0,0.07223164806745155,0,0.4916480024818573,0,Lower score,validation,selection/tuning
T102277,CUST1490,2023-10-16 23:31:00,56.46,Travel,NetBanking,POS,Delhi,0,136,445.69,1175,No,0,0.11301986811635159,0,0.4855058756412134,0,Lower score,validation,selection/tuning
T102835,CUST5185,2023-10-17 00:35:00,201.59,Entertainment,UPI,Desktop,Chennai,0,62,229.01,894,No,0,0.2609785544463852,1,0.5036902914934057,0,Model review,validation,selection/tuning
T100242,CUST8521,2023-10-17 00:47:00,197.08,Utilities,Credit Card,Mobile,Kolkata,0,87,219.61,1451,No,1,0.16024365299754484,1,0.49677106211611066,0,Model review,validation,selection/tuning
T103267,CUST4370,2023-10-17 02:23:00,65.8,Electronics,UPI,Desktop,Hyderabad,0,16,169.74,1942,No,1,0.16336295129389383,1,0.48802820715364015,0,Model review,validation,selection/tuning
T101100,CUST8885,2023-10-17 04:11:00,4.77,Grocery,Credit Card,Mobile,Hyderabad,1,107,51.87,792,No,0,0.628732172800434,1,0.5364659183329897,1,Model review,validation,selection/tuning
T100969,CUST6893,2023-10-17 05:35:00,51.71,Entertainment,Credit Card,Desktop,Bengaluru,0,28,165.99,728,No,0,0.18864891474058695,1,0.4820132765647872,0,Model review,validation,selection/tuning
T103334,CUST7167,2023-10-17 06:38:00,176.88,Health,UPI,POS,Mumbai,0,60,202.09,1245,No,0,0.14728834676116034,0,0.5016369606723746,0,Lower score,validation,selection/tuning
T102092,CUST8038,2023-10-17 09:02:00,18.23,Health,Debit Card,Desktop,Kolkata,0,100,89.43,648,No,0,0.03715126525347072,0,0.47594031715125856,0,Lower score,validation,selection/tuning
T104246,CUST8419,2023-10-17 09:22:00,23.11,Utilities,UPI,POS,Mumbai,0,82,98.03,1855,Yes,1,0.05078665334813911,0,0.48946271119896106,0,Lower score,validation,selection/tuning
T104344,CUST2649,2023-10-17 10:39:00,70.94,Travel,Credit Card,Desktop,Chennai,0,27,14.7,1374,No,0,0.03983838201906531,0,0.47803539295423564,0,Lower score,validation,selection/tuning
T103704,CUST4143,2023-10-17 12:59:00,235.24,Electronics,UPI,Mobile,Pune,0,183,37.6,604,No,0,0.01600565181800334,0,0.5079537080336239,0,Lower score,validation,selection/tuning
T102166,CUST7925,2023-10-17 17:30:00,80.44,Electronics,UPI,Desktop,Chennai,0,37,314.25,1257,No,0,0.02044116489716993,0,0.48211153325062084,0,Lower score,validation,selection/tuning
T104393,CUST1551,2023-10-17 18:32:00,3.73,Grocery,Credit Card,POS,Hyderabad,0,152,480.92,1802,No,0,0.024791119208854868,0,0.5083862211378058,0,Lower score,validation,selection/tuning
T100894,CUST7737,2023-10-17 21:22:00,88.23,Entertainment,UPI,Mobile,Delhi,0,144,261.28,1213,No,0,0.08503302314892888,0,0.4840308717187109,0,Lower score,validation,selection/tuning
T103538,CUST7172,2023-10-17 22:14:00,89.67,Food,Debit Card,Desktop,Mumbai,0,191,299.38,1338,No,0,0.12514477810516264,0,0.4847745983494794,0,Lower score,validation,selection/tuning
T100770,CUST2434,2023-10-17 23:15:00,9.38,Fashion,Debit Card,Mobile,Mumbai,0,189,453.97,1014,No,0,0.14858269006589386,0,0.4903764051759221,0,Lower score,validation,selection/tuning
T103547,CUST7906,2023-10-18 00:34:00,53.02,Fashion,Credit Card,Desktop,Kolkata,0,197,248.66,617,No,1,0.1605190887453929,1,0.48305341339219404,0,Model review,validation,selection/tuning
T104377,CUST9887,2023-10-18 00:35:00,146.18,Health,NetBanking,Mobile,Mumbai,0,5,351.67,157,No,0,0.17266202554454974,1,0.48788554562345293,0,Model review,validation,selection/tuning
T102631,CUST8450,2023-10-18 00:58:00,97.35,Electronics,UPI,Desktop,Pune,0,39,119.26,1902,No,0,0.13311252548246763,0,0.4812175264140374,0,Lower score,validation,selection/tuning
T101445,CUST2746,2023-10-18 03:38:00,15.6,Grocery,UPI,POS,Mumbai,0,173,341.18,1291,No,0,0.18841045629604944,1,0.485410602643586,0,Model review,validation,selection/tuning
T103512,CUST9568,2023-10-18 05:11:00,296.22,Electronics,Credit Card,Mobile,Bengaluru,0,172,387.84,738,No,0,0.18159391337007877,1,0.5109492813417754,0,Model review,validation,selection/tuning
T101515,CUST7709,2023-10-18 06:08:00,0.61,Health,UPI,Mobile,Hyderabad,1,84,349.14,716,No,0,0.5404538679190113,1,0.5455538717418899,1,Model review,validation,selection/tuning
T101029,CUST7105,2023-10-18 07:02:00,141.25,Health,NetBanking,POS,Bengaluru,0,37,294.28,1872,No,0,0.1184645667326547,0,0.4800400494344591,0,Lower score,validation,selection/tuning
T100064,CUST3042,2023-10-18 08:06:00,26.38,Fashion,Credit Card,Mobile,Kolkata,0,119,245.08,349,No,0,0.06706293968125547,0,0.48576727489771543,0,Lower score,validation,selection/tuning
T100618,CUST3865,2023-10-18 08:58:00,131.27,Electronics,UPI,Mobile,Bengaluru,0,35,322.79,879,No,0,0.05275070411485184,0,0.4963565150738053,0,Lower score,validation,selection/tuning
T104179,CUST8325,2023-10-18 12:08:00,29.19,Travel,Credit Card,Mobile,Bengaluru,0,138,143.36,183,Yes,1,0.023799993463645232,0,0.48937935528525817,0,Lower score,validation,selection/tuning
T101706,CUST5070,2023-10-18 12:12:00,81.92,Electronics,UPI,POS,Kolkata,0,75,223.06,805,No,0,0.013300071833046746,0,0.4850430575784222,0,Lower score,validation,selection/tuning
T103306,CUST5638,2023-10-18 17:00:00,37.29,Utilities,PayPal,POS,Pune,0,136,447.3,1871,No,0,0.01430836140192048,0,0.48339937051489684,0,Lower score,validation,selection/tuning
T102368,CUST4556,2023-10-18 18:47:00,33.63,Fashion,UPI,POS,Pune,0,68,439.33,889,No,0,0.0350716675150792,0,0.4790146924432975,0,Lower score,validation,selection/tuning
T101137,CUST3674,2023-10-18 23:57:00,54.68,Entertainment,UPI,Mobile,Chennai,0,62,280.84,419,No,0,0.1906492106691185,1,0.5003148504585228,0,Model review,validation,selection/tuning
T103283,CUST7798,2023-10-19 01:29:00,171.35,Travel,PayPal,Desktop,Kolkata,0,112,497.89,616,No,0,0.13327265880139463,0,0.510336353115301,0,Lower score,validation,selection/tuning
T104943,CUST5862,2023-10-19 03:47:00,36.11,Entertainment,UPI,POS,Chennai,0,75,301.38,1332,No,1,0.2045118923813355,1,0.4985720418160815,0,Model review,validation,selection/tuning
T102391,CUST5358,2023-10-19 05:01:00,14.6,Utilities,Credit Card,POS,Hyderabad,0,183,444.4,897,No,0,0.12153732814060372,0,0.4884036704466991,0,Lower score,validation,selection/tuning
T102979,CUST1935,2023-10-19 05:07:00,281.21,Electronics,PayPal,Desktop,Kolkata,0,3,394.56,1250,No,0,0.09461036682294834,0,0.5223754206614211,1,Anomaly review,validation,selection/tuning
T100191,CUST6586,2023-10-19 08:09:00,182.01,Electronics,PayPal,Mobile,Pune,0,55,387.32,1225,No,0,0.03930482496243793,0,0.4969240194559392,0,Lower score,validation,selection/tuning
T104332,CUST2628,2023-10-19 11:13:00,46.36,Utilities,PayPal,POS,Delhi,0,81,144.35,1627,No,0,0.01651700544294968,0,0.4821324232062415,0,Lower score,validation,selection/tuning
T101186,CUST3353,2023-10-19 11:35:00,93.15,Health,NetBanking,Desktop,Chennai,0,169,250.86,507,No,0,0.02005064873880761,0,0.4778298026978576,0,Lower score,validation,selection/tuning
T103752,CUST5659,2023-10-19 15:33:00,30.14,Food,Credit Card,Mobile,Delhi,0,125,348.29,1352,Yes,0,0.013530557956850145,0,0.47348040896242793,0,Lower score,validation,selection/tuning
T103762,CUST4150,2023-10-19 17:18:00,60.65,Electronics,Debit Card,POS,Chennai,0,92,396.98,946,No,0,0.013703652610220262,0,0.4765061162460975,0,Lower score,validation,selection/tuning
T104261,CUST1533,2023-10-19 17:24:00,171.83,Food,UPI,POS,Kolkata,0,108,181.16,336,No,0,0.020292301860280425,0,0.49627968679113393,0,Lower score,validation,selection/tuning
T102476,CUST1660,2023-10-19 19:12:00,11.2,Travel,Debit Card,Mobile,Mumbai,0,197,329.11,1505,No,0,0.02708862600751665,0,0.49129153375654155,0,Lower score,validation,selection/tuning
T100122,CUST4467,2023-10-19 20:05:00,30.62,Utilities,Debit Card,POS,Chennai,0,62,78.24,981,No,0,0.03832100488672962,0,0.4863223777382785,0,Lower score,validation,selection/tuning
T101196,CUST2513,2023-10-19 20:26:00,290.42,Grocery,UPI,Desktop,Kolkata,1,18,60.22,1708,No,0,0.2860315164471039,1,0.5480981215720483,1,Model review,validation,selection/tuning
T101850,CUST1782,2023-10-20 00:19:00,26.94,Health,NetBanking,Mobile,Hyderabad,0,174,142.23,294,No,0,0.08476846676384454,0,0.4771275113991364,0,Lower score,validation,selection/tuning
T100810,CUST7026,2023-10-20 02:16:00,335.13,Fashion,PayPal,POS,Kolkata,0,49,366.82,1620,No,1,0.16412505411168993,1,0.5284565264232902,1,Model review,validation,selection/tuning
T104417,CUST9449,2023-10-20 04:06:00,1.94,Fashion,PayPal,Mobile,Chennai,0,39,101.26,1123,Yes,1,0.1363034874281646,0,0.5052613487694646,0,Lower score,validation,selection/tuning
T102819,CUST2128,2023-10-20 04:24:00,35.33,Fashion,UPI,Mobile,Hyderabad,0,160,180.1,1486,No,0,0.1389744195448794,0,0.4816021475183644,0,Lower score,validation,selection/tuning
T103874,CUST8246,2023-10-20 05:09:00,3.43,Grocery,Credit Card,Mobile,Kolkata,1,17,85.83,551,No,1,0.396047660072562,1,0.5439668264326895,1,Model review,validation,selection/tuning
T102874,CUST9618,2023-10-20 06:32:00,121.26,Electronics,NetBanking,POS,Hyderabad,0,44,204.17,56,No,0,0.05793378898167327,0,0.4908458446071663,0,Lower score,validation,selection/tuning
T101984,CUST2171,2023-10-20 07:31:00,11.46,Grocery,Debit Card,Desktop,Chennai,0,8,398.89,1098,No,0,0.05113458248822919,0,0.4911655373343057,0,Lower score,validation,selection/tuning
T102389,CUST1988,2023-10-20 08:30:00,93.28,Health,PayPal,Mobile,Kolkata,0,157,87.86,1534,No,0,0.026716699796850225,0,0.49715482126265,0,Lower score,validation,selection/tuning
T101438,CUST6313,2023-10-20 12:50:00,18.04,Electronics,UPI,Desktop,Delhi,0,44,370.8,978,No,0,0.007461974528285187,0,0.4907508009030561,0,Lower score,validation,selection/tuning
T104385,CUST7885,2023-10-20 13:30:00,65.29,Electronics,Credit Card,Desktop,Mumbai,0,40,391.09,193,No,0,0.007845649765707856,0,0.47491219141043134,0,Lower score,validation,selection/tuning
T104240,CUST7515,2023-10-20 14:58:00,90.08,Entertainment,UPI,POS,Kolkata,1,39,285.59,443,No,0,0.0790676433562572,0,0.5335265056173683,1,Anomaly review,validation,selection/tuning
T100150,CUST8606,2023-10-20 15:27:00,191.11,Utilities,NetBanking,Desktop,Pune,0,32,373.21,1242,No,0,0.00900901438026316,0,0.4778866731682678,0,Lower score,validation,selection/tuning
T101884,CUST4547,2023-10-20 16:33:00,13.96,Travel,NetBanking,Mobile,Bengaluru,0,118,142.48,1729,No,0,0.011300794661439321,0,0.4847560144786829,0,Lower score,validation,selection/tuning
T104244,CUST8361,2023-10-20 19:03:00,42.52,Fashion,Credit Card,Mobile,Kolkata,0,149,99.19,297,No,0,0.018902019419837438,0,0.4882267187666794,0,Lower score,validation,selection/tuning
T100762,CUST5394,2023-10-20 20:11:00,22.85,Electronics,UPI,POS,Delhi,0,147,377.37,251,No,0,0.021077792555390194,0,0.4931400642489643,0,Lower score,validation,selection/tuning
T102743,CUST8323,2023-10-20 21:25:00,12.14,Entertainment,UPI,Desktop,Pune,1,30,40.62,56,Yes,1,0.2971807738287338,1,0.526565304766502,1,Model review,validation,selection/tuning
T100859,CUST8226,2023-10-20 22:13:00,5.44,Travel,Debit Card,Mobile,Kolkata,0,74,250.33,858,Yes,1,0.04319567003694498,0,0.5087497955420893,0,Lower score,validation,selection/tuning
T100034,CUST3166,2023-10-20 22:48:00,269.65,Grocery,NetBanking,POS,Pune,0,173,296.48,803,No,0,0.07378086521323343,0,0.5150532069070791,0,Lower score,validation,selection/tuning
T104032,CUST5700,2023-10-20 23:16:00,6.78,Electronics,PayPal,Desktop,Pune,0,157,221.28,1982,No,0,0.04400312496354292,0,0.492412891076182,0,Lower score,validation,selection/tuning
T104970,CUST5175,2023-10-21 03:38:00,51.56,Electronics,UPI,Mobile,Chennai,0,166,108.25,1065,No,0,0.13153018805322772,0,0.49969074600362134,0,Lower score,validation,selection/tuning
T102916,CUST8751,2023-10-21 05:10:00,108.35,Health,UPI,Desktop,Hyderabad,0,58,446.61,912,No,1,0.12602092629688538,0,0.5022754406554572,0,Lower score,validation,selection/tuning
T101928,CUST9218,2023-10-21 05:34:00,82.25,Fashion,Debit Card,Mobile,Hyderabad,0,118,65.44,693,No,0,0.13217839224793018,0,0.4840728073587874,0,Lower score,validation,selection/tuning
T103697,CUST9081,2023-10-21 07:10:00,88.18,Health,UPI,Mobile,Bengaluru,0,163,430.6,1063,No,0,0.08463505322360165,0,0.49359997940113454,0,Lower score,validation,selection/tuning
T101023,CUST9151,2023-10-21 10:20:00,283.4,Grocery,Debit Card,Mobile,Kolkata,0,53,84.72,764,No,0,0.0233454508851483,0,0.5299712978537032,1,Anomaly review,validation,selection/tuning
T102721,CUST5593,2023-10-21 11:30:00,122.3,Electronics,PayPal,POS,Hyderabad,0,122,482.59,1629,No,0,0.013018204075160569,0,0.4940309703113637,0,Lower score,validation,selection/tuning
T100205,CUST2097,2023-10-21 13:19:00,0.74,Food,NetBanking,Desktop,Mumbai,0,68,369.06,1837,No,0,0.013845084466381555,0,0.4990188369414098,0,Lower score,validation,selection/tuning
T102439,CUST4416,2023-10-21 15:07:00,13.39,Grocery,Debit Card,Desktop,Mumbai,0,22,391.07,1166,No,0,0.009658263131595787,0,0.49387242743715787,0,Lower score,validation,selection/tuning
T104018,CUST8722,2023-10-21 16:17:00,28.22,Fashion,NetBanking,Desktop,Pune,0,96,257.41,1534,No,0,0.012379277837430439,0,0.4806017186752303,0,Lower score,validation,selection/tuning
T104704,CUST4974,2023-10-21 16:23:00,42.91,Fashion,Credit Card,Mobile,Kolkata,0,114,134.28,628,No,0,0.011905598567415847,0,0.48959962319226,0,Lower score,validation,selection/tuning
T101540,CUST6349,2023-10-21 19:09:00,98.77,Grocery,Credit Card,Mobile,Delhi,0,19,268.36,1584,No,0,0.02212696492284546,0,0.48937716336195264,0,Lower score,validation,selection/tuning
T104689,CUST1969,2023-10-21 19:41:00,297.64,Travel,Debit Card,POS,Bengaluru,0,195,162.65,1564,No,0,0.05030839593615309,0,0.5260096447886453,1,Anomaly review,validation,selection/tuning
T103174,CUST8474,2023-10-21 19:59:00,5.85,Electronics,Credit Card,Mobile,Bengaluru,0,148,96.78,1943,No,0,0.025661202103467555,0,0.504526954936576,0,Lower score,validation,selection/tuning
T100792,CUST8247,2023-10-21 22:17:00,56.4,Food,NetBanking,Mobile,Mumbai,0,114,461.83,517,No,0,0.0857785594063935,0,0.4797270187383706,0,Lower score,validation,selection/tuning
T100976,CUST5920,2023-10-22 01:55:00,72.32,Fashion,Debit Card,POS,Delhi,0,162,422.61,1606,No,0,0.195677965693796,1,0.4997627540248741,0,Model review,validation,selection/tuning
T101131,CUST1539,2023-10-22 07:37:00,54.79,Health,PayPal,POS,Kolkata,0,9,381.2,240,No,0,0.05033780883571351,0,0.49411742665191305,0,Lower score,validation,selection/tuning
T103650,CUST6759,2023-10-22 11:24:00,117.38,Food,Debit Card,Desktop,Mumbai,0,21,462.94,626,No,0,0.029124642620956206,0,0.49506691298869404,0,Lower score,validation,selection/tuning
T102046,CUST2078,2023-10-22 13:27:00,5.61,Health,UPI,POS,Chennai,0,49,161.98,1991,No,0,0.01547083623517647,0,0.5070476653057967,0,Lower score,validation,selection/tuning
T100560,CUST5025,2023-10-22 14:43:00,97.41,Food,PayPal,POS,Bengaluru,0,9,108.05,369,No,0,0.017908318294277352,0,0.48598238934365157,0,Lower score,validation,selection/tuning
T102017,CUST3099,2023-10-22 14:55:00,184.07,Entertainment,NetBanking,POS,Bengaluru,0,60,362.4,496,No,0,0.019989089577800743,0,0.5034066535158657,0,Lower score,validation,selection/tuning
T104505,CUST1318,2023-10-22 17:49:00,26.91,Health,NetBanking,POS,Pune,0,46,251.18,1884,No,0,0.015396794901102549,0,0.48651298827776135,0,Lower score,validation,selection/tuning
T101030,CUST4798,2023-10-22 19:39:00,3.02,Health,PayPal,POS,Hyderabad,0,19,176.79,635,No,0,0.026994741841167475,0,0.5140219361581932,0,Lower score,validation,selection/tuning
T104045,CUST7327,2023-10-22 21:09:00,44.62,Travel,NetBanking,Desktop,Kolkata,0,163,413.33,598,No,0,0.04414276568852663,0,0.485730988619205,0,Lower score,validation,selection/tuning
T103954,CUST5420,2023-10-22 22:31:00,21.06,Electronics,Credit Card,Mobile,Bengaluru,0,12,118.99,1118,No,0,0.07158106700611272,0,0.49420605431873627,0,Lower score,validation,selection/tuning
T101108,CUST5970,2023-10-22 23:47:00,95.26,Entertainment,Credit Card,POS,Mumbai,0,120,232.25,1114,No,0,0.15869166772412108,0,0.4967014537927755,0,Lower score,validation,selection/tuning
T104606,CUST9535,2023-10-23 00:06:00,149.73,Electronics,PayPal,Mobile,Kolkata,0,155,200.05,98,No,0,0.08029145093202553,0,0.49619420985903206,0,Lower score,validation,selection/tuning
T102148,CUST7587,2023-10-23 03:27:00,54.53,Entertainment,Debit Card,POS,Bengaluru,0,77,65.3,95,No,1,0.21245375710876446,1,0.47711117739612546,0,Model review,validation,selection/tuning
T103612,CUST8839,2023-10-23 05:32:00,37.54,Entertainment,Credit Card,Desktop,Chennai,0,155,393.81,1215,No,0,0.16045971706771137,1,0.4866285229092173,0,Model review,validation,selection/tuning
T100843,CUST6088,2023-10-23 07:01:00,259.68,Fashion,UPI,Desktop,Kolkata,0,121,144.27,1177,No,0,0.11771597373823693,0,0.5164848773937571,0,Lower score,validation,selection/tuning
T102012,CUST8938,2023-10-23 09:18:00,189.53,Fashion,NetBanking,POS,Chennai,0,82,70.84,142,No,0,0.06913878032884958,0,0.5028996208207624,0,Lower score,validation,selection/tuning
T104898,CUST8834,2023-10-23 10:24:00,7.52,Travel,UPI,Desktop,Hyderabad,0,75,162.5,1695,No,0,0.029196974734005943,0,0.49723816801734677,0,Lower score,validation,selection/tuning
T104662,CUST3647,2023-10-23 11:06:00,49.43,Electronics,UPI,Mobile,Pune,0,27,221.45,1351,No,0,0.015626089281628584,0,0.4855704458993623,0,Lower score,validation,selection/tuning
T103767,CUST3967,2023-10-23 11:59:00,45.51,Health,NetBanking,Desktop,Kolkata,1,129,494.54,1350,No,1,0.10263009400449756,0,0.5047572099155295,0,Lower score,validation,selection/tuning
T100146,CUST9228,2023-10-23 13:50:00,75.24,Food,PayPal,Desktop,Delhi,0,136,213.64,775,No,0,0.014229305713388834,0,0.49528295238177117,0,Lower score,validation,selection/tuning
T102801,CUST8128,2023-10-23 14:15:00,190.79,Utilities,Credit Card,Desktop,Hyderabad,0,154,181.6,1498,No,0,0.014912121138064765,0,0.49777387221656033,0,Lower score,validation,selection/tuning
T101660,CUST4161,2023-10-23 16:07:00,73.42,Grocery,UPI,Desktop,Mumbai,1,168,126.03,1995,No,0,0.1177245028627139,0,0.5187122466757379,1,Anomaly review,validation,selection/tuning
T103171,CUST9111,2023-10-23 16:45:00,24.11,Electronics,PayPal,Mobile,Delhi,0,116,205.32,1775,No,0,0.008991118776376702,0,0.4875173894352733,0,Lower score,validation,selection/tuning
T103284,CUST3417,2023-10-23 17:23:00,50.24,Entertainment,PayPal,POS,Delhi,0,100,386.14,1141,No,0,0.017314837302102676,0,0.48351520809241866,0,Lower score,validation,selection/tuning
T104121,CUST6709,2023-10-23 19:00:00,59.63,Entertainment,NetBanking,Desktop,Delhi,0,124,443.74,897,No,0,0.028021438336452424,0,0.4865704930656601,0,Lower score,validation,selection/tuning
T102063,CUST2384,2023-10-24 00:18:00,49.18,Utilities,NetBanking,POS,Kolkata,0,129,467.97,184,No,0,0.12114079680777369,0,0.4789017492040478,0,Lower score,validation,selection/tuning
T102113,CUST6424,2023-10-24 02:06:00,179.54,Food,Credit Card,Desktop,Hyderabad,0,153,409.16,465,No,0,0.2673808105724344,1,0.5002063429703203,0,Model review,validation,selection/tuning
T104605,CUST6942,2023-10-24 04:30:00,181.84,Grocery,NetBanking,Mobile,Pune,0,101,335.14,40,No,0,0.16434823181362299,1,0.4954562026738282,0,Model review,validation,selection/tuning
T101579,CUST2763,2023-10-24 06:46:00,63.3,Grocery,UPI,Desktop,Bengaluru,0,187,287.35,1241,No,0,0.1225202807001382,0,0.4794913172358424,0,Lower score,validation,selection/tuning
T102908,CUST6003,2023-10-24 07:00:00,29.02,Health,UPI,Desktop,Delhi,0,151,297.72,889,No,0,0.09507242952000058,0,0.47535329031783435,0,Lower score,validation,selection/tuning
T101508,CUST9324,2023-10-24 07:19:00,74.9,Grocery,NetBanking,POS,Hyderabad,0,181,371.26,633,No,0,0.08628335298270787,0,0.479256330656812,0,Lower score,validation,selection/tuning
T101216,CUST7529,2023-10-24 09:09:00,6.88,Utilities,NetBanking,POS,Kolkata,0,179,402.48,1820,No,0,0.03570380664360024,0,0.4909122470001964,0,Lower score,validation,selection/tuning
T104450,CUST7582,2023-10-24 10:50:00,43.58,Utilities,Debit Card,POS,Delhi,0,150,428.63,779,No,0,0.026415568628047493,0,0.48857342655991753,0,Lower score,validation,selection/tuning
T104682,CUST4344,2023-10-24 13:22:00,227.87,Fashion,PayPal,POS,Kolkata,1,17,395.13,223,No,0,0.15376513166726705,0,0.5408937488750963,1,Anomaly review,validation,selection/tuning
T101405,CUST4245,2023-10-24 15:18:00,51.49,Entertainment,UPI,Mobile,Chennai,0,132,162.0,1152,No,0,0.02169703905993968,0,0.49754297008484777,0,Lower score,validation,selection/tuning
T104514,CUST5707,2023-10-24 18:13:00,63.98,Entertainment,NetBanking,Desktop,Delhi,0,61,360.45,836,Yes,0,0.026965992216536262,0,0.4846778009729772,0,Lower score,validation,selection/tuning
T102810,CUST8415,2023-10-24 21:28:00,22.73,Travel,Credit Card,POS,Kolkata,0,130,37.92,1935,No,0,0.06329652802480414,0,0.4896393509384691,0,Lower score,validation,selection/tuning
T102804,CUST5419,2023-10-24 22:12:00,58.96,Grocery,PayPal,Desktop,Hyderabad,0,128,138.06,887,No,0,0.07711866441210156,0,0.4908549059841143,0,Lower score,validation,selection/tuning
T103822,CUST7200,2023-10-24 23:13:00,131.07,Grocery,UPI,Mobile,Kolkata,0,155,394.26,1669,No,0,0.10650556480684291,0,0.4865677841558309,0,Lower score,validation,selection/tuning
T100330,CUST1581,2023-10-24 23:28:00,35.2,Travel,NetBanking,Desktop,Mumbai,0,18,480.73,1041,No,0,0.13889570030866374,0,0.48125253811158536,0,Lower score,validation,selection/tuning
T101786,CUST6377,2023-10-25 00:21:00,81.0,Food,Credit Card,Desktop,Pune,0,79,381.71,86,No,1,0.1764029786361787,1,0.47624143426519727,0,Model review,validation,selection/tuning
T101978,CUST7105,2023-10-25 01:51:00,164.92,Grocery,Credit Card,POS,Mumbai,0,195,216.09,1057,No,0,0.21564396852280643,1,0.48893776492511964,0,Model review,validation,selection/tuning
T104054,CUST6850,2023-10-25 01:55:00,120.95,Health,Credit Card,POS,Delhi,1,185,475.53,261,No,1,0.6833500562148855,1,0.5140021265397726,0,Model review,validation,selection/tuning
T102781,CUST4170,2023-10-25 04:08:00,148.45,Utilities,NetBanking,POS,Delhi,0,26,486.79,1290,No,0,0.18157512953882257,1,0.480615004120622,0,Model review,validation,selection/tuning
T101979,CUST2770,2023-10-25 05:04:00,147.58,Food,NetBanking,Desktop,Pune,0,154,319.99,715,No,1,0.1841817028741618,1,0.48141351621472217,0,Model review,validation,selection/tuning
T100611,CUST2929,2023-10-25 06:18:00,128.52,Fashion,NetBanking,Desktop,Pune,1,91,330.25,849,No,0,0.5951862926624554,1,0.5130808656290416,0,Model review,validation,selection/tuning
T102246,CUST7681,2023-10-25 07:41:00,5.26,Entertainment,Credit Card,Desktop,Delhi,0,160,177.52,1601,No,0,0.08226331066639819,0,0.4940008689725271,0,Lower score,validation,selection/tuning
T102658,CUST5631,2023-10-25 09:03:00,19.06,Electronics,PayPal,Mobile,Bengaluru,0,79,326.33,179,No,0,0.03706361013352326,0,0.4848462247276086,0,Lower score,validation,selection/tuning
T104951,CUST2295,2023-10-25 13:40:00,4.21,Fashion,PayPal,Desktop,Delhi,0,15,65.75,1765,No,0,0.01532081348629084,0,0.5015184266611331,0,Lower score,validation,selection/tuning
T100262,CUST7728,2023-10-25 14:47:00,12.07,Food,NetBanking,POS,Kolkata,0,21,37.53,1791,No,0,0.01339095593816626,0,0.4785744501296918,0,Lower score,validation,selection/tuning
T100492,CUST1712,2023-10-25 15:09:00,25.99,Entertainment,Debit Card,Desktop,Pune,0,144,477.76,990,No,0,0.01427232199100575,0,0.474581625341598,0,Lower score,validation,selection/tuning
T104934,CUST5726,2023-10-25 17:16:00,53.72,Entertainment,NetBanking,POS,Bengaluru,0,105,116.84,1045,No,0,0.025624052496771372,0,0.4766157704696861,0,Lower score,validation,selection/tuning
T104410,CUST2750,2023-10-25 17:23:00,6.39,Health,Debit Card,Desktop,Pune,0,34,258.53,956,No,0,0.015468780330775764,0,0.4911662636694699,0,Lower score,validation,selection/tuning
T102043,CUST8494,2023-10-25 18:56:00,9.75,Food,Debit Card,Mobile,Pune,0,132,208.8,1159,No,0,0.030675124324322144,0,0.48554398582659697,0,Lower score,validation,selection/tuning
T102842,CUST7206,2023-10-25 19:56:00,200.5,Travel,UPI,Mobile,Kolkata,0,28,191.55,287,No,0,0.046153418247714635,0,0.5176278929030078,1,Anomaly review,validation,selection/tuning
T100434,CUST1178,2023-10-26 02:44:00,7.03,Entertainment,Credit Card,Mobile,Kolkata,0,37,274.68,1251,Yes,0,0.13630281297130145,0,0.5082049760014657,0,Lower score,validation,selection/tuning
T103104,CUST8498,2023-10-26 04:08:00,23.95,Fashion,UPI,Desktop,Hyderabad,0,111,30.81,889,Yes,0,0.17830388758108737,1,0.47921190289956045,0,Model review,validation,selection/tuning
T103280,CUST6877,2023-10-26 09:17:00,48.02,Health,PayPal,Mobile,Hyderabad,0,109,219.43,1142,No,0,0.030811253545848655,0,0.48654365995288934,0,Lower score,validation,selection/tuning
T104272,CUST2525,2023-10-26 10:06:00,13.14,Electronics,Debit Card,POS,Kolkata,1,9,318.58,1743,No,0,0.12652106681124747,0,0.5206776949995673,1,Anomaly review,validation,selection/tuning
T101111,CUST2338,2023-10-26 10:13:00,20.33,Utilities,UPI,Mobile,Pune,0,155,27.51,526,No,0,0.023151521026409504,0,0.48824463838596605,0,Lower score,validation,selection/tuning
T102694,CUST6880,2023-10-26 16:42:00,264.83,Travel,PayPal,Mobile,Bengaluru,0,172,313.53,333,No,0,0.020288440182524282,0,0.5125811846946492,0,Lower score,validation,selection/tuning
T102925,CUST2095,2023-10-26 17:32:00,185.77,Travel,Debit Card,Desktop,Pune,0,63,269.59,1771,No,0,0.018359476644867676,0,0.4968889322563812,0,Lower score,validation,selection/tuning
T100079,CUST3837,2023-10-26 18:15:00,9.85,Fashion,PayPal,Desktop,Pune,0,5,425.49,127,No,0,0.018566982443947593,0,0.4927177755682482,0,Lower score,validation,selection/tuning
T102968,CUST5904,2023-10-26 21:37:00,235.13,Health,NetBanking,Desktop,Kolkata,0,106,93.76,940,No,0,0.055510221075120575,0,0.50660710978384,0,Lower score,validation,selection/tuning
T103867,CUST9199,2023-10-26 23:17:00,90.12,Utilities,UPI,POS,Mumbai,0,16,452.72,1497,No,0,0.11503269760159501,0,0.4873304857208231,0,Lower score,validation,selection/tuning
T100097,CUST6512,2023-10-27 02:52:00,44.63,Fashion,PayPal,POS,Delhi,0,192,414.06,439,No,0,0.13500309358629659,0,0.48017981805649534,0,Lower score,validation,selection/tuning
T103236,CUST5868,2023-10-27 03:52:00,19.83,Food,PayPal,Desktop,Pune,0,63,228.3,468,No,0,0.11334819008676315,0,0.4901160264698873,0,Lower score,validation,selection/tuning
T102571,CUST2108,2023-10-27 09:03:00,189.25,Utilities,Debit Card,Desktop,Bengaluru,0,120,300.31,1522,No,0,0.04053769020064709,0,0.5011792685085276,0,Lower score,validation,selection/tuning
T100529,CUST9548,2023-10-27 09:55:00,160.03,Utilities,UPI,POS,Delhi,0,169,379.8,1049,Yes,0,0.026783416254115542,0,0.5012894163276869,0,Lower score,validation,selection/tuning
T104804,CUST8053,2023-10-27 13:23:00,137.74,Entertainment,UPI,Desktop,Mumbai,0,55,276.46,403,No,0,0.014368660318047415,0,0.4917962296832619,0,Lower score,validation,selection/tuning
T103272,CUST1130,2023-10-27 13:56:00,102.83,Utilities,Credit Card,Mobile,Bengaluru,0,15,232.2,935,No,0,0.010902867294895289,0,0.47751398687335045,0,Lower score,validation,selection/tuning
T102852,CUST5882,2023-10-27 13:59:00,17.02,Food,UPI,Mobile,Mumbai,0,21,320.34,127,No,0,0.012121534146666972,0,0.4809314538511102,0,Lower score,validation,selection/tuning
T102900,CUST8227,2023-10-27 15:42:00,10.95,Food,Credit Card,Mobile,Pune,0,115,10.76,1914,No,0,0.009713197703952691,0,0.4768955480253247,0,Lower score,validation,selection/tuning
T101425,CUST4353,2023-10-27 19:17:00,268.46,Grocery,UPI,Desktop,Pune,0,113,158.36,361,No,0,0.024487588140548987,0,0.5087279439652673,0,Lower score,validation,selection/tuning
T100559,CUST6502,2023-10-27 22:16:00,77.47,Entertainment,Credit Card,POS,Pune,0,187,251.0,175,No,0,0.06436973144304464,0,0.4813565895826124,0,Lower score,validation,selection/tuning
T103474,CUST5231,2023-10-27 22:24:00,145.69,Food,Credit Card,Mobile,Kolkata,0,162,318.73,1020,No,0,0.06696486504067155,0,0.48470094085272364,0,Lower score,validation,selection/tuning
T101332,CUST2996,2023-10-28 06:26:00,20.75,Food,Credit Card,POS,Hyderabad,1,151,462.64,471,No,0,0.5175886809202531,1,0.5418814363665078,1,Model review,validation,selection/tuning
T102202,CUST1257,2023-10-28 13:08:00,43.93,Food,PayPal,POS,Pune,0,6,195.7,1101,No,0,0.012410056079179457,0,0.49782145831518293,0,Lower score,validation,selection/tuning
T103038,CUST9579,2023-10-28 14:19:00,5.59,Travel,PayPal,Desktop,Delhi,0,124,44.08,65,No,0,0.009121412956610266,0,0.502632289217052,0,Lower score,validation,selection/tuning
T103294,CUST1346,2023-10-28 14:36:00,275.53,Food,PayPal,POS,Hyderabad,0,78,316.48,568,No,0,0.017020820070144365,0,0.5231860031433723,1,Anomaly review,validation,selection/tuning
T101490,CUST9771,2023-10-28 18:24:00,21.7,Fashion,UPI,Desktop,Mumbai,0,44,421.74,1655,No,0,0.02603846008585371,0,0.49664970012703524,0,Lower score,validation,selection/tuning
T101222,CUST5603,2023-10-28 20:11:00,45.3,Health,UPI,Mobile,Pune,0,67,68.73,379,No,0,0.030185011528979507,0,0.49551546456586043,0,Lower score,validation,selection/tuning
T103253,CUST6268,2023-10-28 20:30:00,9.97,Health,PayPal,POS,Bengaluru,0,6,416.09,1010,No,0,0.03653898668358939,0,0.5001319662388591,0,Lower score,validation,selection/tuning
T100625,CUST6993,2023-10-28 21:21:00,36.83,Utilities,UPI,Mobile,Bengaluru,0,48,220.98,279,No,0,0.05747795708365054,0,0.49449379858083914,0,Lower score,validation,selection/tuning
T102133,CUST3915,2023-10-29 00:58:00,59.96,Food,PayPal,Desktop,Kolkata,0,163,453.76,1139,No,1,0.13390130517095503,0,0.5031378572648302,0,Lower score,validation,selection/tuning
T100393,CUST9235,2023-10-29 01:01:00,119.84,Entertainment,PayPal,Mobile,Pune,0,9,187.17,124,No,0,0.1502566800271524,0,0.5028070115299521,0,Lower score,validation,selection/tuning
T102073,CUST6471,2023-10-29 03:36:00,168.19,Food,PayPal,Desktop,Hyderabad,0,160,374.47,1337,No,0,0.20412167465629566,1,0.5177977426025726,1,Model review,validation,selection/tuning
T102455,CUST9354,2023-10-29 03:49:00,11.99,Food,Credit Card,Desktop,Pune,1,156,248.8,1287,No,1,0.6481125567426262,1,0.5313817096923832,1,Model review,validation,selection/tuning
T104230,CUST9582,2023-10-29 04:57:00,96.78,Utilities,PayPal,Desktop,Delhi,0,42,86.97,588,No,1,0.12214476601228573,0,0.4994230003593935,0,Lower score,validation,selection/tuning
T104161,CUST8631,2023-10-29 07:01:00,7.11,Utilities,NetBanking,POS,Hyderabad,0,29,289.56,103,Yes,0,0.07528077521032561,0,0.5058583574629341,0,Lower score,validation,selection/tuning
T102101,CUST1560,2023-10-29 10:00:00,60.92,Travel,PayPal,POS,Delhi,0,84,99.66,1451,No,0,0.029967667498320038,0,0.4985817412418557,0,Lower score,validation,selection/tuning
T101166,CUST1501,2023-10-29 11:35:00,142.77,Fashion,UPI,Desktop,Mumbai,0,104,288.0,1464,No,0,0.03166094589841545,0,0.49876331968675053,0,Lower score,validation,selection/tuning
T104381,CUST5166,2023-10-29 15:58:00,5.91,Travel,NetBanking,POS,Pune,0,170,31.41,1775,No,0,0.01183469566286722,0,0.4923722721673222,0,Lower score,validation,selection/tuning
T100878,CUST2899,2023-10-29 16:43:00,2.2,Food,Credit Card,POS,Delhi,0,17,226.54,812,No,0,0.01716809919799402,0,0.5026231229493042,0,Lower score,validation,selection/tuning
T101066,CUST3488,2023-10-29 16:50:00,21.83,Food,Debit Card,Mobile,Chennai,0,140,169.77,1626,No,0,0.020353175058452404,0,0.49110479583273015,0,Lower score,validation,selection/tuning
T102324,CUST2811,2023-10-29 17:56:00,138.89,Food,PayPal,POS,Mumbai,0,149,164.49,1848,No,0,0.027351181112267524,0,0.4970062908137735,0,Lower score,validation,selection/tuning
T103397,CUST5932,2023-10-29 19:09:00,149.08,Food,Credit Card,Mobile,Bengaluru,0,3,226.66,121,No,0,0.045901267144606066,0,0.49342393699152526,0,Lower score,validation,selection/tuning
T100751,CUST1545,2023-10-29 19:46:00,224.85,Travel,NetBanking,POS,Mumbai,0,10,396.43,107,No,0,0.049192717200609505,0,0.5026570692878704,0,Lower score,validation,selection/tuning
T103946,CUST2248,2023-10-29 19:47:00,86.71,Utilities,UPI,Desktop,Chennai,0,5,417.68,1908,No,0,0.04264030703423962,0,0.501084353763722,0,Lower score,validation,selection/tuning
T100864,CUST2122,2023-10-29 22:29:00,40.97,Entertainment,Credit Card,Desktop,Pune,0,11,198.73,1214,No,0,0.08721939368794075,0,0.48834537735071626,0,Lower score,validation,selection/tuning
T104897,CUST6587,2023-10-30 05:29:00,28.3,Grocery,Credit Card,Mobile,Bengaluru,0,52,407.51,1254,No,1,0.12819912277667747,0,0.4861320983724904,0,Lower score,validation,selection/tuning
T100243,CUST2184,2023-10-30 05:57:00,36.98,Food,NetBanking,Mobile,Mumbai,0,139,458.54,81,No,0,0.1362286854627261,0,0.47742667619364726,0,Lower score,validation,selection/tuning
T101999,CUST9390,2023-10-30 06:46:00,26.52,Travel,PayPal,Desktop,Kolkata,0,183,39.25,895,Yes,0,0.06814139688270554,0,0.48887798615157496,0,Lower score,validation,selection/tuning
T100907,CUST9229,2023-10-30 08:02:00,33.46,Utilities,Debit Card,Mobile,Mumbai,0,154,446.77,323,No,0,0.05927196346772854,0,0.47739986723778405,0,Lower score,validation,selection/tuning
T104574,CUST1205,2023-10-30 08:31:00,114.17,Utilities,Credit Card,POS,Bengaluru,0,29,40.31,181,No,0,0.06602505317066411,0,0.4801729283777987,0,Lower score,validation,selection/tuning
T103459,CUST1442,2023-10-30 18:00:00,83.68,Entertainment,UPI,Desktop,Hyderabad,0,167,36.01,546,No,0,0.0253509670153757,0,0.49679258985939456,0,Lower score,validation,selection/tuning
T104845,CUST8848,2023-10-30 18:38:00,39.84,Fashion,Credit Card,Mobile,Pune,0,178,86.94,306,No,0,0.026455749457856687,0,0.4875413582768319,0,Lower score,validation,selection/tuning
T104609,CUST4869,2023-10-30 19:09:00,37.82,Fashion,Debit Card,Desktop,Kolkata,0,46,327.38,993,No,0,0.02661622181850818,0,0.48918561832032337,0,Lower score,validation,selection/tuning
T101750,CUST3308,2023-10-30 19:30:00,61.31,Health,Credit Card,Desktop,Delhi,0,109,24.46,1497,No,0,0.029084718252274003,0,0.48773018824961767,0,Lower score,validation,selection/tuning
T103636,CUST7388,2023-10-30 23:22:00,202.8,Electronics,PayPal,Mobile,Delhi,0,135,256.67,911,No,0,0.08573149060981593,0,0.4979021141778053,0,Lower score,validation,selection/tuning
T104060,CUST2893,2023-10-31 01:32:00,27.86,Utilities,Credit Card,Desktop,Delhi,1,163,354.59,172,No,1,0.6456612365313712,1,0.5186840701427632,1,Model review,validation,selection/tuning
T104190,CUST5877,2023-10-31 03:11:00,112.02,Entertainment,Debit Card,POS,Kolkata,0,74,301.94,1031,No,0,0.19685617870917563,1,0.5011902050049879,0,Model review,validation,selection/tuning
T102859,CUST6562,2023-10-31 05:26:00,15.41,Fashion,PayPal,POS,Delhi,0,118,73.23,1750,No,0,0.15696739125980858,0,0.4834103268416111,0,Lower score,validation,selection/tuning
T103615,CUST8537,2023-10-31 06:15:00,7.28,Utilities,Credit Card,Desktop,Chennai,0,194,209.48,195,No,0,0.13144415752505959,0,0.4925397605620238,0,Lower score,validation,selection/tuning
T103122,CUST8440,2023-10-31 10:08:00,5.17,Health,Credit Card,Desktop,Bengaluru,0,72,375.87,1649,No,0,0.03786147726877814,0,0.48947145930197045,0,Lower score,validation,selection/tuning
T102797,CUST4604,2023-10-31 10:54:00,77.9,Fashion,UPI,POS,Hyderabad,0,87,49.4,494,No,0,0.040735860851533204,0,0.4835347337787849,0,Lower score,validation,selection/tuning
T102096,CUST6946,2023-10-31 15:34:00,68.94,Electronics,Credit Card,Desktop,Bengaluru,0,48,375.59,1575,No,0,0.014034240292993713,0,0.4755111494524774,0,Lower score,validation,selection/tuning
T100151,CUST3106,2023-10-31 16:26:00,21.91,Health,UPI,Mobile,Delhi,0,20,74.57,1697,No,0,0.015631467047949803,0,0.4851875133338904,0,Lower score,validation,selection/tuning
T101513,CUST4567,2023-10-31 18:31:00,1.47,Grocery,Debit Card,Desktop,Mumbai,0,119,472.93,123,No,0,0.024501016914671103,0,0.5073050119146899,0,Lower score,validation,selection/tuning
T103597,CUST5814,2023-10-31 18:55:00,64.36,Electronics,NetBanking,POS,Pune,0,40,483.96,898,No,0,0.021204941636236374,0,0.4748797647077994,0,Lower score,validation,selection/tuning
T104090,CUST5500,2023-10-31 21:07:00,105.99,Electronics,NetBanking,Mobile,Pune,0,191,44.0,830,No,0,0.04519924174231317,0,0.47927789214542366,0,Lower score,validation,selection/tuning
T100493,CUST5675,2023-10-31 22:30:00,16.67,Grocery,NetBanking,Desktop,Delhi,0,107,82.44,93,No,0,0.08065333837523969,0,0.4795176870782263,0,Lower score,validation,selection/tuning
T103700,CUST7483,2023-11-01 00:16:00,75.63,Food,Debit Card,POS,Pune,0,67,415.47,378,No,1,0.17250384552443573,1,0.47682597713114494,0,Model review,validation,selection/tuning
T101926,CUST7303,2023-11-01 02:52:00,70.98,Utilities,Debit Card,Mobile,Chennai,0,188,496.8,1956,No,0,0.20667662397612155,1,0.48020754567159185,0,Model review,validation,selection/tuning
T103273,CUST2027,2023-11-01 06:25:00,61.37,Entertainment,UPI,Mobile,Kolkata,0,43,381.76,1545,No,0,0.11278683384068304,0,0.4934312773717239,0,Lower score,validation,selection/tuning
T103088,CUST3442,2023-11-01 06:51:00,69.96,Entertainment,NetBanking,POS,Kolkata,0,41,171.15,1408,No,0,0.09581504313473764,0,0.4877519544358125,0,Lower score,validation,selection/tuning
T103764,CUST9390,2023-11-01 06:59:00,54.31,Entertainment,UPI,Desktop,Hyderabad,0,159,111.65,740,No,0,0.1187504948794632,0,0.4879788836614172,0,Lower score,validation,selection/tuning
T103386,CUST6071,2023-11-01 09:08:00,22.31,Health,NetBanking,Mobile,Delhi,0,185,472.84,1933,No,0,0.0400163332966005,0,0.47842536724134943,0,Lower score,validation,selection/tuning
T102755,CUST2275,2023-11-01 09:10:00,27.46,Grocery,Credit Card,Desktop,Hyderabad,0,89,346.26,500,No,0,0.04303640466165157,0,0.48531469405113,0,Lower score,validation,selection/tuning
T100275,CUST3271,2023-11-01 15:35:00,55.69,Entertainment,NetBanking,Mobile,Bengaluru,0,110,170.41,60,No,0,0.019032242692455705,0,0.48002702627116733,0,Lower score,validation,selection/tuning
T101743,CUST5018,2023-11-01 18:12:00,0.89,Food,Debit Card,Desktop,Mumbai,0,29,151.75,968,No,0,0.02935056845952624,0,0.4982702247728098,0,Lower score,validation,selection/tuning
T101766,CUST6150,2023-11-01 19:43:00,106.96,Entertainment,Credit Card,Mobile,Delhi,0,35,132.52,1556,No,0,0.046171563292760946,0,0.48158805721312603,0,Lower score,validation,selection/tuning
T100983,CUST7955,2023-11-01 22:50:00,6.25,Health,UPI,Mobile,Pune,0,173,96.18,1435,No,0,0.09178874938162045,0,0.5020553566954624,0,Lower score,validation,selection/tuning
T104788,CUST3183,2023-11-01 23:02:00,54.33,Fashion,UPI,Mobile,Pune,0,15,93.0,1045,No,0,0.1330572294413776,0,0.4785006368184324,0,Lower score,validation,selection/tuning
T104194,CUST5414,2023-11-02 01:21:00,77.23,Food,UPI,POS,Delhi,0,79,470.68,1955,No,0,0.18618174619075514,1,0.4779278110762613,0,Model review,validation,selection/tuning
T100650,CUST6063,2023-11-02 01:37:00,7.27,Grocery,PayPal,Mobile,Kolkata,0,136,312.97,577,No,0,0.09322294360236225,0,0.502209269349943,0,Lower score,validation,selection/tuning
T104171,CUST9801,2023-11-02 01:37:00,349.52,Grocery,UPI,Desktop,Delhi,0,56,438.17,713,No,0,0.19700939756669025,1,0.5219771170572967,1,Model review,validation,selection/tuning
T104842,CUST3443,2023-11-02 04:24:00,34.75,Grocery,NetBanking,Desktop,Bengaluru,0,127,160.06,172,No,0,0.13750170790978888,0,0.47839271117769755,0,Lower score,validation,selection/tuning
T100683,CUST3707,2023-11-02 05:05:00,88.36,Utilities,Credit Card,Mobile,Mumbai,0,189,402.99,1229,No,0,0.13501229242148685,0,0.4795764882861602,0,Lower score,validation,selection/tuning
T102350,CUST8758,2023-11-02 05:34:00,80.87,Health,Debit Card,POS,Bengaluru,0,111,122.19,528,Yes,1,0.13111726622138634,0,0.4868924025432725,0,Lower score,validation,selection/tuning
T102553,CUST3614,2023-11-02 06:48:00,236.04,Health,NetBanking,Desktop,Delhi,0,133,208.15,1334,No,0,0.09269156954305946,0,0.49867870297551,0,Lower score,validation,selection/tuning
T100718,CUST9371,2023-11-02 08:30:00,10.62,Fashion,Credit Card,Desktop,Pune,0,111,218.37,1347,No,0,0.051985326386594984,0,0.48746753906674195,0,Lower score,validation,selection/tuning
T104188,CUST6802,2023-11-02 10:15:00,94.58,Fashion,PayPal,Mobile,Kolkata,0,156,243.81,1995,No,0,0.024944387896836707,0,0.49123677906343166,0,Lower score,validation,selection/tuning
T102377,CUST6273,2023-11-02 11:58:00,124.47,Travel,UPI,Desktop,Hyderabad,0,48,12.12,1470,No,0,0.020367774466455088,0,0.49503209037081725,0,Lower score,validation,selection/tuning
T102449,CUST5202,2023-11-02 14:29:00,33.54,Entertainment,PayPal,POS,Chennai,0,155,25.31,782,No,0,0.014043474773751357,0,0.48974192130332667,0,Lower score,validation,selection/tuning
T101009,CUST7257,2023-11-02 14:37:00,53.78,Health,NetBanking,Mobile,Hyderabad,0,102,392.49,1698,Yes,0,0.01024493686877871,0,0.47066924571123064,0,Lower score,validation,selection/tuning
T102846,CUST3189,2023-11-02 16:06:00,123.92,Health,UPI,Mobile,Pune,0,79,118.72,262,No,0,0.012413244860347358,0,0.49230864801824525,0,Lower score,validation,selection/tuning
T103039,CUST9741,2023-11-02 16:49:00,58.5,Food,Debit Card,POS,Chennai,1,172,100.63,659,No,0,0.1599289493656273,1,0.5174530649299354,1,Model review,validation,selection/tuning
T100373,CUST7947,2023-11-02 17:55:00,91.91,Food,Debit Card,Desktop,Bengaluru,0,24,130.63,1714,Yes,0,0.02651234753482005,0,0.4800371909340999,0,Lower score,validation,selection/tuning
T101898,CUST8998,2023-11-02 18:53:00,35.13,Travel,Credit Card,Mobile,Mumbai,1,154,266.45,925,No,0,0.19630334051157464,1,0.5222845074919579,1,Model review,validation,selection/tuning
T103413,CUST1274,2023-11-02 19:04:00,35.76,Fashion,Credit Card,POS,Hyderabad,0,145,412.76,604,No,0,0.032088112511094564,0,0.47707882147005354,0,Lower score,validation,selection/tuning
T102059,CUST2525,2023-11-02 23:28:00,63.07,Food,NetBanking,Mobile,Bengaluru,0,124,424.68,782,No,0,0.13667109049008855,0,0.46838238342499805,0,Lower score,validation,selection/tuning
T100572,CUST9858,2023-11-03 00:23:00,40.41,Fashion,PayPal,Desktop,Chennai,0,44,353.59,106,No,0,0.12471707537196496,0,0.48356639565654924,0,Lower score,validation,selection/tuning
T101077,CUST3963,2023-11-03 00:44:00,91.07,Grocery,PayPal,Mobile,Delhi,0,132,384.08,1454,No,0,0.08632370359763833,0,0.4835046101831014,0,Lower score,validation,selection/tuning
T101359,CUST3348,2023-11-03 00:46:00,71.79,Utilities,Debit Card,Desktop,Bengaluru,0,24,144.44,1763,No,0,0.1162904571154597,0,0.48752044881491563,0,Lower score,validation,selection/tuning
T101859,CUST6146,2023-11-03 01:11:00,104.3,Fashion,NetBanking,Mobile,Mumbai,0,86,400.94,505,No,0,0.14829924222599888,0,0.4798907735217842,0,Lower score,validation,selection/tuning
T102178,CUST9585,2023-11-03 03:40:00,94.77,Grocery,PayPal,Mobile,Bengaluru,0,90,469.84,52,No,0,0.11935549173453679,0,0.4869463694997798,0,Lower score,validation,selection/tuning
T104456,CUST3198,2023-11-03 04:19:00,94.23,Health,UPI,Desktop,Hyderabad,0,6,439.97,1968,No,0,0.11949039768704141,0,0.48742985202141925,0,Lower score,validation,selection/tuning
T102143,CUST5987,2023-11-03 04:43:00,30.19,Utilities,UPI,POS,Delhi,0,180,290.09,1902,No,0,0.10312830772487758,0,0.4899978098140437,0,Lower score,validation,selection/tuning
T100062,CUST9284,2023-11-03 06:55:00,141.16,Travel,Credit Card,POS,Kolkata,0,108,226.68,813,No,0,0.0640402403727702,0,0.49566573237078193,0,Lower score,validation,selection/tuning
T104057,CUST3870,2023-11-03 08:08:00,3.28,Utilities,Credit Card,Mobile,Pune,0,56,52.15,1549,No,0,0.034239020427169434,0,0.49425658194071886,0,Lower score,validation,selection/tuning
T101257,CUST4380,2023-11-03 11:34:00,54.12,Electronics,Credit Card,Desktop,Delhi,0,80,117.8,334,No,0,0.009939500207114104,0,0.4799752067728023,0,Lower score,validation,selection/tuning
T104982,CUST1661,2023-11-03 13:14:00,87.09,Health,UPI,Desktop,Delhi,0,146,370.7,1830,No,0,0.009917615404667351,0,0.48795239855753764,0,Lower score,validation,selection/tuning
T104231,CUST1796,2023-11-03 13:35:00,65.04,Fashion,PayPal,Mobile,Kolkata,0,99,213.22,1455,Yes,0,0.00845572299704211,0,0.4941992269345209,0,Lower score,validation,selection/tuning
T103985,CUST8538,2023-11-03 17:38:00,213.2,Travel,Credit Card,Mobile,Pune,0,118,43.23,1572,No,0,0.015512823933551247,0,0.5059490686764614,0,Lower score,validation,selection/tuning
T101711,CUST3765,2023-11-03 17:58:00,5.06,Utilities,Debit Card,Desktop,Hyderabad,0,190,87.03,1599,No,0,0.012040139879360381,0,0.5013393893637648,0,Lower score,validation,selection/tuning
T101275,CUST3102,2023-11-03 19:56:00,8.87,Grocery,PayPal,Mobile,Bengaluru,0,107,288.36,1002,No,0,0.022606421594933163,0,0.4937171210779758,0,Lower score,validation,selection/tuning
T104495,CUST7383,2023-11-04 01:19:00,75.35,Entertainment,Credit Card,POS,Delhi,0,149,487.45,549,No,0,0.157310135858405,0,0.4943443008803787,0,Lower score,validation,selection/tuning
T100183,CUST8837,2023-11-04 02:51:00,167.87,Utilities,Credit Card,Mobile,Pune,0,125,453.48,1704,No,0,0.14879298525972925,0,0.5014521016893208,0,Lower score,validation,selection/tuning
T100802,CUST7006,2023-11-04 03:59:00,68.7,Entertainment,PayPal,POS,Chennai,0,89,329.93,941,No,0,0.17129739003060668,1,0.5068470681009106,0,Model review,validation,selection/tuning
T104073,CUST8398,2023-11-04 04:24:00,73.94,Health,Debit Card,POS,Kolkata,0,58,360.41,1127,No,1,0.10637491815102365,0,0.49212992202345307,0,Lower score,validation,selection/tuning
T101940,CUST7568,2023-11-04 04:58:00,4.83,Fashion,Debit Card,Desktop,Delhi,0,54,494.96,1684,No,0,0.12981560562639732,0,0.4988802313567874,0,Lower score,validation,selection/tuning
T103661,CUST6636,2023-11-04 05:49:00,55.66,Food,UPI,Mobile,Bengaluru,0,170,266.71,1980,No,1,0.1478048801181376,0,0.4921036116666706,0,Lower score,validation,selection/tuning
T103740,CUST1414,2023-11-04 10:20:00,187.77,Travel,Credit Card,POS,Hyderabad,0,30,277.66,1938,No,0,0.032759323520769545,0,0.5039763666088852,0,Lower score,validation,selection/tuning
T104096,CUST3934,2023-11-04 12:14:00,1.1,Electronics,Credit Card,POS,Hyderabad,0,111,21.18,1009,No,0,0.010301238485646298,0,0.5085332390691538,0,Lower score,validation,selection/tuning
T102495,CUST3254,2023-11-04 13:03:00,54.23,Electronics,UPI,Desktop,Delhi,0,91,275.59,1143,No,0,0.009196300956718941,0,0.5003841183106749,0,Lower score,validation,selection/tuning
T104197,CUST1878,2023-11-04 13:27:00,26.79,Entertainment,UPI,Desktop,Pune,0,114,34.33,922,No,0,0.012282618617416901,0,0.4965639031312048,0,Lower score,validation,selection/tuning
T101604,CUST9427,2023-11-04 14:12:00,5.76,Fashion,PayPal,POS,Chennai,0,177,410.4,1062,No,0,0.01385789616796874,0,0.5040928321321043,0,Lower score,validation,selection/tuning
T103816,CUST4185,2023-11-04 14:53:00,35.6,Travel,Debit Card,Mobile,Delhi,0,28,325.87,885,No,0,0.010188657224939956,0,0.4936060541931175,0,Lower score,validation,selection/tuning
T103567,CUST8668,2023-11-04 15:31:00,88.02,Fashion,Credit Card,Mobile,Bengaluru,0,197,215.33,178,No,0,0.016943067296961406,0,0.48722638464774626,0,Lower score,validation,selection/tuning
T102216,CUST3401,2023-11-04 16:36:00,141.47,Utilities,UPI,POS,Pune,0,150,327.96,656,No,0,0.013473206166435837,0,0.5083278799394235,0,Lower score,validation,selection/tuning
T100547,CUST6878,2023-11-04 22:24:00,89.08,Travel,NetBanking,POS,Delhi,0,19,382.9,686,No,0,0.07517289338923587,0,0.49304624627899524,0,Lower score,validation,selection/tuning
T102248,CUST3533,2023-11-04 23:47:00,73.1,Entertainment,Credit Card,POS,Bengaluru,0,122,340.5,1665,No,0,0.14457648268932594,0,0.49901543197186715,0,Lower score,validation,selection/tuning
T103045,CUST9117,2023-11-05 01:05:00,97.54,Grocery,Credit Card,Desktop,Pune,0,136,125.14,1524,No,0,0.13494298932627527,0,0.49703068857786015,0,Lower score,validation,selection/tuning
T101857,CUST9843,2023-11-05 02:10:00,49.37,Grocery,NetBanking,Mobile,Hyderabad,0,96,310.51,717,No,0,0.14353945914388613,0,0.4864805189055462,0,Lower score,validation,selection/tuning
T100083,CUST4338,2023-11-05 08:49:00,5.25,Health,Credit Card,POS,Delhi,0,191,258.59,1662,Yes,0,0.04182289980199036,0,0.49828852818296726,0,Lower score,validation,selection/tuning
T100383,CUST8122,2023-11-05 12:08:00,167.95,Electronics,NetBanking,Desktop,Mumbai,0,168,158.28,437,No,0,0.015286201756786416,0,0.5020087966636376,0,Lower score,validation,selection/tuning
T102757,CUST9193,2023-11-05 14:48:00,176.68,Food,PayPal,POS,Pune,0,174,281.9,1502,No,0,0.015537663413970252,0,0.5201967624651879,1,Anomaly review,validation,selection/tuning
T103094,CUST9671,2023-11-05 18:07:00,16.71,Travel,Debit Card,POS,Hyderabad,0,45,173.05,76,No,0,0.020924326972502055,0,0.4936545418408797,0,Lower score,validation,selection/tuning
T103746,CUST4504,2023-11-05 18:09:00,87.14,Health,Credit Card,POS,Hyderabad,0,24,149.54,1376,No,0,0.021667838383509802,0,0.49822973377377544,0,Lower score,validation,selection/tuning
T103933,CUST5686,2023-11-05 20:34:00,20.15,Health,Debit Card,Mobile,Bengaluru,0,38,50.8,130,No,0,0.045640690311342214,0,0.49241538638379895,0,Lower score,validation,selection/tuning
T101439,CUST3139,2023-11-05 21:06:00,89.53,Entertainment,Debit Card,Desktop,Kolkata,0,189,176.4,630,No,0,0.050923850705797045,0,0.5010714496251376,0,Lower score,validation,selection/tuning
T101692,CUST5706,2023-11-06 01:08:00,40.69,Food,NetBanking,Mobile,Pune,0,39,265.49,482,No,0,0.15597297032946172,0,0.47668244904497953,0,Lower score,validation,selection/tuning
T104038,CUST6280,2023-11-06 02:05:00,86.17,Fashion,Debit Card,Mobile,Bengaluru,0,120,465.86,1537,No,1,0.227153655482892,1,0.48621583661745493,0,Model review,validation,selection/tuning
T102638,CUST2300,2023-11-06 02:33:00,240.9,Food,PayPal,POS,Delhi,0,159,236.05,1133,No,1,0.22590296513031097,1,0.5079876778040495,0,Model review,validation,selection/tuning
T101894,CUST1318,2023-11-06 03:52:00,64.79,Entertainment,Credit Card,Mobile,Bengaluru,0,143,304.37,328,No,0,0.20728712122315499,1,0.48348558601766173,0,Model review,validation,selection/tuning
T104481,CUST7756,2023-11-06 05:43:00,51.05,Health,PayPal,Desktop,Kolkata,0,91,275.83,1885,No,0,0.08340618396753578,0,0.49272595529488067,0,Lower score,validation,selection/tuning
T100776,CUST1583,2023-11-06 07:27:00,20.83,Travel,Debit Card,POS,Hyderabad,0,140,306.19,1580,No,0,0.0764992292536884,0,0.4886898560196466,0,Lower score,validation,selection/tuning
T104936,CUST5986,2023-11-06 08:17:00,192.24,Health,PayPal,POS,Mumbai,0,65,162.95,925,No,0,0.06530171342381433,0,0.5038159163341207,0,Lower score,validation,selection/tuning
T103136,CUST8536,2023-11-06 09:41:00,108.66,Grocery,PayPal,POS,Mumbai,0,166,166.96,1360,No,0,0.034470950778652545,0,0.4933942249786402,0,Lower score,validation,selection/tuning
T104124,CUST4945,2023-11-06 10:05:00,125.69,Fashion,Debit Card,POS,Hyderabad,0,48,68.67,969,No,0,0.04287621097881145,0,0.49415382636603217,0,Lower score,validation,selection/tuning
T102327,CUST1351,2023-11-06 11:49:00,0.13,Grocery,Debit Card,Mobile,Pune,0,50,255.07,1004,No,0,0.013353035563746165,0,0.5116315052735053,0,Lower score,validation,selection/tuning
T102800,CUST7458,2023-11-06 13:03:00,125.85,Electronics,NetBanking,Desktop,Hyderabad,0,139,283.31,787,No,0,0.011229877656287142,0,0.48653325928387087,0,Lower score,validation,selection/tuning
T103972,CUST8160,2023-11-06 17:32:00,25.75,Entertainment,Debit Card,POS,Bengaluru,0,88,227.56,1513,No,0,0.023016261576600933,0,0.4776334342988954,0,Lower score,validation,selection/tuning
T103001,CUST3460,2023-11-06 17:33:00,127.44,Entertainment,Credit Card,Mobile,Bengaluru,0,17,71.59,80,No,0,0.026447834855761444,0,0.4916738989595554,0,Lower score,validation,selection/tuning
T100266,CUST3974,2023-11-06 21:22:00,95.53,Travel,PayPal,Desktop,Chennai,0,44,366.5,1154,No,0,0.06997033167682502,0,0.48620880164520197,0,Lower score,validation,selection/tuning
T102531,CUST4491,2023-11-07 00:06:00,141.04,Fashion,Credit Card,Mobile,Mumbai,0,144,181.14,971,No,1,0.21590656635068026,1,0.4849905592122807,0,Model review,validation,selection/tuning
T102540,CUST3819,2023-11-07 08:20:00,85.96,Health,Credit Card,Desktop,Chennai,0,126,296.26,301,No,0,0.07822701375879658,0,0.47699037238960446,0,Lower score,validation,selection/tuning
T100828,CUST6590,2023-11-07 08:24:00,107.0,Fashion,UPI,Desktop,Delhi,0,124,415.13,1649,No,0,0.08789942533717036,0,0.4815548756158959,0,Lower score,validation,selection/tuning
T104191,CUST3998,2023-11-07 08:54:00,165.0,Grocery,NetBanking,Desktop,Hyderabad,0,41,337.26,577,No,0,0.05579053731558658,0,0.48934401910931524,0,Lower score,validation,selection/tuning
T104080,CUST5658,2023-11-07 09:40:00,94.3,Fashion,Credit Card,POS,Bengaluru,0,88,340.21,1713,No,0,0.06800628938259873,0,0.48178654857640246,0,Lower score,validation,selection/tuning
T102646,CUST6493,2023-11-07 10:24:00,251.35,Electronics,Credit Card,Desktop,Hyderabad,0,47,499.99,267,No,0,0.03336636670708575,0,0.5048951713292539,0,Lower score,validation,selection/tuning
T102061,CUST5290,2023-11-07 11:22:00,57.48,Fashion,Credit Card,Desktop,Delhi,0,40,409.22,1665,No,0,0.030387537448289054,0,0.48322921177737455,0,Lower score,validation,selection/tuning
T101489,CUST7972,2023-11-07 13:03:00,47.64,Food,Debit Card,POS,Delhi,1,177,166.96,1025,No,1,0.15906131809580412,1,0.5241259318347278,1,Model review,validation,selection/tuning
T102702,CUST5131,2023-11-07 13:17:00,10.73,Fashion,UPI,Mobile,Pune,0,98,414.86,1001,No,0,0.018703273523677424,0,0.4947316045813387,0,Lower score,validation,selection/tuning
T101479,CUST1446,2023-11-07 14:27:00,45.76,Electronics,Debit Card,POS,Bengaluru,0,105,272.84,1194,No,0,0.013202343063045997,0,0.47865539675445484,0,Lower score,validation,selection/tuning
T101310,CUST8535,2023-11-07 14:31:00,6.68,Health,NetBanking,Mobile,Bengaluru,0,137,251.53,539,No,0,0.0147445373453041,0,0.4858728414452879,0,Lower score,validation,selection/tuning
T103269,CUST6771,2023-11-07 15:27:00,93.34,Utilities,PayPal,POS,Bengaluru,0,188,112.98,244,No,0,0.016954708841770746,0,0.47591761673917077,0,Lower score,validation,selection/tuning
T103690,CUST5600,2023-11-07 18:36:00,140.29,Travel,Credit Card,Mobile,Delhi,0,71,186.03,387,No,0,0.0327233478155248,0,0.49970887417183724,0,Lower score,validation,selection/tuning
T100025,CUST3347,2023-11-08 02:26:00,123.03,Electronics,Credit Card,Desktop,Chennai,0,183,364.56,1429,No,0,0.18644230557785746,1,0.48746389362719966,0,Model review,validation,selection/tuning
T104697,CUST8521,2023-11-08 03:19:00,56.7,Utilities,NetBanking,POS,Hyderabad,0,54,128.65,797,Yes,0,0.18007341832058693,1,0.47419056284870725,0,Model review,validation,selection/tuning
T100286,CUST8015,2023-11-08 06:27:00,50.13,Fashion,Credit Card,Mobile,Pune,0,43,341.63,870,No,0,0.12785575230833285,0,0.4746394929449261,0,Lower score,validation,selection/tuning
T103162,CUST3710,2023-11-08 07:43:00,28.65,Electronics,Debit Card,Desktop,Chennai,0,132,414.02,551,No,0,0.06541302720572612,0,0.4740193428454225,0,Lower score,validation,selection/tuning
T100440,CUST1279,2023-11-08 09:54:00,7.09,Grocery,Debit Card,Mobile,Kolkata,0,96,257.72,1298,No,0,0.024659529492694125,0,0.4989033665051237,0,Lower score,validation,selection/tuning
T101586,CUST1866,2023-11-08 10:20:00,95.03,Grocery,UPI,Mobile,Hyderabad,0,47,386.47,1071,No,0,0.033138828668059346,0,0.4815313715466875,0,Lower score,validation,selection/tuning
T100192,CUST5130,2023-11-08 11:38:00,184.54,Grocery,Debit Card,Desktop,Delhi,0,137,303.21,1542,No,0,0.022757920145684743,0,0.5034293970518323,0,Lower score,validation,selection/tuning
T103829,CUST8146,2023-11-08 11:59:00,20.0,Health,Debit Card,Mobile,Hyderabad,0,135,96.6,1853,No,0,0.01788610551134731,0,0.48475156289896254,0,Lower score,validation,selection/tuning
T101550,CUST7382,2023-11-08 13:44:00,241.94,Grocery,Debit Card,Mobile,Chennai,0,163,130.44,1248,No,0,0.020542573360290958,0,0.5187211695051656,1,Anomaly review,validation,selection/tuning
T101284,CUST1183,2023-11-08 14:04:00,31.62,Electronics,PayPal,POS,Pune,0,31,78.98,611,No,0,0.008989019451947017,0,0.478395723001959,0,Lower score,validation,selection/tuning
T100940,CUST3597,2023-11-08 15:29:00,25.62,Electronics,NetBanking,POS,Bengaluru,0,65,227.27,602,No,0,0.012284417993327263,0,0.4709744645465834,0,Lower score,validation,selection/tuning
T104464,CUST2788,2023-11-08 19:17:00,90.03,Fashion,NetBanking,Mobile,Pune,0,160,411.26,1058,No,0,0.03798655514622184,0,0.47560773168510423,0,Lower score,validation,selection/tuning
T101719,CUST7384,2023-11-08 20:51:00,21.87,Travel,UPI,Mobile,Kolkata,0,143,171.0,1580,No,0,0.0492557286758742,0,0.5028255873423357,0,Lower score,validation,selection/tuning
T100898,CUST1784,2023-11-08 23:47:00,1.05,Fashion,NetBanking,POS,Hyderabad,0,108,399.27,1581,No,0,0.15394105243031947,0,0.5017306363166356,0,Lower score,validation,selection/tuning
T102361,CUST1049,2023-11-09 01:17:00,43.86,Grocery,NetBanking,POS,Pune,0,91,323.74,782,No,0,0.11721729994841538,0,0.4778598172903679,0,Lower score,validation,selection/tuning
T104409,CUST4905,2023-11-09 01:23:00,64.73,Travel,UPI,POS,Mumbai,1,7,247.76,1113,No,0,0.6638152479581343,1,0.5248792177824577,1,Model review,validation,selection/tuning
T102198,CUST5593,2023-11-09 02:50:00,63.29,Health,Credit Card,Desktop,Chennai,0,5,487.25,1344,No,0,0.1749367834536306,1,0.47682881688129075,0,Model review,validation,selection/tuning
T103550,CUST4650,2023-11-09 03:58:00,130.29,Utilities,Credit Card,Desktop,Kolkata,0,181,130.95,1747,No,1,0.12868802059319132,0,0.48691843296467285,0,Lower score,validation,selection/tuning
T102140,CUST7074,2023-11-09 08:23:00,136.77,Grocery,Credit Card,Desktop,Bengaluru,0,94,170.91,1043,No,0,0.060334583363950464,0,0.490621602242983,0,Lower score,validation,selection/tuning
T102904,CUST9118,2023-11-09 08:34:00,59.14,Electronics,Debit Card,Mobile,Hyderabad,0,118,361.81,1239,No,0,0.03439523447187046,0,0.47600864628937845,0,Lower score,validation,selection/tuning
T104702,CUST2796,2023-11-09 12:38:00,87.05,Electronics,NetBanking,Desktop,Hyderabad,0,65,180.99,106,No,0,0.010450814597869418,0,0.47880078454123653,0,Lower score,validation,selection/tuning
T100694,CUST2791,2023-11-09 14:02:00,9.76,Entertainment,PayPal,Mobile,Bengaluru,0,180,39.16,752,No,0,0.013074295484189495,0,0.49306529295471646,0,Lower score,validation,selection/tuning
T101070,CUST3569,2023-11-09 17:47:00,28.11,Health,UPI,Desktop,Mumbai,0,168,144.63,1676,No,0,0.018043047223614772,0,0.4891392761016774,0,Lower score,validation,selection/tuning
T102015,CUST2035,2023-11-09 19:56:00,42.36,Food,PayPal,POS,Hyderabad,0,10,249.54,97,No,0,0.03776467322824513,0,0.4773041614879245,0,Lower score,validation,selection/tuning
T100624,CUST2065,2023-11-09 21:46:00,77.04,Entertainment,UPI,Desktop,Chennai,0,77,139.28,455,No,0,0.09037339132399429,0,0.48958798095430195,0,Lower score,validation,selection/tuning
T101474,CUST7594,2023-11-09 23:42:00,31.68,Entertainment,Credit Card,POS,Bengaluru,0,160,376.39,1888,No,0,0.14314374492992796,0,0.4859490177571356,0,Lower score,validation,selection/tuning
T103096,CUST6375,2023-11-09 23:42:00,301.81,Food,Debit Card,Desktop,Pune,0,170,408.53,1947,No,0,0.1602049579789252,1,0.5092373538270061,0,Model review,validation,selection/tuning
T102861,CUST4135,2023-11-10 00:32:00,26.56,Entertainment,Credit Card,POS,Bengaluru,0,123,148.53,1295,No,1,0.13369441423292472,0,0.4888194140826125,0,Lower score,validation,selection/tuning
T102191,CUST4601,2023-11-10 01:33:00,190.18,Entertainment,PayPal,POS,Hyderabad,0,179,187.11,1021,No,0,0.14786024328326908,0,0.5101217961207704,0,Lower score,validation,selection/tuning
T101959,CUST5111,2023-11-10 02:14:00,123.21,Entertainment,Debit Card,POS,Delhi,0,20,411.05,1816,No,0,0.14715871024958785,0,0.49865181795696817,0,Lower score,validation,selection/tuning
T100396,CUST3153,2023-11-10 03:02:00,156.39,Travel,Debit Card,Mobile,Pune,0,199,204.46,88,No,0,0.1320458989403251,0,0.5012743739876945,0,Lower score,validation,selection/tuning
T102730,CUST5838,2023-11-10 06:19:00,110.09,Fashion,Credit Card,Mobile,Mumbai,0,49,99.38,1279,No,0,0.10726991829080798,0,0.48090020909613046,0,Lower score,validation,selection/tuning
T103952,CUST2610,2023-11-10 08:20:00,294.13,Entertainment,NetBanking,Desktop,Kolkata,1,183,134.88,232,No,0,0.31553325768413926,1,0.5522439834967742,1,Model review,validation,selection/tuning
T101024,CUST3964,2023-11-10 08:46:00,230.97,Travel,Debit Card,POS,Chennai,0,36,404.44,1612,No,0,0.05512063526164848,0,0.5086418015263916,0,Lower score,validation,selection/tuning
T102078,CUST3883,2023-11-10 09:27:00,335.92,Entertainment,Debit Card,Mobile,Delhi,0,26,101.23,992,No,0,0.0422770929089554,0,0.5205438882683886,1,Anomaly review,validation,selection/tuning
T100410,CUST6532,2023-11-10 09:43:00,30.77,Fashion,UPI,Mobile,Pune,0,8,342.1,1551,No,0,0.028254418406910134,0,0.4844488662357268,0,Lower score,validation,selection/tuning
T103091,CUST2082,2023-11-10 10:01:00,252.81,Electronics,Debit Card,POS,Mumbai,0,187,372.45,1008,No,0,0.023975345006668862,0,0.5121820362441283,0,Lower score,validation,selection/tuning
T100538,CUST6521,2023-11-10 10:27:00,47.91,Health,UPI,POS,Kolkata,0,51,172.82,1353,No,0,0.015929727629958527,0,0.48711555275453566,0,Lower score,validation,selection/tuning
T103960,CUST7729,2023-11-10 13:57:00,68.26,Food,PayPal,POS,Bengaluru,1,152,47.65,1758,No,0,0.10273936794224532,0,0.5152352090929302,0,Lower score,validation,selection/tuning
T101080,CUST7076,2023-11-10 15:05:00,123.47,Travel,Debit Card,Desktop,Delhi,0,83,151.47,1153,No,0,0.00972060642918741,0,0.49020037676999817,0,Lower score,validation,selection/tuning
T102722,CUST5137,2023-11-10 18:42:00,121.27,Utilities,Debit Card,Desktop,Hyderabad,0,163,271.72,1795,No,0,0.017614436603360487,0,0.48867764202025243,0,Lower score,validation,selection/tuning
T100669,CUST1974,2023-11-10 19:03:00,26.85,Utilities,UPI,POS,Delhi,1,106,233.66,1536,No,0,0.14523315164789724,0,0.5179611197734373,1,Anomaly review,validation,selection/tuning
T104871,CUST4359,2023-11-10 22:36:00,11.35,Travel,NetBanking,Mobile,Chennai,0,39,367.54,1912,No,0,0.06966582478101167,0,0.490450397670246,0,Lower score,validation,selection/tuning
T102683,CUST5928,2023-11-10 22:54:00,38.13,Fashion,NetBanking,Mobile,Hyderabad,0,30,247.41,1438,No,0,0.07923609372644262,0,0.4717196645203544,0,Lower score,validation,selection/tuning
T104315,CUST2575,2023-11-10 22:57:00,15.6,Health,PayPal,POS,Delhi,0,113,40.7,420,No,0,0.056433484397399356,0,0.4882753623093263,0,Lower score,validation,selection/tuning
T104537,CUST8274,2023-11-11 00:32:00,76.45,Utilities,Debit Card,POS,Bengaluru,0,136,350.96,1215,No,1,0.13777668046839997,0,0.49693123643190007,0,Lower score,validation,selection/tuning
T102679,CUST4456,2023-11-11 02:09:00,58.03,Fashion,Debit Card,Mobile,Kolkata,0,40,368.12,527,No,0,0.14073415061484407,0,0.4881349980630837,0,Lower score,validation,selection/tuning
T102334,CUST7889,2023-11-11 02:25:00,9.73,Travel,PayPal,POS,Hyderabad,0,76,408.88,270,No,0,0.13719567708364386,0,0.49935987296730405,0,Lower score,validation,selection/tuning
T102994,CUST8348,2023-11-11 02:57:00,11.3,Electronics,UPI,Desktop,Delhi,0,17,413.18,1891,No,0,0.10784159393496275,0,0.4987767207635959,0,Lower score,validation,selection/tuning
T100206,CUST1275,2023-11-11 06:37:00,8.56,Health,Credit Card,POS,Bengaluru,0,74,366.19,242,No,0,0.0894474882995368,0,0.5015212057681194,0,Lower score,validation,selection/tuning
T104863,CUST6186,2023-11-11 12:04:00,32.61,Utilities,NetBanking,POS,Pune,0,108,88.96,1421,No,0,0.012194034428593199,0,0.4906305610768548,0,Lower score,validation,selection/tuning
T102453,CUST8297,2023-11-11 12:05:00,34.13,Health,Debit Card,Desktop,Hyderabad,0,64,493.92,1395,No,0,0.013254731766868652,0,0.4956471261799261,0,Lower score,validation,selection/tuning
T102670,CUST9889,2023-11-11 12:55:00,82.81,Entertainment,NetBanking,Desktop,Pune,0,119,217.82,733,No,0,0.01287473183201629,0,0.48962700189596425,0,Lower score,validation,selection/tuning
T102395,CUST1739,2023-11-11 15:46:00,33.96,Fashion,NetBanking,Mobile,Kolkata,0,146,194.75,280,No,0,0.010232120438374964,0,0.4887642346961451,0,Lower score,validation,selection/tuning
T101018,CUST4955,2023-11-11 16:37:00,197.67,Electronics,PayPal,Mobile,Pune,0,55,385.34,1301,No,0,0.009139259242157204,0,0.504994212326612,0,Lower score,validation,selection/tuning
T103789,CUST2047,2023-11-11 18:10:00,315.27,Electronics,Credit Card,Desktop,Bengaluru,0,66,128.82,1667,No,0,0.022718708769430558,0,0.5248547798873405,1,Anomaly review,validation,selection/tuning
T100027,CUST8120,2023-11-11 19:01:00,57.76,Travel,PayPal,Mobile,Delhi,0,160,190.97,37,No,0,0.02073565044258896,0,0.49514193782419946,0,Lower score,validation,selection/tuning
T100307,CUST6256,2023-11-11 21:59:00,31.2,Fashion,Debit Card,Mobile,Hyderabad,0,2,465.6,1693,No,0,0.07272142345552801,0,0.4819068259167038,0,Lower score,validation,selection/tuning
T102308,CUST9598,2023-11-12 04:53:00,9.67,Fashion,Debit Card,POS,Delhi,0,42,464.12,1284,No,0,0.15670622265158488,0,0.5035363196863225,0,Lower score,validation,selection/tuning
T102889,CUST8972,2023-11-12 06:17:00,144.55,Grocery,Debit Card,Desktop,Chennai,0,165,69.48,612,Yes,0,0.12113371022679989,0,0.502591212576182,0,Lower score,validation,selection/tuning
T101577,CUST2584,2023-11-12 07:10:00,82.17,Electronics,UPI,POS,Mumbai,0,44,128.2,427,No,0,0.07519118073308792,0,0.4916988439705152,0,Lower score,validation,selection/tuning
T102221,CUST4997,2023-11-12 08:43:00,62.24,Travel,Debit Card,Desktop,Kolkata,0,131,265.25,96,No,0,0.04094886296905577,0,0.4891497910112714,0,Lower score,validation,selection/tuning
T102215,CUST8684,2023-11-12 10:12:00,29.08,Food,Credit Card,Desktop,Chennai,0,16,66.48,172,No,0,0.0415769924996736,0,0.49325995321121624,0,Lower score,validation,selection/tuning
T100179,CUST8648,2023-11-12 10:58:00,11.84,Entertainment,UPI,Mobile,Kolkata,0,178,472.24,1153,No,0,0.020907427236555233,0,0.5084181178131839,0,Lower score,validation,selection/tuning
T101836,CUST1169,2023-11-12 14:29:00,10.97,Utilities,UPI,Desktop,Hyderabad,0,95,340.9,35,No,0,0.011914014247416399,0,0.5073323276680852,0,Lower score,validation,selection/tuning
T103623,CUST5572,2023-11-12 16:36:00,165.76,Entertainment,UPI,POS,Delhi,0,118,156.54,1165,No,0,0.020736051366671043,0,0.5078067501706013,0,Lower score,validation,selection/tuning
T100389,CUST8843,2023-11-12 19:11:00,131.54,Travel,NetBanking,Mobile,Hyderabad,0,26,115.58,617,No,0,0.031563844891092645,0,0.49200406087303716,0,Lower score,validation,selection/tuning
T100053,CUST2691,2023-11-13 01:08:00,180.17,Food,Credit Card,Desktop,Pune,0,173,359.44,1351,No,0,0.19651679774100567,1,0.49333657005834514,0,Model review,validation,selection/tuning
T104384,CUST8451,2023-11-13 02:48:00,168.32,Health,PayPal,Desktop,Hyderabad,0,133,215.85,570,No,0,0.16835456395033677,1,0.5022044481480232,0,Model review,validation,selection/tuning
T102854,CUST5690,2023-11-13 03:14:00,8.59,Utilities,Credit Card,POS,Bengaluru,0,140,166.39,1683,No,1,0.1796469468176541,1,0.49318326729354955,0,Model review,validation,selection/tuning
T101417,CUST3146,2023-11-13 07:38:00,10.42,Food,PayPal,POS,Bengaluru,1,129,224.19,1306,No,1,0.4633535280923224,1,0.5211481472620028,1,Model review,validation,selection/tuning
T101475,CUST7324,2023-11-13 07:52:00,88.11,Grocery,NetBanking,Mobile,Delhi,0,67,144.89,1532,No,0,0.05598197507406355,0,0.483990310376921,0,Lower score,validation,selection/tuning
T101500,CUST7122,2023-11-13 08:59:00,58.56,Entertainment,Debit Card,POS,Bengaluru,1,131,404.52,499,No,0,0.3660130214052996,1,0.5134395866192776,0,Model review,validation,selection/tuning
T100567,CUST9457,2023-11-13 11:28:00,46.03,Food,PayPal,Mobile,Kolkata,0,48,172.68,1084,No,0,0.017394000358349024,0,0.48700937132288635,0,Lower score,validation,selection/tuning
T101339,CUST7221,2023-11-13 12:53:00,2.49,Fashion,NetBanking,POS,Chennai,0,126,332.41,1410,No,0,0.0198237729307517,0,0.5027758823430682,0,Lower score,validation,selection/tuning
T103336,CUST6054,2023-11-13 14:41:00,191.08,Food,PayPal,Desktop,Chennai,1,128,227.92,1033,No,1,0.15468287868429528,0,0.5299507831038293,1,Anomaly review,validation,selection/tuning
T102357,CUST4155,2023-11-13 15:29:00,5.5,Food,Credit Card,Desktop,Mumbai,0,13,273.95,1409,No,0,0.01621530079393298,0,0.4935088133815481,0,Lower score,validation,selection/tuning
T100917,CUST5298,2023-11-13 16:53:00,237.22,Utilities,Debit Card,Mobile,Delhi,0,78,411.94,713,No,0,0.01750324636560309,0,0.5019270195120606,0,Lower score,validation,selection/tuning
T102613,CUST1028,2023-11-13 17:41:00,108.04,Fashion,Debit Card,POS,Delhi,1,29,244.08,1876,No,0,0.18126235425028764,1,0.5313744024813415,1,Model review,validation,selection/tuning
T100541,CUST3183,2023-11-13 19:20:00,74.55,Health,UPI,POS,Pune,0,184,81.78,171,No,0,0.02893229390269658,0,0.48370917809737485,0,Lower score,validation,selection/tuning
T101369,CUST3635,2023-11-13 21:18:00,21.7,Food,PayPal,POS,Chennai,0,96,330.89,1705,No,0,0.07406751621078898,0,0.4847619813531941,0,Lower score,validation,selection/tuning
T103368,CUST4683,2023-11-13 22:21:00,16.95,Grocery,PayPal,POS,Mumbai,0,11,433.22,1517,No,0,0.07085589593885085,0,0.4944693802728664,0,Lower score,validation,selection/tuning
T101992,CUST6126,2023-11-14 06:03:00,75.37,Food,NetBanking,Mobile,Pune,0,11,131.81,450,No,0,0.14131979120856691,0,0.4693860362493931,0,Lower score,validation,selection/tuning
T103288,CUST1422,2023-11-14 07:46:00,185.64,Entertainment,NetBanking,POS,Chennai,0,81,397.58,570,No,0,0.12460668624112237,0,0.4975896187237346,0,Lower score,validation,selection/tuning
T102259,CUST1357,2023-11-14 09:46:00,45.62,Travel,UPI,Desktop,Delhi,0,178,20.68,790,No,0,0.04364951130347638,0,0.4891236596466177,0,Lower score,validation,selection/tuning
T101912,CUST4317,2023-11-14 10:01:00,448.7,Food,Debit Card,Mobile,Delhi,0,66,299.47,1531,No,0,0.07366997200031918,0,0.5181705419912003,1,Anomaly review,validation,selection/tuning
T100124,CUST6576,2023-11-14 10:41:00,20.69,Entertainment,Debit Card,Mobile,Pune,0,127,14.47,139,No,0,0.029078889617729628,0,0.47957471627051035,0,Lower score,validation,selection/tuning
T100921,CUST2586,2023-11-14 13:58:00,53.47,Fashion,NetBanking,Mobile,Kolkata,0,42,70.96,732,No,0,0.014649155195894081,0,0.476950330724366,0,Lower score,validation,selection/tuning
T102784,CUST9399,2023-11-14 16:41:00,153.81,Travel,NetBanking,Desktop,Hyderabad,1,58,49.21,1136,No,0,0.16224721041866647,1,0.5236071365621661,1,Model review,validation,selection/tuning
T102817,CUST4712,2023-11-14 22:15:00,0.97,Grocery,Debit Card,Desktop,Mumbai,0,151,163.51,434,No,0,0.08380549721175926,0,0.5074837656618562,0,Lower score,validation,selection/tuning
T102725,CUST4337,2023-11-14 22:31:00,28.87,Food,PayPal,Mobile,Kolkata,0,148,218.54,1878,No,0,0.08724976402708215,0,0.48570784850863064,0,Lower score,validation,selection/tuning
T102998,CUST2428,2023-11-14 23:54:00,27.4,Electronics,NetBanking,POS,Hyderabad,0,122,81.81,930,No,0,0.10658968307048139,0,0.4835065497819102,0,Lower score,validation,selection/tuning
T103404,CUST1837,2023-11-15 02:48:00,110.32,Fashion,UPI,Desktop,Chennai,0,123,495.3,938,No,1,0.28767178365062224,1,0.4804980896556188,0,Model review,validation,selection/tuning
T103032,CUST6122,2023-11-15 03:28:00,111.2,Grocery,Credit Card,Mobile,Mumbai,0,58,434.64,1956,No,0,0.19692023248118784,1,0.48499940184366336,0,Model review,validation,selection/tuning
T101851,CUST2852,2023-11-15 05:09:00,135.4,Fashion,PayPal,Mobile,Mumbai,0,137,383.6,1737,No,0,0.19692985261394658,1,0.4820277031063385,0,Model review,validation,selection/tuning
T101509,CUST6058,2023-11-15 06:03:00,115.81,Food,NetBanking,POS,Pune,0,80,146.26,88,No,0,0.15010979232275762,0,0.47799558054772917,0,Lower score,validation,selection/tuning
T102321,CUST1568,2023-11-15 06:33:00,100.15,Fashion,NetBanking,POS,Hyderabad,0,156,66.53,1615,No,0,0.14361752213207934,0,0.47433167384608915,0,Lower score,validation,selection/tuning
T101877,CUST5223,2023-11-15 07:58:00,56.8,Utilities,PayPal,Desktop,Chennai,0,45,427.28,1881,No,0,0.07310131744610752,0,0.47832922619772433,0,Lower score,validation,selection/tuning
T100974,CUST5777,2023-11-15 09:34:00,2.53,Grocery,PayPal,Mobile,Hyderabad,0,193,446.95,889,No,0,0.0316118297963055,0,0.5071125087254164,0,Lower score,validation,selection/tuning
T101025,CUST5538,2023-11-15 13:01:00,51.43,Health,Credit Card,POS,Mumbai,0,133,271.09,1291,No,0,0.0179878131596139,0,0.47374844752591555,0,Lower score,validation,selection/tuning
T104643,CUST5814,2023-11-15 13:51:00,11.3,Health,Credit Card,Mobile,Delhi,0,109,375.19,1553,No,0,0.012882445950417008,0,0.4879180213639247,0,Lower score,validation,selection/tuning
T100039,CUST1360,2023-11-15 13:59:00,46.41,Food,Credit Card,POS,Mumbai,0,191,18.15,1874,No,0,0.02089726455090085,0,0.47260329136554546,0,Lower score,validation,selection/tuning
T101167,CUST5189,2023-11-15 15:32:00,56.66,Grocery,PayPal,POS,Pune,0,99,445.32,792,No,0,0.011458865683811978,0,0.4851862535099464,0,Lower score,validation,selection/tuning
T100910,CUST1683,2023-11-15 16:52:00,71.39,Travel,NetBanking,Mobile,Pune,0,81,80.32,1843,No,0,0.01657086816881444,0,0.4840702725703037,0,Lower score,validation,selection/tuning
T100057,CUST7028,2023-11-15 17:01:00,17.45,Electronics,PayPal,POS,Mumbai,0,120,479.51,705,No,0,0.012992806249700038,0,0.48484501569480926,0,Lower score,validation,selection/tuning
T102809,CUST6803,2023-11-15 19:20:00,101.36,Utilities,NetBanking,Desktop,Delhi,0,60,376.91,516,No,0,0.031926386454996694,0,0.4737595125950496,0,Lower score,validation,selection/tuning
T103882,CUST9373,2023-11-15 20:05:00,253.83,Electronics,Debit Card,Desktop,Delhi,0,87,415.97,1725,No,0,0.04083920562092994,0,0.5127222628551447,0,Lower score,validation,selection/tuning
T103496,CUST9759,2023-11-15 22:50:00,159.02,Entertainment,PayPal,Desktop,Delhi,0,118,13.53,1198,No,0,0.12150522425421431,0,0.4980763217073511,0,Lower score,validation,selection/tuning
T102187,CUST1029,2023-11-16 04:29:00,116.22,Grocery,PayPal,Desktop,Pune,0,9,257.86,1797,No,1,0.11389744281080272,0,0.4936355917884942,0,Lower score,validation,selection/tuning
T100153,CUST2851,2023-11-16 09:00:00,53.78,Electronics,NetBanking,Desktop,Hyderabad,0,153,282.23,179,No,0,0.028974909353910307,0,0.48006084919549336,0,Lower score,validation,selection/tuning
T104263,CUST1326,2023-11-16 09:43:00,39.19,Utilities,Credit Card,Mobile,Chennai,0,170,224.09,660,No,0,0.034782558646718774,0,0.48571223829852433,0,Lower score,validation,selection/tuning
T103057,CUST8210,2023-11-16 15:34:00,6.41,Utilities,PayPal,POS,Hyderabad,0,73,307.79,199,No,0,0.00976702628774916,0,0.4995894147668641,0,Lower score,validation,selection/tuning
T104137,CUST1909,2023-11-16 16:35:00,31.27,Food,UPI,POS,Mumbai,0,128,465.45,557,No,0,0.019128172141383095,0,0.48505515735220633,0,Lower score,validation,selection/tuning
T101149,CUST1029,2023-11-16 18:58:00,161.57,Entertainment,NetBanking,Desktop,Mumbai,0,73,78.39,81,No,0,0.03321518637222673,0,0.4971392063373045,0,Lower score,validation,selection/tuning
T103010,CUST7430,2023-11-16 23:26:00,63.68,Entertainment,PayPal,Desktop,Pune,0,166,323.6,1496,No,0,0.09631010854868338,0,0.4923030048581828,0,Lower score,validation,selection/tuning
T101086,CUST1759,2023-11-16 23:55:00,76.03,Grocery,NetBanking,POS,Chennai,0,142,482.12,230,No,0,0.1225512022181677,0,0.48193961297846233,0,Lower score,validation,selection/tuning
T104228,CUST3573,2023-11-17 00:17:00,50.22,Fashion,Credit Card,Desktop,Delhi,0,69,220.05,699,No,0,0.11496273175307441,0,0.47997944684745,0,Lower score,validation,selection/tuning
T101156,CUST5465,2023-11-17 01:41:00,13.82,Electronics,NetBanking,Desktop,Bengaluru,0,39,82.99,535,No,0,0.09438378735886567,0,0.4885404693136647,0,Lower score,validation,selection/tuning
T101314,CUST6082,2023-11-17 02:37:00,48.16,Grocery,NetBanking,Desktop,Mumbai,0,163,339.09,608,No,0,0.11568454482043614,0,0.48050538395354897,0,Lower score,validation,selection/tuning
T101498,CUST8743,2023-11-17 04:51:00,38.22,Entertainment,Debit Card,Desktop,Bengaluru,0,175,46.14,1952,No,1,0.12949696493177904,0,0.47873154136198853,0,Lower score,validation,selection/tuning
T104532,CUST1613,2023-11-17 05:31:00,22.68,Entertainment,Debit Card,Mobile,Delhi,0,128,336.44,47,No,0,0.09203291085720819,0,0.48931729351770303,0,Lower score,validation,selection/tuning
T100812,CUST4750,2023-11-17 08:43:00,10.65,Fashion,UPI,POS,Bengaluru,0,143,89.77,91,No,0,0.05221569200159272,0,0.4947865949985641,0,Lower score,validation,selection/tuning
T102479,CUST1787,2023-11-17 10:11:00,126.47,Entertainment,UPI,POS,Pune,0,124,215.54,1175,No,0,0.02669879083100929,0,0.4977141420441581,0,Lower score,validation,selection/tuning
T102942,CUST6666,2023-11-17 13:14:00,28.14,Food,Credit Card,Desktop,Pune,0,197,342.85,1361,No,0,0.010771751332846814,0,0.47286526984848304,0,Lower score,validation,selection/tuning
T100221,CUST5860,2023-11-17 13:52:00,67.2,Food,UPI,Desktop,Hyderabad,0,118,121.2,205,No,0,0.012359486082778277,0,0.48580543692205114,0,Lower score,validation,selection/tuning
T100228,CUST6111,2023-11-17 18:12:00,178.08,Fashion,NetBanking,Mobile,Kolkata,0,148,84.11,1859,No,0,0.01668635372419984,0,0.49276701074829127,0,Lower score,validation,selection/tuning
T100525,CUST9080,2023-11-17 20:18:00,50.59,Fashion,Credit Card,POS,Kolkata,0,85,202.19,162,No,0,0.030663291037358893,0,0.49176569475494625,0,Lower score,validation,selection/tuning
T100679,CUST6138,2023-11-17 20:33:00,160.5,Grocery,Debit Card,POS,Bengaluru,0,15,489.53,1791,No,0,0.039738878330202544,0,0.4988098420006797,0,Lower score,validation,selection/tuning
T101902,CUST8636,2023-11-17 21:23:00,114.5,Travel,Credit Card,POS,Hyderabad,0,85,196.24,1725,No,0,0.0520283806321646,0,0.48578931560413835,0,Lower score,validation,selection/tuning
T103291,CUST6006,2023-11-17 21:35:00,167.87,Grocery,NetBanking,Mobile,Pune,0,121,33.03,946,No,0,0.04159634025588067,0,0.4863687017803416,0,Lower score,validation,selection/tuning
T104541,CUST9199,2023-11-17 23:22:00,58.4,Food,Credit Card,Mobile,Pune,0,188,55.14,1799,No,0,0.0880873342369484,0,0.47260574514682957,0,Lower score,validation,selection/tuning
T100842,CUST3269,2023-11-18 02:37:00,15.68,Health,PayPal,Desktop,Delhi,0,21,426.2,1936,No,1,0.11593453103384506,0,0.4955444493490105,0,Lower score,validation,selection/tuning
T101343,CUST6663,2023-11-18 06:17:00,103.91,Fashion,Credit Card,Desktop,Hyderabad,0,171,477.42,898,No,0,0.12031605554999472,0,0.49485130197702004,0,Lower score,validation,selection/tuning
T104948,CUST8298,2023-11-18 08:12:00,130.82,Health,UPI,POS,Pune,0,181,37.81,1278,No,0,0.052823495732472185,0,0.5057352159369399,0,Lower score,validation,selection/tuning
T103565,CUST3581,2023-11-18 14:12:00,103.28,Entertainment,UPI,Desktop,Kolkata,0,101,238.11,103,No,0,0.01133765925866735,0,0.5074328403734293,0,Lower score,validation,selection/tuning
T101414,CUST3089,2023-11-18 15:40:00,60.6,Grocery,Debit Card,Desktop,Bengaluru,0,87,217.92,602,No,0,0.011572307867024088,0,0.48802428184153396,0,Lower score,validation,selection/tuning
T104049,CUST1847,2023-11-18 17:02:00,18.0,Entertainment,Credit Card,Desktop,Kolkata,0,121,498.09,1689,No,0,0.011919649123719855,0,0.499261033872835,0,Lower score,validation,selection/tuning
T104224,CUST7438,2023-11-18 17:03:00,70.0,Food,Debit Card,Desktop,Bengaluru,0,121,36.96,633,No,0,0.019617552751640444,0,0.4880212455918003,0,Lower score,validation,selection/tuning
T102347,CUST1347,2023-11-18 17:45:00,35.94,Entertainment,UPI,Mobile,Mumbai,0,89,192.39,932,No,0,0.020212915669781423,0,0.5020875185267675,0,Lower score,validation,selection/tuning
T103787,CUST7685,2023-11-18 18:15:00,49.89,Health,PayPal,Mobile,Delhi,1,179,125.54,398,No,0,0.11699865469652615,0,0.5300257269446322,1,Anomaly review,validation,selection/tuning
T102279,CUST2707,2023-11-18 18:39:00,5.89,Travel,PayPal,POS,Delhi,0,49,38.23,1759,No,0,0.01801347380568014,0,0.5013599683809777,0,Lower score,validation,selection/tuning
T102506,CUST6478,2023-11-18 19:57:00,153.91,Utilities,NetBanking,Desktop,Chennai,0,121,126.83,1596,No,0,0.03829206673344012,0,0.4964328310352356,0,Lower score,validation,selection/tuning
T100979,CUST1265,2023-11-18 21:57:00,72.67,Food,NetBanking,Desktop,Delhi,0,100,169.64,1246,No,0,0.071140544851264,0,0.4848732677761878,0,Lower score,validation,selection/tuning
T104028,CUST6491,2023-11-18 23:44:00,107.14,Entertainment,Debit Card,Mobile,Chennai,0,172,347.91,1332,No,0,0.13883840113620602,0,0.511740374242448,0,Lower score,validation,selection/tuning
T102432,CUST5480,2023-11-19 03:06:00,330.88,Health,PayPal,POS,Chennai,0,173,164.67,1354,No,0,0.23714336201522385,1,0.5356111775906403,1,Model review,validation,selection/tuning
T104728,CUST4562,2023-11-19 03:49:00,108.47,Electronics,NetBanking,Desktop,Kolkata,0,19,235.71,1125,No,0,0.10349168714539085,0,0.4941807213353862,0,Lower score,validation,selection/tuning
T101784,CUST1651,2023-11-19 05:50:00,86.15,Utilities,NetBanking,POS,Pune,1,82,408.98,700,No,1,0.5134184940788937,1,0.523656052129059,1,Model review,validation,selection/tuning
T104608,CUST2343,2023-11-19 12:48:00,250.42,Fashion,Debit Card,Desktop,Mumbai,1,48,489.31,1667,No,0,0.19372673829475462,1,0.542012605064922,1,Model review,validation,selection/tuning
T102468,CUST2056,2023-11-19 14:40:00,51.63,Food,UPI,Mobile,Mumbai,0,159,366.07,596,No,0,0.017510081597035154,0,0.492452644590728,0,Lower score,validation,selection/tuning
T102642,CUST6986,2023-11-19 14:51:00,121.8,Electronics,Debit Card,POS,Kolkata,1,1,212.61,1616,No,0,0.06962336252542868,0,0.5315454283406581,1,Anomaly review,validation,selection/tuning
T103610,CUST8889,2023-11-19 18:08:00,67.75,Entertainment,UPI,Mobile,Pune,0,62,302.85,68,No,0,0.02286197189126981,0,0.494875423359227,0,Lower score,validation,selection/tuning
T102903,CUST8204,2023-11-20 02:32:00,43.11,Food,UPI,POS,Hyderabad,0,52,174.29,1284,No,0,0.2147417351715958,1,0.49342434279656844,0,Model review,validation,selection/tuning
T103728,CUST4902,2023-11-20 03:06:00,14.21,Electronics,UPI,Mobile,Hyderabad,0,7,58.36,522,No,0,0.12840164081067287,0,0.49016737798139304,0,Lower score,validation,selection/tuning
T103966,CUST3947,2023-11-20 07:17:00,29.27,Health,NetBanking,POS,Delhi,0,110,483.4,1209,No,0,0.0682603577455914,0,0.4774502628447281,0,Lower score,validation,selection/tuning
T101294,CUST6579,2023-11-20 11:32:00,128.99,Travel,PayPal,Desktop,Chennai,0,143,304.83,72,No,0,0.02462319797600337,0,0.489538010365869,0,Lower score,validation,selection/tuning
T103732,CUST3211,2023-11-20 11:39:00,47.35,Grocery,NetBanking,POS,Kolkata,0,90,462.1,1109,No,0,0.01355160949347727,0,0.48056166711415627,0,Lower score,validation,selection/tuning
T102114,CUST9306,2023-11-20 19:26:00,84.97,Entertainment,Credit Card,Mobile,Mumbai,0,113,49.07,1243,No,0,0.0396659766432019,0,0.49032983641362937,0,Lower score,validation,selection/tuning
T103559,CUST3716,2023-11-20 19:27:00,49.23,Entertainment,PayPal,Desktop,Delhi,0,158,247.4,707,No,0,0.030072306280815652,0,0.4892979532845714,0,Lower score,validation,selection/tuning
T101291,CUST6010,2023-11-21 01:57:00,11.39,Grocery,NetBanking,Desktop,Kolkata,0,177,433.72,1691,No,1,0.13221636535383918,0,0.48663425728286236,0,Lower score,validation,selection/tuning
T101124,CUST8053,2023-11-21 02:08:00,85.19,Travel,UPI,Desktop,Kolkata,0,118,257.35,1018,No,1,0.18487554693039504,1,0.49974928188059164,0,Model review,validation,selection/tuning
T103859,CUST7942,2023-11-21 04:41:00,143.49,Food,Credit Card,POS,Hyderabad,0,95,402.77,1407,No,0,0.2361532851646172,1,0.4899995397142589,0,Model review,validation,selection/tuning
T103982,CUST9104,2023-11-21 06:08:00,20.32,Entertainment,Credit Card,POS,Bengaluru,0,8,61.83,324,No,0,0.16641903535632557,1,0.48288248279017515,0,Model review,validation,selection/tuning
T102173,CUST1193,2023-11-21 08:26:00,154.89,Electronics,Credit Card,POS,Delhi,0,176,361.71,1371,No,0,0.0560820290613235,0,0.48978798292840553,0,Lower score,validation,selection/tuning
T103886,CUST5540,2023-11-21 09:15:00,198.56,Fashion,PayPal,Mobile,Hyderabad,0,147,202.7,437,No,0,0.06599105807720784,0,0.4925647336333433,0,Lower score,validation,selection/tuning
T103494,CUST4482,2023-11-21 10:18:00,86.08,Fashion,PayPal,POS,Delhi,0,95,92.48,672,No,0,0.039974393764342094,0,0.4813746567011784,0,Lower score,validation,selection/tuning
T102780,CUST5519,2023-11-21 11:15:00,4.1,Health,NetBanking,Mobile,Delhi,0,120,308.94,1100,No,0,0.02041079829931108,0,0.4882194602837841,0,Lower score,validation,selection/tuning
T101391,CUST4822,2023-11-21 11:34:00,6.11,Fashion,UPI,Desktop,Hyderabad,0,58,127.08,1627,No,0,0.0293860777370334,0,0.4931527457476651,0,Lower score,validation,selection/tuning
T102795,CUST4733,2023-11-21 11:49:00,72.03,Utilities,PayPal,Desktop,Mumbai,0,169,487.94,1664,No,0,0.020990214266120164,0,0.48858385517063735,0,Lower score,validation,selection/tuning
T103492,CUST6192,2023-11-21 12:10:00,170.27,Grocery,NetBanking,POS,Hyderabad,0,48,348.1,1463,No,0,0.021707504224613445,0,0.49016735189818306,0,Lower score,validation,selection/tuning
T104531,CUST3239,2023-11-21 17:08:00,17.72,Grocery,Debit Card,Desktop,Kolkata,0,52,246.32,959,No,0,0.01305351634508043,0,0.48145771435821455,0,Lower score,validation,selection/tuning
T101881,CUST2623,2023-11-21 19:18:00,165.29,Entertainment,NetBanking,Desktop,Chennai,0,54,172.05,1457,No,0,0.05279842054629191,0,0.4948480153356318,0,Lower score,validation,selection/tuning
T102954,CUST1120,2023-11-21 20:57:00,203.06,Utilities,NetBanking,Desktop,Mumbai,0,159,274.84,675,No,0,0.07415614847113385,0,0.4897999851529915,0,Lower score,validation,selection/tuning
T104856,CUST6308,2023-11-21 21:24:00,12.63,Entertainment,Credit Card,POS,Chennai,0,13,178.28,1420,Yes,0,0.09439730682212992,0,0.48479138051657755,0,Lower score,validation,selection/tuning
T101037,CUST6791,2023-11-21 21:29:00,103.21,Entertainment,Debit Card,POS,Pune,1,129,368.57,1605,No,0,0.4488553551372067,1,0.5193566697282899,1,Model review,validation,selection/tuning
T103068,CUST4005,2023-11-22 03:21:00,23.11,Entertainment,PayPal,Mobile,Mumbai,0,89,368.04,209,No,0,0.19578974345876948,1,0.4994632946244847,0,Model review,validation,selection/tuning
T104564,CUST4526,2023-11-22 05:55:00,21.02,Travel,PayPal,POS,Delhi,1,31,138.27,1252,No,1,0.5496685112242129,1,0.5291918549323545,1,Model review,validation,selection/tuning
T103181,CUST1703,2023-11-22 09:00:00,27.31,Health,NetBanking,Desktop,Delhi,0,98,170.19,803,No,0,0.042700373722361754,0,0.47355238316517917,0,Lower score,validation,selection/tuning
T100318,CUST5875,2023-11-22 10:29:00,13.61,Travel,Credit Card,POS,Chennai,0,145,242.52,57,No,0,0.03863175410207346,0,0.47823578825561586,0,Lower score,validation,selection/tuning
T101712,CUST7628,2023-11-22 11:06:00,121.41,Utilities,NetBanking,Mobile,Delhi,0,80,42.97,1298,Yes,0,0.024400648691526625,0,0.47829845700224055,0,Lower score,validation,selection/tuning
T101832,CUST1987,2023-11-22 18:34:00,69.86,Utilities,Debit Card,Mobile,Pune,0,60,257.09,1321,No,0,0.0230329441541095,0,0.48854493987743536,0,Lower score,validation,selection/tuning
T102249,CUST7377,2023-11-22 19:10:00,9.77,Electronics,NetBanking,Desktop,Kolkata,1,72,437.72,50,No,0,0.1371136741960978,0,0.5163311683925471,0,Lower score,validation,selection/tuning
T104033,CUST2929,2023-11-22 21:46:00,392.31,Grocery,Credit Card,POS,Pune,0,56,394.33,1692,No,0,0.10670747447900036,0,0.5248151555532496,1,Anomaly review,validation,selection/tuning
T100796,CUST6478,2023-11-23 00:20:00,215.2,Entertainment,Credit Card,Mobile,Mumbai,0,33,105.36,1582,No,0,0.18230923705464333,1,0.4982861813998866,0,Model review,validation,selection/tuning
T102053,CUST2060,2023-11-23 05:36:00,233.06,Fashion,Debit Card,Mobile,Pune,0,115,351.53,1110,No,0,0.15394098046140098,0,0.504937999964307,0,Lower score,validation,selection/tuning
T100136,CUST3107,2023-11-23 06:56:00,58.52,Entertainment,NetBanking,POS,Pune,1,17,463.74,874,No,0,0.4491412354054358,1,0.5252254086568371,1,Model review,validation,selection/tuning
T104459,CUST7764,2023-11-23 07:00:00,63.63,Travel,UPI,Desktop,Mumbai,1,53,10.79,1542,No,0,0.48950091579390115,1,0.5176916036929272,1,Model review,validation,selection/tuning
T103123,CUST7285,2023-11-23 07:01:00,49.14,Grocery,Debit Card,POS,Hyderabad,1,193,281.52,888,No,0,0.4115483799410809,1,0.5293579678620286,1,Model review,validation,selection/tuning
T103030,CUST9615,2023-11-23 09:55:00,17.75,Utilities,NetBanking,POS,Mumbai,0,158,327.26,1592,No,0,0.028622886761397258,0,0.47378472350036466,0,Lower score,validation,selection/tuning
T102105,CUST9722,2023-11-23 11:14:00,30.47,Grocery,PayPal,Desktop,Mumbai,1,117,483.82,1740,No,0,0.13247125808047558,0,0.5264151584872805,1,Anomaly review,validation,selection/tuning
T101071,CUST4287,2023-11-23 11:39:00,21.28,Health,Credit Card,Mobile,Kolkata,0,74,84.99,121,No,0,0.012672937624148225,0,0.48016401161488714,0,Lower score,validation,selection/tuning
T102351,CUST5372,2023-11-23 11:59:00,195.61,Health,NetBanking,Desktop,Mumbai,0,42,420.46,1370,No,0,0.01930890523166353,0,0.4935018359418287,0,Lower score,validation,selection/tuning
T100745,CUST7059,2023-11-23 12:00:00,183.87,Electronics,UPI,POS,Mumbai,0,162,183.83,351,No,0,0.017195306262586973,0,0.49723215105233287,0,Lower score,validation,selection/tuning
T101812,CUST3344,2023-11-23 12:00:00,24.64,Electronics,PayPal,POS,Chennai,0,94,252.65,1756,No,0,0.012528869504640418,0,0.48003458917906516,0,Lower score,validation,selection/tuning
T102594,CUST8960,2023-11-23 12:01:00,12.33,Entertainment,Debit Card,Desktop,Mumbai,0,126,406.32,847,No,0,0.018257378037291872,0,0.4888260536777338,0,Lower score,validation,selection/tuning
T101666,CUST2105,2023-11-23 17:18:00,18.71,Grocery,Credit Card,Mobile,Kolkata,0,86,374.24,1036,No,0,0.010537228132580108,0,0.4858119795510358,0,Lower score,validation,selection/tuning
T102625,CUST7829,2023-11-23 19:59:00,266.11,Health,Debit Card,Desktop,Mumbai,0,123,441.59,178,No,0,0.04550441174877304,0,0.512710728171467,0,Lower score,validation,selection/tuning
T102906,CUST4096,2023-11-24 03:03:00,289.19,Health,PayPal,Desktop,Hyderabad,0,94,357.65,166,No,0,0.14457446680722008,0,0.5241250862350991,1,Anomaly review,validation,selection/tuning
T104297,CUST9826,2023-11-24 04:39:00,13.14,Grocery,PayPal,POS,Mumbai,0,60,49.67,201,No,0,0.09317807414530967,0,0.49872486129119387,0,Lower score,validation,selection/tuning
T103159,CUST7757,2023-11-24 05:21:00,27.67,Travel,NetBanking,Mobile,Chennai,0,19,163.62,225,No,0,0.10594416858557322,0,0.4862523851405162,0,Lower score,validation,selection/tuning
T100197,CUST4509,2023-11-24 09:14:00,181.93,Grocery,NetBanking,POS,Hyderabad,0,13,40.54,1582,No,0,0.03131990315442234,0,0.49881045394881296,0,Lower score,validation,selection/tuning
T103951,CUST7847,2023-11-24 10:39:00,144.12,Grocery,UPI,Desktop,Chennai,0,71,484.59,870,No,0,0.023263076816335104,0,0.49540082616838294,0,Lower score,validation,selection/tuning
T103961,CUST3023,2023-11-24 13:06:00,39.92,Health,Debit Card,POS,Hyderabad,0,9,253.06,295,No,0,0.009447359803893213,0,0.49033536200412875,0,Lower score,validation,selection/tuning
T101789,CUST1356,2023-11-24 14:50:00,58.45,Health,PayPal,POS,Bengaluru,0,106,391.29,466,No,0,0.009158695123931393,0,0.48678961757258377,0,Lower score,validation,selection/tuning
T104042,CUST9585,2023-11-24 14:57:00,50.44,Electronics,Credit Card,POS,Chennai,0,176,428.13,1804,No,0,0.00808889877016033,0,0.4721592913791958,0,Lower score,validation,selection/tuning
T104732,CUST1333,2023-11-24 15:03:00,103.0,Grocery,Credit Card,Desktop,Delhi,0,131,456.26,276,No,0,0.008339207305735234,0,0.49026060124884374,0,Lower score,validation,selection/tuning
T100653,CUST5662,2023-11-24 15:25:00,109.46,Utilities,PayPal,Desktop,Delhi,0,55,228.61,85,No,0,0.007933188171267118,0,0.4863390101730546,0,Lower score,validation,selection/tuning
T101931,CUST5179,2023-11-24 17:07:00,65.95,Electronics,Credit Card,Desktop,Mumbai,0,55,86.24,1108,No,0,0.009406793443697294,0,0.4801985174794204,0,Lower score,validation,selection/tuning
T100497,CUST7168,2023-11-24 20:47:00,6.47,Utilities,UPI,Mobile,Chennai,0,27,121.3,648,No,0,0.03791037559985926,0,0.506426757357678,0,Lower score,validation,selection/tuning
T102131,CUST7574,2023-11-25 01:45:00,1.02,Utilities,Credit Card,Mobile,Delhi,0,52,99.71,1322,No,0,0.12087807540919394,0,0.509337258546945,0,Lower score,validation,selection/tuning
T101160,CUST3677,2023-11-25 01:54:00,139.81,Travel,UPI,Desktop,Kolkata,0,153,450.54,1071,No,0,0.14511288048401602,0,0.5113816751786924,0,Lower score,validation,selection/tuning
T101873,CUST1073,2023-11-25 04:33:00,146.96,Food,Credit Card,POS,Chennai,0,158,407.31,197,No,1,0.2079303714100219,1,0.49909939197650316,0,Model review,validation,selection/tuning
T102467,CUST3236,2023-11-25 04:40:00,3.22,Entertainment,NetBanking,Mobile,Bengaluru,0,64,337.1,1147,No,0,0.14560441778328842,0,0.5061114328356592,0,Lower score,validation,selection/tuning
T103158,CUST8481,2023-11-25 04:44:00,139.32,Utilities,Credit Card,POS,Chennai,0,79,132.46,124,No,0,0.161226892557086,1,0.5030944163618631,0,Model review,validation,selection/tuning
T100596,CUST4226,2023-11-25 05:17:00,88.1,Health,Credit Card,POS,Pune,0,38,255.73,1657,No,0,0.10857563308202116,0,0.4941143387993504,0,Lower score,validation,selection/tuning
T102703,CUST7461,2023-11-25 06:50:00,1.37,Entertainment,UPI,POS,Chennai,0,166,332.35,1258,No,0,0.10431335538388996,0,0.5322073842406454,1,Anomaly review,validation,selection/tuning
T101251,CUST6375,2023-11-25 06:54:00,52.55,Health,PayPal,Desktop,Kolkata,0,28,19.39,690,No,0,0.05232466212134006,0,0.49562046622135925,0,Lower score,validation,selection/tuning
T104335,CUST5279,2023-11-25 07:56:00,4.49,Health,Credit Card,POS,Bengaluru,0,109,236.62,1562,No,0,0.059154400018721166,0,0.5025705566001933,0,Lower score,validation,selection/tuning
T100719,CUST9743,2023-11-25 13:17:00,105.0,Fashion,Credit Card,Mobile,Hyderabad,0,7,212.67,1401,No,0,0.016028922380023087,0,0.4913347048130659,0,Lower score,validation,selection/tuning
T103783,CUST5106,2023-11-25 15:21:00,140.15,Grocery,PayPal,Mobile,Delhi,0,11,426.97,850,No,0,0.009403718111268349,0,0.499715856999197,0,Lower score,validation,selection/tuning
T104295,CUST4614,2023-11-25 20:51:00,28.12,Health,PayPal,POS,Kolkata,0,180,252.26,759,No,0,0.029145466093083553,0,0.4950395998429616,0,Lower score,validation,selection/tuning
T101779,CUST9686,2023-11-25 22:22:00,147.04,Food,Debit Card,POS,Chennai,0,21,198.88,1887,Yes,1,0.11457691934173614,0,0.5040865496110946,0,Lower score,validation,selection/tuning
T101068,CUST5155,2023-11-26 00:20:00,35.03,Electronics,NetBanking,POS,Hyderabad,0,40,380.84,597,No,1,0.09874475912864594,0,0.5011059728410402,0,Lower score,validation,selection/tuning
T100108,CUST9026,2023-11-26 02:23:00,20.78,Fashion,UPI,Mobile,Kolkata,0,152,159.14,623,No,1,0.1667120235307621,1,0.49968474322636053,0,Model review,validation,selection/tuning
T103600,CUST4335,2023-11-26 02:29:00,12.18,Grocery,PayPal,Desktop,Chennai,0,60,387.09,453,No,0,0.15227296348524857,0,0.5008441066053445,0,Lower score,validation,selection/tuning
T103893,CUST3039,2023-11-26 02:45:00,44.75,Health,Credit Card,POS,Chennai,0,52,210.63,1435,No,0,0.18948197019854074,1,0.48528968325182276,0,Model review,validation,selection/tuning
T101209,CUST4186,2023-11-26 03:22:00,468.12,Utilities,UPI,POS,Delhi,0,140,37.06,1972,No,0,0.266005856368485,1,0.5390807120090607,1,Model review,validation,selection/tuning
T104691,CUST7741,2023-11-26 03:52:00,35.35,Travel,PayPal,Desktop,Kolkata,0,32,400.67,1112,Yes,0,0.12264506806377484,0,0.4938477911370946,0,Lower score,validation,selection/tuning
T100131,CUST6566,2023-11-26 08:03:00,20.09,Grocery,Debit Card,POS,Chennai,0,189,36.95,1884,No,0,0.06261103745727603,0,0.4994160414226162,0,Lower score,validation,selection/tuning
T101384,CUST2514,2023-11-26 09:33:00,85.54,Electronics,UPI,POS,Pune,0,4,491.29,1828,No,0,0.02845940289339905,0,0.49003184507825814,0,Lower score,validation,selection/tuning
T104545,CUST9053,2023-11-26 10:55:00,133.65,Utilities,PayPal,POS,Mumbai,0,83,236.87,1009,No,0,0.02513835619203723,0,0.5016698533713423,0,Lower score,validation,selection/tuning
T102211,CUST3479,2023-11-26 13:26:00,130.74,Health,NetBanking,Desktop,Hyderabad,0,127,135.63,948,No,0,0.013667301626305254,0,0.4973722442717911,0,Lower score,validation,selection/tuning
T102734,CUST6829,2023-11-26 13:27:00,228.79,Entertainment,UPI,Mobile,Chennai,0,176,20.99,323,No,0,0.024589964951858112,0,0.5295208108722783,1,Anomaly review,validation,selection/tuning
T101017,CUST5679,2023-11-26 13:59:00,67.14,Utilities,NetBanking,POS,Delhi,0,57,367.85,541,No,0,0.01174126170021739,0,0.4901432189934263,0,Lower score,validation,selection/tuning
T104955,CUST1196,2023-11-26 15:41:00,110.57,Electronics,NetBanking,POS,Bengaluru,0,35,181.44,124,No,0,0.01208406684052033,0,0.49112805752199773,0,Lower score,validation,selection/tuning
T101609,CUST8417,2023-11-26 16:01:00,62.12,Grocery,Debit Card,Desktop,Delhi,1,109,280.7,1299,No,1,0.09455313989802262,0,0.5235091522676998,1,Anomaly review,validation,selection/tuning
T102099,CUST7034,2023-11-26 17:30:00,40.33,Entertainment,PayPal,Desktop,Kolkata,0,165,445.52,601,No,0,0.014056848032555226,0,0.5101756946839457,0,Lower score,validation,selection/tuning
T103643,CUST8917,2023-11-26 21:46:00,50.23,Food,Debit Card,Mobile,Bengaluru,0,185,188.84,255,No,0,0.09180111910908477,0,0.49095118111188923,0,Lower score,validation,selection/tuning
T100599,CUST2648,2023-11-26 22:26:00,3.34,Travel,NetBanking,POS,Bengaluru,0,2,152.06,1104,No,0,0.09403889673915848,0,0.4976114055356641,0,Lower score,validation,selection/tuning
T102767,CUST4575,2023-11-27 00:34:00,22.15,Entertainment,Credit Card,Desktop,Mumbai,0,118,454.92,1133,No,1,0.16317895912196198,1,0.4891221965364053,0,Model review,validation,selection/tuning
T100535,CUST5320,2023-11-27 12:43:00,231.69,Grocery,UPI,Desktop,Mumbai,0,45,142.67,1911,No,0,0.020296909529318546,0,0.5077169696987053,0,Lower score,validation,selection/tuning
T101464,CUST9285,2023-11-27 12:54:00,595.34,Electronics,PayPal,POS,Pune,0,196,434.02,691,No,0,0.019849119296270527,0,0.5318953366596019,1,Anomaly review,validation,selection/tuning
T100285,CUST9616,2023-11-27 14:20:00,2.93,Health,UPI,Mobile,Bengaluru,0,30,292.21,98,No,0,0.013595136682116624,0,0.5088169193594447,0,Lower score,validation,selection/tuning
T103768,CUST3493,2023-11-27 14:54:00,14.37,Food,NetBanking,Desktop,Hyderabad,0,43,298.84,1998,No,0,0.01398388355426749,0,0.4851648637690748,0,Lower score,validation,selection/tuning
T101809,CUST1466,2023-11-27 16:04:00,8.29,Electronics,Debit Card,Desktop,Pune,0,4,371.69,858,Yes,0,0.00826905316133623,0,0.4873525203354531,0,Lower score,validation,selection/tuning
T101876,CUST9055,2023-11-27 17:37:00,71.4,Travel,NetBanking,Desktop,Pune,0,40,93.23,1660,No,0,0.016932814256601404,0,0.475477234121037,0,Lower score,validation,selection/tuning
T102773,CUST3108,2023-11-27 17:38:00,49.25,Health,NetBanking,Mobile,Delhi,0,81,188.28,445,No,0,0.015293551327509484,0,0.4803462510906203,0,Lower score,validation,selection/tuning
T103265,CUST9134,2023-11-27 19:25:00,5.72,Grocery,Credit Card,Desktop,Hyderabad,0,11,436.37,1935,No,0,0.02618042079828923,0,0.50100298429322,0,Lower score,validation,selection/tuning
T100186,CUST4345,2023-11-28 01:11:00,135.96,Grocery,NetBanking,Mobile,Kolkata,1,127,131.45,1066,No,1,0.5996480588166446,1,0.5239381040073693,1,Model review,validation,selection/tuning
T104835,CUST2272,2023-11-28 02:43:00,7.32,Electronics,NetBanking,POS,Bengaluru,0,56,267.51,203,No,0,0.1634927383595954,1,0.4891351036759646,0,Model review,validation,selection/tuning
T104270,CUST3909,2023-11-28 03:05:00,83.7,Food,UPI,Desktop,Hyderabad,0,194,248.93,1478,No,0,0.2526336463874157,1,0.48984992787059917,0,Model review,validation,selection/tuning
T102149,CUST8644,2023-11-28 05:50:00,140.94,Electronics,Credit Card,Mobile,Pune,0,38,288.7,33,No,0,0.10839491719156966,0,0.4877099130063312,0,Lower score,validation,selection/tuning
T101923,CUST4060,2023-11-28 08:24:00,35.14,Travel,Debit Card,POS,Pune,0,103,108.64,1858,No,0,0.06206314869604757,0,0.4874997718278795,0,Lower score,validation,selection/tuning
T100769,CUST2826,2023-11-28 11:49:00,137.74,Entertainment,PayPal,POS,Kolkata,0,120,440.99,990,No,0,0.021357356818791622,0,0.5019446075273135,0,Lower score,validation,selection/tuning
T100848,CUST7872,2023-11-28 14:50:00,55.8,Food,Credit Card,POS,Chennai,0,75,29.82,881,No,0,0.023302946620713864,0,0.46797463336424405,0,Lower score,validation,selection/tuning
T100043,CUST8635,2023-11-28 15:15:00,192.03,Entertainment,UPI,Mobile,Hyderabad,0,22,127.49,1445,No,0,0.0225784841411523,0,0.49823575253005215,0,Lower score,validation,selection/tuning
T104683,CUST7478,2023-11-28 16:56:00,28.34,Health,UPI,POS,Hyderabad,0,165,190.65,1780,No,0,0.0189875202720737,0,0.4859610925208823,0,Lower score,validation,selection/tuning
T104372,CUST2846,2023-11-28 19:09:00,4.2,Entertainment,Debit Card,POS,Chennai,0,107,230.31,1723,Yes,0,0.04261888176178725,0,0.4964552765744004,0,Lower score,validation,selection/tuning
T101351,CUST9473,2023-11-29 01:11:00,69.15,Grocery,PayPal,Mobile,Mumbai,0,96,49.09,723,No,1,0.15641494202456632,0,0.48669873866525953,0,Lower score,validation,selection/tuning
T100287,CUST7060,2023-11-29 03:08:00,62.58,Electronics,NetBanking,POS,Hyderabad,0,48,334.16,1576,No,0,0.14790906156363332,0,0.48547229899201017,0,Lower score,test,held-out evaluation
T100477,CUST4498,2023-11-29 06:12:00,64.57,Entertainment,NetBanking,POS,Delhi,0,13,445.53,535,No,0,0.13316261305273266,0,0.4872778592671016,0,Lower score,test,held-out evaluation
T104870,CUST6074,2023-11-29 07:02:00,38.52,Travel,Credit Card,POS,Pune,0,74,435.65,559,No,0,0.09661749851419908,0,0.48470475064656504,0,Lower score,test,held-out evaluation
T100288,CUST8619,2023-11-29 07:47:00,27.01,Utilities,Debit Card,Desktop,Kolkata,0,43,67.47,1868,No,0,0.05583249714488575,0,0.474744267688167,0,Lower score,test,held-out evaluation
T100450,CUST6520,2023-11-29 13:20:00,120.1,Travel,UPI,Desktop,Pune,0,5,105.32,857,No,0,0.017999967753138463,0,0.49366597487865743,0,Lower score,test,held-out evaluation
T102715,CUST1410,2023-11-29 15:06:00,28.51,Food,NetBanking,Desktop,Delhi,0,122,364.85,1336,No,0,0.015905499382901145,0,0.4733861972411889,0,Lower score,test,held-out evaluation
T102141,CUST2674,2023-11-29 15:19:00,62.26,Travel,NetBanking,POS,Hyderabad,0,94,358.87,1188,No,0,0.015790129742649383,0,0.47275235215106537,0,Lower score,test,held-out evaluation
T103407,CUST6145,2023-11-29 16:26:00,483.53,Health,NetBanking,POS,Bengaluru,0,185,209.25,1651,No,0,0.03338076327093551,0,0.5147574727288781,0,Lower score,test,held-out evaluation
T100598,CUST1588,2023-11-29 20:13:00,17.08,Entertainment,Credit Card,Mobile,Pune,0,130,462.48,1313,No,0,0.0457245027630648,0,0.4869249639775734,0,Lower score,test,held-out evaluation
T101330,CUST5814,2023-11-29 21:51:00,64.84,Food,NetBanking,POS,Bengaluru,0,80,442.41,1849,No,0,0.1132946118430302,0,0.4710351902122687,0,Lower score,test,held-out evaluation
T100380,CUST1899,2023-11-30 01:22:00,10.06,Electronics,Credit Card,Mobile,Chennai,0,185,372.67,1257,No,0,0.12123327293154063,0,0.48409490971449237,0,Lower score,test,held-out evaluation
T102146,CUST4927,2023-11-30 02:26:00,49.19,Grocery,PayPal,Mobile,Chennai,0,193,426.34,1286,No,0,0.14669411725414383,0,0.4871508366414802,0,Lower score,test,held-out evaluation
T103820,CUST7983,2023-11-30 04:40:00,34.56,Grocery,PayPal,POS,Chennai,0,146,309.44,1954,No,0,0.13052708652611172,0,0.49023323300801347,0,Lower score,test,held-out evaluation
T102247,CUST9518,2023-11-30 05:12:00,142.41,Travel,NetBanking,POS,Pune,0,50,327.37,807,No,0,0.13199949111309575,0,0.4970918098137829,0,Lower score,test,held-out evaluation
T101385,CUST3802,2023-11-30 05:58:00,31.47,Food,PayPal,Mobile,Bengaluru,0,145,379.21,1831,No,0,0.12666154546321318,0,0.47731782330718997,0,Lower score,test,held-out evaluation
T104298,CUST7235,2023-11-30 06:20:00,45.36,Electronics,PayPal,Desktop,Pune,0,117,134.73,787,No,0,0.058285614891130065,0,0.48618266901368556,0,Lower score,test,held-out evaluation
T102417,CUST7180,2023-11-30 06:54:00,3.18,Fashion,Credit Card,POS,Hyderabad,0,128,388.74,1217,No,0,0.09811528873848759,0,0.4947406675174115,0,Lower score,test,held-out evaluation
T102841,CUST9842,2023-11-30 09:53:00,112.28,Fashion,Credit Card,Mobile,Hyderabad,0,106,124.8,1442,No,0,0.040862127316474255,0,0.4770327003432427,0,Lower score,test,held-out evaluation
T104805,CUST5985,2023-11-30 12:24:00,62.93,Health,NetBanking,Desktop,Hyderabad,0,99,12.5,1827,No,0,0.013504554202051693,0,0.48103330277821676,0,Lower score,test,held-out evaluation
T100500,CUST5321,2023-11-30 12:28:00,95.83,Fashion,UPI,Mobile,Kolkata,0,165,318.61,993,Yes,1,0.016222732272302205,0,0.4944601934880189,0,Lower score,test,held-out evaluation
T101426,CUST6558,2023-11-30 12:32:00,0.4,Fashion,PayPal,Mobile,Chennai,0,154,74.69,1349,No,0,0.01726247549436649,0,0.5110825935444036,0,Lower score,test,held-out evaluation
T101392,CUST2082,2023-11-30 14:49:00,14.88,Travel,UPI,Mobile,Mumbai,0,169,477.38,410,No,0,0.013080855803456437,0,0.4889577717545007,0,Lower score,test,held-out evaluation
T101527,CUST5663,2023-11-30 17:39:00,29.37,Grocery,Debit Card,Mobile,Kolkata,0,165,412.14,637,No,0,0.011169054461381086,0,0.48597544431451073,0,Lower score,test,held-out evaluation
T100209,CUST3856,2023-11-30 20:33:00,14.03,Utilities,NetBanking,POS,Hyderabad,0,137,142.38,1399,No,0,0.036749338722372314,0,0.47983814832186467,0,Lower score,test,held-out evaluation
T103059,CUST7706,2023-12-01 02:53:00,241.97,Grocery,PayPal,Mobile,Bengaluru,0,39,431.16,278,No,0,0.14858315916167317,0,0.5104622681333725,0,Lower score,test,held-out evaluation
T103105,CUST5824,2023-12-01 03:04:00,45.59,Electronics,Debit Card,Desktop,Mumbai,0,17,229.63,1836,No,0,0.09804249757673651,0,0.4812331705459999,0,Lower score,test,held-out evaluation
T100845,CUST2889,2023-12-01 04:12:00,42.84,Entertainment,NetBanking,Mobile,Delhi,0,151,219.19,211,No,1,0.11558161438449349,0,0.48324466374509156,0,Lower score,test,held-out evaluation
T102135,CUST8748,2023-12-01 06:32:00,176.77,Electronics,UPI,Desktop,Hyderabad,0,95,159.47,998,No,0,0.06694752154535454,0,0.5021012967474191,0,Lower score,test,held-out evaluation
T101420,CUST8690,2023-12-01 09:34:00,30.4,Entertainment,NetBanking,Desktop,Kolkata,1,163,365.29,291,No,1,0.16747130789678216,1,0.5281585001929326,1,Model review,test,held-out evaluation
T101749,CUST6603,2023-12-01 11:18:00,11.8,Grocery,Credit Card,POS,Mumbai,0,131,181.71,1414,Yes,0,0.014428376541134647,0,0.491676565220316,0,Lower score,test,held-out evaluation
T100460,CUST5920,2023-12-01 12:39:00,10.0,Health,Debit Card,Desktop,Pune,1,41,286.99,1216,No,1,0.07140810982181248,0,0.5238502821127654,1,Anomaly review,test,held-out evaluation
T104808,CUST1313,2023-12-01 13:03:00,22.69,Grocery,Debit Card,Mobile,Hyderabad,0,73,128.45,1499,No,0,0.008430945074603654,0,0.48783419116337173,0,Lower score,test,held-out evaluation
T100426,CUST1675,2023-12-01 13:44:00,46.6,Electronics,PayPal,Desktop,Chennai,0,132,198.94,697,No,0,0.007156889603170318,0,0.47938342235453124,0,Lower score,test,held-out evaluation
T102878,CUST2538,2023-12-01 14:51:00,71.55,Utilities,PayPal,Desktop,Chennai,0,198,193.82,617,No,0,0.009079680473266936,0,0.4869046941760179,0,Lower score,test,held-out evaluation
T104756,CUST2132,2023-12-01 16:07:00,0.8,Travel,Debit Card,Desktop,Bengaluru,0,42,362.59,563,No,0,0.010770311108259241,0,0.5038843710122718,0,Lower score,test,held-out evaluation
T101095,CUST9796,2023-12-01 17:16:00,15.54,Food,Credit Card,POS,Delhi,0,132,178.61,1462,No,0,0.013853678587573652,0,0.4769786518115788,0,Lower score,test,held-out evaluation
T101602,CUST4566,2023-12-01 17:25:00,20.56,Health,UPI,Mobile,Hyderabad,0,53,89.15,1529,No,0,0.01154564717163131,0,0.48957166440478445,0,Lower score,test,held-out evaluation
T103648,CUST4148,2023-12-01 20:07:00,72.69,Health,UPI,Mobile,Delhi,0,39,189.37,1813,No,0,0.026824527798484776,0,0.4872608833186125,0,Lower score,test,held-out evaluation
T104740,CUST5386,2023-12-01 21:32:00,101.47,Food,UPI,POS,Chennai,0,99,468.63,1837,Yes,0,0.07565181078391967,0,0.49026708563862126,0,Lower score,test,held-out evaluation
T100196,CUST4645,2023-12-01 22:40:00,103.56,Electronics,UPI,POS,Bengaluru,0,144,167.9,218,No,0,0.06638476083027323,0,0.49510530385044266,0,Lower score,test,held-out evaluation
T102366,CUST3996,2023-12-01 23:21:00,10.5,Fashion,NetBanking,Mobile,Delhi,0,190,375.46,291,Yes,0,0.082288160213776,0,0.48263105603918144,0,Lower score,test,held-out evaluation
T103087,CUST4445,2023-12-02 03:42:00,1.24,Health,PayPal,POS,Delhi,0,95,252.68,1338,No,0,0.11329238718652423,0,0.5083281686173626,0,Lower score,test,held-out evaluation
T104520,CUST7053,2023-12-02 04:17:00,158.25,Travel,Debit Card,POS,Kolkata,0,97,269.57,240,No,0,0.13350137121455039,0,0.5107857612084091,0,Lower score,test,held-out evaluation
T100766,CUST1469,2023-12-02 06:18:00,114.99,Travel,Credit Card,Desktop,Mumbai,0,153,460.34,1847,No,0,0.1121791675567168,0,0.4867427693820885,0,Lower score,test,held-out evaluation
T101107,CUST3628,2023-12-02 09:24:00,113.58,Grocery,PayPal,POS,Delhi,0,80,478.54,489,No,0,0.029027262702957385,0,0.4943304932241011,0,Lower score,test,held-out evaluation
T101521,CUST3988,2023-12-02 11:51:00,217.98,Food,Debit Card,Desktop,Pune,0,172,114.07,431,No,0,0.02152875925848735,0,0.5113283412334593,0,Lower score,test,held-out evaluation
T102489,CUST7347,2023-12-02 21:45:00,37.64,Travel,NetBanking,POS,Mumbai,0,157,32.4,439,No,0,0.06410187871372049,0,0.4850755945311161,0,Lower score,test,held-out evaluation
T104210,CUST7949,2023-12-02 21:55:00,8.92,Entertainment,PayPal,Desktop,Chennai,0,82,425.33,1314,No,0,0.06891639448042099,0,0.5147129721945686,0,Lower score,test,held-out evaluation
T100915,CUST6113,2023-12-02 23:06:00,45.83,Health,Debit Card,Desktop,Chennai,0,111,183.8,82,Yes,0,0.09327721637442049,0,0.4838507502528369,0,Lower score,test,held-out evaluation
T101546,CUST7851,2023-12-03 00:33:00,131.19,Utilities,NetBanking,Mobile,Delhi,0,129,41.41,791,No,0,0.13305334802173577,0,0.4917554958207673,0,Lower score,test,held-out evaluation
T103686,CUST7547,2023-12-03 01:37:00,211.77,Food,Credit Card,Desktop,Delhi,0,47,407.46,1214,No,0,0.2230154197685461,1,0.5151875444979195,0,Model review,test,held-out evaluation
T104387,CUST6778,2023-12-03 02:28:00,3.99,Utilities,UPI,POS,Mumbai,0,82,391.43,1588,No,1,0.17456896546003792,1,0.511578155247449,0,Model review,test,held-out evaluation
T103431,CUST2647,2023-12-03 04:24:00,374.04,Health,Debit Card,Desktop,Mumbai,0,146,19.74,1724,No,0,0.22010370686664746,1,0.5346728354906023,1,Model review,test,held-out evaluation
T101469,CUST8913,2023-12-03 07:49:00,122.0,Fashion,Debit Card,Desktop,Mumbai,0,77,195.39,1855,No,0,0.09379381938105853,0,0.48701659651010076,0,Lower score,test,held-out evaluation
T102290,CUST8050,2023-12-03 11:14:00,75.49,Entertainment,Credit Card,Mobile,Delhi,0,127,60.14,721,Yes,0,0.02422546757489762,0,0.49562390052669714,0,Lower score,test,held-out evaluation
T101127,CUST3876,2023-12-03 11:40:00,42.0,Grocery,NetBanking,Desktop,Hyderabad,0,199,250.37,899,No,0,0.016164750622938297,0,0.4894283155532395,0,Lower score,test,held-out evaluation
T100207,CUST8197,2023-12-03 13:56:00,87.13,Health,UPI,Mobile,Delhi,1,99,468.75,1582,No,0,0.10492630201771895,0,0.5387883375330802,1,Anomaly review,test,held-out evaluation
T102923,CUST3840,2023-12-03 15:46:00,16.03,Health,Credit Card,POS,Kolkata,1,154,38.05,102,No,1,0.08222497539467404,0,0.5282360571047543,1,Anomaly review,test,held-out evaluation
T101611,CUST4807,2023-12-03 16:45:00,84.19,Electronics,PayPal,Mobile,Delhi,1,99,166.56,1372,No,0,0.0818370590921327,0,0.5310822467232729,1,Anomaly review,test,held-out evaluation
T103354,CUST2756,2023-12-04 02:09:00,16.65,Utilities,NetBanking,Desktop,Mumbai,0,23,409.64,72,No,0,0.1550839221036327,0,0.48502949386342015,0,Lower score,test,held-out evaluation
T101835,CUST4468,2023-12-04 05:13:00,85.48,Entertainment,Credit Card,Desktop,Bengaluru,0,189,124.22,704,No,0,0.1797033240062758,1,0.4802180908800816,0,Model review,test,held-out evaluation
T100551,CUST9188,2023-12-04 09:40:00,152.94,Electronics,NetBanking,POS,Chennai,0,159,122.66,1918,No,0,0.03502334905685886,0,0.4873978751211376,0,Lower score,test,held-out evaluation
T103011,CUST3883,2023-12-04 10:19:00,27.13,Fashion,NetBanking,POS,Delhi,0,191,411.44,532,No,0,0.0322002408836333,0,0.4871579738546047,0,Lower score,test,held-out evaluation
T101218,CUST2550,2023-12-04 10:57:00,85.02,Entertainment,Credit Card,Desktop,Mumbai,0,145,48.63,1037,No,0,0.030551274137411922,0,0.48506424060300296,0,Lower score,test,held-out evaluation
T103881,CUST8422,2023-12-04 12:41:00,105.19,Electronics,PayPal,POS,Hyderabad,0,9,361.97,63,No,0,0.011338181999884457,0,0.4869595359423145,0,Lower score,test,held-out evaluation
T100070,CUST6606,2023-12-04 14:21:00,118.36,Food,Debit Card,Desktop,Hyderabad,0,73,359.46,1773,No,0,0.016769202752317792,0,0.49017973529712927,0,Lower score,test,held-out evaluation
T100033,CUST5190,2023-12-04 17:57:00,237.9,Utilities,Debit Card,Desktop,Kolkata,0,121,457.85,110,No,0,0.01888391545985712,0,0.5062121958122434,0,Lower score,test,held-out evaluation
T100655,CUST4143,2023-12-04 18:11:00,10.92,Electronics,Debit Card,POS,Hyderabad,0,132,379.64,1301,No,0,0.014787645888549257,0,0.49496857373497455,0,Lower score,test,held-out evaluation
T101371,CUST3378,2023-12-05 07:48:00,15.97,Utilities,Debit Card,Desktop,Hyderabad,0,110,235.49,1991,No,0,0.07054732836706644,0,0.4859804504239459,0,Lower score,test,held-out evaluation
T100234,CUST4462,2023-12-05 10:19:00,17.38,Travel,UPI,Mobile,Bengaluru,0,133,492.39,1794,No,0,0.042129662115165556,0,0.5009111995951816,0,Lower score,test,held-out evaluation
T104041,CUST5137,2023-12-05 12:03:00,27.34,Fashion,Credit Card,Mobile,Bengaluru,0,134,343.41,598,No,0,0.029557616956481965,0,0.4828188584465318,0,Lower score,test,held-out evaluation
T103523,CUST4659,2023-12-05 17:00:00,8.52,Fashion,NetBanking,POS,Bengaluru,0,129,350.71,58,No,0,0.025723357878975357,0,0.4820479438731868,0,Lower score,test,held-out evaluation
T103290,CUST6471,2023-12-05 21:37:00,5.55,Entertainment,PayPal,Desktop,Pune,0,145,255.18,220,No,0,0.06740685693164468,0,0.49968251271318426,0,Lower score,test,held-out evaluation
T104447,CUST5859,2023-12-05 22:55:00,128.42,Food,PayPal,Desktop,Pune,0,4,149.32,1496,Yes,1,0.12617823371306292,0,0.4968369542959703,0,Lower score,test,held-out evaluation
T101377,CUST6820,2023-12-05 23:10:00,57.86,Travel,Credit Card,POS,Chennai,0,101,241.52,1058,No,0,0.15617715139363375,0,0.47589130046656386,0,Lower score,test,held-out evaluation
T103185,CUST8574,2023-12-06 00:00:00,61.35,Travel,PayPal,Mobile,Pune,0,58,250.2,921,No,0,0.1253591697998943,0,0.49390629465376695,0,Lower score,test,held-out evaluation
T102909,CUST3650,2023-12-06 02:16:00,28.99,Utilities,Debit Card,Desktop,Mumbai,0,140,302.8,248,No,0,0.1836487788928553,1,0.4823644179755066,0,Model review,test,held-out evaluation
T100224,CUST5486,2023-12-06 06:28:00,24.65,Entertainment,Debit Card,POS,Pune,0,105,212.82,1375,No,0,0.11499224851075027,0,0.48616888635710215,0,Lower score,test,held-out evaluation
T100855,CUST2895,2023-12-06 09:30:00,16.93,Entertainment,UPI,Desktop,Pune,0,162,284.01,1353,No,0,0.04512485953466878,0,0.4856144763879395,0,Lower score,test,held-out evaluation
T104453,CUST6265,2023-12-06 12:27:00,130.44,Food,PayPal,Desktop,Mumbai,0,175,326.28,1523,No,0,0.02477702547984925,0,0.49094554686398006,0,Lower score,test,held-out evaluation
T102952,CUST8475,2023-12-06 13:02:00,100.23,Grocery,NetBanking,POS,Pune,0,58,149.71,609,No,0,0.014458476346862285,0,0.4804338329586123,0,Lower score,test,held-out evaluation
T101183,CUST1445,2023-12-06 14:12:00,215.09,Grocery,NetBanking,Desktop,Bengaluru,0,124,344.27,674,No,0,0.01875903643596552,0,0.4892910563993531,0,Lower score,test,held-out evaluation
T100019,CUST2634,2023-12-06 15:34:00,27.54,Travel,Debit Card,POS,Hyderabad,1,100,200.45,1542,No,0,0.12515840749918772,0,0.521993525301602,1,Anomaly review,test,held-out evaluation
T100660,CUST9000,2023-12-06 18:49:00,35.22,Entertainment,NetBanking,Desktop,Bengaluru,1,37,14.65,1580,No,1,0.25299381642807256,1,0.5130217680699859,0,Model review,test,held-out evaluation
T101476,CUST2402,2023-12-06 19:33:00,131.96,Health,PayPal,Desktop,Hyderabad,0,115,342.99,1096,No,0,0.03524608082779051,0,0.49791869789031956,0,Lower score,test,held-out evaluation
T102824,CUST4836,2023-12-07 07:21:00,31.05,Fashion,Credit Card,Desktop,Bengaluru,0,3,456.91,978,No,0,0.09912021323197776,0,0.4819115113937184,0,Lower score,test,held-out evaluation
T103150,CUST3783,2023-12-07 09:34:00,79.59,Utilities,UPI,POS,Mumbai,0,198,439.54,1773,No,0,0.03923350879801788,0,0.4834448778193769,0,Lower score,test,held-out evaluation
T104132,CUST2717,2023-12-07 11:53:00,86.74,Travel,Credit Card,Desktop,Kolkata,0,43,41.67,61,No,0,0.014940865837626565,0,0.4822810106688232,0,Lower score,test,held-out evaluation
T102273,CUST4505,2023-12-07 16:41:00,84.5,Health,NetBanking,POS,Mumbai,0,126,324.93,35,No,0,0.014385690828334859,0,0.4744881043315042,0,Lower score,test,held-out evaluation
T101304,CUST6723,2023-12-07 18:42:00,98.77,Entertainment,Credit Card,Mobile,Pune,0,63,252.47,1905,No,0,0.02470904440862689,0,0.48478036618317094,0,Lower score,test,held-out evaluation
T104563,CUST8741,2023-12-07 21:12:00,4.04,Grocery,Credit Card,Desktop,Kolkata,0,68,392.58,68,No,0,0.03542412402195827,0,0.4960004685871215,0,Lower score,test,held-out evaluation
T101074,CUST1996,2023-12-07 23:23:00,352.0,Fashion,Credit Card,Desktop,Mumbai,0,10,381.51,643,No,0,0.19194261308505475,1,0.5119647258573167,0,Model review,test,held-out evaluation
T104589,CUST2634,2023-12-07 23:44:00,104.54,Food,NetBanking,Desktop,Pune,0,66,30.4,926,No,0,0.12353250162916027,0,0.471333728227299,0,Lower score,test,held-out evaluation
T104063,CUST6434,2023-12-08 03:52:00,23.34,Fashion,UPI,Mobile,Pune,0,18,60.2,1088,No,1,0.13259207162099726,0,0.4827361210804183,0,Lower score,test,held-out evaluation
T100931,CUST7038,2023-12-08 04:33:00,144.11,Electronics,Debit Card,Mobile,Bengaluru,0,141,404.1,584,No,0,0.10404521409967897,0,0.4948800051723415,0,Lower score,test,held-out evaluation
T101239,CUST6111,2023-12-08 05:19:00,16.42,Health,PayPal,Mobile,Mumbai,1,20,193.58,330,No,0,0.44785246366806125,1,0.5233496093000128,1,Model review,test,held-out evaluation
T101619,CUST1649,2023-12-08 10:30:00,104.94,Travel,NetBanking,Desktop,Delhi,1,22,389.05,46,No,0,0.15347662307344528,0,0.5237981104140028,1,Anomaly review,test,held-out evaluation
T101335,CUST8368,2023-12-08 14:47:00,84.06,Food,PayPal,POS,Mumbai,0,106,282.1,903,No,0,0.011511402496495056,0,0.48465352891521757,0,Lower score,test,held-out evaluation
T104420,CUST1007,2023-12-08 19:54:00,8.29,Utilities,Credit Card,POS,Mumbai,0,147,66.36,1278,No,0,0.02579240598183415,0,0.4876222026515985,0,Lower score,test,held-out evaluation
T101930,CUST9121,2023-12-08 21:09:00,69.4,Grocery,UPI,Mobile,Bengaluru,0,95,81.11,1561,No,0,0.04462692912274808,0,0.48142219710502043,0,Lower score,test,held-out evaluation
T101014,CUST6114,2023-12-08 22:14:00,97.82,Electronics,PayPal,Mobile,Hyderabad,1,70,469.63,1559,No,0,0.2738203852814472,1,0.5149725707344209,0,Model review,test,held-out evaluation
T101315,CUST3892,2023-12-08 23:04:00,82.53,Travel,PayPal,Mobile,Delhi,0,101,403.7,1957,No,0,0.06815253797492389,0,0.49037053873097597,0,Lower score,test,held-out evaluation
T101801,CUST5704,2023-12-08 23:09:00,107.0,Health,PayPal,POS,Bengaluru,0,87,395.25,1695,Yes,1,0.08190204781432144,0,0.49629743114005964,0,Lower score,test,held-out evaluation
T104424,CUST9028,2023-12-09 02:57:00,30.31,Utilities,Credit Card,Desktop,Delhi,0,2,25.64,1199,No,0,0.13238663954281785,0,0.4888880606501757,0,Lower score,test,held-out evaluation
T103566,CUST4172,2023-12-09 02:59:00,68.32,Fashion,UPI,POS,Kolkata,0,75,83.64,1000,Yes,1,0.16240686498206539,1,0.5019441622627671,0,Model review,test,held-out evaluation
T101714,CUST8525,2023-12-09 06:52:00,4.79,Entertainment,NetBanking,Mobile,Mumbai,1,105,136.25,1071,No,1,0.4489464887339746,1,0.5442564957956234,1,Model review,test,held-out evaluation
T103048,CUST7206,2023-12-09 07:15:00,40.55,Grocery,Debit Card,Mobile,Mumbai,0,177,194.35,920,No,0,0.06344955667547811,0,0.4935724001362543,0,Lower score,test,held-out evaluation
T103856,CUST8272,2023-12-09 12:46:00,35.04,Grocery,Debit Card,Mobile,Pune,0,57,475.73,739,No,0,0.009823717877433413,0,0.4963574357219034,0,Lower score,test,held-out evaluation
T104142,CUST6336,2023-12-09 13:48:00,7.93,Fashion,NetBanking,POS,Pune,0,84,231.0,1673,No,0,0.011685555125309832,0,0.49999707239553226,0,Lower score,test,held-out evaluation
T103075,CUST4521,2023-12-09 23:54:00,160.85,Travel,NetBanking,Desktop,Pune,0,72,382.92,1069,No,0,0.1129051902003233,0,0.49661309265094833,0,Lower score,test,held-out evaluation
T100706,CUST3698,2023-12-10 02:27:00,31.13,Travel,NetBanking,Desktop,Delhi,1,84,478.65,1878,No,0,0.6280062939313948,1,0.5339806032960537,1,Model review,test,held-out evaluation
T103895,CUST8965,2023-12-10 02:58:00,139.2,Health,UPI,POS,Bengaluru,0,46,336.35,1670,No,0,0.21822231926237978,1,0.5021082482663478,0,Model review,test,held-out evaluation
T104886,CUST8770,2023-12-10 04:28:00,33.6,Travel,Debit Card,Mobile,Pune,0,131,164.02,1274,No,0,0.13631047923443487,0,0.49301913569559086,0,Lower score,test,held-out evaluation
T101263,CUST6626,2023-12-10 09:40:00,48.59,Health,Credit Card,Mobile,Pune,0,2,167.6,915,No,0,0.029984381287539216,0,0.49191921365401187,0,Lower score,test,held-out evaluation
T101150,CUST2723,2023-12-10 13:06:00,98.58,Travel,Debit Card,Desktop,Chennai,0,116,283.5,686,Yes,0,0.018417745397464463,0,0.4900261495161387,0,Lower score,test,held-out evaluation
T100260,CUST7302,2023-12-10 13:31:00,76.36,Travel,NetBanking,Desktop,Pune,0,99,450.98,937,No,0,0.012677132302090272,0,0.4811211535770498,0,Lower score,test,held-out evaluation
T103009,CUST7598,2023-12-10 19:43:00,4.26,Travel,UPI,Mobile,Mumbai,0,97,439.21,613,No,0,0.03760598978961631,0,0.5019765486135701,0,Lower score,test,held-out evaluation
T100946,CUST6911,2023-12-10 21:48:00,11.78,Electronics,Credit Card,Mobile,Chennai,1,64,445.57,111,No,1,0.35130487529913074,1,0.535184837394888,1,Model review,test,held-out evaluation
T102093,CUST2031,2023-12-11 02:46:00,59.27,Entertainment,Credit Card,Mobile,Kolkata,0,142,312.19,648,No,0,0.1571728464741377,0,0.5000191378225802,0,Lower score,test,held-out evaluation
T100664,CUST8414,2023-12-11 03:04:00,8.59,Grocery,Debit Card,Mobile,Kolkata,0,37,152.7,564,No,0,0.11491447338847813,0,0.5031044383015931,0,Lower score,test,held-out evaluation
T101152,CUST7788,2023-12-11 04:06:00,95.65,Entertainment,NetBanking,POS,Hyderabad,0,137,362.02,1130,No,0,0.18367896922724555,1,0.49293356749396505,0,Model review,test,held-out evaluation
T104786,CUST6080,2023-12-11 04:23:00,166.94,Entertainment,PayPal,Desktop,Chennai,0,142,292.03,313,No,0,0.20336454707938822,1,0.49800107963786344,0,Model review,test,held-out evaluation
T101616,CUST7119,2023-12-11 04:39:00,411.16,Health,PayPal,Desktop,Kolkata,0,189,188.29,1398,No,0,0.16191164174027453,1,0.5368888966668968,1,Model review,test,held-out evaluation
T103372,CUST3067,2023-12-11 05:15:00,24.59,Entertainment,NetBanking,Mobile,Delhi,0,154,478.75,1738,No,0,0.13044922241370033,0,0.48109372831011327,0,Lower score,test,held-out evaluation
T101623,CUST2885,2023-12-11 06:05:00,252.9,Travel,NetBanking,POS,Pune,0,196,338.8,1006,No,0,0.1354993720352117,0,0.508910294542713,0,Lower score,test,held-out evaluation
T100342,CUST4239,2023-12-11 07:38:00,15.22,Utilities,Credit Card,Mobile,Pune,0,50,413.99,100,Yes,1,0.05776326875784361,0,0.4854220461183846,0,Lower score,test,held-out evaluation
T103016,CUST2532,2023-12-11 08:38:00,105.55,Entertainment,Credit Card,Mobile,Delhi,1,67,363.08,1999,No,0,0.3612810271617378,1,0.5283752805547199,1,Model review,test,held-out evaluation
T104880,CUST9376,2023-12-11 08:49:00,18.26,Food,Credit Card,POS,Delhi,0,45,174.79,1756,No,0,0.05543740799114888,0,0.49241084249604744,0,Lower score,test,held-out evaluation
T104926,CUST1836,2023-12-11 09:52:00,50.04,Health,UPI,POS,Mumbai,1,1,230.29,471,No,0,0.2566379747556567,1,0.5216052153082993,1,Model review,test,held-out evaluation
T101615,CUST5723,2023-12-11 10:30:00,88.57,Travel,Credit Card,Desktop,Pune,1,99,282.48,66,No,1,0.20263601071204967,1,0.5185399816463881,1,Model review,test,held-out evaluation
T102787,CUST8039,2023-12-11 11:28:00,17.54,Electronics,PayPal,Desktop,Kolkata,0,121,402.46,1013,No,0,0.010094190437751786,0,0.48932846233146254,0,Lower score,test,held-out evaluation
T104211,CUST6048,2023-12-11 12:11:00,70.47,Entertainment,Credit Card,Desktop,Hyderabad,1,96,377.93,1496,No,1,0.15635785387879236,0,0.5220342251538371,1,Anomaly review,test,held-out evaluation
T101010,CUST1703,2023-12-11 15:18:00,20.0,Electronics,Debit Card,Mobile,Hyderabad,0,192,229.41,517,Yes,1,0.008637390905941235,0,0.48467840265157036,0,Lower score,test,held-out evaluation
T103360,CUST9114,2023-12-11 15:47:00,127.27,Health,Debit Card,Desktop,Pune,0,154,100.19,1619,No,0,0.012200663924990977,0,0.48436968040923045,0,Lower score,test,held-out evaluation
T104445,CUST1907,2023-12-11 16:46:00,306.14,Fashion,Credit Card,POS,Kolkata,0,194,14.38,1319,No,0,0.022729718552271922,0,0.5192813577696553,1,Anomaly review,test,held-out evaluation
T103609,CUST5207,2023-12-11 17:54:00,280.33,Utilities,Debit Card,Desktop,Mumbai,0,92,448.47,471,No,0,0.02676932600582299,0,0.509338792856524,0,Lower score,test,held-out evaluation
T102848,CUST6711,2023-12-11 18:07:00,66.42,Health,Debit Card,Mobile,Bengaluru,0,3,219.36,478,No,0,0.022256620058413203,0,0.48801988960462056,0,Lower score,test,held-out evaluation
T100748,CUST8725,2023-12-11 23:29:00,189.56,Utilities,PayPal,Mobile,Kolkata,0,97,205.76,1672,No,0,0.09239649036850381,0,0.49847113689183803,0,Lower score,test,held-out evaluation
T101060,CUST3905,2023-12-12 01:30:00,165.51,Food,PayPal,POS,Kolkata,0,150,478.29,748,No,1,0.1974380388323057,1,0.49298256906642085,0,Model review,test,held-out evaluation
T104323,CUST1452,2023-12-12 01:30:00,52.51,Food,UPI,POS,Hyderabad,1,175,417.86,1817,No,1,0.7385217388102258,1,0.5238354598973396,1,Model review,test,held-out evaluation
T103778,CUST2341,2023-12-12 09:51:00,85.61,Food,UPI,POS,Kolkata,0,170,333.22,870,No,0,0.04538473179108909,0,0.48816419529277216,0,Lower score,test,held-out evaluation
T100204,CUST6414,2023-12-12 10:25:00,74.6,Health,NetBanking,Desktop,Chennai,0,181,348.96,1644,No,0,0.03614201531698246,0,0.47683014035906246,0,Lower score,test,held-out evaluation
T102978,CUST3972,2023-12-12 16:03:00,97.31,Electronics,Credit Card,Desktop,Mumbai,0,19,427.97,1350,No,0,0.014170607019863442,0,0.47968507109553754,0,Lower score,test,held-out evaluation
T100821,CUST5935,2023-12-12 16:22:00,0.37,Entertainment,Debit Card,Mobile,Pune,0,76,352.99,340,No,0,0.015751024291817278,0,0.5009434470275013,0,Lower score,test,held-out evaluation
T100377,CUST5358,2023-12-12 20:08:00,1.88,Health,Credit Card,POS,Hyderabad,0,88,207.04,1431,No,0,0.04338060075872491,0,0.5023591587363802,0,Lower score,test,held-out evaluation
T103464,CUST6242,2023-12-12 22:54:00,15.81,Electronics,NetBanking,Mobile,Chennai,1,149,241.81,371,No,0,0.47210441886644616,1,0.5173774864879481,1,Model review,test,held-out evaluation
T104914,CUST2447,2023-12-12 22:54:00,14.54,Electronics,PayPal,Desktop,Pune,0,59,196.58,1825,No,0,0.06728525455701533,0,0.4857425890822159,0,Lower score,test,held-out evaluation
T101400,CUST1696,2023-12-12 23:00:00,14.62,Entertainment,NetBanking,Desktop,Kolkata,0,180,485.34,33,No,0,0.09787443121554859,0,0.4897430986913541,0,Lower score,test,held-out evaluation
T101383,CUST8404,2023-12-12 23:56:00,23.89,Entertainment,UPI,Mobile,Hyderabad,0,166,482.17,1234,No,0,0.16545298382459364,1,0.4861526425141957,0,Model review,test,held-out evaluation
T100795,CUST4355,2023-12-13 01:18:00,164.54,Travel,PayPal,POS,Mumbai,0,21,37.97,1292,No,1,0.21167431186440389,1,0.49232899857434553,0,Model review,test,held-out evaluation
T103906,CUST4944,2023-12-13 02:09:00,57.74,Travel,Debit Card,Desktop,Chennai,0,79,452.31,1934,No,1,0.22176629853181118,1,0.483545549002968,0,Model review,test,held-out evaluation
T100443,CUST3997,2023-12-13 02:50:00,37.04,Electronics,Debit Card,Desktop,Bengaluru,0,10,370.57,265,No,0,0.1622639535440485,1,0.4859171839058472,0,Model review,test,held-out evaluation
T102576,CUST5258,2023-12-13 02:56:00,308.99,Electronics,PayPal,Desktop,Bengaluru,0,42,392.58,1563,No,0,0.20875269947832517,1,0.5151414196467177,0,Model review,test,held-out evaluation
T100255,CUST1983,2023-12-13 04:09:00,65.1,Travel,NetBanking,POS,Pune,0,23,195.92,841,Yes,0,0.17212303595801384,1,0.48435116027106245,0,Model review,test,held-out evaluation
T100371,CUST4692,2023-12-13 05:36:00,1.47,Grocery,Credit Card,Mobile,Mumbai,0,194,336.95,189,No,0,0.1287266145618592,0,0.506973642126315,0,Lower score,test,held-out evaluation
T104611,CUST3870,2023-12-13 06:29:00,5.16,Food,NetBanking,Desktop,Pune,0,95,149.77,231,No,0,0.11288448833085155,0,0.48202030121731587,0,Lower score,test,held-out evaluation
T100900,CUST4691,2023-12-13 08:14:00,18.64,Entertainment,Debit Card,POS,Hyderabad,0,114,481.81,1924,No,0,0.07329062913834415,0,0.49334316073945494,0,Lower score,test,held-out evaluation
T102457,CUST2068,2023-12-13 09:29:00,78.73,Fashion,UPI,POS,Delhi,0,91,488.71,1288,Yes,0,0.05884191004469574,0,0.48984005089595056,0,Lower score,test,held-out evaluation
T104340,CUST4671,2023-12-13 11:37:00,46.75,Grocery,PayPal,Mobile,Chennai,0,118,234.36,1935,No,0,0.020974444613915982,0,0.49114712491973106,0,Lower score,test,held-out evaluation
T101336,CUST8568,2023-12-13 11:56:00,17.81,Fashion,Debit Card,Desktop,Delhi,0,185,236.69,1632,No,0,0.022971553808353532,0,0.48697160734125494,0,Lower score,test,held-out evaluation
T104099,CUST7494,2023-12-13 16:24:00,2.26,Travel,NetBanking,Desktop,Mumbai,0,21,86.86,326,No,0,0.016710707367966145,0,0.48878589412444257,0,Lower score,test,held-out evaluation
T103748,CUST5251,2023-12-13 17:38:00,41.19,Utilities,Credit Card,Mobile,Delhi,0,37,408.0,1338,No,0,0.018816995560876053,0,0.48133991944218496,0,Lower score,test,held-out evaluation
T104341,CUST8296,2023-12-13 17:44:00,3.97,Travel,UPI,Desktop,Bengaluru,0,63,128.85,54,No,0,0.026422082908224325,0,0.5090505653169213,0,Lower score,test,held-out evaluation
T103771,CUST4582,2023-12-13 17:47:00,186.16,Health,Debit Card,Mobile,Kolkata,0,61,162.99,127,No,0,0.01924457517056443,0,0.4968848804580243,0,Lower score,test,held-out evaluation
T102448,CUST1240,2023-12-13 22:27:00,4.75,Fashion,NetBanking,POS,Bengaluru,0,83,364.54,1738,No,0,0.12634563432742477,0,0.4851543929004331,0,Lower score,test,held-out evaluation
T101133,CUST3268,2023-12-13 23:19:00,19.9,Travel,PayPal,Desktop,Chennai,0,197,19.75,567,No,0,0.12958522112876092,0,0.48565550684043923,0,Lower score,test,held-out evaluation
T101567,CUST5080,2023-12-13 23:27:00,8.03,Health,Credit Card,Mobile,Chennai,0,92,471.41,1199,No,0,0.13133356715347716,0,0.4945214569062638,0,Lower score,test,held-out evaluation
T102194,CUST6047,2023-12-13 23:58:00,9.41,Food,PayPal,POS,Pune,0,83,442.99,838,No,0,0.13917339746541837,0,0.48859872901578016,0,Lower score,test,held-out evaluation
T101190,CUST8390,2023-12-14 00:52:00,5.58,Food,PayPal,Mobile,Kolkata,0,48,149.04,1902,No,0,0.11270894840501447,0,0.4948812095767956,0,Lower score,test,held-out evaluation
T100825,CUST5935,2023-12-14 02:03:00,201.91,Grocery,Credit Card,POS,Kolkata,0,188,279.09,845,No,0,0.14504519448921588,0,0.5067867888757883,0,Lower score,test,held-out evaluation
T104083,CUST8632,2023-12-14 03:38:00,109.97,Travel,Credit Card,POS,Bengaluru,0,193,345.27,1588,No,0,0.20280228758464974,1,0.4863222738632237,0,Model review,test,held-out evaluation
T103707,CUST8803,2023-12-14 05:22:00,26.0,Travel,UPI,POS,Kolkata,0,67,373.2,357,No,0,0.1083943166919529,0,0.4971656396689577,0,Lower score,test,held-out evaluation
T103491,CUST1973,2023-12-14 05:29:00,74.68,Food,Debit Card,Desktop,Kolkata,0,196,161.19,250,No,1,0.11567526590152297,0,0.47927710324987954,0,Lower score,test,held-out evaluation
T103364,CUST2600,2023-12-14 08:14:00,223.84,Travel,PayPal,Mobile,Hyderabad,0,88,170.6,1472,No,0,0.06327897021646059,0,0.4980048478632483,0,Lower score,test,held-out evaluation
T103003,CUST2371,2023-12-14 08:26:00,78.44,Entertainment,PayPal,Desktop,Bengaluru,0,15,329.82,157,No,0,0.06102093518870764,0,0.48192927620841874,0,Lower score,test,held-out evaluation
T104524,CUST6089,2023-12-14 10:22:00,132.93,Health,UPI,Desktop,Mumbai,0,171,191.03,1129,No,0,0.031126276462810472,0,0.4913785972081647,0,Lower score,test,held-out evaluation
T102242,CUST5145,2023-12-14 17:00:00,69.94,Grocery,Debit Card,Mobile,Bengaluru,0,181,43.71,1312,No,0,0.015038825556307485,0,0.4847018148383987,0,Lower score,test,held-out evaluation
T102770,CUST9207,2023-12-14 18:07:00,6.34,Health,NetBanking,POS,Mumbai,0,66,235.31,632,No,0,0.01774180072494643,0,0.48535269889400423,0,Lower score,test,held-out evaluation
T103436,CUST4920,2023-12-14 19:59:00,20.79,Entertainment,Debit Card,POS,Mumbai,0,147,90.84,484,No,0,0.04040775802222442,0,0.49112161107012625,0,Lower score,test,held-out evaluation
T101367,CUST6746,2023-12-14 21:12:00,191.78,Utilities,NetBanking,Mobile,Hyderabad,0,45,212.73,821,No,0,0.05619388943872973,0,0.47815138320923367,0,Lower score,test,held-out evaluation
T104031,CUST3710,2023-12-14 22:32:00,25.25,Utilities,PayPal,POS,Pune,0,115,412.96,405,No,0,0.06179414361008225,0,0.4855829397945945,0,Lower score,test,held-out evaluation
T103824,CUST6832,2023-12-15 00:31:00,18.76,Travel,PayPal,Mobile,Delhi,0,197,24.91,1350,No,1,0.08755073489149263,0,0.4892293279727305,0,Lower score,test,held-out evaluation
T100715,CUST7696,2023-12-15 01:13:00,212.2,Electronics,Credit Card,Desktop,Hyderabad,0,197,31.03,860,No,0,0.1073518418531313,0,0.5017898595323361,0,Lower score,test,held-out evaluation
T103862,CUST4822,2023-12-15 01:25:00,37.4,Grocery,Debit Card,POS,Pune,0,167,423.49,1139,No,0,0.09529967613785571,0,0.4854002172393164,0,Lower score,test,held-out evaluation
T100698,CUST3063,2023-12-15 01:47:00,13.41,Fashion,Credit Card,Mobile,Pune,0,180,322.54,1972,No,0,0.12701313930289349,0,0.48520719995918077,0,Lower score,test,held-out evaluation
T104972,CUST4199,2023-12-15 02:49:00,59.56,Electronics,PayPal,Mobile,Chennai,0,190,499.91,106,No,0,0.0991715847062909,0,0.4815949155701776,0,Lower score,test,held-out evaluation
T100163,CUST8868,2023-12-15 04:06:00,61.39,Fashion,Credit Card,Mobile,Kolkata,0,195,311.24,333,No,0,0.11664758525664706,0,0.4929684929672164,0,Lower score,test,held-out evaluation
T103245,CUST7857,2023-12-15 04:21:00,15.07,Travel,PayPal,Mobile,Mumbai,1,197,236.0,878,No,1,0.5217949260224808,1,0.5240887614969881,1,Model review,test,held-out evaluation
T102707,CUST1358,2023-12-15 13:57:00,24.69,Entertainment,NetBanking,Mobile,Chennai,0,53,297.14,1669,No,0,0.011095470864581163,0,0.49302746555470406,0,Lower score,test,held-out evaluation
T100808,CUST6411,2023-12-15 14:20:00,47.95,Fashion,NetBanking,Desktop,Mumbai,0,33,287.35,973,No,0,0.01139661668157341,0,0.47525930622355983,0,Lower score,test,held-out evaluation
T102460,CUST4311,2023-12-15 19:22:00,407.28,Entertainment,NetBanking,Desktop,Delhi,0,39,194.82,506,No,0,0.036582373069255984,0,0.5232138078904308,1,Anomaly review,test,held-out evaluation
T103830,CUST4541,2023-12-15 21:13:00,38.37,Travel,Credit Card,Desktop,Bengaluru,0,90,241.89,903,No,0,0.04938333468955294,0,0.48351159417220513,0,Lower score,test,held-out evaluation
T104311,CUST3483,2023-12-15 21:58:00,226.26,Travel,Debit Card,Mobile,Pune,0,184,270.27,596,No,0,0.06121062409862093,0,0.5115066157641588,0,Lower score,test,held-out evaluation
T100128,CUST4829,2023-12-15 23:14:00,0.56,Health,UPI,Mobile,Kolkata,0,16,189.97,326,No,0,0.05639896763432377,0,0.5101323660670537,0,Lower score,test,held-out evaluation
T101729,CUST2802,2023-12-16 03:43:00,76.41,Electronics,PayPal,Desktop,Hyderabad,0,19,51.36,650,No,0,0.10134322431650614,0,0.4939355310027447,0,Lower score,test,held-out evaluation
T103786,CUST6745,2023-12-16 09:06:00,68.8,Entertainment,Credit Card,Mobile,Mumbai,0,173,19.53,1377,No,0,0.046309573465700596,0,0.4993486005016607,0,Lower score,test,held-out evaluation
T100607,CUST7228,2023-12-16 09:50:00,36.24,Health,UPI,POS,Chennai,0,47,279.55,1237,No,0,0.03407563512146599,0,0.4972446192123893,0,Lower score,test,held-out evaluation
T104513,CUST3851,2023-12-16 12:46:00,78.61,Utilities,UPI,Mobile,Delhi,1,29,246.82,311,No,0,0.1036454795039884,0,0.5322393886280691,1,Anomaly review,test,held-out evaluation
T103535,CUST8372,2023-12-16 13:10:00,11.11,Grocery,PayPal,Mobile,Delhi,0,28,327.83,143,No,0,0.008610676110249802,0,0.49764390666996366,0,Lower score,test,held-out evaluation
T103969,CUST7442,2023-12-16 15:19:00,40.56,Electronics,PayPal,POS,Delhi,0,145,54.42,479,No,0,0.006991593437347505,0,0.4891100394609617,0,Lower score,test,held-out evaluation
T100926,CUST4842,2023-12-16 17:58:00,25.03,Health,UPI,Desktop,Chennai,0,34,174.26,1482,No,0,0.019118770697993028,0,0.5021893574250615,0,Lower score,test,held-out evaluation
T103107,CUST9986,2023-12-16 19:05:00,0.73,Travel,UPI,Desktop,Chennai,0,82,14.13,283,No,0,0.028679945648994426,0,0.515205547688633,0,Lower score,test,held-out evaluation
T101401,CUST1222,2023-12-16 22:34:00,14.68,Electronics,Debit Card,POS,Mumbai,0,59,480.55,138,No,0,0.058338702203727576,0,0.49514423718060596,0,Lower score,test,held-out evaluation
T101061,CUST1060,2023-12-16 22:36:00,331.23,Entertainment,NetBanking,Mobile,Delhi,0,190,269.25,1795,No,0,0.1124897913064005,0,0.5245283325245512,1,Anomaly review,test,held-out evaluation
T104916,CUST2741,2023-12-17 00:06:00,31.78,Grocery,Credit Card,Desktop,Hyderabad,0,20,255.89,417,No,0,0.11499468858252736,0,0.5025197796271855,0,Lower score,test,held-out evaluation
T104237,CUST4318,2023-12-17 00:31:00,116.38,Grocery,NetBanking,Mobile,Delhi,0,107,179.68,209,No,0,0.12428647352950563,0,0.49136340809439927,0,Lower score,test,held-out evaluation
T104838,CUST6159,2023-12-17 01:01:00,3.25,Food,Debit Card,Mobile,Chennai,0,81,411.14,1338,No,0,0.1861069166302285,1,0.50591519390749,0,Model review,test,held-out evaluation
T103396,CUST7243,2023-12-17 02:16:00,139.63,Food,NetBanking,POS,Delhi,0,184,258.36,1739,No,0,0.20934107759277476,1,0.5027639045182276,0,Model review,test,held-out evaluation
T103024,CUST7480,2023-12-17 06:14:00,4.66,Fashion,PayPal,Mobile,Kolkata,1,9,390.41,167,No,0,0.4654741574167648,1,0.543062672333093,1,Model review,test,held-out evaluation
T101752,CUST6329,2023-12-17 09:31:00,0.98,Grocery,Debit Card,Desktop,Kolkata,0,12,78.36,1494,No,0,0.024151149212624682,0,0.5100493770611695,0,Lower score,test,held-out evaluation
T101399,CUST6196,2023-12-17 12:53:00,98.15,Food,Debit Card,Desktop,Bengaluru,0,153,430.93,572,No,0,0.0220320507773394,0,0.49304724379209697,0,Lower score,test,held-out evaluation
T102624,CUST9708,2023-12-17 13:58:00,37.9,Fashion,NetBanking,POS,Delhi,0,73,189.86,1775,No,0,0.014856755250752383,0,0.5001389089274927,0,Lower score,test,held-out evaluation
T101702,CUST7451,2023-12-17 14:59:00,29.9,Electronics,Debit Card,Desktop,Hyderabad,0,5,332.45,1797,No,0,0.008746593300886734,0,0.49312168656358557,0,Lower score,test,held-out evaluation
T104649,CUST1547,2023-12-17 19:34:00,14.8,Travel,NetBanking,POS,Kolkata,0,51,213.22,956,No,0,0.02539255144500944,0,0.4927460894645921,0,Lower score,test,held-out evaluation
T100874,CUST7766,2023-12-18 01:26:00,2.06,Fashion,NetBanking,Desktop,Kolkata,0,109,84.76,1486,No,0,0.14040716862274036,0,0.5067602146892864,0,Lower score,test,held-out evaluation
T104539,CUST4879,2023-12-18 02:52:00,7.35,Food,PayPal,Mobile,Hyderabad,0,61,15.61,413,No,0,0.17164903931257952,1,0.4945679085790799,0,Model review,test,held-out evaluation
T101954,CUST9095,2023-12-18 03:30:00,512.44,Electronics,Debit Card,Mobile,Chennai,1,22,408.28,1077,No,1,0.7433276528829177,1,0.5621141546240589,1,Model review,test,held-out evaluation
T100712,CUST3564,2023-12-18 08:35:00,51.03,Grocery,UPI,POS,Mumbai,0,72,295.52,1287,No,0,0.05481059474209062,0,0.4865456353178985,0,Lower score,test,held-out evaluation
T104310,CUST7600,2023-12-18 08:36:00,25.96,Health,Debit Card,POS,Chennai,0,158,51.73,1423,No,0,0.05485971458859807,0,0.4828447072053541,0,Lower score,test,held-out evaluation
T103052,CUST2978,2023-12-18 09:36:00,25.02,Fashion,Credit Card,Mobile,Mumbai,0,10,199.8,797,No,0,0.04651064489761339,0,0.4866562842626557,0,Lower score,test,held-out evaluation
T103521,CUST9655,2023-12-18 10:13:00,50.66,Electronics,Credit Card,Mobile,Kolkata,0,42,123.38,1606,No,0,0.017349706881484992,0,0.4830582852335919,0,Lower score,test,held-out evaluation
T104488,CUST5374,2023-12-18 11:30:00,121.21,Travel,UPI,Mobile,Mumbai,0,111,353.32,1485,No,0,0.0264584997354697,0,0.49567687927700543,0,Lower score,test,held-out evaluation
T100436,CUST7808,2023-12-18 12:51:00,6.04,Food,Debit Card,POS,Chennai,0,6,91.1,1011,No,0,0.02031211571072944,0,0.49168955107168155,0,Lower score,test,held-out evaluation
T104918,CUST9116,2023-12-18 14:16:00,114.11,Travel,Debit Card,Desktop,Pune,0,53,235.98,1350,No,0,0.01294692025895201,0,0.4862540293521809,0,Lower score,test,held-out evaluation
T103127,CUST3595,2023-12-18 18:16:00,6.77,Health,PayPal,Desktop,Pune,0,152,80.32,1595,No,0,0.015312854885522401,0,0.5005398118023586,0,Lower score,test,held-out evaluation
T101600,CUST9919,2023-12-18 21:54:00,17.04,Health,UPI,POS,Pune,0,189,362.78,1443,No,0,0.06377236236242921,0,0.48926320478106144,0,Lower score,test,held-out evaluation
T103549,CUST8902,2023-12-18 23:29:00,66.3,Travel,PayPal,POS,Hyderabad,0,112,474.89,755,Yes,0,0.11233664616654802,0,0.49278371272845267,0,Lower score,test,held-out evaluation
T101870,CUST4321,2023-12-19 01:52:00,136.21,Fashion,NetBanking,POS,Mumbai,0,188,392.7,1206,No,0,0.2638206140263289,1,0.4846741705372862,0,Model review,test,held-out evaluation
T103702,CUST1700,2023-12-19 02:22:00,30.57,Utilities,PayPal,Desktop,Bengaluru,1,178,366.38,1457,No,0,0.678302703910367,1,0.5176957915115684,1,Model review,test,held-out evaluation
T104048,CUST1305,2023-12-19 04:24:00,152.08,Utilities,NetBanking,POS,Pune,0,51,260.88,357,No,0,0.1746367189176483,1,0.48115416831526064,0,Model review,test,held-out evaluation
T102213,CUST2313,2023-12-19 05:30:00,263.34,Fashion,UPI,Desktop,Mumbai,0,154,114.71,567,No,0,0.2548631418052833,1,0.5120156959665201,0,Model review,test,held-out evaluation
T102577,CUST1201,2023-12-19 07:12:00,74.0,Food,NetBanking,Desktop,Hyderabad,0,92,464.73,1808,No,0,0.11487090687474692,0,0.48253042198086427,0,Lower score,test,held-out evaluation
T101423,CUST7219,2023-12-19 10:50:00,12.85,Fashion,Credit Card,Mobile,Chennai,0,81,315.85,1551,No,0,0.0402413017004222,0,0.4864218394618861,0,Lower score,test,held-out evaluation
T104025,CUST7454,2023-12-19 12:33:00,139.14,Food,UPI,Mobile,Chennai,1,175,464.21,1539,No,0,0.23258453789272185,1,0.5357331081750178,1,Model review,test,held-out evaluation
T101448,CUST3167,2023-12-19 14:02:00,231.47,Health,UPI,Mobile,Mumbai,1,83,215.08,1394,No,0,0.16543973457882577,1,0.5432963380337151,1,Model review,test,held-out evaluation
T100988,CUST3983,2023-12-19 14:28:00,22.63,Travel,PayPal,POS,Chennai,0,24,43.17,1781,No,0,0.01691138444770362,0,0.47952503529646623,0,Lower score,test,held-out evaluation
T100526,CUST2866,2023-12-19 19:49:00,42.87,Entertainment,NetBanking,Desktop,Delhi,0,63,231.41,1432,No,0,0.04310878452593307,0,0.48174346759020603,0,Lower score,test,held-out evaluation
T102158,CUST4225,2023-12-19 22:42:00,47.88,Fashion,PayPal,Mobile,Bengaluru,0,159,78.07,1851,No,0,0.13455209839667612,0,0.4839495269640647,0,Lower score,test,held-out evaluation
T103468,CUST5533,2023-12-19 22:51:00,145.3,Fashion,Debit Card,Desktop,Delhi,1,23,496.93,808,No,0,0.6035433004754351,1,0.5245181962348007,1,Model review,test,held-out evaluation
T101065,CUST5428,2023-12-19 23:31:00,107.03,Fashion,NetBanking,Mobile,Delhi,0,138,274.78,331,No,0,0.15754298333092234,0,0.47964402289680474,0,Lower score,test,held-out evaluation
T102690,CUST1518,2023-12-20 01:33:00,60.56,Utilities,NetBanking,Mobile,Hyderabad,0,81,231.78,946,Yes,0,0.1659639352554984,1,0.4750009353046844,0,Model review,test,held-out evaluation
T101221,CUST9333,2023-12-20 06:57:00,13.1,Food,NetBanking,POS,Mumbai,0,123,375.36,1904,No,0,0.12185144360544306,0,0.4780553614756258,0,Lower score,test,held-out evaluation
T100428,CUST2879,2023-12-20 10:16:00,34.58,Fashion,PayPal,POS,Bengaluru,0,69,297.42,1584,Yes,0,0.04404000956263738,0,0.47437157816643616,0,Lower score,test,held-out evaluation
T102918,CUST8372,2023-12-20 12:32:00,43.94,Food,PayPal,Desktop,Kolkata,0,19,447.71,1187,No,0,0.015905602093342963,0,0.48407133472658886,0,Lower score,test,held-out evaluation
T101537,CUST4425,2023-12-20 12:53:00,91.43,Health,Credit Card,Desktop,Hyderabad,0,37,74.7,444,No,0,0.01739477722435438,0,0.4840701573623039,0,Lower score,test,held-out evaluation
T102354,CUST6786,2023-12-20 13:13:00,102.98,Fashion,UPI,Desktop,Bengaluru,0,124,268.85,494,Yes,0,0.02707524715564151,0,0.48558305373878136,0,Lower score,test,held-out evaluation
T104667,CUST3729,2023-12-20 13:17:00,146.04,Grocery,UPI,Mobile,Bengaluru,0,46,423.3,479,No,0,0.020420715691258588,0,0.49203798255289133,0,Lower score,test,held-out evaluation
T100059,CUST5418,2023-12-20 15:31:00,31.48,Travel,Credit Card,Mobile,Hyderabad,0,102,246.45,1681,No,0,0.015488659345819155,0,0.4845449590123348,0,Lower score,test,held-out evaluation
T102052,CUST3101,2023-12-20 16:44:00,14.5,Entertainment,PayPal,POS,Kolkata,0,24,299.98,660,No,0,0.014008759669458234,0,0.49735611231543453,0,Lower score,test,held-out evaluation
T104932,CUST3884,2023-12-20 18:39:00,260.67,Electronics,Debit Card,Mobile,Mumbai,0,188,104.91,799,No,0,0.02887772737685388,0,0.511565702915545,0,Lower score,test,held-out evaluation
T104701,CUST9906,2023-12-20 19:27:00,6.1,Health,Debit Card,Desktop,Pune,0,117,329.47,1815,No,0,0.027966513680813695,0,0.4918935245973157,0,Lower score,test,held-out evaluation
T104575,CUST7336,2023-12-20 19:51:00,29.99,Electronics,PayPal,Desktop,Mumbai,0,115,149.88,216,No,0,0.028563955404206615,0,0.4865611794785915,0,Lower score,test,held-out evaluation
T101274,CUST8023,2023-12-20 22:19:00,52.39,Utilities,NetBanking,Mobile,Hyderabad,0,18,212.11,1602,No,0,0.08376695342414657,0,0.47324634329065646,0,Lower score,test,held-out evaluation
T102386,CUST8925,2023-12-20 22:46:00,37.11,Entertainment,PayPal,Mobile,Hyderabad,0,126,237.11,1664,No,0,0.10529464418324071,0,0.4935522060644729,0,Lower score,test,held-out evaluation
T102651,CUST3937,2023-12-20 23:30:00,36.8,Electronics,NetBanking,Mobile,Bengaluru,0,43,431.76,1751,No,0,0.1042446790114936,0,0.4762947545300585,0,Lower score,test,held-out evaluation
T101142,CUST3247,2023-12-21 00:33:00,90.66,Travel,UPI,POS,Mumbai,1,62,433.34,1638,No,0,0.6415966598186165,1,0.5273518669099844,1,Model review,test,held-out evaluation
T104333,CUST4922,2023-12-21 06:44:00,82.62,Travel,Debit Card,Mobile,Hyderabad,0,188,137.51,1447,No,0,0.0908024029479894,0,0.48518853847369026,0,Lower score,test,held-out evaluation
T100075,CUST7806,2023-12-21 08:54:00,104.45,Food,Credit Card,Desktop,Hyderabad,0,35,119.6,73,No,0,0.0564615524461262,0,0.4814770853547074,0,Lower score,test,held-out evaluation
T103791,CUST2114,2023-12-21 12:17:00,5.57,Entertainment,UPI,Desktop,Pune,1,175,100.47,585,No,1,0.12451815439339248,0,0.5298408826313225,1,Anomaly review,test,held-out evaluation
T100438,CUST2560,2023-12-21 14:34:00,98.0,Fashion,UPI,POS,Bengaluru,0,99,78.59,767,No,0,0.019796399166820956,0,0.4911871144961635,0,Lower score,test,held-out evaluation
T102635,CUST5511,2023-12-21 18:14:00,87.82,Food,Credit Card,Desktop,Delhi,0,59,162.84,137,No,0,0.024439874683508077,0,0.48023911113416456,0,Lower score,test,held-out evaluation
T104873,CUST2431,2023-12-21 18:32:00,21.69,Travel,UPI,Mobile,Chennai,0,188,261.81,542,No,0,0.026505025303718087,0,0.5007642988834493,0,Lower score,test,held-out evaluation
T100757,CUST6087,2023-12-22 00:33:00,60.99,Fashion,Debit Card,Desktop,Chennai,0,164,312.12,1748,No,0,0.14212266309943458,0,0.4816574943201164,0,Lower score,test,held-out evaluation
T103633,CUST2108,2023-12-22 02:35:00,34.61,Fashion,PayPal,Mobile,Delhi,0,86,228.14,798,No,0,0.12741762734737982,0,0.4755753796324894,0,Lower score,test,held-out evaluation
T101462,CUST4541,2023-12-22 03:47:00,9.02,Food,PayPal,POS,Bengaluru,0,118,434.32,1469,Yes,1,0.1459818737740435,0,0.48919010973138444,0,Lower score,test,held-out evaluation
T104875,CUST3976,2023-12-22 06:39:00,82.36,Electronics,NetBanking,Desktop,Kolkata,0,172,479.17,493,Yes,0,0.04097751382695275,0,0.47927604323433765,0,Lower score,test,held-out evaluation
T104992,CUST3443,2023-12-22 08:56:00,33.44,Entertainment,PayPal,POS,Hyderabad,0,85,311.91,1364,No,0,0.03353495030269081,0,0.4993683259731793,0,Lower score,test,held-out evaluation
T102195,CUST8931,2023-12-22 14:16:00,47.4,Electronics,NetBanking,Desktop,Kolkata,0,72,48.61,323,No,0,0.004956581741499889,0,0.47224167919008625,0,Lower score,test,held-out evaluation
T104367,CUST6410,2023-12-22 14:35:00,46.65,Fashion,UPI,Desktop,Delhi,0,136,499.7,188,No,0,0.01114536128685798,0,0.4798831852472218,0,Lower score,test,held-out evaluation
T100409,CUST7876,2023-12-23 05:10:00,7.66,Entertainment,NetBanking,Mobile,Hyderabad,0,168,312.21,401,No,0,0.1176897445510351,0,0.5088087634996729,0,Lower score,test,held-out evaluation
T100185,CUST2000,2023-12-23 09:17:00,86.3,Entertainment,NetBanking,Desktop,Chennai,0,64,73.08,1579,No,0,0.046022406769970756,0,0.4997573500569666,0,Lower score,test,held-out evaluation
T102663,CUST1571,2023-12-23 11:33:00,90.61,Health,Debit Card,Desktop,Bengaluru,0,89,322.27,35,No,0,0.019127999235187272,0,0.49585505655037665,0,Lower score,test,held-out evaluation
T104331,CUST9047,2023-12-23 14:29:00,11.34,Grocery,PayPal,POS,Mumbai,0,10,467.53,1817,No,0,0.009161178510462204,0,0.5031753676323639,0,Lower score,test,held-out evaluation
T101639,CUST3421,2023-12-23 17:30:00,209.38,Grocery,NetBanking,Desktop,Kolkata,0,194,255.96,1712,No,0,0.012870709764928271,0,0.5060763125063058,0,Lower score,test,held-out evaluation
T100743,CUST5896,2023-12-23 18:21:00,55.89,Utilities,Credit Card,POS,Mumbai,0,39,36.75,609,No,0,0.020328844918704025,0,0.49031581403284424,0,Lower score,test,held-out evaluation
T101557,CUST3239,2023-12-23 20:09:00,42.35,Entertainment,PayPal,Mobile,Pune,0,3,327.4,718,No,0,0.03033529174316347,0,0.4992188754568053,0,Lower score,test,held-out evaluation
T104135,CUST7196,2023-12-23 21:46:00,1.31,Food,PayPal,Mobile,Chennai,0,98,290.12,1166,No,0,0.0689284274811612,0,0.5140336271200386,0,Lower score,test,held-out evaluation
T101116,CUST2143,2023-12-23 22:57:00,7.68,Grocery,Debit Card,Mobile,Hyderabad,0,131,425.45,1434,No,0,0.06933550688127643,0,0.49984852203678076,0,Lower score,test,held-out evaluation
T103688,CUST2601,2023-12-24 02:32:00,5.48,Electronics,NetBanking,POS,Hyderabad,0,114,311.24,454,No,0,0.12029359344413483,0,0.5132829483897543,0,Lower score,test,held-out evaluation
T103941,CUST4544,2023-12-24 03:05:00,182.59,Food,NetBanking,Desktop,Delhi,0,124,441.6,1265,No,1,0.21433882378739258,1,0.5109885046910786,0,Model review,test,held-out evaluation
T100838,CUST2117,2023-12-24 04:47:00,69.51,Grocery,PayPal,Mobile,Pune,0,53,251.12,1527,Yes,0,0.10935191108908004,0,0.49308407707172464,0,Lower score,test,held-out evaluation
T103857,CUST5875,2023-12-24 08:54:00,64.0,Utilities,Debit Card,Desktop,Pune,0,160,152.96,165,No,0,0.03904671339283417,0,0.48245095483576533,0,Lower score,test,held-out evaluation
T101827,CUST5807,2023-12-24 11:23:00,276.59,Travel,PayPal,Desktop,Chennai,0,55,408.62,977,No,0,0.03149897679543546,0,0.52358451304458,1,Anomaly review,test,held-out evaluation
T103324,CUST2344,2023-12-24 11:26:00,121.85,Food,UPI,Desktop,Hyderabad,0,73,11.85,222,Yes,0,0.02938493888501628,0,0.5100549912536941,0,Lower score,test,held-out evaluation
T101333,CUST6273,2023-12-24 15:10:00,448.69,Food,NetBanking,POS,Chennai,0,121,325.57,1743,No,0,0.03176329171487438,0,0.5266998450756623,1,Anomaly review,test,held-out evaluation
T103406,CUST3049,2023-12-24 22:40:00,156.17,Electronics,PayPal,Desktop,Pune,0,42,423.03,862,No,0,0.06354089129744964,0,0.5006434309902931,0,Lower score,test,held-out evaluation
T104139,CUST4351,2023-12-25 00:12:00,65.06,Entertainment,Credit Card,Desktop,Delhi,0,129,158.94,1542,No,0,0.14501269066531744,0,0.4862626407208608,0,Lower score,test,held-out evaluation
T104671,CUST4463,2023-12-25 01:10:00,169.14,Utilities,PayPal,Mobile,Mumbai,0,4,370.08,117,No,1,0.16163083596316186,1,0.4925543516013211,0,Model review,test,held-out evaluation
T104187,CUST3976,2023-12-25 05:12:00,69.11,Entertainment,Credit Card,Desktop,Chennai,0,82,400.56,200,No,0,0.1776991001299854,1,0.4862890237174398,0,Model review,test,held-out evaluation
T103222,CUST1294,2023-12-25 05:43:00,6.98,Food,UPI,Mobile,Bengaluru,0,189,419.74,33,No,0,0.16246423932002516,1,0.4946545315813296,0,Model review,test,held-out evaluation
T100313,CUST6238,2023-12-25 06:57:00,262.99,Fashion,PayPal,Mobile,Delhi,0,161,43.15,1323,No,0,0.12013784345322746,0,0.5117454163900865,0,Lower score,test,held-out evaluation
T102381,CUST3855,2023-12-25 07:41:00,155.91,Utilities,Credit Card,POS,Chennai,0,134,368.5,945,No,0,0.09238206828482057,0,0.4886996064476822,0,Lower score,test,held-out evaluation
T104166,CUST7668,2023-12-25 08:49:00,21.99,Fashion,NetBanking,POS,Pune,0,130,245.27,1871,No,0,0.05032323821900168,0,0.4890778112483129,0,Lower score,test,held-out evaluation
T104153,CUST5551,2023-12-25 09:47:00,35.28,Entertainment,Credit Card,Mobile,Delhi,0,142,494.14,415,No,0,0.036119804881480776,0,0.491581843757111,0,Lower score,test,held-out evaluation
T100742,CUST2989,2023-12-25 11:28:00,110.14,Entertainment,PayPal,Desktop,Delhi,0,53,336.21,1545,No,0,0.021404376855428973,0,0.494175960757535,0,Lower score,test,held-out evaluation
T103082,CUST1609,2023-12-25 11:42:00,18.12,Electronics,Credit Card,Desktop,Mumbai,0,118,441.88,821,No,0,0.014598578925355559,0,0.4848493888548103,0,Lower score,test,held-out evaluation
T103079,CUST6276,2023-12-25 12:39:00,231.65,Fashion,UPI,POS,Delhi,0,67,121.22,1016,No,0,0.026059951716598258,0,0.5198275172208021,1,Anomaly review,test,held-out evaluation
T101922,CUST7633,2023-12-25 12:45:00,77.32,Food,Credit Card,POS,Chennai,0,80,131.05,1276,No,0,0.02385163852501605,0,0.47691002264753796,0,Lower score,test,held-out evaluation
T101800,CUST1775,2023-12-25 13:34:00,250.8,Travel,UPI,Mobile,Mumbai,0,15,24.7,651,No,0,0.021388133401171766,0,0.5129037310121242,0,Lower score,test,held-out evaluation
T102989,CUST5683,2023-12-25 16:30:00,158.81,Grocery,Debit Card,Mobile,Chennai,0,155,127.94,1614,No,0,0.017169622709144867,0,0.5035365450769607,0,Lower score,test,held-out evaluation
T101047,CUST3233,2023-12-25 18:34:00,1.98,Food,UPI,Mobile,Chennai,0,59,286.3,1549,No,0,0.03289365308056428,0,0.514827837838671,0,Lower score,test,held-out evaluation
T102225,CUST1889,2023-12-25 19:28:00,50.6,Fashion,Credit Card,POS,Mumbai,0,139,380.78,1399,No,0,0.04367988576982951,0,0.4829049572815666,0,Lower score,test,held-out evaluation
T100652,CUST6860,2023-12-25 20:13:00,70.71,Electronics,Debit Card,Desktop,Kolkata,0,52,161.95,1209,No,0,0.023822823023817583,0,0.4866851104752999,0,Lower score,test,held-out evaluation
T103441,CUST5240,2023-12-25 20:33:00,60.01,Travel,UPI,POS,Bengaluru,0,157,50.35,839,No,0,0.06135047592059614,0,0.4910705559411974,0,Lower score,test,held-out evaluation
T101631,CUST4065,2023-12-25 22:11:00,34.16,Fashion,NetBanking,Desktop,Kolkata,0,136,206.58,1268,Yes,0,0.07184374420412028,0,0.4867437562808527,0,Lower score,test,held-out evaluation
T103918,CUST1930,2023-12-25 23:20:00,88.96,Travel,Credit Card,Desktop,Delhi,0,107,214.47,573,No,0,0.11527219256799703,0,0.489237290728669,0,Lower score,test,held-out evaluation
T104754,CUST9394,2023-12-26 01:29:00,158.12,Fashion,Debit Card,Mobile,Hyderabad,0,153,212.16,1143,No,0,0.2431300199213204,1,0.47830917270622514,0,Model review,test,held-out evaluation
T101955,CUST4588,2023-12-26 02:53:00,216.38,Food,UPI,Desktop,Hyderabad,0,182,157.95,435,No,0,0.29174307938656663,1,0.5067537491759241,0,Model review,test,held-out evaluation
T104925,CUST1152,2023-12-26 04:08:00,23.77,Travel,PayPal,POS,Mumbai,0,15,49.69,1562,No,0,0.1866856092855506,1,0.48752273515107786,0,Model review,test,held-out evaluation
T101591,CUST9297,2023-12-26 06:43:00,379.15,Grocery,Debit Card,POS,Pune,0,116,224.47,1373,No,0,0.1415470273143194,0,0.5264737407126554,1,Anomaly review,test,held-out evaluation
T102258,CUST8975,2023-12-26 09:28:00,30.49,Entertainment,UPI,Desktop,Chennai,0,155,100.42,661,No,0,0.06216487635668105,0,0.4848447620964082,0,Lower score,test,held-out evaluation
T104199,CUST6367,2023-12-26 10:33:00,76.8,Health,NetBanking,POS,Pune,0,96,45.41,768,No,0,0.02787946160433934,0,0.4785162758007711,0,Lower score,test,held-out evaluation
T100114,CUST2620,2023-12-26 11:38:00,80.28,Grocery,NetBanking,POS,Hyderabad,0,29,94.8,1522,No,0,0.02170740315734784,0,0.4777371012666373,0,Lower score,test,held-out evaluation
T100949,CUST6394,2023-12-26 13:00:00,72.79,Grocery,Debit Card,POS,Mumbai,0,68,433.15,1990,No,0,0.01776790364244086,0,0.4959116158322776,0,Lower score,test,held-out evaluation
T102606,CUST1939,2023-12-26 17:00:00,3.84,Electronics,Debit Card,POS,Pune,0,137,215.16,1261,No,0,0.012007960283561964,0,0.488705791560685,0,Lower score,test,held-out evaluation
T102450,CUST6447,2023-12-26 17:36:00,25.2,Health,Credit Card,Mobile,Chennai,0,32,58.46,930,No,0,0.023230561562695724,0,0.4838485166726223,0,Lower score,test,held-out evaluation
T103195,CUST6633,2023-12-26 17:59:00,56.36,Fashion,Debit Card,Desktop,Hyderabad,0,48,239.31,355,No,0,0.029338208661811156,0,0.48166855364616157,0,Lower score,test,held-out evaluation
T103763,CUST6465,2023-12-26 18:09:00,27.17,Food,UPI,POS,Mumbai,0,180,61.98,123,No,0,0.03540304300758513,0,0.48946402304755504,0,Lower score,test,held-out evaluation
T100241,CUST7253,2023-12-26 18:57:00,246.2,Fashion,PayPal,Desktop,Chennai,0,23,44.93,779,No,0,0.05426785993942462,0,0.5079498197292311,0,Lower score,test,held-out evaluation
T104220,CUST4856,2023-12-26 22:16:00,29.43,Health,Credit Card,POS,Pune,0,118,242.38,1143,No,0,0.08340271722870458,0,0.4811629039311371,0,Lower score,test,held-out evaluation
T100054,CUST8792,2023-12-26 23:27:00,72.88,Electronics,Credit Card,POS,Hyderabad,0,119,119.85,975,No,0,0.10791240510931353,0,0.48135670331031566,0,Lower score,test,held-out evaluation
T103143,CUST5510,2023-12-27 01:41:00,61.83,Electronics,Debit Card,Desktop,Bengaluru,0,107,264.85,163,No,0,0.15992636059210846,1,0.4837124478675296,0,Model review,test,held-out evaluation
T104437,CUST5300,2023-12-27 02:46:00,122.02,Entertainment,NetBanking,Desktop,Mumbai,0,63,420.87,1024,No,0,0.2356655218996786,1,0.4983917028802071,0,Model review,test,held-out evaluation
T102860,CUST5726,2023-12-27 04:39:00,161.25,Health,NetBanking,Mobile,Hyderabad,0,5,62.95,1411,No,0,0.17223381497908713,1,0.4865739963925894,0,Model review,test,held-out evaluation
T100109,CUST9033,2023-12-27 06:53:00,6.41,Grocery,Credit Card,POS,Kolkata,0,64,430.67,1250,No,0,0.07394224647735989,0,0.4975360495033493,0,Lower score,test,held-out evaluation
T104913,CUST9346,2023-12-27 08:20:00,17.4,Travel,PayPal,Mobile,Pune,0,166,330.14,1413,No,0,0.052415519765500136,0,0.49710036879427993,0,Lower score,test,held-out evaluation
T101696,CUST8486,2023-12-27 10:28:00,2.09,Fashion,PayPal,POS,Hyderabad,0,50,87.04,1206,No,0,0.03391210018130499,0,0.501750747074389,0,Lower score,test,held-out evaluation
T104288,CUST7660,2023-12-27 10:49:00,33.91,Utilities,Debit Card,Desktop,Delhi,0,29,319.13,292,No,0,0.024258809808837337,0,0.48017527673658067,0,Lower score,test,held-out evaluation
T102713,CUST6553,2023-12-27 13:19:00,37.18,Electronics,UPI,Mobile,Hyderabad,0,1,191.46,281,No,0,0.012225840859925508,0,0.48134933564349686,0,Lower score,test,held-out evaluation
T103841,CUST9999,2023-12-27 16:28:00,2.66,Utilities,UPI,Mobile,Delhi,0,63,234.18,52,Yes,0,0.014725897277338642,0,0.5036088860863807,0,Lower score,test,held-out evaluation
T102445,CUST7148,2023-12-27 23:20:00,28.8,Entertainment,Debit Card,Mobile,Hyderabad,0,139,462.31,588,No,0,0.13050126355200464,0,0.48222508039254547,0,Lower score,test,held-out evaluation
T101328,CUST5171,2023-12-28 00:25:00,86.0,Health,PayPal,POS,Chennai,0,105,75.47,865,No,0,0.13512418702987108,0,0.48213610078612684,0,Lower score,test,held-out evaluation
T104778,CUST9381,2023-12-28 00:55:00,22.08,Utilities,UPI,POS,Kolkata,0,197,410.96,1464,No,0,0.11172741918989372,0,0.483813264925671,0,Lower score,test,held-out evaluation
T104496,CUST4198,2023-12-28 02:31:00,53.58,Food,PayPal,Mobile,Hyderabad,0,142,411.7,1367,No,0,0.1686685178342764,1,0.47319065203528726,0,Model review,test,held-out evaluation
T102494,CUST9691,2023-12-28 10:20:00,57.28,Food,NetBanking,Desktop,Pune,0,106,330.41,1296,No,0,0.02772128548034322,0,0.4683795705675097,0,Lower score,test,held-out evaluation
T102081,CUST5194,2023-12-28 14:12:00,5.39,Grocery,Credit Card,POS,Hyderabad,0,114,220.55,1325,No,0,0.010345821723383272,0,0.5014145222070159,0,Lower score,test,held-out evaluation
T103322,CUST2230,2023-12-28 15:06:00,116.37,Electronics,Credit Card,Mobile,Chennai,0,121,268.01,453,No,0,0.011030741203328715,0,0.48283349323991814,0,Lower score,test,held-out evaluation
T100376,CUST1706,2023-12-28 15:07:00,149.08,Food,PayPal,POS,Chennai,0,152,178.57,1503,No,0,0.017949964686778192,0,0.4798285919891674,0,Lower score,test,held-out evaluation
T101899,CUST9142,2023-12-28 15:40:00,122.52,Utilities,UPI,POS,Delhi,0,194,66.46,660,No,0,0.013197089859806534,0,0.4854181989736137,0,Lower score,test,held-out evaluation
T102434,CUST1605,2023-12-28 17:23:00,259.81,Entertainment,PayPal,POS,Delhi,0,157,91.39,1863,No,0,0.021423194685038543,0,0.5057764645452776,0,Lower score,test,held-out evaluation
T100791,CUST7472,2023-12-28 17:27:00,70.6,Fashion,NetBanking,Desktop,Bengaluru,0,122,287.05,1699,No,0,0.02264953769517255,0,0.4733945859629687,0,Lower score,test,held-out evaluation
T100686,CUST6783,2023-12-28 23:48:00,67.82,Entertainment,Debit Card,Mobile,Pune,0,53,136.35,155,No,0,0.11291535831071356,0,0.4805734971023033,0,Lower score,test,held-out evaluation
T104741,CUST7395,2023-12-29 01:48:00,9.38,Food,UPI,Desktop,Delhi,0,50,322.43,1269,No,0,0.1383647385093194,0,0.49046526434627974,0,Lower score,test,held-out evaluation
T102786,CUST5783,2023-12-29 04:21:00,258.77,Health,Debit Card,Mobile,Kolkata,0,78,345.97,1782,No,1,0.10955853394787649,0,0.5194270537870374,1,Anomaly review,test,held-out evaluation
T100480,CUST6821,2023-12-29 08:36:00,79.41,Utilities,PayPal,Desktop,Kolkata,0,147,284.65,1283,No,0,0.02568556338342399,0,0.4886547066533216,0,Lower score,test,held-out evaluation
T101935,CUST5436,2023-12-29 11:28:00,130.78,Food,NetBanking,Mobile,Delhi,0,143,391.36,1056,No,0,0.01768548516022372,0,0.47521328162349935,0,Lower score,test,held-out evaluation
T102619,CUST3350,2023-12-29 11:35:00,30.07,Entertainment,UPI,Desktop,Hyderabad,0,137,36.66,1162,No,0,0.016302888142655392,0,0.4897968838516802,0,Lower score,test,held-out evaluation
T102671,CUST6347,2023-12-29 15:46:00,40.22,Utilities,Debit Card,Mobile,Kolkata,0,75,236.59,487,No,0,0.006616944419458953,0,0.480042178029274,0,Lower score,test,held-out evaluation
T101651,CUST4210,2023-12-29 16:55:00,28.89,Food,PayPal,Desktop,Kolkata,0,14,266.96,1166,No,0,0.009321857223566573,0,0.4871922742337362,0,Lower score,test,held-out evaluation
T100254,CUST1806,2023-12-29 17:09:00,14.86,Grocery,UPI,Mobile,Bengaluru,0,92,363.31,1344,No,0,0.01202677037420319,0,0.48612309488736327,0,Lower score,test,held-out evaluation
T103124,CUST1669,2023-12-29 18:21:00,105.56,Electronics,Credit Card,POS,Mumbai,0,66,308.5,995,No,0,0.014102321868878123,0,0.4834713472165237,0,Lower score,test,held-out evaluation
T103440,CUST8739,2023-12-29 19:21:00,33.47,Electronics,Debit Card,Desktop,Mumbai,0,26,483.44,927,No,0,0.01606942501386123,0,0.48170220425540516,0,Lower score,test,held-out evaluation
T100247,CUST8843,2023-12-29 21:25:00,272.07,Food,UPI,Mobile,Hyderabad,0,53,492.25,760,No,0,0.0752210526394419,0,0.506220976378685,0,Lower score,test,held-out evaluation
T100476,CUST2313,2023-12-30 01:09:00,6.13,Entertainment,Debit Card,POS,Hyderabad,0,77,431.98,1965,No,0,0.14240301320932278,0,0.5167129687991028,0,Lower score,test,held-out evaluation
T104015,CUST8330,2023-12-30 02:50:00,24.07,Entertainment,Credit Card,Desktop,Chennai,0,106,148.64,636,No,1,0.1847677237143203,1,0.5015686114771519,0,Model review,test,held-out evaluation
T104402,CUST3432,2023-12-30 08:11:00,22.57,Food,PayPal,Mobile,Chennai,0,49,399.85,160,No,0,0.06151698884710176,0,0.4866045604597791,0,Lower score,test,held-out evaluation
T103625,CUST9746,2023-12-30 08:40:00,24.44,Travel,Credit Card,POS,Pune,0,103,132.79,743,Yes,0,0.041437223501017986,0,0.49555938531553906,0,Lower score,test,held-out evaluation
T102605,CUST2384,2023-12-30 19:21:00,57.25,Travel,Debit Card,POS,Chennai,0,178,345.47,636,No,0,0.03242245094198929,0,0.48722990448277403,0,Lower score,test,held-out evaluation
T102864,CUST1828,2023-12-30 22:01:00,45.9,Utilities,PayPal,Desktop,Hyderabad,0,142,308.19,156,No,0,0.053808348101148026,0,0.49660452253101356,0,Lower score,test,held-out evaluation
T100311,CUST2032,2023-12-31 00:51:00,6.54,Entertainment,Debit Card,POS,Pune,0,103,31.21,318,No,0,0.14295754013125223,0,0.49889524274955915,0,Lower score,test,held-out evaluation
T102349,CUST3243,2023-12-31 00:54:00,0.81,Health,UPI,Desktop,Chennai,1,143,230.29,1113,No,1,0.6286292940804337,1,0.5466819872464551,1,Model review,test,held-out evaluation
T100148,CUST1301,2023-12-31 03:06:00,4.23,Utilities,PayPal,Desktop,Chennai,0,187,58.72,397,No,0,0.15685655303060828,0,0.5073580110977854,0,Lower score,test,held-out evaluation
T104383,CUST5294,2023-12-31 04:31:00,66.78,Food,PayPal,Mobile,Hyderabad,0,141,134.51,635,No,0,0.1635967493557553,1,0.4917376843131699,0,Model review,test,held-out evaluation
T102257,CUST7025,2023-12-31 05:44:00,45.03,Entertainment,NetBanking,POS,Bengaluru,0,129,178.41,1557,No,0,0.1508242024210961,0,0.4890216905578964,0,Lower score,test,held-out evaluation
T101267,CUST6185,2023-12-31 05:45:00,52.3,Grocery,UPI,Desktop,Kolkata,0,168,124.1,1019,No,0,0.09295851158864937,0,0.48602788076781206,0,Lower score,test,held-out evaluation
T102747,CUST6718,2023-12-31 07:45:00,12.72,Health,Debit Card,POS,Hyderabad,0,24,487.2,709,No,0,0.06136876416310648,0,0.5001806922263462,0,Lower score,test,held-out evaluation
T104492,CUST2041,2023-12-31 08:54:00,67.03,Travel,Credit Card,POS,Mumbai,0,12,341.36,1590,No,0,0.0559648619176958,0,0.48708154802448117,0,Lower score,test,held-out evaluation
T104104,CUST4069,2023-12-31 09:23:00,28.07,Travel,Debit Card,Desktop,Bengaluru,0,67,402.02,938,No,0,0.044932777383210186,0,0.4942217586298713,0,Lower score,test,held-out evaluation
T100716,CUST6454,2023-12-31 11:52:00,142.05,Grocery,Debit Card,POS,Kolkata,0,191,373.73,1701,No,0,0.01502570060460856,0,0.5111962221388584,0,Lower score,test,held-out evaluation
T102463,CUST5496,2023-12-31 12:42:00,67.4,Grocery,NetBanking,Desktop,Pune,0,1,10.56,1173,Yes,0,0.012024838605997519,0,0.48063125950839625,0,Lower score,test,held-out evaluation
T103833,CUST9065,2023-12-31 14:02:00,38.84,Fashion,NetBanking,Desktop,Mumbai,0,59,405.89,1736,No,0,0.016131131678301873,0,0.48819129325199634,0,Lower score,test,held-out evaluation
T101674,CUST1509,2023-12-31 15:36:00,124.86,Electronics,PayPal,Mobile,Bengaluru,0,16,262.6,1736,No,0,0.010957549994267152,0,0.49533510470299974,0,Lower score,test,held-out evaluation
T102708,CUST6178,2023-12-31 17:22:00,1.42,Food,PayPal,Desktop,Hyderabad,0,161,149.19,1928,No,0,0.01743503214441588,0,0.514533656623644,0,Lower score,test,held-out evaluation
T102888,CUST5915,2023-12-31 17:27:00,133.23,Entertainment,PayPal,POS,Bengaluru,0,120,80.34,1265,No,0,0.02414403669733761,0,0.49920172808245933,0,Lower score,test,held-out evaluation
T102719,CUST7491,2023-12-31 18:15:00,1.91,Entertainment,Debit Card,POS,Pune,0,14,104.51,48,No,0,0.020659443037291177,0,0.49927372301425366,0,Lower score,test,held-out evaluation
T102611,CUST1029,2023-12-31 19:10:00,0.31,Grocery,Debit Card,Desktop,Kolkata,0,84,474.51,683,No,0,0.018239716030933294,0,0.5076844342854004,0,Lower score,test,held-out evaluation
T103444,CUST7251,2023-12-31 20:00:00,317.56,Travel,PayPal,Mobile,Pune,0,182,447.66,74,No,0,0.045735287189088016,0,0.527097875355555,1,Anomaly review,test,held-out evaluation
T104862,CUST8422,2023-12-31 21:34:00,5.72,Travel,UPI,POS,Hyderabad,0,157,226.8,822,No,0,0.06905502823192507,0,0.5084193253437492,0,Lower score,test,held-out evaluation
T102296,CUST8978,2023-12-31 23:23:00,19.78,Travel,NetBanking,Desktop,Hyderabad,0,152,25.84,215,No,0,0.10496475986666602,0,0.4922925112553617,0,Lower score,test,held-out evaluation
T103687,CUST6640,2023-12-31 23:44:00,39.19,Health,NetBanking,Desktop,Kolkata,0,111,493.46,1311,No,0,0.08543690483865662,0,0.48514665336292784,0,Lower score,test,held-out evaluation
T102931,CUST9237,2024-01-01 02:24:00,86.54,Grocery,PayPal,Mobile,Chennai,0,11,183.44,1537,No,0,0.165412075285001,1,0.4868092203330741,0,Model review,test,held-out evaluation
T101889,CUST1825,2024-01-01 05:05:00,384.39,Utilities,PayPal,Desktop,Bengaluru,0,141,463.49,127,No,0,0.20210318932367657,1,0.5170919391186208,0,Model review,test,held-out evaluation
T101231,CUST2456,2024-01-01 05:45:00,20.9,Electronics,NetBanking,Mobile,Kolkata,0,157,91.43,614,Yes,1,0.0660906676042148,0,0.4852016059224471,0,Lower score,test,held-out evaluation
T102079,CUST4526,2024-01-01 06:34:00,118.28,Fashion,NetBanking,Mobile,Pune,0,130,81.31,1747,No,0,0.11162791192413393,0,0.4868520500307437,0,Lower score,test,held-out evaluation
T103973,CUST5776,2024-01-01 08:00:00,98.88,Grocery,PayPal,Desktop,Hyderabad,0,143,278.76,504,No,0,0.054335321916834024,0,0.484557301760001,0,Lower score,test,held-out evaluation
T100282,CUST8893,2024-01-01 08:18:00,37.67,Utilities,UPI,POS,Bengaluru,0,19,322.83,668,No,0,0.06688268725443147,0,0.4810894005069219,0,Lower score,test,held-out evaluation
T103930,CUST8604,2024-01-01 09:55:00,223.14,Health,Debit Card,Mobile,Mumbai,0,78,382.5,1468,No,0,0.04047098451008849,0,0.5054577483982248,0,Lower score,test,held-out evaluation
T102435,CUST9597,2024-01-01 10:01:00,39.48,Entertainment,UPI,Mobile,Delhi,0,158,225.94,592,No,0,0.03520302051332087,0,0.4878376338378805,0,Lower score,test,held-out evaluation
T104478,CUST8005,2024-01-01 10:02:00,72.07,Entertainment,PayPal,Mobile,Hyderabad,0,172,67.94,1232,No,0,0.03251821055793448,0,0.4919386594067855,0,Lower score,test,held-out evaluation
T102486,CUST3476,2024-01-01 12:01:00,52.84,Food,NetBanking,Mobile,Delhi,0,158,402.76,1838,No,0,0.019447702217321196,0,0.476620055775548,0,Lower score,test,held-out evaluation
T100594,CUST4054,2024-01-01 14:01:00,181.68,Grocery,UPI,POS,Kolkata,0,63,26.27,991,No,0,0.012295721299217266,0,0.5010267374237778,0,Lower score,test,held-out evaluation
T100758,CUST1740,2024-01-01 16:17:00,179.46,Electronics,NetBanking,POS,Bengaluru,0,2,128.38,1087,No,0,0.014315006906703927,0,0.48891315530039814,0,Lower score,test,held-out evaluation
T102408,CUST5352,2024-01-01 16:50:00,354.07,Travel,PayPal,Mobile,Bengaluru,0,144,406.16,1482,No,0,0.02570966207815189,0,0.5199775696656372,1,Anomaly review,test,held-out evaluation
T103213,CUST7848,2024-01-01 17:05:00,94.72,Fashion,UPI,Mobile,Bengaluru,0,177,298.68,952,No,0,0.02603531527230972,0,0.4869549285252071,0,Lower score,test,held-out evaluation
T101622,CUST7253,2024-01-01 17:22:00,66.1,Fashion,NetBanking,POS,Pune,0,199,323.47,706,No,0,0.01939245362196687,0,0.48095507796456033,0,Lower score,test,held-out evaluation
T104900,CUST6390,2024-01-01 17:26:00,0.49,Grocery,Debit Card,Desktop,Bengaluru,0,29,349.59,1895,Yes,1,0.01641523509784064,0,0.5041107748937124,0,Lower score,test,held-out evaluation
T103008,CUST9732,2024-01-01 20:34:00,89.67,Fashion,Credit Card,POS,Pune,0,173,277.99,477,No,0,0.05627144359188482,0,0.4875379709106523,0,Lower score,test,held-out evaluation
T101572,CUST3841,2024-01-01 20:51:00,106.81,Entertainment,Credit Card,Desktop,Kolkata,0,42,229.0,1215,No,0,0.04984663847979098,0,0.49554517979667073,0,Lower score,test,held-out evaluation
T100432,CUST9967,2024-01-01 21:29:00,77.03,Grocery,NetBanking,Mobile,Pune,0,4,323.19,87,No,0,0.04958788889251901,0,0.4776640513378971,0,Lower score,test,held-out evaluation
T101452,CUST9993,2024-01-01 22:36:00,162.55,Fashion,NetBanking,Desktop,Kolkata,0,41,308.98,1260,No,0,0.09678648754109792,0,0.4980796190998038,0,Lower score,test,held-out evaluation
T101796,CUST2886,2024-01-01 22:49:00,100.79,Health,Credit Card,Mobile,Mumbai,0,58,121.62,386,No,0,0.10170374631205707,0,0.4898479602342978,0,Lower score,test,held-out evaluation
T102070,CUST7527,2024-01-01 23:00:00,113.09,Health,Debit Card,Desktop,Kolkata,0,108,457.76,1382,No,0,0.08009960318898417,0,0.49035551406191896,0,Lower score,test,held-out evaluation
T102115,CUST3735,2024-01-01 23:07:00,13.2,Health,Debit Card,Desktop,Bengaluru,0,148,396.24,669,No,0,0.10288850479940272,0,0.493412319271348,0,Lower score,test,held-out evaluation
T103201,CUST1618,2024-01-02 03:43:00,55.95,Grocery,Credit Card,Mobile,Kolkata,0,192,457.4,1496,No,1,0.14484828599493577,0,0.4862255363468231,0,Lower score,test,held-out evaluation
T102981,CUST6688,2024-01-02 05:33:00,21.43,Grocery,UPI,POS,Delhi,0,60,95.38,1609,No,1,0.13520015683599276,0,0.48839845624285033,0,Lower score,test,held-out evaluation
T102269,CUST1672,2024-01-02 06:08:00,57.45,Fashion,Credit Card,Desktop,Mumbai,0,41,142.55,1476,No,0,0.17001439244313235,1,0.47936473376667105,0,Model review,test,held-out evaluation
T102668,CUST2694,2024-01-02 06:23:00,107.34,Food,NetBanking,Desktop,Delhi,0,198,76.52,824,No,0,0.14359308809055055,0,0.4836597744490668,0,Lower score,test,held-out evaluation
T101777,CUST2721,2024-01-02 10:16:00,46.04,Food,Credit Card,Desktop,Delhi,1,56,348.95,199,No,0,0.2786055079802333,1,0.5224410794676044,1,Model review,test,held-out evaluation
T104414,CUST6321,2024-01-02 15:02:00,42.32,Entertainment,Debit Card,POS,Bengaluru,0,57,79.73,567,Yes,0,0.0203072086041865,0,0.4773922733868464,0,Lower score,test,held-out evaluation
T100523,CUST5301,2024-01-02 15:03:00,147.67,Health,Credit Card,Mobile,Pune,0,125,64.36,498,No,0,0.014947886941092977,0,0.4969688872438576,0,Lower score,test,held-out evaluation
T101277,CUST4530,2024-01-02 16:41:00,345.37,Health,Credit Card,POS,Hyderabad,0,125,43.83,57,No,0,0.027205808651106996,0,0.5207661293650279,1,Anomaly review,test,held-out evaluation
T101887,CUST2944,2024-01-02 21:21:00,22.66,Electronics,NetBanking,POS,Bengaluru,0,198,53.87,97,No,0,0.05850495020834944,0,0.4779148722301493,0,Lower score,test,held-out evaluation
T101273,CUST7326,2024-01-02 21:33:00,3.23,Electronics,Credit Card,POS,Mumbai,0,191,112.14,1239,No,0,0.059936960836192245,0,0.4934650053606908,0,Lower score,test,held-out evaluation
T101370,CUST4775,2024-01-02 22:05:00,284.33,Travel,PayPal,POS,Hyderabad,1,13,335.77,1313,No,0,0.5518632214193,1,0.5471764596487954,1,Model review,test,held-out evaluation
T102760,CUST8352,2024-01-02 22:12:00,12.75,Grocery,UPI,Mobile,Mumbai,0,45,111.94,399,No,0,0.09005482606331655,0,0.48667771049822645,0,Lower score,test,held-out evaluation
T101110,CUST3919,2024-01-02 23:35:00,135.35,Food,Credit Card,Mobile,Mumbai,0,178,164.5,329,No,0,0.19176783512283677,1,0.47908283043533956,0,Model review,test,held-out evaluation
T103834,CUST3647,2024-01-03 00:03:00,49.17,Travel,Debit Card,Mobile,Pune,0,72,331.24,1428,No,0,0.13442779034427876,0,0.4882637157497304,0,Lower score,test,held-out evaluation
T104650,CUST3548,2024-01-03 00:33:00,4.41,Travel,UPI,Desktop,Pune,0,189,403.43,1055,No,0,0.15164536510663454,0,0.5009972578802262,0,Lower score,test,held-out evaluation
T102986,CUST2367,2024-01-03 06:59:00,4.24,Electronics,NetBanking,POS,Bengaluru,0,83,270.74,315,No,0,0.080046622970008,0,0.48628944560656046,0,Lower score,test,held-out evaluation
T101737,CUST7441,2024-01-03 08:24:00,17.32,Entertainment,NetBanking,POS,Mumbai,0,95,321.13,401,No,0,0.07259142777357981,0,0.4869687502543142,0,Lower score,test,held-out evaluation
T104397,CUST2384,2024-01-03 08:40:00,6.43,Health,Credit Card,Desktop,Bengaluru,0,58,410.48,1011,No,0,0.05998540483694191,0,0.49155142661579115,0,Lower score,test,held-out evaluation
T103194,CUST2614,2024-01-03 09:01:00,35.01,Fashion,Debit Card,POS,Pune,0,169,280.78,1725,No,0,0.05669142771358348,0,0.48360834550277443,0,Lower score,test,held-out evaluation
T102544,CUST1019,2024-01-03 09:27:00,7.42,Food,Credit Card,Desktop,Mumbai,0,85,25.61,183,No,0,0.05525408038376689,0,0.49217704125923245,0,Lower score,test,held-out evaluation
T101175,CUST7814,2024-01-03 19:55:00,62.12,Health,PayPal,Desktop,Bengaluru,0,62,165.57,1736,Yes,1,0.04195875026782928,0,0.48876083793987884,0,Lower score,test,held-out evaluation
T102936,CUST2943,2024-01-03 20:17:00,121.36,Travel,Debit Card,Desktop,Hyderabad,0,92,230.3,647,No,0,0.05407170559027008,0,0.4871661163034978,0,Lower score,test,held-out evaluation
T101040,CUST9571,2024-01-03 22:12:00,62.03,Grocery,Debit Card,Desktop,Hyderabad,0,56,266.31,795,No,0,0.0808606611180586,0,0.4787310547451961,0,Lower score,test,held-out evaluation
T103842,CUST2687,2024-01-03 22:14:00,51.64,Utilities,NetBanking,POS,Mumbai,0,87,323.79,1407,No,0,0.09159523544948371,0,0.47375226638101947,0,Lower score,test,held-out evaluation
T100411,CUST5040,2024-01-03 22:46:00,239.76,Food,UPI,Desktop,Delhi,0,98,316.99,1385,No,0,0.16383762926949788,1,0.5018777645656799,0,Model review,test,held-out evaluation
T103478,CUST4543,2024-01-04 07:12:00,53.63,Food,Credit Card,Desktop,Kolkata,0,95,203.57,1607,No,0,0.074280709154992,0,0.4724417423785947,0,Lower score,test,held-out evaluation
T101682,CUST7388,2024-01-04 07:55:00,81.95,Grocery,NetBanking,Mobile,Mumbai,0,84,252.05,1814,No,0,0.056544842516554956,0,0.47777800561994355,0,Lower score,test,held-out evaluation
T101640,CUST3865,2024-01-04 09:00:00,62.11,Health,NetBanking,Mobile,Delhi,0,12,328.32,1026,No,0,0.03511082539661308,0,0.47692695003090846,0,Lower score,test,held-out evaluation
T103709,CUST4671,2024-01-04 09:51:00,264.53,Health,UPI,POS,Bengaluru,0,173,408.34,541,No,0,0.04959689423424329,0,0.5199475220200215,1,Anomaly review,test,held-out evaluation
T101325,CUST2168,2024-01-04 10:23:00,32.87,Health,PayPal,POS,Delhi,0,128,231.19,142,No,0,0.02080635400817071,0,0.48158028937527886,0,Lower score,test,held-out evaluation
T104305,CUST4159,2024-01-04 13:01:00,6.69,Grocery,NetBanking,Desktop,Kolkata,0,162,306.79,546,No,0,0.008424079641106629,0,0.48681583220130936,0,Lower score,test,held-out evaluation
T100690,CUST1269,2024-01-04 15:56:00,31.29,Fashion,Credit Card,POS,Hyderabad,0,29,91.44,1358,No,0,0.0156734422650374,0,0.4764191316597377,0,Lower score,test,held-out evaluation
T101001,CUST7717,2024-01-04 20:02:00,62.45,Travel,UPI,POS,Delhi,0,123,124.22,525,No,0,0.039029582152549154,0,0.4912595195781098,0,Lower score,test,held-out evaluation
T100687,CUST8911,2024-01-04 22:58:00,26.28,Food,Debit Card,Desktop,Kolkata,0,61,184.31,911,No,0,0.08361962941443203,0,0.48092790976042255,0,Lower score,test,held-out evaluation
T100362,CUST8224,2024-01-04 23:53:00,49.04,Utilities,UPI,POS,Hyderabad,0,181,250.95,884,No,0,0.11750752610895451,0,0.4840183115744207,0,Lower score,test,held-out evaluation
T104368,CUST3862,2024-01-05 01:52:00,14.27,Food,Debit Card,POS,Mumbai,0,30,153.01,1839,Yes,1,0.14946360030065717,0,0.4879501345470132,0,Lower score,test,held-out evaluation
T104674,CUST2315,2024-01-05 02:22:00,41.91,Travel,NetBanking,Desktop,Hyderabad,0,74,257.6,1441,No,0,0.12329439469523658,0,0.48449988474988803,0,Lower score,test,held-out evaluation
T101908,CUST7016,2024-01-05 06:29:00,31.67,Electronics,UPI,Mobile,Bengaluru,0,177,139.84,1540,No,0,0.06365106740426993,0,0.48712560311470654,0,Lower score,test,held-out evaluation
T101981,CUST6879,2024-01-05 07:50:00,129.82,Fashion,Debit Card,POS,Chennai,0,149,19.13,943,No,0,0.07676077424882456,0,0.4937874937978748,0,Lower score,test,held-out evaluation
T102518,CUST2049,2024-01-05 10:49:00,93.11,Electronics,Debit Card,Mobile,Bengaluru,0,133,134.03,1134,No,0,0.015172717110298481,0,0.48224519677598815,0,Lower score,test,held-out evaluation
T101906,CUST8649,2024-01-05 11:33:00,253.75,Electronics,Credit Card,Desktop,Bengaluru,0,103,53.08,530,No,0,0.016294021228895932,0,0.5018476922840449,0,Lower score,test,held-out evaluation
T100987,CUST4512,2024-01-05 12:02:00,45.65,Travel,Credit Card,Desktop,Delhi,0,179,111.85,126,No,0,0.012542834474183586,0,0.4814960503275404,0,Lower score,test,held-out evaluation
T102626,CUST5000,2024-01-05 12:37:00,7.48,Utilities,NetBanking,POS,Pune,0,189,402.25,285,No,0,0.008635380986854294,0,0.48496737914819604,0,Lower score,test,held-out evaluation
T104986,CUST8236,2024-01-05 16:43:00,104.19,Health,UPI,POS,Mumbai,0,117,89.27,1171,No,0,0.012820380795193336,0,0.4883923589006878,0,Lower score,test,held-out evaluation
T102560,CUST2708,2024-01-05 17:47:00,126.59,Utilities,UPI,POS,Bengaluru,0,4,396.08,1782,No,0,0.018099059868932017,0,0.49289504899390824,0,Lower score,test,held-out evaluation
T100740,CUST4200,2024-01-05 19:21:00,49.69,Electronics,Credit Card,POS,Bengaluru,0,146,244.7,1236,No,0,0.01921949660962129,0,0.4824326225826026,0,Lower score,test,held-out evaluation
T104339,CUST5652,2024-01-05 23:07:00,19.5,Grocery,Debit Card,Mobile,Delhi,0,41,274.21,1347,No,0,0.058897680877050856,0,0.4887166296478376,0,Lower score,test,held-out evaluation
T101048,CUST8497,2024-01-05 23:26:00,163.28,Entertainment,Credit Card,Desktop,Bengaluru,0,127,398.76,1267,No,0,0.12230387977638119,0,0.49939550946114153,0,Lower score,test,held-out evaluation
T101555,CUST2743,2024-01-06 00:32:00,19.07,Electronics,UPI,POS,Kolkata,1,189,231.84,1479,No,0,0.4323622864066505,1,0.529327816431915,1,Model review,test,held-out evaluation
T100804,CUST4020,2024-01-06 03:28:00,44.15,Travel,Debit Card,Desktop,Delhi,0,33,96.16,183,No,0,0.14090612248349135,0,0.48925125972319433,0,Lower score,test,held-out evaluation
T101389,CUST9321,2024-01-06 03:47:00,48.38,Food,UPI,POS,Kolkata,0,105,60.74,441,No,0,0.15078790537301617,0,0.506361724767775,0,Lower score,test,held-out evaluation
T104824,CUST9002,2024-01-06 04:46:00,62.92,Fashion,Debit Card,Desktop,Mumbai,0,111,109.66,731,No,0,0.1609243503863906,1,0.4800234178548367,0,Model review,test,held-out evaluation
T102729,CUST4048,2024-01-06 05:34:00,52.94,Food,PayPal,Mobile,Pune,0,33,409.89,477,No,0,0.10648580266987716,0,0.493417293152355,0,Lower score,test,held-out evaluation
T102212,CUST2550,2024-01-06 09:19:00,1.45,Utilities,UPI,POS,Hyderabad,0,37,477.16,58,No,0,0.03312210904832363,0,0.5252999407981342,1,Anomaly review,test,held-out evaluation
T103120,CUST7173,2024-01-06 11:20:00,25.27,Grocery,Credit Card,Mobile,Hyderabad,1,112,130.89,433,Yes,0,0.1247447729215809,0,0.5336494508463487,1,Anomaly review,test,held-out evaluation
T103837,CUST4773,2024-01-06 12:02:00,10.1,Health,NetBanking,POS,Bengaluru,0,68,300.03,651,No,0,0.01529512673755865,0,0.4961778240186058,0,Lower score,test,held-out evaluation
T102972,CUST5837,2024-01-06 12:15:00,123.42,Food,Debit Card,Mobile,Hyderabad,0,16,339.65,1765,No,0,0.018781556350535602,0,0.4967403234983413,0,Lower score,test,held-out evaluation
T103840,CUST6698,2024-01-06 13:09:00,60.67,Fashion,PayPal,Desktop,Chennai,0,146,286.34,273,No,0,0.016057662600474018,0,0.48848726508743656,0,Lower score,test,held-out evaluation
T102997,CUST4151,2024-01-06 13:26:00,29.66,Food,PayPal,Desktop,Pune,0,158,258.18,641,No,0,0.011232594869864913,0,0.4951504527160333,0,Lower score,test,held-out evaluation
T101482,CUST6917,2024-01-06 16:04:00,62.91,Entertainment,UPI,Desktop,Bengaluru,0,81,371.01,529,No,0,0.016740074986701114,0,0.500005520403466,0,Lower score,test,held-out evaluation
T102596,CUST8984,2024-01-06 16:35:00,25.33,Utilities,Debit Card,Mobile,Mumbai,0,198,189.5,443,No,0,0.011833927608701247,0,0.49009304047335384,0,Lower score,test,held-out evaluation
T103160,CUST4345,2024-01-06 17:25:00,46.95,Electronics,Credit Card,Mobile,Mumbai,0,69,269.17,221,No,0,0.011684835822839293,0,0.4912436519752895,0,Lower score,test,held-out evaluation
T102424,CUST4985,2024-01-06 18:19:00,27.31,Utilities,Debit Card,Mobile,Hyderabad,0,95,349.29,1639,No,0,0.01639732976633695,0,0.4963313827309699,0,Lower score,test,held-out evaluation
T103106,CUST6955,2024-01-06 19:34:00,102.83,Fashion,NetBanking,Mobile,Kolkata,0,120,321.63,230,Yes,0,0.027689652162235946,0,0.48926616946650975,0,Lower score,test,held-out evaluation
T102328,CUST4388,2024-01-06 19:37:00,80.94,Fashion,Credit Card,Mobile,Bengaluru,0,92,417.19,1907,No,0,0.04225209939869397,0,0.4890711603089647,0,Lower score,test,held-out evaluation
T101022,CUST7959,2024-01-06 21:48:00,206.58,Electronics,NetBanking,Mobile,Pune,0,92,185.01,1631,No,0,0.046794396284899134,0,0.5018860595701062,0,Lower score,test,held-out evaluation
T103439,CUST2928,2024-01-06 22:59:00,211.76,Utilities,Credit Card,Mobile,Hyderabad,0,124,353.8,945,No,0,0.10001833048300475,0,0.5011843726221875,0,Lower score,test,held-out evaluation
T101723,CUST5454,2024-01-06 23:24:00,8.52,Food,Debit Card,Mobile,Chennai,0,124,159.43,308,No,0,0.12098458085318818,0,0.503662416402354,0,Lower score,test,held-out evaluation
T102959,CUST8032,2024-01-06 23:53:00,131.63,Utilities,Credit Card,Desktop,Kolkata,0,178,305.83,613,No,0,0.09231210595152807,0,0.4969542370851027,0,Lower score,test,held-out evaluation
T102836,CUST6917,2024-01-07 01:31:00,399.92,Food,UPI,POS,Hyderabad,1,51,314.28,1975,No,1,0.7940209276624306,1,0.5739033555214462,1,Model review,test,held-out evaluation
T100947,CUST9846,2024-01-07 09:19:00,184.22,Food,Debit Card,POS,Chennai,0,104,90.11,1451,No,0,0.06892182829947877,0,0.5119938118197461,0,Lower score,test,held-out evaluation
T104219,CUST8582,2024-01-07 11:02:00,23.26,Fashion,PayPal,Desktop,Pune,0,38,134.75,742,No,0,0.021999678145060625,0,0.4952622889289968,0,Lower score,test,held-out evaluation
T104625,CUST4829,2024-01-07 11:42:00,91.79,Travel,NetBanking,Desktop,Delhi,0,151,227.05,1838,No,0,0.019261562194583633,0,0.49643548735559445,0,Lower score,test,held-out evaluation
T101397,CUST1618,2024-01-07 14:40:00,22.88,Travel,Credit Card,POS,Mumbai,0,180,326.62,424,No,0,0.014453637776572851,0,0.4867390276467797,0,Lower score,test,held-out evaluation
T102007,CUST7623,2024-01-07 17:42:00,119.94,Utilities,Debit Card,POS,Kolkata,0,102,481.34,708,No,0,0.015502844126534259,0,0.5017075311624657,0,Lower score,test,held-out evaluation
T101745,CUST1455,2024-01-07 23:55:00,52.52,Grocery,Credit Card,Desktop,Hyderabad,0,38,395.5,238,No,0,0.1136718531513895,0,0.5003381173918915,0,Lower score,test,held-out evaluation
T103192,CUST9340,2024-01-08 01:27:00,244.29,Health,PayPal,Desktop,Kolkata,0,3,89.73,1228,No,0,0.14190238498440289,0,0.5233205002340466,1,Anomaly review,test,held-out evaluation
T103379,CUST6958,2024-01-08 02:29:00,96.04,Food,NetBanking,POS,Hyderabad,0,54,25.49,369,Yes,1,0.20879062726458925,1,0.49023401054681776,0,Model review,test,held-out evaluation
T103722,CUST5253,2024-01-08 03:26:00,219.27,Health,Debit Card,Mobile,Chennai,0,76,401.7,1220,No,1,0.21272929730513948,1,0.5122113146972979,0,Model review,test,held-out evaluation
T103361,CUST3572,2024-01-08 05:34:00,25.39,Electronics,UPI,POS,Kolkata,0,22,27.88,180,No,1,0.0807095935184704,0,0.48594840728234917,0,Lower score,test,held-out evaluation
T104066,CUST2184,2024-01-08 05:35:00,10.77,Electronics,NetBanking,POS,Chennai,0,56,94.31,1028,No,0,0.10188484804515809,0,0.4818159591843143,0,Lower score,test,held-out evaluation
T104242,CUST7404,2024-01-08 07:43:00,112.93,Grocery,NetBanking,POS,Kolkata,0,160,128.39,1090,No,0,0.05374411040397777,0,0.48364468102724417,0,Lower score,test,held-out evaluation
T100220,CUST4229,2024-01-08 08:00:00,85.75,Food,NetBanking,Desktop,Chennai,0,168,389.01,1800,No,0,0.08844231119796073,0,0.4792980080461422,0,Lower score,test,held-out evaluation
T102589,CUST9032,2024-01-08 09:04:00,100.13,Food,UPI,Mobile,Chennai,0,155,347.3,1247,No,0,0.06937782364636004,0,0.4945183104151813,0,Lower score,test,held-out evaluation
T102542,CUST3894,2024-01-08 11:22:00,149.62,Electronics,UPI,POS,Kolkata,0,99,418.37,425,No,0,0.015508526785402944,0,0.49586422264564506,0,Lower score,test,held-out evaluation
T103649,CUST1529,2024-01-08 13:07:00,617.88,Food,UPI,POS,Bengaluru,0,84,314.26,1133,No,1,0.049914381542651036,0,0.5323713616605468,1,Anomaly review,test,held-out evaluation
T101603,CUST7462,2024-01-08 22:57:00,35.08,Food,Debit Card,Desktop,Pune,0,196,40.08,1256,No,0,0.1025258348188796,0,0.47877597556844365,0,Lower score,test,held-out evaluation
T104002,CUST7062,2024-01-08 23:05:00,114.22,Travel,Debit Card,Desktop,Pune,0,150,336.51,457,No,0,0.10261949299058085,0,0.48686279787460673,0,Lower score,test,held-out evaluation
T102751,CUST8574,2024-01-08 23:31:00,89.7,Entertainment,PayPal,Mobile,Kolkata,0,143,340.99,35,No,0,0.09712487787397395,0,0.5032218015084916,0,Lower score,test,held-out evaluation
T101969,CUST2958,2024-01-09 02:46:00,2.12,Electronics,Credit Card,POS,Kolkata,0,74,417.57,349,No,1,0.12291730495733086,0,0.5005698956482294,0,Lower score,test,held-out evaluation
T100482,CUST6719,2024-01-09 04:40:00,48.49,Travel,PayPal,POS,Hyderabad,0,116,127.95,619,No,1,0.16916929402265962,1,0.4833185455558003,0,Model review,test,held-out evaluation
T100786,CUST5476,2024-01-09 05:33:00,70.05,Health,Credit Card,Desktop,Pune,0,17,101.68,1440,No,1,0.13246263617240778,0,0.4838454270926199,0,Lower score,test,held-out evaluation
T104268,CUST6264,2024-01-09 05:43:00,134.44,Utilities,PayPal,Mobile,Pune,0,134,231.43,1167,No,0,0.12336461224630799,0,0.49251413290988316,0,Lower score,test,held-out evaluation
T100306,CUST1938,2024-01-09 05:44:00,58.1,Utilities,NetBanking,Desktop,Pune,0,54,72.81,1778,No,0,0.11891303205754238,0,0.47059601853315663,0,Lower score,test,held-out evaluation
T102119,CUST3928,2024-01-09 05:50:00,171.25,Utilities,UPI,POS,Hyderabad,0,167,104.93,1611,Yes,0,0.1669179278069435,1,0.49557941152566315,0,Model review,test,held-out evaluation
T103472,CUST9721,2024-01-09 08:52:00,75.27,Electronics,Debit Card,Desktop,Delhi,0,166,281.12,1918,No,0,0.04011028116137261,0,0.48615909654232103,0,Lower score,test,held-out evaluation
T100863,CUST3060,2024-01-09 09:32:00,46.49,Entertainment,Credit Card,Desktop,Delhi,0,179,424.24,1429,No,0,0.04863724649277768,0,0.4850452471688062,0,Lower score,test,held-out evaluation
T102315,CUST4846,2024-01-09 16:00:00,11.28,Entertainment,UPI,Mobile,Chennai,0,82,79.22,1528,No,0,0.021666808097710523,0,0.5009295858037413,0,Lower score,test,held-out evaluation
T101408,CUST2047,2024-01-09 16:23:00,70.43,Travel,Debit Card,Desktop,Bengaluru,0,63,404.75,1265,No,0,0.021220264588182037,0,0.48916220832233037,0,Lower score,test,held-out evaluation
T100132,CUST6348,2024-01-09 19:08:00,10.21,Fashion,NetBanking,Desktop,Chennai,0,65,166.01,1148,No,0,0.043854407532212314,0,0.48298279038734837,0,Lower score,test,held-out evaluation
T101720,CUST4870,2024-01-09 20:01:00,12.28,Health,PayPal,Desktop,Kolkata,0,134,160.21,122,No,0,0.028867246438046373,0,0.49185257579835884,0,Lower score,test,held-out evaluation
T104688,CUST8183,2024-01-09 21:23:00,62.87,Grocery,NetBanking,POS,Delhi,0,21,280.97,247,No,0,0.06238868602994772,0,0.4774321471810906,0,Lower score,test,held-out evaluation
T100641,CUST5766,2024-01-09 22:48:00,31.1,Electronics,Debit Card,POS,Kolkata,0,131,288.76,1244,No,0,0.0667283105037881,0,0.4843227638886047,0,Lower score,test,held-out evaluation
T103450,CUST7490,2024-01-10 01:24:00,48.52,Food,PayPal,POS,Chennai,0,60,373.91,252,No,1,0.2261609406707356,1,0.47070540405061645,0,Model review,test,held-out evaluation
T102410,CUST3536,2024-01-10 02:05:00,93.25,Grocery,PayPal,Mobile,Hyderabad,0,42,102.81,1802,No,0,0.1636101191406026,1,0.4840628305802664,0,Model review,test,held-out evaluation
T100904,CUST7827,2024-01-10 02:46:00,43.77,Health,Credit Card,Desktop,Mumbai,1,183,335.46,1257,No,0,0.6848778032318495,1,0.5122408844162866,0,Model review,test,held-out evaluation
T101162,CUST5158,2024-01-10 03:22:00,32.65,Travel,PayPal,Desktop,Kolkata,0,56,117.02,526,No,0,0.1450491065274996,0,0.4903825113139673,0,Lower score,test,held-out evaluation
T104642,CUST5964,2024-01-10 06:57:00,156.44,Electronics,NetBanking,Mobile,Mumbai,0,11,189.5,1477,Yes,1,0.08817020291475824,0,0.4881059173232847,0,Lower score,test,held-out evaluation
T101704,CUST4510,2024-01-10 07:19:00,46.32,Fashion,Debit Card,POS,Hyderabad,0,74,117.66,1581,No,0,0.11040357165676444,0,0.47468875105455016,0,Lower score,test,held-out evaluation
T101419,CUST6117,2024-01-10 08:01:00,217.3,Entertainment,UPI,Mobile,Chennai,0,101,376.83,225,No,0,0.12240664721295445,0,0.5170298117358783,0,Lower score,test,held-out evaluation
T103999,CUST9728,2024-01-10 09:50:00,14.08,Electronics,Debit Card,POS,Kolkata,0,152,392.95,435,No,0,0.021995846337612913,0,0.48380797945952403,0,Lower score,test,held-out evaluation
T100519,CUST3512,2024-01-10 14:33:00,13.04,Fashion,UPI,Mobile,Delhi,0,4,166.82,1710,No,0,0.017282000515192655,0,0.48504476982556377,0,Lower score,test,held-out evaluation
T102444,CUST3159,2024-01-10 19:24:00,46.45,Fashion,Credit Card,Desktop,Pune,0,139,99.92,1602,No,0,0.03992522610931614,0,0.47899042755695026,0,Lower score,test,held-out evaluation
T102914,CUST9503,2024-01-10 19:46:00,20.32,Travel,Debit Card,Mobile,Mumbai,0,47,294.08,1640,No,0,0.0418747542012836,0,0.4853410624624336,0,Lower score,test,held-out evaluation
T103463,CUST3347,2024-01-10 21:49:00,73.16,Travel,Debit Card,Mobile,Pune,0,127,455.97,463,No,0,0.07594709438458871,0,0.49286024157969005,0,Lower score,test,held-out evaluation
T102843,CUST3222,2024-01-10 21:53:00,241.16,Fashion,Debit Card,Desktop,Kolkata,0,24,197.2,144,No,0,0.10153880002409292,0,0.51026246789504,0,Lower score,test,held-out evaluation
T103172,CUST7962,2024-01-11 03:02:00,13.9,Travel,NetBanking,POS,Mumbai,1,165,23.05,402,No,1,0.6404246949647142,1,0.521513252203922,1,Model review,test,held-out evaluation
T102905,CUST9240,2024-01-11 03:21:00,4.49,Health,NetBanking,Desktop,Kolkata,0,18,40.4,1106,No,0,0.10763531898740256,0,0.48908883998238295,0,Lower score,test,held-out evaluation
T100870,CUST6694,2024-01-11 10:12:00,37.38,Food,Credit Card,POS,Pune,0,47,301.44,1675,No,0,0.031095578682529754,0,0.47707800175788456,0,Lower score,test,held-out evaluation
T100449,CUST6227,2024-01-11 13:48:00,6.98,Travel,PayPal,POS,Mumbai,0,179,286.8,423,No,0,0.011935451286455631,0,0.4965826557140157,0,Lower score,test,held-out evaluation
T103887,CUST9606,2024-01-11 14:05:00,80.72,Entertainment,Debit Card,Mobile,Bengaluru,0,5,52.74,1830,No,0,0.015744480233151507,0,0.47845027765187886,0,Lower score,test,held-out evaluation
T102776,CUST4631,2024-01-11 15:31:00,3.59,Grocery,PayPal,Mobile,Hyderabad,0,6,48.36,1777,No,0,0.008764405065918834,0,0.5011664426764605,0,Lower score,test,held-out evaluation
T104353,CUST1803,2024-01-11 23:16:00,253.5,Health,UPI,POS,Delhi,0,166,194.13,1487,No,0,0.12598027586892566,0,0.5111272921864762,0,Lower score,test,held-out evaluation
T104360,CUST2885,2024-01-12 01:27:00,4.91,Electronics,Credit Card,POS,Kolkata,0,103,298.95,1489,No,0,0.07002723710903692,0,0.4957093467323354,0,Lower score,test,held-out evaluation
T104271,CUST9137,2024-01-12 01:32:00,247.32,Travel,NetBanking,POS,Pune,0,86,92.6,854,No,0,0.14298330707218296,0,0.5153881119464182,0,Lower score,test,held-out evaluation
T103297,CUST4113,2024-01-12 04:02:00,6.16,Electronics,Credit Card,Desktop,Pune,0,133,359.53,470,No,1,0.07644807003199694,0,0.49245629190095813,0,Lower score,test,held-out evaluation
T104785,CUST4374,2024-01-12 05:34:00,37.84,Health,Debit Card,Mobile,Pune,0,183,266.9,1842,No,0,0.07385187670403034,0,0.4847354968203636,0,Lower score,test,held-out evaluation
T101242,CUST8944,2024-01-12 06:47:00,117.9,Travel,NetBanking,Mobile,Kolkata,0,192,12.87,1090,No,0,0.05793522918319556,0,0.4938769459150111,0,Lower score,test,held-out evaluation
T103399,CUST6978,2024-01-12 11:43:00,68.77,Electronics,PayPal,POS,Hyderabad,0,157,226.95,1159,No,0,0.009406072464288668,0,0.4825779483059415,0,Lower score,test,held-out evaluation
T101826,CUST5372,2024-01-12 11:55:00,3.43,Food,NetBanking,POS,Chennai,0,186,305.83,1275,No,0,0.016946690204105684,0,0.48669931313547926,0,Lower score,test,held-out evaluation
T101858,CUST8734,2024-01-12 13:27:00,147.61,Food,PayPal,POS,Hyderabad,0,29,297.39,1893,No,0,0.012666648988876886,0,0.4924679505643228,0,Lower score,test,held-out evaluation
T102516,CUST9982,2024-01-12 14:19:00,1.54,Entertainment,Credit Card,Desktop,Bengaluru,0,94,300.78,1787,No,0,0.011221324916149973,0,0.49428902794675733,0,Lower score,test,held-out evaluation
T100346,CUST6639,2024-01-12 19:21:00,80.65,Electronics,NetBanking,Mobile,Kolkata,0,99,381.75,997,No,0,0.012245705448023118,0,0.4768125484369288,0,Lower score,test,held-out evaluation
T102655,CUST2293,2024-01-13 00:49:00,43.1,Travel,UPI,Desktop,Bengaluru,0,105,80.04,1661,No,0,0.15884050365004798,0,0.49949218658055383,0,Lower score,test,held-out evaluation
T104854,CUST3105,2024-01-13 05:17:00,79.04,Travel,NetBanking,Desktop,Delhi,0,64,475.19,1802,No,0,0.11414280371220607,0,0.4951775175856094,0,Lower score,test,held-out evaluation
T103424,CUST2612,2024-01-13 05:41:00,145.18,Health,PayPal,POS,Delhi,1,89,222.21,426,No,1,0.5026037019507114,1,0.534111654136751,1,Model review,test,held-out evaluation
T101936,CUST3162,2024-01-13 06:40:00,25.16,Fashion,Debit Card,Desktop,Delhi,0,113,38.54,1145,No,0,0.09029865203921043,0,0.48892053547043185,0,Lower score,test,held-out evaluation
T103596,CUST9077,2024-01-13 08:04:00,20.89,Travel,NetBanking,Mobile,Kolkata,0,170,270.48,1424,No,0,0.04016243590948126,0,0.492727765530325,0,Lower score,test,held-out evaluation
T100942,CUST1014,2024-01-13 09:19:00,84.31,Utilities,NetBanking,POS,Bengaluru,0,164,157.95,791,No,0,0.038945370088530155,0,0.48714671858537245,0,Lower score,test,held-out evaluation
T101838,CUST1636,2024-01-13 09:42:00,210.58,Electronics,NetBanking,POS,Delhi,1,114,464.27,1460,No,1,0.1952359057218267,1,0.5441317484582313,1,Model review,test,held-out evaluation
T103389,CUST7508,2024-01-13 14:27:00,87.93,Food,NetBanking,POS,Hyderabad,0,171,493.25,800,No,0,0.013871015985389803,0,0.4935136215627752,0,Lower score,test,held-out evaluation
T102106,CUST5863,2024-01-13 15:55:00,155.69,Fashion,UPI,Desktop,Delhi,0,43,271.21,738,No,0,0.016770825641210362,0,0.5076901299871679,0,Lower score,test,held-out evaluation
T101089,CUST7950,2024-01-13 17:01:00,21.08,Grocery,Credit Card,POS,Pune,0,13,246.78,1073,No,0,0.011085871525355393,0,0.49883201362458846,0,Lower score,test,held-out evaluation
T104859,CUST9550,2024-01-13 17:32:00,174.76,Entertainment,Debit Card,Mobile,Bengaluru,0,5,43.43,1185,No,0,0.023197087299210183,0,0.5025933273008963,0,Lower score,test,held-out evaluation
T100504,CUST6915,2024-01-13 20:22:00,92.35,Health,PayPal,Mobile,Bengaluru,0,137,462.61,1098,No,0,0.03736336415907998,0,0.4986897544806,0,Lower score,test,held-out evaluation
T101413,CUST8675,2024-01-13 20:49:00,4.7,Electronics,Credit Card,Desktop,Kolkata,0,80,185.15,1817,No,0,0.023784203327821676,0,0.4962156003541411,0,Lower score,test,held-out evaluation
T101942,CUST2923,2024-01-13 23:05:00,122.93,Utilities,NetBanking,Mobile,Hyderabad,0,175,102.94,938,No,0,0.08622113783033396,0,0.48836429498409717,0,Lower score,test,held-out evaluation
T104163,CUST6510,2024-01-14 02:27:00,38.24,Fashion,NetBanking,Desktop,Mumbai,0,163,86.23,724,No,0,0.20225230309845899,1,0.49458579017262644,0,Model review,test,held-out evaluation
T101105,CUST1931,2024-01-14 02:42:00,15.28,Fashion,PayPal,Desktop,Delhi,1,97,340.04,569,No,0,0.6476236757671167,1,0.5390046224508035,1,Model review,test,held-out evaluation
T100005,CUST2962,2024-01-14 03:15:00,13.57,Travel,Credit Card,Mobile,Mumbai,0,64,207.8,1513,No,0,0.17787224122205267,1,0.5028696380526649,0,Model review,test,held-out evaluation
T102157,CUST7962,2024-01-14 03:50:00,34.21,Health,NetBanking,POS,Delhi,1,132,347.48,564,No,0,0.5984317042316404,1,0.5237238011954598,1,Model review,test,held-out evaluation
T100334,CUST8346,2024-01-14 04:53:00,3.77,Entertainment,NetBanking,Mobile,Delhi,0,126,336.17,389,No,0,0.1351041127286024,0,0.5023277887221204,0,Lower score,test,held-out evaluation
T100370,CUST6576,2024-01-14 05:30:00,8.5,Food,PayPal,POS,Delhi,0,47,263.04,1888,No,0,0.12838052788918403,0,0.5049061234622986,0,Lower score,test,held-out evaluation
T100353,CUST5000,2024-01-14 09:49:00,14.23,Electronics,UPI,Desktop,Pune,0,64,60.3,1601,No,0,0.022562500979137052,0,0.48784190806218647,0,Lower score,test,held-out evaluation
T101932,CUST3624,2024-01-14 10:59:00,65.8,Entertainment,NetBanking,Desktop,Hyderabad,0,9,104.76,150,No,0,0.025617046505149208,0,0.5066278561762694,0,Lower score,test,held-out evaluation
T104996,CUST6007,2024-01-14 16:42:00,10.17,Fashion,Credit Card,Desktop,Chennai,0,128,477.24,441,No,0,0.02078066033809562,0,0.49930792018839115,0,Lower score,test,held-out evaluation
T103755,CUST7862,2024-01-14 17:22:00,16.92,Health,NetBanking,Mobile,Chennai,0,38,335.89,240,No,0,0.016831298616800574,0,0.4912587429567042,0,Lower score,test,held-out evaluation
T100636,CUST8105,2024-01-14 21:31:00,60.85,Utilities,Debit Card,POS,Delhi,0,24,465.18,348,No,0,0.05799378030347772,0,0.4894572919209768,0,Lower score,test,held-out evaluation
T102893,CUST8585,2024-01-15 00:49:00,85.06,Health,Debit Card,Mobile,Kolkata,1,101,285.79,1623,No,1,0.5367209367176659,1,0.5256945363779213,1,Model review,test,held-out evaluation
T104317,CUST9112,2024-01-15 03:17:00,3.29,Electronics,UPI,POS,Pune,0,24,327.34,1168,No,0,0.11982904737199608,0,0.49457728347126884,0,Lower score,test,held-out evaluation
T100305,CUST8185,2024-01-15 04:57:00,297.88,Entertainment,PayPal,POS,Delhi,1,120,252.02,1327,No,0,0.6796877883564231,1,0.5532878701364031,1,Model review,test,held-out evaluation
T103714,CUST8238,2024-01-15 06:29:00,369.29,Health,UPI,Mobile,Hyderabad,0,185,13.02,616,No,0,0.1478382427589509,0,0.525238207949045,1,Anomaly review,test,held-out evaluation
T101988,CUST1020,2024-01-15 06:44:00,45.94,Health,NetBanking,POS,Kolkata,0,130,31.78,185,No,0,0.06957246748207985,0,0.4798896693212538,0,Lower score,test,held-out evaluation
T103696,CUST1349,2024-01-15 07:36:00,260.55,Grocery,Credit Card,Mobile,Hyderabad,0,11,323.09,1170,No,0,0.08574558488144148,0,0.5105883521389379,0,Lower score,test,held-out evaluation
T103144,CUST8899,2024-01-15 08:05:00,25.05,Health,UPI,Desktop,Mumbai,0,167,51.58,1025,No,0,0.06303453069298068,0,0.49419831520827256,0,Lower score,test,held-out evaluation
T102602,CUST3235,2024-01-15 08:36:00,110.47,Utilities,UPI,Mobile,Pune,0,86,203.72,150,No,0,0.04983215568708415,0,0.4884829670834437,0,Lower score,test,held-out evaluation
T103804,CUST4913,2024-01-15 12:40:00,24.05,Fashion,Credit Card,Desktop,Kolkata,0,15,96.69,194,No,0,0.014812378572548208,0,0.48814643656056045,0,Lower score,test,held-out evaluation
T103520,CUST3628,2024-01-15 13:50:00,20.84,Electronics,NetBanking,POS,Pune,0,105,354.6,574,No,0,0.00821384099121441,0,0.4778312027450042,0,Lower score,test,held-out evaluation
T100309,CUST2355,2024-01-15 14:01:00,25.27,Travel,Debit Card,POS,Kolkata,0,37,105.44,1094,No,0,0.010568078091976936,0,0.48647224330809324,0,Lower score,test,held-out evaluation
T103875,CUST7282,2024-01-15 15:16:00,43.47,Food,PayPal,Mobile,Pune,0,110,152.54,1824,No,0,0.012376418101671463,0,0.4915256780441629,0,Lower score,test,held-out evaluation
T103013,CUST8306,2024-01-15 17:17:00,34.83,Fashion,Credit Card,Desktop,Pune,0,11,338.79,951,No,0,0.018655752384854278,0,0.48360926427038314,0,Lower score,test,held-out evaluation
T101871,CUST6925,2024-01-15 18:28:00,19.21,Travel,Credit Card,Mobile,Pune,0,15,141.33,1867,No,0,0.020765822907549993,0,0.4958966997954554,0,Lower score,test,held-out evaluation
T101312,CUST9110,2024-01-15 19:22:00,63.45,Electronics,Debit Card,POS,Hyderabad,0,48,366.12,66,No,0,0.02298380374184608,0,0.4870249141046121,0,Lower score,test,held-out evaluation
T103971,CUST3277,2024-01-15 22:34:00,62.86,Grocery,PayPal,Mobile,Mumbai,0,175,306.42,1426,No,0,0.07688323418325438,0,0.48848714468276533,0,Lower score,test,held-out evaluation
T103809,CUST1627,2024-01-15 23:57:00,4.34,Fashion,Debit Card,POS,Mumbai,0,98,33.4,1539,No,0,0.1530700476158468,0,0.49944692539076874,0,Lower score,test,held-out evaluation
T103447,CUST4357,2024-01-16 00:13:00,100.45,Grocery,NetBanking,Desktop,Chennai,0,128,278.98,1841,No,0,0.16536400216134742,1,0.4801582124728754,0,Model review,test,held-out evaluation
T100188,CUST3265,2024-01-16 06:25:00,60.34,Utilities,PayPal,Desktop,Pune,0,89,460.18,791,No,0,0.09531906420123312,0,0.488146193555333,0,Lower score,test,held-out evaluation
T103953,CUST4589,2024-01-16 15:12:00,11.64,Health,Credit Card,Desktop,Hyderabad,0,99,496.27,1813,No,0,0.013836996538868683,0,0.4911210414688245,0,Lower score,test,held-out evaluation
T102570,CUST2076,2024-01-16 15:25:00,41.55,Utilities,NetBanking,POS,Kolkata,0,187,425.07,445,No,0,0.011380498474265588,0,0.4774350231764348,0,Lower score,test,held-out evaluation
T102535,CUST5639,2024-01-16 15:27:00,143.73,Travel,PayPal,POS,Delhi,0,90,428.55,1843,No,0,0.016660642470650366,0,0.49398308994010454,0,Lower score,test,held-out evaluation
T101675,CUST3501,2024-01-16 19:40:00,29.07,Fashion,PayPal,Mobile,Hyderabad,0,69,449.72,1810,No,0,0.042761700085900856,0,0.4805690687030563,0,Lower score,test,held-out evaluation
T102912,CUST3089,2024-01-17 00:33:00,104.55,Electronics,PayPal,POS,Kolkata,0,149,475.17,841,No,0,0.099567953682333,0,0.4856212392258364,0,Lower score,test,held-out evaluation
T103869,CUST7515,2024-01-17 01:22:00,5.81,Electronics,NetBanking,Desktop,Chennai,0,41,440.78,177,No,0,0.1422345916840284,0,0.48774860264436926,0,Lower score,test,held-out evaluation
T104418,CUST4059,2024-01-17 01:43:00,32.68,Food,NetBanking,Desktop,Delhi,0,150,448.29,1435,No,0,0.196723535286144,1,0.47145680154113057,0,Model review,test,held-out evaluation
T104001,CUST4335,2024-01-17 02:53:00,130.96,Electronics,UPI,POS,Pune,0,169,394.07,1483,No,0,0.16279546644299236,1,0.48881938894621135,0,Model review,test,held-out evaluation
T100678,CUST9178,2024-01-17 05:54:00,279.12,Electronics,UPI,Mobile,Chennai,0,177,199.73,356,No,0,0.1612909468309676,1,0.5226341794585263,1,Model review,test,held-out evaluation
T101665,CUST2882,2024-01-17 12:24:00,152.53,Utilities,NetBanking,POS,Delhi,0,128,245.72,1528,No,0,0.019375677014438437,0,0.4817796666131539,0,Lower score,test,held-out evaluation
T100329,CUST6429,2024-01-17 13:52:00,22.77,Electronics,Credit Card,Mobile,Kolkata,1,53,354.99,1471,No,1,0.07209441173996126,0,0.5226331579844449,1,Anomaly review,test,held-out evaluation
T103169,CUST8900,2024-01-17 15:26:00,42.17,Health,NetBanking,POS,Delhi,0,2,430.83,283,No,0,0.01308815679077587,0,0.47276758445187883,0,Lower score,test,held-out evaluation
T101949,CUST7794,2024-01-17 15:27:00,45.54,Grocery,NetBanking,POS,Delhi,0,54,106.03,968,No,0,0.012582461396644033,0,0.473382635674222,0,Lower score,test,held-out evaluation
T104490,CUST8780,2024-01-17 18:14:00,24.21,Health,Debit Card,POS,Pune,0,41,247.92,1441,No,0,0.02049908982522712,0,0.4828128837494599,0,Lower score,test,held-out evaluation
T101589,CUST4809,2024-01-17 23:55:00,101.15,Food,PayPal,Mobile,Pune,0,7,256.73,1854,No,0,0.14813700382872688,0,0.4835419761809724,0,Lower score,test,held-out evaluation
T102251,CUST6870,2024-01-17 23:55:00,192.3,Entertainment,UPI,Mobile,Delhi,0,169,63.25,1486,No,0,0.187724063387478,1,0.49619357838743117,0,Model review,test,held-out evaluation
T102609,CUST6871,2024-01-18 00:06:00,5.18,Utilities,PayPal,POS,Kolkata,0,88,184.9,849,No,0,0.08034852009621077,0,0.4964555745830075,0,Lower score,test,held-out evaluation
T100930,CUST3538,2024-01-18 01:41:00,12.01,Fashion,Credit Card,POS,Hyderabad,0,139,311.98,95,No,0,0.17943482764144808,1,0.4846529715749156,0,Model review,test,held-out evaluation
T102112,CUST7944,2024-01-18 02:53:00,16.29,Grocery,Credit Card,Mobile,Chennai,0,8,227.42,944,No,0,0.1571739284924536,0,0.495624697531383,0,Lower score,test,held-out evaluation
T103420,CUST4848,2024-01-18 03:51:00,115.63,Fashion,PayPal,Mobile,Delhi,0,176,418.28,1546,No,0,0.1684765866458347,1,0.4782451993966617,0,Model review,test,held-out evaluation
T102152,CUST6165,2024-01-18 06:00:00,99.59,Utilities,UPI,Mobile,Chennai,1,199,212.3,1768,No,0,0.5673465788526691,1,0.5243484040688514,1,Model review,test,held-out evaluation
T100421,CUST6903,2024-01-18 06:09:00,124.71,Health,NetBanking,POS,Pune,1,6,475.02,1230,No,0,0.4835518717348419,1,0.5245671407099488,1,Model review,test,held-out evaluation
T102054,CUST5117,2024-01-18 06:12:00,151.76,Electronics,Debit Card,Desktop,Kolkata,0,92,431.28,989,No,0,0.06722875958698306,0,0.49395240577518124,0,Lower score,test,held-out evaluation
T104570,CUST8673,2024-01-18 08:00:00,55.46,Health,UPI,Mobile,Pune,0,15,26.66,69,No,0,0.05188769318051619,0,0.48680755298915807,0,Lower score,test,held-out evaluation
T103924,CUST4781,2024-01-18 08:13:00,371.12,Travel,Debit Card,POS,Hyderabad,0,87,206.41,224,No,0,0.08804462001385653,0,0.521165034688521,1,Anomaly review,test,held-out evaluation
T103018,CUST3072,2024-01-18 08:38:00,5.66,Food,PayPal,POS,Pune,0,189,192.15,1846,No,0,0.04485577244734801,0,0.5007926311716406,0,Lower score,test,held-out evaluation
T104905,CUST3089,2024-01-18 09:44:00,14.11,Health,PayPal,Desktop,Kolkata,0,86,209.35,1431,No,0,0.020236460857658324,0,0.4950031989101336,0,Lower score,test,held-out evaluation
T101687,CUST9605,2024-01-18 10:58:00,53.41,Fashion,PayPal,Mobile,Pune,0,144,361.85,983,No,0,0.02130007984102611,0,0.4794791533050826,0,Lower score,test,held-out evaluation
T103230,CUST2115,2024-01-18 17:59:00,58.59,Health,Debit Card,POS,Delhi,0,142,346.66,101,No,0,0.01673181678796287,0,0.48200550650735363,0,Lower score,test,held-out evaluation
T101449,CUST7073,2024-01-18 19:23:00,91.97,Utilities,UPI,Mobile,Mumbai,0,36,22.33,1816,No,0,0.03149923752277277,0,0.4905892813921227,0,Lower score,test,held-out evaluation
T100957,CUST3879,2024-01-18 20:33:00,3.85,Health,UPI,Mobile,Bengaluru,0,137,442.68,1918,No,0,0.04436770827613324,0,0.503323383154221,0,Lower score,test,held-out evaluation
T101612,CUST4019,2024-01-18 21:50:00,60.91,Food,Credit Card,POS,Mumbai,1,31,479.76,380,No,0,0.4679631233893287,1,0.5152298073303228,0,Model review,test,held-out evaluation
T101896,CUST9468,2024-01-19 02:42:00,76.57,Health,Credit Card,Mobile,Mumbai,0,130,72.18,1966,No,0,0.13087990343449946,0,0.48143651710807156,0,Lower score,test,held-out evaluation
T102832,CUST1114,2024-01-19 04:48:00,10.09,Fashion,PayPal,Mobile,Pune,0,152,142.15,426,No,0,0.09902150855989093,0,0.48946604204158856,0,Lower score,test,held-out evaluation
T103884,CUST5306,2024-01-19 08:59:00,173.85,Grocery,Debit Card,POS,Mumbai,0,4,146.46,1623,No,0,0.03722054618484094,0,0.5099117334164883,0,Lower score,test,held-out evaluation
T104316,CUST2331,2024-01-19 10:32:00,102.43,Fashion,Debit Card,POS,Bengaluru,0,107,199.47,988,No,0,0.029711041283550142,0,0.49353617942491845,0,Lower score,test,held-out evaluation
T102330,CUST9074,2024-01-19 12:09:00,23.83,Health,UPI,Desktop,Delhi,0,168,485.99,432,No,0,0.01103558165725489,0,0.487622808934772,0,Lower score,test,held-out evaluation
T103486,CUST9417,2024-01-19 19:14:00,35.07,Electronics,PayPal,Mobile,Mumbai,0,32,286.13,988,No,0,0.014065734421339267,0,0.4875656862456666,0,Lower score,test,held-out evaluation
T104299,CUST9315,2024-01-19 20:28:00,72.44,Utilities,Credit Card,Mobile,Chennai,0,68,39.98,955,No,0,0.035647675004465924,0,0.4795674541689621,0,Lower score,test,held-out evaluation
T103684,CUST6359,2024-01-19 23:45:00,90.51,Food,Credit Card,POS,Kolkata,0,83,461.86,987,No,0,0.09412823346285884,0,0.48253454126762374,0,Lower score,test,held-out evaluation
T103987,CUST2037,2024-01-20 00:45:00,47.84,Health,Debit Card,POS,Mumbai,0,2,331.64,555,No,1,0.12807954080741724,0,0.49322040900648134,0,Lower score,test,held-out evaluation
T100016,CUST7395,2024-01-20 05:58:00,29.02,Travel,NetBanking,POS,Pune,0,36,135.36,987,No,0,0.09048970205348715,0,0.49302331205789934,0,Lower score,test,held-out evaluation
T102359,CUST8067,2024-01-20 06:03:00,12.26,Entertainment,PayPal,Mobile,Bengaluru,0,195,318.32,851,No,0,0.10612953749222356,0,0.5044450962307145,0,Lower score,test,held-out evaluation
T104942,CUST3611,2024-01-20 06:29:00,150.96,Health,NetBanking,Mobile,Kolkata,0,197,82.35,1574,No,0,0.0708782938477199,0,0.4977030061192306,0,Lower score,test,held-out evaluation
T101518,CUST5630,2024-01-20 15:30:00,22.32,Travel,Debit Card,Mobile,Bengaluru,0,13,109.01,562,No,0,0.012548899841485139,0,0.49371467070700265,0,Lower score,test,held-out evaluation
T101091,CUST2294,2024-01-20 19:17:00,83.91,Health,Credit Card,Mobile,Kolkata,0,193,338.3,751,Yes,0,0.019784970957834873,0,0.490117265105415,0,Lower score,test,held-out evaluation
T104619,CUST7974,2024-01-20 20:49:00,156.55,Grocery,NetBanking,Mobile,Pune,0,178,238.49,980,No,0,0.03781645191477876,0,0.49299655912513696,0,Lower score,test,held-out evaluation
T103630,CUST8820,2024-01-20 21:21:00,110.99,Grocery,PayPal,Desktop,Pune,0,186,367.58,1219,No,0,0.04068226401083284,0,0.4964599269527415,0,Lower score,test,held-out evaluation
T101210,CUST8724,2024-01-20 22:14:00,44.44,Grocery,NetBanking,Desktop,Pune,0,147,259.9,521,No,0,0.052735785025278335,0,0.47892228079620464,0,Lower score,test,held-out evaluation
T100098,CUST5854,2024-01-21 05:46:00,2.06,Grocery,NetBanking,Mobile,Mumbai,1,22,391.83,39,No,0,0.5060905388979794,1,0.5378540819736076,1,Model review,test,held-out evaluation
T100269,CUST5596,2024-01-21 07:49:00,27.8,Food,UPI,POS,Pune,0,170,286.99,1915,No,0,0.0778621609495439,0,0.500456519389163,0,Lower score,test,held-out evaluation
T104144,CUST9273,2024-01-21 12:11:00,200.47,Fashion,NetBanking,POS,Mumbai,0,32,349.81,319,No,0,0.02770022486097721,0,0.5029206038496389,0,Lower score,test,held-out evaluation
T100730,CUST9891,2024-01-21 20:50:00,14.36,Electronics,Debit Card,POS,Bengaluru,0,181,30.9,1974,No,0,0.04110728074658579,0,0.49360671493957625,0,Lower score,test,held-out evaluation
T104274,CUST5881,2024-01-21 21:55:00,73.67,Electronics,PayPal,POS,Pune,0,80,93.85,1613,No,0,0.046453523025681454,0,0.49081276290674236,0,Lower score,test,held-out evaluation
T103214,CUST4570,2024-01-22 01:10:00,20.87,Health,UPI,Desktop,Hyderabad,1,59,159.79,53,No,0,0.6086240776500497,1,0.5197627717778911,1,Model review,test,held-out evaluation
T102607,CUST8401,2024-01-22 02:05:00,25.86,Health,PayPal,POS,Bengaluru,1,128,55.04,1714,No,1,0.6377618146372388,1,0.517618682649718,1,Model review,test,held-out evaluation
T104610,CUST1190,2024-01-22 04:52:00,33.15,Fashion,NetBanking,Mobile,Hyderabad,0,114,177.4,1597,No,0,0.15883878779080388,0,0.48045812770042173,0,Lower score,test,held-out evaluation
T100955,CUST7058,2024-01-22 05:24:00,38.65,Travel,NetBanking,Desktop,Hyderabad,1,104,476.39,1824,No,1,0.5678352189420282,1,0.517843630977173,1,Model review,test,held-out evaluation
T102413,CUST2211,2024-01-22 06:39:00,2.23,Travel,Debit Card,Desktop,Hyderabad,0,44,407.56,946,No,0,0.09126564707346971,0,0.5019580606810247,0,Lower score,test,held-out evaluation
T102320,CUST7509,2024-01-22 07:34:00,190.54,Fashion,PayPal,POS,Kolkata,0,187,292.72,277,No,0,0.08055656659363263,0,0.5045166687447303,0,Lower score,test,held-out evaluation
T100055,CUST4298,2024-01-22 12:52:00,203.95,Food,Debit Card,Mobile,Mumbai,0,138,63.79,1313,Yes,0,0.023551468320403456,0,0.4905436880588315,0,Lower score,test,held-out evaluation
T100524,CUST2499,2024-01-22 17:33:00,145.78,Grocery,Credit Card,Mobile,Mumbai,0,151,264.24,830,No,0,0.019840058120673774,0,0.48873760102917735,0,Lower score,test,held-out evaluation
T102124,CUST7634,2024-01-22 20:08:00,331.37,Grocery,Credit Card,Desktop,Delhi,0,20,257.0,599,No,0,0.05028709095033373,0,0.5271388147203544,1,Anomaly review,test,held-out evaluation
T104661,CUST1622,2024-01-23 02:25:00,74.17,Utilities,Credit Card,Desktop,Hyderabad,0,60,436.45,586,No,1,0.1953110296648946,1,0.49005335786579807,0,Model review,test,held-out evaluation
T102559,CUST3647,2024-01-23 05:32:00,55.55,Entertainment,UPI,Desktop,Pune,0,132,491.1,250,No,0,0.16068612548154462,1,0.48269915498526517,0,Model review,test,held-out evaluation
T101402,CUST7247,2024-01-23 07:25:00,2.99,Food,Debit Card,Mobile,Delhi,1,30,118.34,947,No,0,0.48490162131747966,1,0.5350776658876495,1,Model review,test,held-out evaluation
T104130,CUST3359,2024-01-23 09:57:00,25.39,Entertainment,PayPal,POS,Bengaluru,0,171,380.24,666,No,0,0.04595247496862325,0,0.4790090250961572,0,Lower score,test,held-out evaluation
T102401,CUST4123,2024-01-23 10:02:00,5.95,Entertainment,Credit Card,POS,Mumbai,0,163,185.4,1425,No,0,0.045443626079344844,0,0.4944898468577956,0,Lower score,test,held-out evaluation
T101115,CUST7974,2024-01-23 11:06:00,69.42,Utilities,Credit Card,POS,Mumbai,0,135,442.48,1309,No,0,0.029768207050147606,0,0.4801649110692115,0,Lower score,test,held-out evaluation
T102701,CUST3034,2024-01-23 11:09:00,298.42,Entertainment,PayPal,Desktop,Kolkata,0,179,319.98,927,No,0,0.030839547701862896,0,0.5239804231940615,1,Anomaly review,test,held-out evaluation
T102788,CUST8111,2024-01-23 12:09:00,241.98,Food,Credit Card,Mobile,Chennai,0,28,140.74,1438,No,0,0.03895702173173612,0,0.4929474008047708,0,Lower score,test,held-out evaluation
T104617,CUST3944,2024-01-23 12:59:00,166.67,Electronics,UPI,Mobile,Delhi,0,91,376.29,219,No,0,0.015313850606835693,0,0.49782087857098406,0,Lower score,test,held-out evaluation
T103665,CUST2361,2024-01-23 17:55:00,46.13,Fashion,NetBanking,Mobile,Bengaluru,0,93,383.65,434,No,0,0.031887823178841944,0,0.47527810067959997,0,Lower score,test,held-out evaluation
T101956,CUST3973,2024-01-23 18:52:00,82.3,Utilities,Debit Card,POS,Kolkata,0,117,148.05,1361,No,0,0.024757501626765977,0,0.4873906085086421,0,Lower score,test,held-out evaluation
T103115,CUST9899,2024-01-23 19:42:00,167.95,Health,UPI,Desktop,Pune,0,149,191.08,1975,No,0,0.04326585878241605,0,0.49484576273337255,0,Lower score,test,held-out evaluation
T100038,CUST3909,2024-01-23 20:25:00,92.22,Utilities,Debit Card,Desktop,Kolkata,0,67,343.04,1670,No,0,0.040559870601038106,0,0.4849944074299356,0,Lower score,test,held-out evaluation
T102000,CUST1895,2024-01-23 20:50:00,24.27,Electronics,PayPal,Mobile,Chennai,0,44,106.61,539,No,0,0.044425620115247075,0,0.48795912388741747,0,Lower score,test,held-out evaluation
T104807,CUST5717,2024-01-23 21:30:00,248.89,Health,PayPal,Mobile,Delhi,0,71,382.94,1177,No,0,0.07841132790497489,0,0.509017464990163,0,Lower score,test,held-out evaluation
T100505,CUST3022,2024-01-23 23:39:00,14.2,Electronics,NetBanking,Desktop,Delhi,0,113,317.07,1941,No,0,0.0912558146051019,0,0.48560736834634055,0,Lower score,test,held-out evaluation
T100088,CUST1518,2024-01-24 00:05:00,174.58,Entertainment,PayPal,POS,Hyderabad,0,79,177.37,1445,Yes,1,0.17883459541597777,1,0.503197576676159,0,Model review,test,held-out evaluation
T103641,CUST7604,2024-01-24 03:03:00,191.26,Fashion,UPI,POS,Bengaluru,1,116,155.24,1072,No,1,0.8081689064352264,1,0.5302628619066523,1,Model review,test,held-out evaluation
T104723,CUST1836,2024-01-24 04:30:00,43.4,Fashion,Credit Card,Mobile,Mumbai,0,154,101.35,133,No,1,0.21540036698504078,1,0.4766098568337883,0,Model review,test,held-out evaluation
T102585,CUST4829,2024-01-24 12:03:00,78.42,Entertainment,Credit Card,Mobile,Bengaluru,0,109,462.37,1168,No,0,0.028080453263388885,0,0.4832796166189262,0,Lower score,test,held-out evaluation
T104727,CUST4462,2024-01-24 13:23:00,148.57,Food,PayPal,Desktop,Chennai,0,127,132.89,69,No,0,0.023742594420685107,0,0.48534614042361,0,Lower score,test,held-out evaluation
T103471,CUST9391,2024-01-24 17:25:00,120.8,Grocery,Credit Card,POS,Hyderabad,0,30,150.3,1121,No,0,0.021069368169307125,0,0.49519696760980814,0,Lower score,test,held-out evaluation
T104980,CUST9538,2024-01-24 21:54:00,302.77,Utilities,Debit Card,Mobile,Hyderabad,0,105,186.26,117,No,0,0.10483310876882489,0,0.5047598155315189,0,Lower score,test,held-out evaluation
T100423,CUST8899,2024-01-25 00:03:00,54.56,Electronics,Credit Card,POS,Delhi,0,124,363.94,1539,No,0,0.08967851731060654,0,0.4796833482368848,0,Lower score,test,held-out evaluation
T102947,CUST7938,2024-01-25 00:18:00,56.89,Electronics,Credit Card,Desktop,Kolkata,0,81,90.88,1617,No,0,0.07732278843983087,0,0.4783582845411738,0,Lower score,test,held-out evaluation
T103695,CUST1253,2024-01-25 04:38:00,2.45,Grocery,Debit Card,POS,Delhi,0,158,206.58,226,No,0,0.11246522997086786,0,0.508359118778978,0,Lower score,test,held-out evaluation
T103264,CUST9409,2024-01-25 06:01:00,125.91,Electronics,Debit Card,Desktop,Bengaluru,1,167,180.45,827,No,0,0.4925848402907288,1,0.5196619054568913,1,Model review,test,held-out evaluation
T103237,CUST6795,2024-01-25 06:16:00,257.24,Utilities,Credit Card,Desktop,Pune,0,195,130.65,1585,No,0,0.11149290134685731,0,0.505117854486651,0,Lower score,test,held-out evaluation
T103694,CUST8180,2024-01-25 07:58:00,33.86,Fashion,Debit Card,Desktop,Mumbai,0,23,416.6,1040,No,0,0.0733519181377602,0,0.47451224219179544,0,Lower score,test,held-out evaluation
T102431,CUST6615,2024-01-25 15:35:00,140.22,Food,NetBanking,POS,Hyderabad,0,39,187.2,969,Yes,0,0.016483033184812344,0,0.4748279050756173,0,Lower score,test,held-out evaluation
T104502,CUST4601,2024-01-25 17:53:00,27.19,Electronics,NetBanking,Desktop,Kolkata,0,50,314.47,146,No,0,0.009556006810416514,0,0.47700642181723907,0,Lower score,test,held-out evaluation
T103498,CUST5829,2024-01-25 18:07:00,17.52,Electronics,UPI,POS,Hyderabad,0,47,263.23,881,No,0,0.014653963257727014,0,0.48808521465089943,0,Lower score,test,held-out evaluation
T102026,CUST3744,2024-01-25 18:37:00,104.99,Entertainment,Debit Card,Mobile,Kolkata,0,47,257.97,592,No,0,0.0206262200413461,0,0.4896237413486139,0,Lower score,test,held-out evaluation
T100754,CUST4635,2024-01-26 06:55:00,12.0,Travel,NetBanking,POS,Delhi,0,153,93.37,265,No,0,0.05987949837107079,0,0.4941507125963562,0,Lower score,test,held-out evaluation
T100528,CUST7253,2024-01-26 09:27:00,4.64,Fashion,NetBanking,Mobile,Chennai,0,123,76.78,878,No,0,0.03458347231072926,0,0.4931172230000403,0,Lower score,test,held-out evaluation
T104052,CUST7211,2024-01-26 14:18:00,138.65,Travel,Credit Card,POS,Chennai,0,75,415.68,758,No,0,0.013305489108057149,0,0.48356882070905144,0,Lower score,test,held-out evaluation
T103741,CUST4132,2024-01-26 14:53:00,136.04,Electronics,NetBanking,Desktop,Delhi,0,41,120.44,1833,No,0,0.006693495374567699,0,0.4879808862148167,0,Lower score,test,held-out evaluation
T103317,CUST3426,2024-01-26 18:14:00,0.43,Grocery,UPI,Desktop,Delhi,0,74,245.53,1003,No,0,0.012694510585604552,0,0.5044374935100807,0,Lower score,test,held-out evaluation
T104465,CUST9172,2024-01-26 22:17:00,40.33,Food,PayPal,Desktop,Delhi,0,78,303.35,1210,No,0,0.05960735990875199,0,0.4826010962583982,0,Lower score,test,held-out evaluation
T100473,CUST9202,2024-01-27 01:14:00,177.42,Utilities,Credit Card,POS,Delhi,0,150,482.12,998,No,0,0.1502699237287574,0,0.5022710547736079,0,Lower score,test,held-out evaluation
T104247,CUST5542,2024-01-27 03:22:00,10.27,Travel,PayPal,Mobile,Pune,0,97,50.92,953,No,0,0.11860315624761152,0,0.5005800695834245,0,Lower score,test,held-out evaluation
T102999,CUST1393,2024-01-27 06:17:00,164.09,Grocery,Debit Card,POS,Pune,1,48,22.23,1676,No,0,0.4653007865793954,1,0.541894884770453,1,Model review,test,held-out evaluation
T100963,CUST6823,2024-01-27 12:00:00,39.45,Fashion,Debit Card,Mobile,Pune,1,187,331.52,1874,No,0,0.12831487673427178,0,0.5165568888049353,0,Lower score,test,held-out evaluation
T100710,CUST5086,2024-01-27 13:39:00,114.25,Fashion,PayPal,POS,Bengaluru,0,105,243.44,1841,No,0,0.016827931964382124,0,0.49629699518674975,0,Lower score,test,held-out evaluation
T100425,CUST7037,2024-01-27 18:03:00,63.8,Food,Credit Card,POS,Chennai,0,53,354.3,1328,No,0,0.02676157167560026,0,0.48622559564911483,0,Lower score,test,held-out evaluation
T102027,CUST1572,2024-01-27 19:43:00,318.33,Grocery,NetBanking,Mobile,Delhi,0,1,405.95,1012,No,0,0.034208832883785414,0,0.5167929744151166,0,Lower score,test,held-out evaluation
T103516,CUST7697,2024-01-27 20:02:00,7.12,Entertainment,NetBanking,POS,Mumbai,0,99,148.52,484,No,0,0.03675408392832659,0,0.5115472667936283,0,Lower score,test,held-out evaluation
T100117,CUST7539,2024-01-28 04:56:00,16.52,Fashion,Credit Card,Mobile,Chennai,0,59,405.83,1112,No,0,0.18526752079565742,1,0.5051553798445755,0,Model review,test,held-out evaluation
T103956,CUST7893,2024-01-28 05:25:00,208.8,Health,Credit Card,Mobile,Kolkata,0,185,301.07,1214,No,0,0.1210937276747734,0,0.5176549040263071,1,Anomaly review,test,held-out evaluation
T103545,CUST1754,2024-01-28 05:30:00,13.47,Utilities,Debit Card,Desktop,Bengaluru,0,17,471.63,1227,No,1,0.12741567471631973,0,0.4980487610423081,0,Lower score,test,held-out evaluation
T102620,CUST2503,2024-01-28 09:02:00,124.45,Electronics,NetBanking,POS,Chennai,0,67,358.85,958,No,0,0.041734314050752494,0,0.4965117028042046,0,Lower score,test,held-out evaluation
T102058,CUST6984,2024-01-28 12:05:00,84.21,Utilities,Debit Card,Desktop,Mumbai,0,36,302.91,1125,No,0,0.017992583313344183,0,0.48740323807935737,0,Lower score,test,held-out evaluation
T103323,CUST8040,2024-01-28 12:35:00,70.11,Travel,Debit Card,Mobile,Bengaluru,0,33,111.2,1788,No,0,0.01895713851405966,0,0.4909359975078648,0,Lower score,test,held-out evaluation
T104234,CUST1045,2024-01-28 14:13:00,1.69,Electronics,NetBanking,Desktop,Hyderabad,0,117,116.45,1161,No,0,0.008264044215649234,0,0.503938414797185,0,Lower score,test,held-out evaluation
T103691,CUST2533,2024-01-28 20:35:00,59.51,Entertainment,UPI,POS,Hyderabad,0,180,353.23,1428,No,0,0.05750130215949996,0,0.502314454936479,0,Lower score,test,held-out evaluation
T103737,CUST1191,2024-01-28 20:44:00,111.28,Electronics,Credit Card,Desktop,Pune,0,89,198.59,154,No,0,0.0355155215443262,0,0.4894737172198655,0,Lower score,test,held-out evaluation
T101073,CUST4391,2024-01-29 03:59:00,1.44,Food,NetBanking,POS,Kolkata,0,50,54.15,1505,No,0,0.14499274012627017,0,0.5029935888679499,0,Lower score,test,held-out evaluation
T100354,CUST5698,2024-01-29 04:02:00,5.85,Fashion,NetBanking,Mobile,Kolkata,0,79,10.58,300,No,0,0.14039273767621338,0,0.4976254402545196,0,Lower score,test,held-out evaluation
T103894,CUST9628,2024-01-29 05:55:00,105.19,Grocery,Credit Card,Desktop,Delhi,1,87,217.68,143,No,0,0.5231095735836471,1,0.5265980028200373,1,Model review,test,held-out evaluation
T101491,CUST9436,2024-01-29 06:09:00,37.38,Utilities,NetBanking,POS,Delhi,0,48,192.18,1022,No,0,0.09574995640489384,0,0.47957033665534315,0,Lower score,test,held-out evaluation
T100365,CUST4600,2024-01-29 06:34:00,39.03,Food,NetBanking,Mobile,Bengaluru,1,71,357.73,1377,No,0,0.563919813243399,1,0.513070881919029,0,Model review,test,held-out evaluation
T101872,CUST6106,2024-01-29 07:10:00,56.39,Entertainment,UPI,POS,Chennai,0,78,85.05,1613,No,0,0.11763892346434175,0,0.49116227276021124,0,Lower score,test,held-out evaluation
T100145,CUST7560,2024-01-29 10:47:00,3.01,Travel,UPI,POS,Pune,1,21,272.09,176,No,0,0.18217074823515203,1,0.5464793365867335,1,Model review,test,held-out evaluation
T104607,CUST8126,2024-01-29 12:21:00,16.15,Electronics,PayPal,POS,Bengaluru,0,32,342.86,1757,No,0,0.012401621415436267,0,0.4839240126994239,0,Lower score,test,held-out evaluation
T101580,CUST6264,2024-01-29 12:40:00,21.11,Fashion,Debit Card,Desktop,Pune,0,153,116.79,1585,No,0,0.016084622997788588,0,0.4920975770077157,0,Lower score,test,held-out evaluation
T101699,CUST8256,2024-01-29 14:33:00,63.8,Food,PayPal,POS,Chennai,0,52,144.78,1776,No,0,0.01725345403935828,0,0.47733210485655825,0,Lower score,test,held-out evaluation
T100507,CUST5258,2024-01-29 17:53:00,138.32,Food,UPI,Desktop,Chennai,0,143,104.85,1091,No,0,0.033527240794045406,0,0.4971338788096488,0,Lower score,test,held-out evaluation
T103932,CUST4786,2024-01-29 20:29:00,77.99,Health,NetBanking,Mobile,Chennai,0,125,128.47,1897,No,0,0.0474363308919894,0,0.4870911574089722,0,Lower score,test,held-out evaluation
T104800,CUST4883,2024-01-30 06:23:00,10.58,Food,PayPal,Mobile,Delhi,0,92,450.16,1083,No,0,0.11888997684969944,0,0.48518973176692726,0,Lower score,test,held-out evaluation
T104538,CUST8466,2024-01-30 06:44:00,6.81,Entertainment,Credit Card,Mobile,Bengaluru,0,133,369.79,446,No,0,0.13454524811200988,0,0.4940104860599046,0,Lower score,test,held-out evaluation
T104186,CUST3776,2024-01-30 10:53:00,10.99,Electronics,Debit Card,POS,Bengaluru,1,86,53.45,1294,No,0,0.17953570547164419,1,0.5207146793967107,1,Model review,test,held-out evaluation
T102056,CUST6379,2024-01-30 13:26:00,49.64,Food,NetBanking,Desktop,Delhi,0,21,401.42,1241,No,0,0.01838115850647954,0,0.4793152695096233,0,Lower score,test,held-out evaluation
T100324,CUST6241,2024-01-30 17:51:00,247.85,Grocery,Credit Card,Desktop,Kolkata,0,141,194.59,703,No,0,0.022344362833833013,0,0.5075480557301428,0,Lower score,test,held-out evaluation
T103656,CUST9155,2024-01-30 18:09:00,33.29,Fashion,NetBanking,POS,Delhi,0,55,233.64,735,No,0,0.02868055919950977,0,0.47954809759145794,0,Lower score,test,held-out evaluation
T103147,CUST5863,2024-01-30 23:53:00,87.84,Electronics,NetBanking,POS,Chennai,1,105,113.65,1765,No,1,0.579274705811299,1,0.513604724839917,0,Model review,test,held-out evaluation
T100031,CUST1325,2024-01-31 03:23:00,14.96,Food,Debit Card,Mobile,Delhi,0,101,286.02,1348,No,0,0.1995475611296701,1,0.484625641657043,0,Model review,test,held-out evaluation
T100741,CUST2078,2024-01-31 06:27:00,28.69,Electronics,Debit Card,POS,Pune,0,74,215.45,1920,No,0,0.07774744898371669,0,0.4791670166236547,0,Lower score,test,held-out evaluation
T101036,CUST6548,2024-01-31 08:07:00,33.23,Electronics,UPI,POS,Pune,0,6,490.28,1889,No,0,0.05050036254943928,0,0.48033658508819405,0,Lower score,test,held-out evaluation
T103617,CUST2915,2024-01-31 09:15:00,149.21,Grocery,UPI,POS,Kolkata,1,107,155.66,1927,No,0,0.2889758343741914,1,0.5330564271946793,1,Model review,test,held-out evaluation
T103517,CUST7084,2024-01-31 09:28:00,38.97,Electronics,UPI,POS,Mumbai,0,68,230.06,1164,No,0,0.0379986109105578,0,0.4880043098684652,0,Lower score,test,held-out evaluation
T103260,CUST1778,2024-01-31 10:31:00,18.28,Travel,NetBanking,Mobile,Delhi,0,78,466.73,1594,Yes,0,0.028057415927909606,0,0.4877383442166871,0,Lower score,test,held-out evaluation
T100140,CUST1053,2024-01-31 11:21:00,262.56,Electronics,Credit Card,Mobile,Pune,0,140,160.62,1303,No,0,0.021925399819805895,0,0.5073549783079594,0,Lower score,test,held-out evaluation
T100490,CUST6096,2024-01-31 12:10:00,48.65,Utilities,UPI,Desktop,Mumbai,0,95,398.18,1688,No,0,0.0213318616123194,0,0.4797543571509187,0,Lower score,test,held-out evaluation
T102700,CUST9847,2024-01-31 12:19:00,58.93,Travel,Debit Card,POS,Delhi,0,129,416.03,1354,No,0,0.019741469374802,0,0.497190790340342,0,Lower score,test,held-out evaluation
T103229,CUST8454,2024-01-31 13:27:00,20.12,Food,Credit Card,Mobile,Delhi,0,193,382.83,779,No,0,0.0177930245951246,0,0.48079987147846026,0,Lower score,test,held-out evaluation
T104729,CUST7958,2024-01-31 14:54:00,14.7,Utilities,UPI,Desktop,Delhi,0,42,88.79,1800,No,0,0.013289163968003502,0,0.4805413122561616,0,Lower score,test,held-out evaluation
T100608,CUST3130,2024-01-31 15:22:00,56.0,Grocery,PayPal,Desktop,Hyderabad,1,164,122.38,438,No,0,0.0993300312197853,0,0.5180061822919362,1,Anomaly review,test,held-out evaluation
T103285,CUST3578,2024-01-31 16:43:00,6.3,Health,Credit Card,POS,Chennai,0,8,349.3,547,No,0,0.018996248523959848,0,0.48318322484371834,0,Lower score,test,held-out evaluation
T104503,CUST7004,2024-01-31 16:55:00,0.52,Travel,PayPal,POS,Mumbai,0,142,232.94,440,No,0,0.017771930749848702,0,0.5085512518831805,0,Lower score,test,held-out evaluation
T103390,CUST5799,2024-01-31 17:28:00,31.21,Utilities,NetBanking,Mobile,Mumbai,0,121,85.2,219,Yes,0,0.018933841093274815,0,0.4765297966895692,0,Lower score,test,held-out evaluation
T104949,CUST9812,2024-01-31 17:53:00,149.17,Electronics,Debit Card,Mobile,Bengaluru,0,199,372.55,557,No,0,0.021484124605838952,0,0.4885369305441276,0,Lower score,test,held-out evaluation
T104346,CUST8885,2024-01-31 18:48:00,128.67,Travel,NetBanking,POS,Delhi,0,105,343.35,769,No,0,0.032486490196721514,0,0.4853777846600557,0,Lower score,test,held-out evaluation
T101545,CUST7748,2024-01-31 23:37:00,52.86,Health,UPI,POS,Mumbai,0,122,213.16,911,No,0,0.1462841775142732,0,0.4874198567879873,0,Lower score,test,held-out evaluation
T103151,CUST3249,2024-02-01 00:13:00,22.84,Health,PayPal,Desktop,Mumbai,0,128,410.86,735,No,0,0.10738696550255727,0,0.49606810234241766,0,Lower score,test,held-out evaluation
T102065,CUST6347,2024-02-01 00:27:00,123.45,Entertainment,Debit Card,POS,Bengaluru,1,117,94.2,1328,No,0,0.6635810652227101,1,0.5280056833661401,1,Model review,test,held-out evaluation
T103476,CUST1835,2024-02-01 05:12:00,259.37,Travel,Debit Card,Mobile,Delhi,0,73,358.49,1687,No,0,0.15643326142773978,0,0.5206817469595195,1,Anomaly review,test,held-out evaluation
T104322,CUST7801,2024-02-01 05:52:00,89.24,Food,Credit Card,POS,Pune,0,60,466.18,1431,No,0,0.12989704231985696,0,0.4780176194214588,0,Lower score,test,held-out evaluation
T103805,CUST7946,2024-02-01 08:12:00,279.79,Utilities,PayPal,Mobile,Hyderabad,0,173,137.86,667,No,0,0.06207073039911529,0,0.5051413559733036,0,Lower score,test,held-out evaluation
T100044,CUST5983,2024-02-01 09:14:00,23.96,Health,Credit Card,Mobile,Bengaluru,0,87,301.16,854,No,0,0.039744821953633325,0,0.48545354325328316,0,Lower score,test,held-out evaluation
T102833,CUST5000,2024-02-01 10:32:00,27.27,Utilities,Credit Card,Desktop,Kolkata,0,166,492.55,707,No,0,0.01798015286454512,0,0.4771581794606753,0,Lower score,test,held-out evaluation
T101815,CUST4754,2024-02-01 14:21:00,275.01,Entertainment,NetBanking,Mobile,Kolkata,0,108,119.06,1731,No,0,0.013674201080342072,0,0.5122340572428111,0,Lower score,test,held-out evaluation
T100162,CUST3077,2024-02-01 19:28:00,80.31,Electronics,PayPal,Desktop,Mumbai,0,61,67.1,1816,Yes,1,0.021276522473144408,0,0.4915400332931374,0,Lower score,test,held-out evaluation
T102857,CUST1270,2024-02-01 20:04:00,3.18,Health,Credit Card,Desktop,Delhi,0,43,180.28,660,No,0,0.029717414936672817,0,0.4936336539330331,0,Lower score,test,held-out evaluation
T103534,CUST2803,2024-02-01 20:39:00,21.17,Fashion,Debit Card,POS,Pune,0,120,165.37,607,No,0,0.046571384997640325,0,0.4828633015849083,0,Lower score,test,held-out evaluation
T100310,CUST4668,2024-02-01 22:04:00,46.24,Entertainment,Credit Card,Desktop,Delhi,0,97,244.43,1991,No,0,0.07513186184958941,0,0.4770267566543661,0,Lower score,test,held-out evaluation
T100239,CUST3364,2024-02-02 06:25:00,15.59,Utilities,UPI,Mobile,Mumbai,0,183,170.54,657,No,0,0.07445231988041352,0,0.48567345063389117,0,Lower score,test,held-out evaluation
T100166,CUST8881,2024-02-02 12:47:00,30.94,Utilities,Debit Card,Mobile,Mumbai,1,181,164.27,432,No,0,0.08428640756082029,0,0.5121819685185895,0,Lower score,test,held-out evaluation
T104525,CUST5167,2024-02-02 13:00:00,44.92,Health,Debit Card,Mobile,Chennai,0,70,37.95,1376,No,0,0.010789598949944074,0,0.4863274078534214,0,Lower score,test,held-out evaluation
T102472,CUST9534,2024-02-02 13:43:00,192.15,Utilities,NetBanking,Desktop,Kolkata,0,111,146.07,1852,No,0,0.008170359292368728,0,0.4902937353455243,0,Lower score,test,held-out evaluation
T104359,CUST7309,2024-02-02 17:45:00,16.35,Grocery,PayPal,Mobile,Hyderabad,0,86,33.93,749,No,0,0.010001677399930414,0,0.48752467055176274,0,Lower score,test,held-out evaluation
T104361,CUST7749,2024-02-02 18:09:00,74.18,Fashion,Debit Card,Mobile,Pune,0,82,54.18,447,No,0,0.016469342996851436,0,0.48008897295199937,0,Lower score,test,held-out evaluation
T104183,CUST4359,2024-02-02 19:51:00,30.29,Utilities,NetBanking,Desktop,Kolkata,0,134,424.11,1438,No,0,0.017506151016050835,0,0.47581948647436234,0,Lower score,test,held-out evaluation
T102478,CUST2437,2024-02-03 01:22:00,10.67,Entertainment,NetBanking,Desktop,Delhi,0,141,57.71,1877,No,0,0.13340426853130577,0,0.49472206273625746,0,Lower score,test,held-out evaluation
T100486,CUST7861,2024-02-03 05:21:00,3.72,Utilities,Credit Card,Desktop,Kolkata,0,173,55.87,348,No,0,0.08244848214879248,0,0.510581469057851,0,Lower score,test,held-out evaluation
T100579,CUST4471,2024-02-03 10:55:00,23.9,Electronics,NetBanking,Desktop,Bengaluru,0,118,153.64,157,No,0,0.015901444689379686,0,0.4918138678034515,0,Lower score,test,held-out evaluation
T100734,CUST1858,2024-02-03 13:19:00,35.56,Electronics,Debit Card,Mobile,Pune,0,47,499.82,93,No,0,0.007386089452938591,0,0.4901163762673648,0,Lower score,test,held-out evaluation
T100217,CUST7815,2024-02-03 15:02:00,109.79,Electronics,NetBanking,Mobile,Hyderabad,0,79,139.74,1583,No,0,0.008123866993957046,0,0.48886403637610015,0,Lower score,test,held-out evaluation
T101106,CUST8246,2024-02-03 15:24:00,40.37,Food,Debit Card,Desktop,Mumbai,0,14,458.97,1015,No,0,0.013964121175818026,0,0.4814086804899203,0,Lower score,test,held-out evaluation
T100584,CUST1076,2024-02-03 21:33:00,80.28,Grocery,Debit Card,Mobile,Mumbai,1,172,144.77,1333,No,0,0.336191656775627,1,0.5236071035240765,1,Model review,test,held-out evaluation
T100328,CUST6696,2024-02-03 22:09:00,43.52,Grocery,NetBanking,Mobile,Mumbai,0,66,416.39,527,No,0,0.060133745494385674,0,0.4858578775101318,0,Lower score,test,held-out evaluation
T102423,CUST3230,2024-02-03 23:01:00,49.08,Grocery,PayPal,Desktop,Mumbai,0,33,18.97,795,No,0,0.07497132162076528,0,0.493897189110665,0,Lower score,test,held-out evaluation
T102901,CUST6713,2024-02-04 01:27:00,116.04,Food,PayPal,Desktop,Chennai,0,90,370.03,1068,No,1,0.2106480462164507,1,0.49944437333635033,0,Model review,test,held-out evaluation
T104479,CUST6579,2024-02-04 03:01:00,68.57,Food,NetBanking,Mobile,Mumbai,0,129,288.07,1729,Yes,1,0.2059077801391494,1,0.48607692949929543,0,Model review,test,held-out evaluation
T104290,CUST7172,2024-02-04 03:54:00,62.17,Travel,UPI,POS,Chennai,0,181,276.31,943,No,0,0.21020575869991948,1,0.49670643606148757,0,Model review,test,held-out evaluation
T103423,CUST5599,2024-02-04 04:19:00,3.18,Utilities,Credit Card,POS,Hyderabad,0,89,244.3,1434,No,0,0.14320332682422954,0,0.5168889095191632,0,Lower score,test,held-out evaluation
T101803,CUST9546,2024-02-04 04:44:00,28.14,Travel,PayPal,Mobile,Kolkata,0,1,381.47,994,Yes,0,0.10777033222361246,0,0.497711691983572,0,Lower score,test,held-out evaluation
T101904,CUST3782,2024-02-04 05:15:00,109.55,Health,UPI,Desktop,Mumbai,0,95,214.1,1753,No,1,0.1518393057578347,0,0.49851506712168786,0,Lower score,test,held-out evaluation
T102627,CUST4904,2024-02-04 06:02:00,92.93,Grocery,Credit Card,POS,Chennai,0,82,463.72,1442,No,0,0.12922883939303623,0,0.504825407520929,0,Lower score,test,held-out evaluation
T101751,CUST2311,2024-02-04 06:16:00,19.39,Entertainment,PayPal,Desktop,Delhi,0,111,22.06,1950,Yes,1,0.0981986006603079,0,0.505561101428156,0,Lower score,test,held-out evaluation
T102471,CUST5704,2024-02-04 07:20:00,266.0,Travel,Debit Card,Desktop,Mumbai,0,78,458.05,331,No,0,0.11320007193700832,0,0.5143022336485779,0,Lower score,test,held-out evaluation
T101187,CUST1996,2024-02-04 07:50:00,5.62,Utilities,UPI,Desktop,Hyderabad,0,191,115.27,1645,No,0,0.06209405141640861,0,0.5110067770594009,0,Lower score,test,held-out evaluation
T100279,CUST2846,2024-02-04 08:15:00,127.09,Food,NetBanking,Mobile,Chennai,0,38,96.65,1352,No,0,0.08498232122567981,0,0.4877391982600094,0,Lower score,test,held-out evaluation
T101169,CUST7617,2024-02-04 12:46:00,27.07,Food,PayPal,Mobile,Delhi,0,156,64.41,1114,No,0,0.015057980812530791,0,0.4975188150699569,0,Lower score,test,held-out evaluation
T103677,CUST4887,2024-02-04 14:00:00,38.21,Travel,NetBanking,POS,Bengaluru,0,62,364.92,1656,No,0,0.015402523273310162,0,0.48202899520335124,0,Lower score,test,held-out evaluation
T100520,CUST3741,2024-02-04 15:10:00,72.14,Entertainment,UPI,Desktop,Delhi,0,85,359.6,1175,No,0,0.01505765205593986,0,0.49070343946746553,0,Lower score,test,held-out evaluation
T101661,CUST9434,2024-02-04 17:34:00,58.0,Travel,PayPal,POS,Pune,0,31,479.73,319,No,0,0.015997489098369965,0,0.4977071573812507,0,Lower score,test,held-out evaluation
T103682,CUST7977,2024-02-04 20:14:00,118.54,Electronics,NetBanking,Mobile,Chennai,0,119,107.99,1269,No,0,0.03621867905711137,0,0.4992696276322982,0,Lower score,test,held-out evaluation
T104077,CUST6712,2024-02-04 20:42:00,25.83,Entertainment,Credit Card,POS,Chennai,1,29,133.72,1327,No,0,0.379581868470901,1,0.5339947064747835,1,Model review,test,held-out evaluation
T101416,CUST5895,2024-02-04 21:45:00,3.21,Entertainment,UPI,POS,Pune,0,101,476.55,1955,No,0,0.07123620471007497,0,0.505353575784641,0,Lower score,test,held-out evaluation
T104388,CUST1280,2024-02-05 00:44:00,8.25,Entertainment,NetBanking,POS,Pune,0,125,238.5,160,Yes,1,0.13816505894855605,0,0.48860109990768813,0,Lower score,test,held-out evaluation
T101856,CUST3181,2024-02-05 02:43:00,112.53,Entertainment,PayPal,Mobile,Chennai,0,90,23.5,466,No,1,0.20866286776932927,1,0.4987896325075883,0,Model review,test,held-out evaluation
T104847,CUST5412,2024-02-05 04:52:00,12.18,Fashion,PayPal,Mobile,Bengaluru,0,149,68.4,1616,Yes,1,0.16725142872584037,1,0.4869053623311855,0,Model review,test,held-out evaluation
T100416,CUST5506,2024-02-05 08:00:00,27.76,Grocery,NetBanking,POS,Delhi,0,108,348.98,536,No,0,0.05164465099738265,0,0.48310197633616164,0,Lower score,test,held-out evaluation
T101502,CUST5481,2024-02-05 12:48:00,2.08,Fashion,PayPal,POS,Bengaluru,0,143,498.97,1684,No,0,0.018783101236276748,0,0.50265532821108,0,Lower score,test,held-out evaluation
T101633,CUST7835,2024-02-05 13:13:00,126.96,Entertainment,PayPal,POS,Mumbai,0,101,132.72,952,No,0,0.017903407125280903,0,0.49814908194666374,0,Lower score,test,held-out evaluation
T100886,CUST2328,2024-02-05 15:25:00,84.62,Food,Debit Card,Desktop,Hyderabad,0,138,122.47,1105,No,0,0.016179533831912438,0,0.48661071210176515,0,Lower score,test,held-out evaluation
T100767,CUST4386,2024-02-05 15:57:00,167.49,Utilities,UPI,POS,Chennai,0,114,293.17,1393,No,0,0.019442873724333933,0,0.4975372930598066,0,Lower score,test,held-out evaluation
T101354,CUST2041,2024-02-05 16:08:00,53.35,Entertainment,UPI,Mobile,Hyderabad,0,12,160.08,1357,No,0,0.01651539500470386,0,0.48913751887382423,0,Lower score,test,held-out evaluation
T102118,CUST2888,2024-02-05 17:48:00,6.97,Entertainment,Credit Card,Desktop,Hyderabad,0,117,120.87,936,No,0,0.020540598968178857,0,0.5035725766897603,0,Lower score,test,held-out evaluation
T103370,CUST4871,2024-02-05 23:01:00,19.75,Food,UPI,Mobile,Delhi,0,9,442.33,1188,No,0,0.11490447005507488,0,0.48931330771947046,0,Lower score,test,held-out evaluation
T100631,CUST4430,2024-02-05 23:19:00,180.46,Health,Debit Card,POS,Bengaluru,0,179,161.43,1276,No,0,0.1390592345053873,0,0.5033938413979215,0,Lower score,test,held-out evaluation
T103595,CUST6100,2024-02-06 01:54:00,82.79,Grocery,UPI,POS,Mumbai,0,3,211.54,215,No,0,0.21087657707242324,1,0.48257602055020676,0,Model review,test,held-out evaluation
T103579,CUST3587,2024-02-06 02:04:00,54.27,Entertainment,UPI,Desktop,Delhi,0,25,227.58,61,No,1,0.21884602692185287,1,0.4794406723109984,0,Model review,test,held-out evaluation
T101964,CUST3863,2024-02-06 02:15:00,67.87,Fashion,NetBanking,Desktop,Hyderabad,0,90,42.09,1897,No,0,0.2286959359802376,1,0.48274992118638416,0,Model review,test,held-out evaluation
T104101,CUST9413,2024-02-06 03:22:00,44.47,Grocery,Debit Card,POS,Delhi,0,3,444.09,1548,No,0,0.17182526756740063,1,0.49158387064882275,0,Model review,test,held-out evaluation
T100839,CUST1276,2024-02-06 07:27:00,80.03,Fashion,UPI,Desktop,Mumbai,0,41,46.19,1710,No,0,0.12809433109037177,0,0.4808487633957096,0,Lower score,test,held-out evaluation
T101146,CUST2590,2024-02-06 10:51:00,127.73,Food,UPI,Desktop,Pune,0,110,392.89,506,No,0,0.03821155456752483,0,0.49480127179506145,0,Lower score,test,held-out evaluation
T104466,CUST5217,2024-02-06 14:01:00,11.42,Electronics,NetBanking,Desktop,Chennai,0,189,20.78,259,No,0,0.01212053058024846,0,0.47690348634913166,0,Lower score,test,held-out evaluation
T104908,CUST6440,2024-02-06 15:41:00,108.25,Electronics,PayPal,Mobile,Delhi,0,2,60.65,1155,No,0,0.010680623857855152,0,0.48672939041503277,0,Lower score,test,held-out evaluation
T102373,CUST8563,2024-02-06 16:42:00,44.96,Health,UPI,Mobile,Chennai,0,73,161.23,1065,No,0,0.020787300620659314,0,0.4928447562222803,0,Lower score,test,held-out evaluation
T101313,CUST2152,2024-02-06 18:44:00,135.99,Electronics,PayPal,Desktop,Mumbai,0,148,390.65,852,No,0,0.023992468144320073,0,0.4939085106508171,0,Lower score,test,held-out evaluation
T104556,CUST5942,2024-02-06 18:58:00,87.02,Electronics,PayPal,POS,Chennai,0,114,74.52,913,No,0,0.02717079496184656,0,0.47801631292847235,0,Lower score,test,held-out evaluation
T104680,CUST4433,2024-02-06 20:31:00,25.24,Utilities,NetBanking,Mobile,Delhi,0,45,264.76,1269,No,0,0.04395863373375602,0,0.4736486129408062,0,Lower score,test,held-out evaluation
T102214,CUST4014,2024-02-06 20:49:00,103.77,Utilities,Debit Card,Desktop,Hyderabad,0,170,368.4,1779,No,0,0.059015357949830996,0,0.48575760469768614,0,Lower score,test,held-out evaluation
T102762,CUST4498,2024-02-06 22:06:00,79.74,Fashion,PayPal,POS,Bengaluru,0,54,437.17,1721,No,0,0.12336163958024039,0,0.4818491462329547,0,Lower score,test,held-out evaluation
T102454,CUST8676,2024-02-06 23:16:00,69.49,Fashion,PayPal,Desktop,Bengaluru,0,192,294.4,972,No,0,0.16162225275963854,1,0.48540068222346733,0,Model review,test,held-out evaluation
T100881,CUST6526,2024-02-06 23:57:00,89.15,Utilities,Debit Card,Desktop,Delhi,0,191,214.68,1014,No,0,0.13762637580800502,0,0.4809037343132997,0,Lower score,test,held-out evaluation
T104590,CUST8076,2024-02-07 01:46:00,68.46,Food,UPI,Desktop,Chennai,0,116,255.2,92,No,0,0.2639960735046362,1,0.47599273630957295,0,Model review,test,held-out evaluation
T100872,CUST4379,2024-02-07 07:02:00,82.63,Health,UPI,Desktop,Kolkata,0,67,308.38,308,No,0,0.08261045047456696,0,0.47864449627917816,0,Lower score,test,held-out evaluation
T100082,CUST6297,2024-02-07 09:51:00,32.15,Food,NetBanking,POS,Delhi,0,32,458.42,1763,No,0,0.043377660124604964,0,0.47286515113136923,0,Lower score,test,held-out evaluation
T104260,CUST8799,2024-02-07 10:21:00,9.79,Entertainment,Debit Card,POS,Hyderabad,0,172,361.05,1261,No,0,0.035548168585682764,0,0.4973603077371204,0,Lower score,test,held-out evaluation
T101972,CUST1123,2024-02-07 12:09:00,25.51,Electronics,NetBanking,Mobile,Pune,0,73,456.06,187,No,0,0.01196815130763101,0,0.475551922646575,0,Lower score,test,held-out evaluation
T103735,CUST4021,2024-02-07 12:59:00,50.94,Food,PayPal,Desktop,Bengaluru,0,176,207.81,629,No,0,0.02171092851378312,0,0.4770300301310981,0,Lower score,test,held-out evaluation
T101292,CUST2503,2024-02-07 13:49:00,67.06,Food,NetBanking,Mobile,Hyderabad,0,31,22.59,32,No,0,0.018085628949166266,0,0.46519605765962413,0,Lower score,test,held-out evaluation
T103710,CUST6110,2024-02-07 20:46:00,0.83,Entertainment,NetBanking,POS,Chennai,0,35,498.51,960,No,0,0.06830375137000284,0,0.5102678314410879,0,Lower score,test,held-out evaluation
T103187,CUST6586,2024-02-07 21:37:00,34.93,Electronics,NetBanking,POS,Delhi,0,161,415.48,1633,No,0,0.05167657036135936,0,0.48138827036872944,0,Lower score,test,held-out evaluation
T104720,CUST1362,2024-02-07 22:26:00,33.85,Utilities,NetBanking,POS,Mumbai,0,14,353.04,1524,No,0,0.09498271625864813,0,0.47380165538594504,0,Lower score,test,held-out evaluation
T102128,CUST5085,2024-02-07 22:36:00,170.92,Travel,PayPal,POS,Mumbai,0,90,263.7,1575,No,0,0.12479956544385593,0,0.49397648616448897,0,Lower score,test,held-out evaluation
T103501,CUST2246,2024-02-08 00:09:00,129.82,Food,Debit Card,POS,Hyderabad,0,126,14.83,977,No,0,0.16066094450007942,1,0.48240809523233363,0,Model review,test,held-out evaluation
T104684,CUST4108,2024-02-08 01:27:00,119.51,Health,Debit Card,Mobile,Delhi,0,5,359.83,208,No,0,0.1403402780452265,0,0.4871103749894427,0,Lower score,test,held-out evaluation
T103278,CUST3573,2024-02-08 01:49:00,32.47,Fashion,Debit Card,POS,Bengaluru,0,60,217.79,750,No,0,0.2040224221246584,1,0.48232210401575704,0,Model review,test,held-out evaluation
T103642,CUST7797,2024-02-08 03:43:00,50.5,Food,PayPal,Mobile,Delhi,0,58,179.73,1177,No,1,0.15573111563207354,0,0.47633717715660406,0,Lower score,test,held-out evaluation
T101135,CUST4442,2024-02-08 08:42:00,6.33,Electronics,Credit Card,Mobile,Chennai,1,168,416.77,831,No,0,0.2570080195322386,1,0.5313890226444052,1,Model review,test,held-out evaluation
T103318,CUST4655,2024-02-08 08:45:00,130.57,Travel,Credit Card,Desktop,Delhi,0,127,399.79,1028,No,0,0.050754681348389584,0,0.49010873233205604,0,Lower score,test,held-out evaluation
T104846,CUST1916,2024-02-08 09:11:00,236.18,Grocery,Credit Card,Mobile,Pune,0,61,447.17,1545,No,0,0.0406056776455171,0,0.5124076426519376,0,Lower score,test,held-out evaluation
T104473,CUST8411,2024-02-08 09:54:00,35.13,Health,Credit Card,Mobile,Delhi,0,61,224.07,880,No,0,0.026363599435244408,0,0.48186196048498214,0,Lower score,test,held-out evaluation
T104809,CUST9490,2024-02-08 10:40:00,157.09,Travel,PayPal,POS,Chennai,0,170,345.06,1040,No,0,0.03132019730179542,0,0.4923001902829758,0,Lower score,test,held-out evaluation
T104510,CUST4070,2024-02-08 12:02:00,15.33,Health,UPI,Mobile,Pune,0,70,362.79,1146,No,0,0.01359295000530592,0,0.4886411385867165,0,Lower score,test,held-out evaluation
T104154,CUST9444,2024-02-08 14:08:00,23.49,Utilities,UPI,Mobile,Kolkata,0,165,432.35,774,No,0,0.00888204568915065,0,0.4877814449625631,0,Lower score,test,held-out evaluation
T102069,CUST6106,2024-02-08 16:35:00,32.06,Grocery,Debit Card,POS,Delhi,0,3,265.85,1375,No,0,0.011331108608470624,0,0.492176785705667,0,Lower score,test,held-out evaluation
T100474,CUST6989,2024-02-08 18:02:00,60.01,Entertainment,UPI,Mobile,Pune,0,130,288.51,1566,Yes,0,0.02023125353259716,0,0.48491231789858247,0,Lower score,test,held-out evaluation
T101683,CUST8687,2024-02-08 18:28:00,138.29,Fashion,NetBanking,POS,Mumbai,0,93,326.79,1055,No,0,0.03127502845378338,0,0.4791433745340327,0,Lower score,test,held-out evaluation
T101961,CUST9921,2024-02-08 21:21:00,42.2,Health,NetBanking,Desktop,Bengaluru,0,184,490.04,244,No,0,0.056122819858897575,0,0.4767525056775555,0,Lower score,test,held-out evaluation
T101487,CUST5149,2024-02-08 21:50:00,95.12,Electronics,PayPal,POS,Bengaluru,0,87,243.0,1967,Yes,0,0.0549355168798335,0,0.48281626981460657,0,Lower score,test,held-out evaluation
T102086,CUST4530,2024-02-08 22:05:00,8.92,Utilities,Debit Card,POS,Chennai,0,114,147.76,1652,No,0,0.07297856117686183,0,0.4983675990162629,0,Lower score,test,held-out evaluation
T104933,CUST5035,2024-02-08 22:23:00,47.08,Fashion,PayPal,POS,Mumbai,0,18,276.31,912,No,0,0.09315008658787549,0,0.4785323556367177,0,Lower score,test,held-out evaluation
T102484,CUST3218,2024-02-08 22:30:00,49.69,Food,PayPal,Mobile,Chennai,0,149,251.87,1252,No,0,0.09887219201909375,0,0.482038564533462,0,Lower score,test,held-out evaluation
T104747,CUST5971,2024-02-09 01:08:00,3.18,Grocery,PayPal,Mobile,Delhi,0,16,349.18,964,No,0,0.08133497410021753,0,0.49700715648974975,0,Lower score,test,held-out evaluation
T101778,CUST8637,2024-02-09 03:25:00,23.51,Health,Debit Card,Desktop,Kolkata,0,99,420.81,65,Yes,1,0.08876400629125228,0,0.4873176121093666,0,Lower score,test,held-out evaluation
T102098,CUST1034,2024-02-09 04:09:00,127.93,Electronics,NetBanking,Desktop,Hyderabad,0,118,436.46,961,Yes,1,0.09233118057555308,0,0.4959954511364398,0,Lower score,test,held-out evaluation
T103503,CUST6488,2024-02-09 06:28:00,2.44,Utilities,Credit Card,POS,Pune,0,159,44.99,493,No,0,0.06099974948711818,0,0.49376951944210046,0,Lower score,test,held-out evaluation
T100891,CUST7126,2024-02-09 08:11:00,154.87,Grocery,NetBanking,Desktop,Hyderabad,0,17,427.56,856,No,0,0.041861426880169465,0,0.490439769368456,0,Lower score,test,held-out evaluation
T102197,CUST7492,2024-02-09 08:50:00,159.94,Food,NetBanking,POS,Mumbai,0,68,448.9,222,No,0,0.05097172545556047,0,0.48715956935218624,0,Lower score,test,held-out evaluation
T101076,CUST9935,2024-02-09 10:01:00,38.8,Health,UPI,Desktop,Chennai,0,94,320.07,1578,No,0,0.025689475787856145,0,0.4820896342934448,0,Lower score,test,held-out evaluation
T103196,CUST1412,2024-02-09 10:32:00,226.58,Grocery,NetBanking,Mobile,Bengaluru,0,167,68.64,785,No,0,0.023873086613821214,0,0.49508621198293384,0,Lower score,test,held-out evaluation
T104431,CUST1453,2024-02-09 12:09:00,63.34,Travel,NetBanking,Desktop,Hyderabad,0,161,346.7,539,No,0,0.012351147377414069,0,0.4800971842255974,0,Lower score,test,held-out evaluation
T103289,CUST6268,2024-02-09 14:00:00,18.2,Travel,NetBanking,POS,Chennai,0,130,212.14,845,No,0,0.010661154061213981,0,0.47903626204283983,0,Lower score,test,held-out evaluation
T100358,CUST6174,2024-02-09 17:35:00,225.38,Health,PayPal,POS,Chennai,0,189,161.4,1613,No,0,0.016764267395595625,0,0.5045635428121371,0,Lower score,test,held-out evaluation
T103647,CUST6031,2024-02-09 20:51:00,44.97,Health,PayPal,Desktop,Pune,0,13,391.38,1070,No,0,0.02700539696133381,0,0.49668306099639825,0,Lower score,test,held-out evaluation
T103446,CUST5391,2024-02-09 21:47:00,130.54,Grocery,Credit Card,Desktop,Hyderabad,0,4,373.53,525,No,0,0.05019783441987501,0,0.4959026690512752,0,Lower score,test,held-out evaluation
T102915,CUST2888,2024-02-09 22:57:00,87.02,Travel,NetBanking,POS,Pune,0,140,311.36,253,No,0,0.07005010153165776,0,0.48423918074328504,0,Lower score,test,held-out evaluation
T102005,CUST2618,2024-02-10 00:01:00,113.97,Travel,PayPal,POS,Delhi,0,25,20.33,846,No,0,0.1120666920912772,0,0.49781449745997003,0,Lower score,test,held-out evaluation
T103148,CUST7219,2024-02-10 01:32:00,123.86,Grocery,Debit Card,Mobile,Pune,0,15,476.74,1602,No,0,0.12260202812386868,0,0.49392836594899414,0,Lower score,test,held-out evaluation
T102229,CUST7213,2024-02-10 04:03:00,28.52,Grocery,PayPal,Desktop,Hyderabad,0,192,90.61,1171,Yes,0,0.11045217773930667,0,0.4941212845439913,0,Lower score,test,held-out evaluation
T103738,CUST6636,2024-02-10 04:36:00,112.15,Fashion,Credit Card,Mobile,Delhi,0,127,499.8,291,Yes,0,0.16138549955638856,1,0.5014434682087859,0,Model review,test,held-out evaluation
T100463,CUST8243,2024-02-10 04:51:00,70.04,Fashion,Credit Card,Mobile,Pune,0,175,200.5,1953,No,1,0.14075156963844068,0,0.48597749880369,0,Lower score,test,held-out evaluation
T102898,CUST7103,2024-02-10 04:53:00,44.3,Health,Debit Card,Mobile,Hyderabad,0,37,366.42,597,Yes,1,0.11174788364447451,0,0.491986485452127,0,Lower score,test,held-out evaluation
T100902,CUST5900,2024-02-10 08:29:00,16.02,Electronics,Debit Card,POS,Kolkata,1,174,70.32,1153,No,0,0.1942292663437426,1,0.5243560314168274,1,Model review,test,held-out evaluation
T100628,CUST7034,2024-02-10 09:33:00,2.99,Entertainment,Debit Card,POS,Mumbai,0,41,436.9,1049,No,0,0.03645719784256934,0,0.5113034153844659,0,Lower score,test,held-out evaluation
T102313,CUST5906,2024-02-10 10:03:00,96.92,Food,Credit Card,Desktop,Pune,0,32,479.34,568,No,0,0.031970638991656794,0,0.49277918772638946,0,Lower score,test,held-out evaluation
T102987,CUST9522,2024-02-10 10:03:00,56.22,Electronics,UPI,Desktop,Mumbai,1,101,289.98,1782,No,0,0.17309671460043805,1,0.5298650867107269,1,Model review,test,held-out evaluation
T103373,CUST8775,2024-02-10 11:06:00,86.77,Food,PayPal,Mobile,Bengaluru,0,38,17.4,1322,No,0,0.025562164679890684,0,0.48402669561696293,0,Lower score,test,held-out evaluation
T104899,CUST5744,2024-02-10 13:06:00,193.37,Entertainment,NetBanking,Mobile,Hyderabad,1,73,101.77,1433,No,0,0.12828386058150873,0,0.5409482451932022,1,Anomaly review,test,held-out evaluation
T102761,CUST5213,2024-02-10 14:16:00,0.63,Grocery,NetBanking,POS,Pune,0,10,443.11,1393,No,0,0.00806051503155004,0,0.5112026255681745,0,Lower score,test,held-out evaluation
T101718,CUST2975,2024-02-10 15:16:00,329.22,Food,NetBanking,POS,Bengaluru,0,142,417.84,530,No,0,0.022986371026725738,0,0.5152045471665911,0,Lower score,test,held-out evaluation
T100980,CUST1602,2024-02-10 16:49:00,32.55,Electronics,Credit Card,POS,Bengaluru,0,153,409.42,656,Yes,1,0.011490629000805214,0,0.4916254981207305,0,Lower score,test,held-out evaluation
T104977,CUST7601,2024-02-10 23:57:00,18.45,Grocery,Credit Card,POS,Pune,0,118,99.41,1401,No,0,0.08957030472635645,0,0.5018387297978393,0,Lower score,test,held-out evaluation
T103959,CUST7454,2024-02-11 00:56:00,3.22,Travel,PayPal,Desktop,Bengaluru,0,44,243.36,719,No,0,0.15118385541750076,0,0.5116250742440406,0,Lower score,test,held-out evaluation
T100194,CUST2015,2024-02-11 01:55:00,33.12,Food,NetBanking,Mobile,Hyderabad,0,110,173.21,1412,No,0,0.18122918505239632,1,0.48989878782736923,0,Model review,test,held-out evaluation
T101042,CUST2890,2024-02-11 04:27:00,30.71,Grocery,Debit Card,Desktop,Kolkata,0,26,305.12,567,No,0,0.10642007729288179,0,0.49027763562005183,0,Lower score,test,held-out evaluation
T100606,CUST2021,2024-02-11 05:30:00,18.49,Electronics,UPI,Mobile,Pune,0,185,432.78,531,Yes,0,0.08686440464205394,0,0.49239478988121815,0,Lower score,test,held-out evaluation
T100454,CUST5400,2024-02-11 05:39:00,9.43,Food,Debit Card,Desktop,Delhi,0,141,42.08,1973,No,0,0.12977250021092568,0,0.5023810167268057,0,Lower score,test,held-out evaluation
T100536,CUST3468,2024-02-11 07:52:00,151.58,Grocery,Credit Card,POS,Mumbai,0,197,337.07,1773,No,0,0.07626684905649848,0,0.5061946380363522,0,Lower score,test,held-out evaluation
T104534,CUST5150,2024-02-11 08:18:00,64.8,Food,Credit Card,Mobile,Kolkata,0,174,224.37,815,No,0,0.05646135200359618,0,0.49632559052363695,0,Lower score,test,held-out evaluation
T101680,CUST9896,2024-02-11 09:28:00,33.98,Food,Debit Card,Desktop,Hyderabad,0,175,356.33,1839,No,0,0.04403894154487582,0,0.500274747399802,0,Lower score,test,held-out evaluation
T101607,CUST3975,2024-02-11 09:48:00,128.9,Food,PayPal,Mobile,Pune,0,123,247.76,560,No,0,0.03700324606586485,0,0.5020856709991517,0,Lower score,test,held-out evaluation
T100104,CUST3591,2024-02-11 11:14:00,190.5,Utilities,NetBanking,Desktop,Pune,0,180,489.94,1043,No,0,0.021315319905867956,0,0.49384871653818,0,Lower score,test,held-out evaluation
T103922,CUST4691,2024-02-11 13:25:00,122.34,Electronics,PayPal,POS,Chennai,0,115,72.13,384,No,0,0.01214847696177912,0,0.49100356714340754,0,Lower score,test,held-out evaluation
T100977,CUST5790,2024-02-11 15:23:00,4.22,Grocery,PayPal,Mobile,Kolkata,0,32,263.61,666,No,0,0.007518584185638559,0,0.5105941525189208,0,Lower score,test,held-out evaluation
T101158,CUST3843,2024-02-11 16:41:00,164.36,Health,Debit Card,Mobile,Pune,0,77,310.62,666,No,0,0.014316955933606993,0,0.501134009720422,0,Lower score,test,held-out evaluation
T100685,CUST6396,2024-02-11 17:36:00,65.09,Health,Debit Card,Desktop,Kolkata,1,188,351.66,248,No,1,0.10907389998813696,0,0.5196300300661597,1,Anomaly review,test,held-out evaluation
T103776,CUST4019,2024-02-11 20:00:00,137.62,Utilities,Credit Card,Mobile,Pune,0,79,341.97,608,No,0,0.03601308681797311,0,0.49509632235612644,0,Lower score,test,held-out evaluation
T101517,CUST8294,2024-02-11 20:32:00,182.65,Fashion,NetBanking,Mobile,Delhi,1,96,383.89,544,No,1,0.3634740543145032,1,0.5393552223502555,1,Model review,test,held-out evaluation
T100933,CUST3110,2024-02-11 20:39:00,59.67,Grocery,UPI,Desktop,Mumbai,0,82,303.26,630,No,0,0.04848451446465494,0,0.48501386015521125,0,Lower score,test,held-out evaluation
T104965,CUST9692,2024-02-11 20:45:00,19.47,Travel,Credit Card,Mobile,Hyderabad,0,182,137.11,710,No,0,0.048689441754840176,0,0.4947145112498288,0,Lower score,test,held-out evaluation
T104622,CUST1770,2024-02-11 22:45:00,12.69,Entertainment,Debit Card,Desktop,Mumbai,0,111,38.6,320,No,0,0.10297920917658292,0,0.5019251866990507,0,Lower score,test,held-out evaluation
T104320,CUST2428,2024-02-12 02:06:00,69.52,Food,PayPal,Desktop,Chennai,0,11,459.72,1463,No,0,0.20971061233926644,1,0.48008341103178315,0,Model review,test,held-out evaluation
T102890,CUST4128,2024-02-12 03:55:00,32.3,Food,Credit Card,Desktop,Mumbai,0,108,66.67,1316,No,0,0.20028670516136707,1,0.48865081546976546,0,Model review,test,held-out evaluation
T101189,CUST7344,2024-02-12 05:07:00,98.53,Travel,Credit Card,Desktop,Kolkata,0,189,360.94,250,No,0,0.12523216375703924,0,0.4900582774380024,0,Lower score,test,held-out evaluation
T101667,CUST1422,2024-02-12 05:36:00,213.42,Health,Debit Card,Desktop,Pune,0,59,246.35,1121,No,0,0.1282647468357849,0,0.5038605196020566,0,Lower score,test,held-out evaluation
T101783,CUST5465,2024-02-12 08:12:00,81.11,Electronics,Credit Card,POS,Pune,0,6,298.6,42,No,0,0.043286385705858195,0,0.4831087929064399,0,Lower score,test,held-out evaluation
T101943,CUST9320,2024-02-12 08:45:00,98.39,Health,Debit Card,Desktop,Mumbai,0,42,473.87,90,No,0,0.05121406476379002,0,0.4838037707120991,0,Lower score,test,held-out evaluation
T103583,CUST7255,2024-02-12 09:51:00,157.17,Fashion,NetBanking,Desktop,Chennai,0,2,82.58,1427,No,0,0.05312575316609923,0,0.49357084016616903,0,Lower score,test,held-out evaluation
T101282,CUST6399,2024-02-12 11:54:00,65.61,Health,Debit Card,Desktop,Delhi,0,95,496.36,540,No,0,0.016142233058445508,0,0.49039562927470903,0,Lower score,test,held-out evaluation
T102503,CUST1542,2024-02-12 12:56:00,249.97,Entertainment,NetBanking,Mobile,Kolkata,0,64,498.6,488,No,0,0.016632668189856245,0,0.5093818288644253,0,Lower score,test,held-out evaluation
T104455,CUST3425,2024-02-12 13:59:00,4.92,Electronics,PayPal,POS,Hyderabad,0,172,473.73,1015,No,0,0.008261529821835546,0,0.49838780828587864,0,Lower score,test,held-out evaluation
T103034,CUST1596,2024-02-12 15:28:00,26.04,Food,Credit Card,Desktop,Bengaluru,0,14,312.21,128,No,0,0.01806567560095281,0,0.47973354689103276,0,Lower score,test,held-out evaluation
T104543,CUST4519,2024-02-12 17:17:00,26.65,Utilities,PayPal,POS,Pune,0,7,300.74,1905,No,0,0.012832933738023338,0,0.48729183999367875,0,Lower score,test,held-out evaluation
T103488,CUST9488,2024-02-12 17:37:00,2.58,Grocery,UPI,POS,Kolkata,0,176,347.55,1585,No,0,0.013306678354382004,0,0.49683472497652004,0,Lower score,test,held-out evaluation
T101560,CUST4656,2024-02-12 18:38:00,34.88,Health,NetBanking,POS,Hyderabad,0,143,171.72,1083,No,0,0.021753884617358263,0,0.4864809504936538,0,Lower score,test,held-out evaluation
T103827,CUST5324,2024-02-12 19:06:00,52.64,Grocery,PayPal,POS,Pune,0,77,479.14,763,No,0,0.020967701781823795,0,0.48699455301263456,0,Lower score,test,held-out evaluation
T102456,CUST4657,2024-02-12 20:37:00,46.97,Food,Credit Card,Desktop,Chennai,0,168,394.9,822,No,0,0.06613186083909572,0,0.47666555140503764,0,Lower score,test,held-out evaluation
T103328,CUST2472,2024-02-13 03:30:00,12.1,Entertainment,UPI,Mobile,Mumbai,0,69,322.73,1964,No,0,0.22697192465390664,1,0.49689593008189037,0,Model review,test,held-out evaluation
T102537,CUST2920,2024-02-13 04:06:00,12.33,Fashion,NetBanking,POS,Bengaluru,0,44,226.63,1043,No,0,0.23559973020380057,1,0.477645685118957,0,Model review,test,held-out evaluation
T104108,CUST8718,2024-02-13 04:36:00,176.86,Health,PayPal,Mobile,Hyderabad,0,31,212.2,735,No,1,0.17346610728393966,1,0.49845080158350125,0,Model review,test,held-out evaluation
T103808,CUST7880,2024-02-13 05:06:00,4.13,Travel,UPI,Desktop,Pune,0,72,226.71,1053,No,1,0.15301573721514541,0,0.49756487911164426,0,Lower score,test,held-out evaluation
T100823,CUST7705,2024-02-13 08:48:00,40.62,Utilities,UPI,Desktop,Mumbai,0,153,22.21,1220,No,0,0.06086349595734764,0,0.48601347487022745,0,Lower score,test,held-out evaluation
T103242,CUST8047,2024-02-13 11:09:00,62.28,Grocery,Credit Card,Desktop,Mumbai,0,42,185.91,155,No,0,0.026645187345539657,0,0.484591251217902,0,Lower score,test,held-out evaluation
T104127,CUST7335,2024-02-13 12:10:00,233.39,Grocery,Debit Card,Mobile,Chennai,1,199,401.89,103,No,0,0.20068359750742876,1,0.5416760565087304,1,Model review,test,held-out evaluation
T104380,CUST6555,2024-02-13 12:56:00,5.12,Travel,Debit Card,Mobile,Chennai,0,8,486.16,906,No,0,0.01976402231422084,0,0.4986393072219817,0,Lower score,test,held-out evaluation
T104865,CUST8275,2024-02-13 14:26:00,80.77,Food,Credit Card,Desktop,Hyderabad,1,174,202.73,294,No,0,0.15494164497388735,0,0.5212095239627146,1,Anomaly review,test,held-out evaluation
T101353,CUST7531,2024-02-13 14:43:00,103.35,Electronics,NetBanking,Desktop,Hyderabad,0,181,82.24,286,No,0,0.011515971221648528,0,0.48024931285777234,0,Lower score,test,held-out evaluation
T102403,CUST6817,2024-02-13 16:18:00,29.83,Grocery,Credit Card,POS,Chennai,0,196,401.97,790,No,0,0.01831183333873909,0,0.482731547340744,0,Lower score,test,held-out evaluation
T103296,CUST1536,2024-02-13 17:50:00,83.6,Entertainment,UPI,POS,Hyderabad,0,197,307.84,1388,No,0,0.030439306957470384,0,0.48674998668220126,0,Lower score,test,held-out evaluation
T100516,CUST6866,2024-02-13 20:38:00,37.79,Utilities,NetBanking,Mobile,Hyderabad,0,188,132.61,383,No,0,0.04885513908388577,0,0.4760509616542494,0,Lower score,test,held-out evaluation
T103419,CUST4657,2024-02-14 02:36:00,1.16,Grocery,UPI,POS,Kolkata,0,9,13.91,695,No,0,0.14709421093430122,0,0.5027273959998952,0,Lower score,test,held-out evaluation
T101478,CUST7149,2024-02-14 02:53:00,127.89,Grocery,Debit Card,Desktop,Delhi,0,32,425.72,1990,No,0,0.1806619236682964,1,0.4900158005713319,0,Model review,test,held-out evaluation
T100571,CUST8529,2024-02-14 03:47:00,122.47,Travel,Debit Card,Desktop,Bengaluru,0,74,483.01,1018,No,0,0.23149964557545133,1,0.5030474978963868,0,Model review,test,held-out evaluation
T100892,CUST3997,2024-02-14 08:11:00,141.86,Utilities,NetBanking,Mobile,Kolkata,0,111,204.71,309,No,0,0.05531775299958242,0,0.48472765712225524,0,Lower score,test,held-out evaluation
T100110,CUST3953,2024-02-14 08:48:00,27.37,Health,PayPal,Mobile,Delhi,0,70,78.31,427,No,0,0.042636549963240664,0,0.48761676516692,0,Lower score,test,held-out evaluation
T100340,CUST9175,2024-02-14 12:29:00,54.12,Fashion,Debit Card,Mobile,Chennai,0,38,248.54,63,No,0,0.02609486335831518,0,0.4868951043947505,0,Lower score,test,held-out evaluation
T103065,CUST7168,2024-02-14 12:31:00,24.89,Health,Debit Card,Mobile,Chennai,0,112,35.65,170,No,0,0.01881624075796734,0,0.4900642852791354,0,Lower score,test,held-out evaluation
T103022,CUST1943,2024-02-14 14:08:00,92.53,Utilities,Debit Card,POS,Pune,1,162,22.2,1090,No,1,0.11105490765054643,0,0.5182930356370795,1,Anomaly review,test,held-out evaluation
T100673,CUST2683,2024-02-14 16:27:00,59.47,Grocery,Debit Card,Mobile,Mumbai,0,84,58.61,1101,No,0,0.015798906269194318,0,0.48453470472636867,0,Lower score,test,held-out evaluation
T104736,CUST2810,2024-02-14 19:10:00,57.46,Grocery,Credit Card,Desktop,Chennai,0,182,99.64,63,No,0,0.03537362931141091,0,0.4799014223975323,0,Lower score,test,held-out evaluation
T101574,CUST5099,2024-02-14 21:07:00,19.54,Food,PayPal,Desktop,Mumbai,0,5,364.78,139,No,0,0.0713946369585361,0,0.4867126620062605,0,Lower score,test,held-out evaluation
T102343,CUST9421,2024-02-14 21:46:00,35.05,Electronics,NetBanking,Desktop,Mumbai,0,93,29.23,294,No,0,0.05897594417991244,0,0.48086673454265944,0,Lower score,test,held-out evaluation
T104695,CUST8487,2024-02-14 21:52:00,169.56,Grocery,UPI,Mobile,Mumbai,0,67,155.88,1277,No,0,0.09656823382589179,0,0.4905070234278276,0,Lower score,test,held-out evaluation
T101134,CUST7445,2024-02-15 05:13:00,91.97,Travel,NetBanking,Desktop,Kolkata,1,141,463.1,1316,Yes,1,0.5178116488222865,1,0.5237466902867858,1,Model review,test,held-out evaluation
T102894,CUST9840,2024-02-15 07:39:00,13.15,Utilities,UPI,Mobile,Delhi,0,93,385.82,86,No,0,0.05804981710748742,0,0.48846699009034744,0,Lower score,test,held-out evaluation
T102139,CUST8329,2024-02-15 07:40:00,156.25,Utilities,UPI,Mobile,Kolkata,0,76,430.72,147,Yes,0,0.059248758263782765,0,0.4965973072764795,0,Lower score,test,held-out evaluation
T101145,CUST9046,2024-02-15 07:47:00,168.71,Entertainment,PayPal,POS,Bengaluru,0,56,48.34,89,No,0,0.08857800472528839,0,0.49103557194628317,0,Lower score,test,held-out evaluation
T102621,CUST2772,2024-02-15 07:50:00,177.96,Electronics,PayPal,POS,Delhi,0,135,40.85,499,No,0,0.048152702244099094,0,0.49078018752893404,0,Lower score,test,held-out evaluation
T101976,CUST1781,2024-02-15 18:55:00,24.01,Entertainment,PayPal,POS,Pune,0,178,380.84,398,No,0,0.022040423714489558,0,0.48916582214248916,0,Lower score,test,held-out evaluation
T104114,CUST6678,2024-02-15 19:13:00,73.49,Health,Debit Card,POS,Pune,0,119,258.33,449,No,0,0.02341878685290686,0,0.48033074815487525,0,Lower score,test,held-out evaluation
T101431,CUST7330,2024-02-15 21:36:00,57.99,Fashion,PayPal,POS,Mumbai,0,107,170.09,101,No,0,0.0738944852381354,0,0.4806043803823064,0,Lower score,test,held-out evaluation
T101407,CUST7452,2024-02-15 22:14:00,131.06,Entertainment,Credit Card,POS,Mumbai,0,185,306.56,362,No,0,0.1029214745082824,0,0.4886978976768239,0,Lower score,test,held-out evaluation
T102348,CUST2730,2024-02-15 23:40:00,72.05,Food,UPI,POS,Pune,0,31,77.0,188,No,0,0.1331677344903829,0,0.48065227108468916,0,Lower score,test,held-out evaluation
T104576,CUST7397,2024-02-16 03:30:00,42.3,Entertainment,NetBanking,Desktop,Chennai,0,34,112.07,459,No,0,0.14928391390508838,0,0.48700918597778486,0,Lower score,test,held-out evaluation
T100544,CUST1985,2024-02-16 03:47:00,77.01,Fashion,PayPal,Mobile,Pune,0,168,191.31,888,No,0,0.12294968485535367,0,0.4796623806374595,0,Lower score,test,held-out evaluation
T100680,CUST1426,2024-02-16 06:09:00,135.89,Food,Debit Card,POS,Delhi,0,56,129.37,295,No,0,0.10341912508910425,0,0.49743188280588396,0,Lower score,test,held-out evaluation
T100888,CUST9173,2024-02-16 06:29:00,8.38,Travel,Debit Card,POS,Pune,0,97,181.44,1195,No,0,0.06567364216198113,0,0.49556897695084623,0,Lower score,test,held-out evaluation
T101457,CUST9738,2024-02-16 15:39:00,90.29,Fashion,Credit Card,Desktop,Delhi,0,53,444.67,1099,No,0,0.01173987662138314,0,0.4811870582998929,0,Lower score,test,held-out evaluation
T104151,CUST6520,2024-02-16 20:13:00,0.0,Fashion,Credit Card,Mobile,Bengaluru,0,23,469.57,980,No,0,0.03823739907297094,0,0.5034053368048133,0,Lower score,test,held-out evaluation
T101985,CUST7257,2024-02-17 03:06:00,6.72,Fashion,NetBanking,Desktop,Mumbai,0,57,383.92,613,No,0,0.17106745754133162,1,0.4997666406665896,0,Model review,test,held-out evaluation
T102440,CUST4213,2024-02-17 03:24:00,64.54,Food,Credit Card,POS,Chennai,1,5,74.71,471,No,1,0.7050154688830647,1,0.5271645360019276,1,Model review,test,held-out evaluation
T102227,CUST9174,2024-02-17 03:53:00,72.98,Health,PayPal,POS,Pune,0,178,95.22,125,No,0,0.11696289920912345,0,0.4995382667652135,0,Lower score,test,held-out evaluation
T101492,CUST5204,2024-02-17 05:09:00,20.63,Health,Debit Card,Mobile,Kolkata,0,158,30.99,1821,No,1,0.0835565141886561,0,0.49329748711057664,0,Lower score,test,held-out evaluation
T100637,CUST3315,2024-02-17 09:50:00,22.22,Grocery,Credit Card,Desktop,Chennai,0,9,47.32,1049,No,0,0.02936492477498763,0,0.4940766713823498,0,Lower score,test,held-out evaluation
T103903,CUST4989,2024-02-17 11:36:00,23.14,Travel,Credit Card,Mobile,Chennai,0,148,284.24,1776,No,0,0.01988467236376135,0,0.49040206082196625,0,Lower score,test,held-out evaluation
T103473,CUST2018,2024-02-17 12:50:00,96.22,Grocery,NetBanking,POS,Hyderabad,0,103,290.33,1199,No,0,0.012083596820167304,0,0.49141529689099916,0,Lower score,test,held-out evaluation
T104586,CUST5300,2024-02-17 16:59:00,40.01,Electronics,Credit Card,POS,Bengaluru,0,123,177.74,1857,No,0,0.011992179201679599,0,0.4903336136287118,0,Lower score,test,held-out evaluation
T103619,CUST9429,2024-02-17 18:25:00,15.4,Food,Debit Card,POS,Hyderabad,0,135,75.2,472,No,0,0.02269259919709458,0,0.4980176961556767,0,Lower score,test,held-out evaluation
T101144,CUST8426,2024-02-17 19:34:00,24.85,Travel,UPI,Desktop,Bengaluru,1,104,166.16,925,No,1,0.24439013912235652,1,0.5390305892383342,1,Model review,test,held-out evaluation
T100882,CUST5518,2024-02-17 20:39:00,1.59,Travel,PayPal,Mobile,Pune,0,143,283.18,33,No,0,0.03152189147462784,0,0.5149374982842755,0,Lower score,test,held-out evaluation
T100076,CUST7508,2024-02-17 20:42:00,118.02,Grocery,Credit Card,Desktop,Hyderabad,0,55,222.37,1212,No,0,0.04093853163779836,0,0.49920818212578866,0,Lower score,test,held-out evaluation
T103725,CUST3637,2024-02-18 02:46:00,211.19,Entertainment,Credit Card,Mobile,Delhi,0,29,346.53,825,No,0,0.21798009379097877,1,0.5143955327810388,0,Model review,test,held-out evaluation
T104232,CUST5595,2024-02-18 06:51:00,35.53,Fashion,PayPal,POS,Mumbai,0,130,158.58,251,No,0,0.1074499348206371,0,0.4887376518312622,0,Lower score,test,held-out evaluation
T104757,CUST7254,2024-02-18 08:18:00,120.42,Entertainment,UPI,Desktop,Kolkata,0,149,421.1,1320,No,0,0.05996104208014235,0,0.5007995229442318,0,Lower score,test,held-out evaluation
T103843,CUST5095,2024-02-18 13:00:00,41.91,Travel,UPI,POS,Delhi,0,180,364.63,495,No,0,0.015850994521897074,0,0.5003156891687003,0,Lower score,test,held-out evaluation
T102090,CUST6241,2024-02-18 14:52:00,119.55,Entertainment,UPI,Mobile,Chennai,0,121,375.15,1169,No,0,0.019474123981100717,0,0.512656828704928,0,Lower score,test,held-out evaluation
T100301,CUST6977,2024-02-18 18:20:00,60.63,Entertainment,Debit Card,Mobile,Kolkata,1,184,117.98,1659,No,0,0.1511621005940108,0,0.5374612235199082,1,Anomaly review,test,held-out evaluation
T104313,CUST1985,2024-02-18 18:58:00,166.44,Health,UPI,Desktop,Bengaluru,0,99,286.72,582,No,0,0.03619042114705425,0,0.5113301170610512,0,Lower score,test,held-out evaluation
T103113,CUST8058,2024-02-18 21:26:00,7.67,Electronics,UPI,Desktop,Bengaluru,0,118,33.91,534,No,0,0.05240733083035405,0,0.5015008175139949,0,Lower score,test,held-out evaluation
T104882,CUST6497,2024-02-18 21:44:00,129.13,Fashion,Debit Card,POS,Hyderabad,0,189,84.86,567,No,0,0.09269672937181778,0,0.5055611303618264,0,Lower score,test,held-out evaluation
T104544,CUST7522,2024-02-19 02:04:00,40.91,Food,UPI,Mobile,Bengaluru,1,189,238.21,1551,No,0,0.7277755666634177,1,0.5268146449977149,1,Model review,test,held-out evaluation
T104071,CUST7151,2024-02-19 02:26:00,90.28,Health,NetBanking,POS,Mumbai,0,45,382.01,1164,No,0,0.17665802994416951,1,0.48455089530955414,0,Model review,test,held-out evaluation
T104516,CUST2662,2024-02-19 02:48:00,58.95,Utilities,NetBanking,Desktop,Hyderabad,0,128,87.15,1721,No,0,0.15563553232813304,0,0.47980691818704446,0,Lower score,test,held-out evaluation
T104565,CUST3810,2024-02-19 05:32:00,182.14,Fashion,Debit Card,Mobile,Mumbai,0,106,149.87,137,Yes,1,0.18351410418149813,1,0.49082720660627616,0,Model review,test,held-out evaluation
T100807,CUST7733,2024-02-19 06:21:00,207.83,Health,Debit Card,Desktop,Chennai,0,166,320.24,1239,No,0,0.1346569968377081,0,0.5025889311992107,0,Lower score,test,held-out evaluation
T102342,CUST4005,2024-02-19 08:10:00,6.69,Travel,Debit Card,POS,Kolkata,0,121,62.95,1949,No,0,0.047563002362096714,0,0.4935253418035365,0,Lower score,test,held-out evaluation
T103945,CUST8196,2024-02-19 12:22:00,1.34,Health,PayPal,Desktop,Delhi,0,92,345.17,708,No,0,0.012114767853084855,0,0.5052908348507446,0,Lower score,test,held-out evaluation
T101344,CUST4792,2024-02-19 14:26:00,108.6,Electronics,NetBanking,Mobile,Bengaluru,0,194,492.86,1057,No,0,0.011090196840646369,0,0.478832573124522,0,Lower score,test,held-out evaluation
T100895,CUST4022,2024-02-19 15:07:00,18.35,Grocery,UPI,POS,Mumbai,0,119,463.61,1014,No,0,0.012912804249759428,0,0.4900744802482654,0,Lower score,test,held-out evaluation
T100916,CUST8209,2024-02-19 16:27:00,27.9,Fashion,UPI,Desktop,Bengaluru,0,58,362.95,1757,No,0,0.02138494471574744,0,0.4842164902539028,0,Lower score,test,held-out evaluation
T101764,CUST7153,2024-02-19 18:13:00,13.01,Utilities,NetBanking,POS,Bengaluru,0,115,82.75,293,No,0,0.02181136741170275,0,0.47994982874836734,0,Lower score,test,held-out evaluation
T102049,CUST9763,2024-02-19 19:33:00,6.82,Health,NetBanking,Desktop,Pune,0,144,124.73,1132,No,0,0.024322490957666924,0,0.48348374815350215,0,Lower score,test,held-out evaluation
T103375,CUST7490,2024-02-19 21:13:00,120.42,Grocery,Debit Card,Mobile,Bengaluru,0,126,255.44,656,No,0,0.06292175035187991,0,0.4892633346901424,0,Lower score,test,held-out evaluation
T101153,CUST1698,2024-02-19 22:58:00,91.19,Fashion,Debit Card,Mobile,Mumbai,0,33,373.44,148,No,0,0.1298814773018512,0,0.4862541604658197,0,Lower score,test,held-out evaluation
T104921,CUST2844,2024-02-20 01:37:00,107.13,Health,NetBanking,Mobile,Bengaluru,0,167,30.83,1810,No,0,0.20614939348548408,1,0.4790085580788479,0,Model review,test,held-out evaluation
T100805,CUST3904,2024-02-20 03:25:00,106.68,Food,Credit Card,POS,Delhi,0,18,226.79,1563,No,0,0.24499814380915777,1,0.4762904263280463,0,Model review,test,held-out evaluation
T102481,CUST9776,2024-02-20 03:25:00,167.7,Entertainment,PayPal,Mobile,Pune,0,79,154.08,1838,No,0,0.20652145461516233,1,0.49548993330922786,0,Model review,test,held-out evaluation
T101155,CUST5106,2024-02-20 09:25:00,111.78,Electronics,PayPal,Desktop,Pune,0,163,46.13,1235,No,0,0.030440018372213697,0,0.489653531212735,0,Lower score,test,held-out evaluation
T100047,CUST2821,2024-02-20 11:11:00,58.73,Food,NetBanking,Desktop,Bengaluru,0,125,460.76,1132,No,0,0.036298667583406066,0,0.4716255013321405,0,Lower score,test,held-out evaluation
T103506,CUST4991,2024-02-20 14:33:00,290.1,Entertainment,PayPal,Mobile,Chennai,0,176,218.36,609,No,0,0.025403698746711133,0,0.5244078144105737,1,Anomaly review,test,held-out evaluation
T101224,CUST5894,2024-02-20 17:18:00,43.54,Health,Credit Card,POS,Delhi,0,100,191.57,1987,Yes,0,0.019022260604526577,0,0.47496766747729713,0,Lower score,test,held-out evaluation
T100338,CUST3556,2024-02-20 17:58:00,51.42,Grocery,Credit Card,POS,Mumbai,0,137,476.23,150,Yes,0,0.024448613213040062,0,0.4858323122379298,0,Lower score,test,held-out evaluation
T103753,CUST7154,2024-02-20 18:18:00,93.97,Health,PayPal,Mobile,Kolkata,0,31,351.99,1258,No,0,0.01851321843818102,0,0.4911044102140199,0,Lower score,test,held-out evaluation
T104579,CUST3088,2024-02-20 18:41:00,82.99,Fashion,Debit Card,Desktop,Hyderabad,0,74,320.73,782,No,0,0.03711405491662322,0,0.48281406901377594,0,Lower score,test,held-out evaluation
T104026,CUST3289,2024-02-20 21:13:00,40.47,Food,PayPal,POS,Bengaluru,0,56,335.0,1715,No,0,0.0878182667826638,0,0.47720460800257397,0,Lower score,test,held-out evaluation
T104024,CUST2904,2024-02-20 22:44:00,89.45,Entertainment,NetBanking,Mobile,Bengaluru,0,59,413.66,455,No,0,0.13985417434500333,0,0.4797335281364885,0,Lower score,test,held-out evaluation
T104572,CUST6689,2024-02-20 23:37:00,21.86,Electronics,Credit Card,Mobile,Delhi,0,54,413.55,810,No,0,0.0959282151796729,0,0.4787856513713513,0,Lower score,test,held-out evaluation
T100111,CUST3617,2024-02-21 04:08:00,14.06,Utilities,Credit Card,POS,Chennai,0,154,481.95,950,No,0,0.19352777601596552,1,0.4842074067525134,0,Model review,test,held-out evaluation
T104064,CUST9857,2024-02-21 07:20:00,160.53,Fashion,Credit Card,POS,Bengaluru,0,44,304.44,830,No,0,0.15060141610250025,0,0.4911822537107168,0,Lower score,test,held-out evaluation
T104475,CUST7421,2024-02-21 09:29:00,52.9,Health,NetBanking,Mobile,Bengaluru,0,126,25.04,257,No,0,0.04510945819559108,0,0.47721439101275664,0,Lower score,test,held-out evaluation
T102849,CUST4522,2024-02-21 13:38:00,35.53,Electronics,PayPal,Desktop,Hyderabad,0,2,132.54,1130,No,0,0.010008764804100526,0,0.48576147045338836,0,Lower score,test,held-out evaluation
T101763,CUST1709,2024-02-21 15:34:00,53.59,Food,Credit Card,Mobile,Pune,0,52,334.71,1370,No,0,0.01687295878626611,0,0.47465293998048125,0,Lower score,test,held-out evaluation
