Transaction_ID,Customer_ID,Transaction_Date,Fraudulent,Split
T103438,CUST3131,2023-01-01 02:16:00,0,train
T104159,CUST6885,2023-01-01 05:46:00,0,train
T102971,CUST1470,2023-01-01 09:06:00,0,train
T102322,CUST6619,2023-01-01 11:34:00,0,train
T104734,CUST6625,2023-01-01 11:41:00,0,train
T103896,CUST2862,2023-01-01 11:51:00,0,train
T100514,CUST1837,2023-01-01 12:08:00,0,train
T101258,CUST7931,2023-01-01 14:42:00,0,train
T102688,CUST6543,2023-01-01 18:05:00,0,train
T101230,CUST5189,2023-01-01 18:56:00,0,train
T102855,CUST6624,2023-01-01 19:42:00,0,train
T100508,CUST4133,2023-01-01 22:32:00,0,train
T101738,CUST8012,2023-01-02 01:07:00,0,train
T100012,CUST3603,2023-01-02 04:32:00,0,train
T100819,CUST3018,2023-01-02 07:17:00,0,train
T104985,CUST1221,2023-01-02 14:09:00,0,train
T101255,CUST2412,2023-01-02 14:12:00,0,train
T102682,CUST5535,2023-01-02 22:53:00,0,train
T103562,CUST2028,2023-01-03 00:44:00,1,train
T102712,CUST4333,2023-01-03 01:03:00,1,train
T102790,CUST4041,2023-01-03 02:52:00,0,train
T101486,CUST8736,2023-01-03 05:22:00,0,train
T101966,CUST2644,2023-01-03 06:29:00,0,train
T100021,CUST6465,2023-01-03 07:09:00,0,train
T100982,CUST1426,2023-01-03 07:11:00,0,train
T103552,CUST2599,2023-01-03 07:52:00,0,train
T101285,CUST3717,2023-01-03 12:08:00,0,train
T103035,CUST7786,2023-01-03 12:59:00,0,train
T101418,CUST6112,2023-01-03 13:44:00,0,train
T100297,CUST1019,2023-01-03 15:07:00,0,train
T102415,CUST5637,2023-01-03 16:34:00,1,train
T101485,CUST7997,2023-01-03 18:17:00,0,train
T100364,CUST2304,2023-01-03 20:05:00,0,train
T101795,CUST9219,2023-01-03 20:33:00,0,train
T101215,CUST3778,2023-01-03 22:03:00,0,train
T103779,CUST7470,2023-01-04 00:49:00,0,train
T100339,CUST2853,2023-01-04 01:15:00,0,train
T101495,CUST9221,2023-01-04 01:17:00,0,train
T102384,CUST6370,2023-01-04 02:26:00,1,train
T102881,CUST5996,2023-01-04 06:30:00,0,train
T103919,CUST4508,2023-01-04 06:38:00,0,train
T102491,CUST1425,2023-01-04 06:57:00,0,train
T103540,CUST8435,2023-01-04 08:53:00,0,train
T101909,CUST8833,2023-01-04 09:25:00,0,train
T100152,CUST1013,2023-01-04 09:48:00,0,train
T100903,CUST8668,2023-01-04 09:51:00,0,train
T102302,CUST5534,2023-01-04 17:50:00,0,train
T104957,CUST4204,2023-01-04 18:11:00,0,train
T100488,CUST7985,2023-01-04 20:54:00,0,train
T103801,CUST9254,2023-01-04 22:19:00,1,train
T101765,CUST6251,2023-01-05 06:59:00,0,train
T104501,CUST3443,2023-01-05 18:32:00,0,train
T102188,CUST8005,2023-01-05 19:51:00,0,train
T101109,CUST8785,2023-01-05 21:00:00,0,train
T104430,CUST2930,2023-01-05 21:39:00,0,train
T101613,CUST2860,2023-01-05 21:58:00,0,train
T100867,CUST2229,2023-01-05 22:16:00,0,train
T103149,CUST3995,2023-01-06 03:59:00,0,train
T102309,CUST8209,2023-01-06 04:03:00,0,train
T103931,CUST4458,2023-01-06 07:44:00,0,train
T104796,CUST5589,2023-01-06 14:09:00,0,train
T101880,CUST2580,2023-01-06 15:39:00,0,train
T101925,CUST2012,2023-01-06 15:39:00,0,train
T103199,CUST3953,2023-01-06 17:17:00,0,train
T101980,CUST3500,2023-01-06 17:52:00,0,train
T103957,CUST2702,2023-01-06 19:00:00,0,train
T104100,CUST6633,2023-01-06 19:17:00,0,train
T102083,CUST7040,2023-01-06 22:54:00,0,train
T102464,CUST5304,2023-01-06 23:09:00,1,train
T101805,CUST9256,2023-01-06 23:54:00,0,train
T101002,CUST8960,2023-01-07 01:43:00,0,train
T102420,CUST8716,2023-01-07 01:53:00,0,train
T100283,CUST7825,2023-01-07 05:07:00,1,train
T103366,CUST9796,2023-01-07 05:55:00,1,train
T101069,CUST7218,2023-01-07 08:20:00,0,train
T103749,CUST3226,2023-01-07 08:36:00,0,train
T101269,CUST3605,2023-01-07 11:03:00,0,train
T100648,CUST2153,2023-01-07 11:27:00,0,train
T103300,CUST4765,2023-01-07 12:28:00,1,train
T100640,CUST5893,2023-01-07 16:35:00,0,train
T100397,CUST4015,2023-01-07 16:38:00,0,train
T104939,CUST7039,2023-01-07 17:04:00,0,train
T102274,CUST6137,2023-01-07 21:59:00,0,train
T101637,CUST5039,2023-01-08 02:29:00,0,train
T102451,CUST8407,2023-01-08 02:59:00,0,train
T102040,CUST8958,2023-01-08 17:14:00,0,train
T101191,CUST4411,2023-01-08 18:52:00,0,train
T100553,CUST9065,2023-01-09 05:53:00,1,train
T101504,CUST8890,2023-01-09 07:12:00,0,train
T101311,CUST3363,2023-01-09 08:23:00,0,train
T103574,CUST2696,2023-01-09 09:09:00,0,train
T100178,CUST1659,2023-01-09 10:11:00,0,train
T100827,CUST7437,2023-01-09 13:37:00,0,train
T103371,CUST3484,2023-01-09 14:09:00,0,train
T100368,CUST9553,2023-01-09 15:58:00,0,train
T104053,CUST5251,2023-01-09 16:21:00,0,train
T101113,CUST5642,2023-01-09 16:55:00,0,train
T104343,CUST3363,2023-01-09 19:24:00,0,train
T104997,CUST6812,2023-01-09 22:14:00,1,train
T104901,CUST8699,2023-01-10 00:38:00,1,train
T103066,CUST2525,2023-01-10 09:53:00,0,train
T104314,CUST6303,2023-01-10 11:17:00,0,train
T102827,CUST5015,2023-01-10 11:21:00,0,train
T100996,CUST6520,2023-01-10 12:39:00,0,train
T100439,CUST6532,2023-01-10 13:04:00,0,train
T104463,CUST1922,2023-01-10 13:15:00,0,train
T103621,CUST3809,2023-01-10 18:10:00,0,train
T102452,CUST7296,2023-01-10 19:43:00,0,train
T101008,CUST6773,2023-01-10 21:16:00,0,train
T103398,CUST1321,2023-01-11 05:48:00,0,train
T101122,CUST1988,2023-01-11 07:41:00,0,train
T103511,CUST5100,2023-01-11 09:09:00,1,train
T101250,CUST9594,2023-01-11 09:41:00,1,train
T103270,CUST4548,2023-01-11 10:59:00,0,train
T104627,CUST3450,2023-01-11 13:15:00,0,train
T104493,CUST3870,2023-01-11 15:02:00,0,train
T102023,CUST7870,2023-01-11 16:43:00,0,train
T100138,CUST2117,2023-01-11 18:28:00,0,train
T101968,CUST2072,2023-01-11 19:24:00,0,train
T100366,CUST8962,2023-01-11 19:35:00,0,train
T102539,CUST7400,2023-01-11 21:03:00,0,train
T103483,CUST7068,2023-01-11 23:17:00,0,train
T103305,CUST9439,2023-01-12 02:28:00,0,train
T101568,CUST8523,2023-01-12 03:04:00,0,train
T102838,CUST1045,2023-01-12 05:43:00,0,train
T104775,CUST3018,2023-01-12 08:33:00,0,train
T103577,CUST9842,2023-01-12 09:29:00,0,train
T101265,CUST1482,2023-01-12 11:49:00,0,train
T101373,CUST7261,2023-01-12 11:57:00,0,train
T102726,CUST7569,2023-01-12 12:07:00,0,train
T100534,CUST8276,2023-01-12 12:30:00,0,train
T104195,CUST2733,2023-01-12 13:16:00,0,train
T102674,CUST6368,2023-01-12 13:44:00,0,train
T101757,CUST8136,2023-01-12 14:54:00,0,train
T103916,CUST1686,2023-01-12 20:17:00,0,train
T103593,CUST9451,2023-01-12 22:58:00,0,train
T100080,CUST5115,2023-01-13 03:23:00,0,train
T103197,CUST7680,2023-01-13 05:12:00,0,train
T104039,CUST5186,2023-01-13 07:56:00,1,train
T103050,CUST5066,2023-01-13 08:04:00,0,train
T104265,CUST7097,2023-01-13 08:33:00,0,train
T100556,CUST3652,2023-01-13 09:22:00,0,train
T100527,CUST3383,2023-01-13 11:03:00,0,train
T102076,CUST7728,2023-01-13 11:59:00,0,train
T102771,CUST7474,2023-01-13 12:19:00,0,train
T101573,CUST4015,2023-01-13 16:59:00,0,train
T100199,CUST7751,2023-01-13 18:21:00,1,train
T103747,CUST3421,2023-01-14 02:50:00,0,train
T101132,CUST3380,2023-01-14 07:23:00,0,train
T103378,CUST6771,2023-01-14 11:13:00,0,train
T102765,CUST3789,2023-01-14 14:48:00,0,train
T101673,CUST2533,2023-01-14 18:43:00,0,train
T102190,CUST8127,2023-01-14 20:32:00,0,train
T100223,CUST3148,2023-01-14 20:42:00,0,train
T102937,CUST1343,2023-01-15 00:46:00,1,train
T102474,CUST5831,2023-01-15 05:40:00,1,train
T104125,CUST2065,2023-01-15 05:45:00,0,train
T103308,CUST1164,2023-01-15 09:36:00,1,train
T102285,CUST2414,2023-01-15 09:57:00,0,train
T102102,CUST4378,2023-01-15 10:32:00,0,train
T101618,CUST6553,2023-01-15 10:55:00,0,train
T100149,CUST6382,2023-01-15 11:37:00,1,train
T100470,CUST9752,2023-01-15 14:33:00,0,train
T101206,CUST1599,2023-01-15 16:09:00,0,train
T104976,CUST9665,2023-01-15 17:31:00,0,train
T102545,CUST2482,2023-01-15 18:42:00,0,train
T100661,CUST9052,2023-01-15 18:43:00,0,train
T104585,CUST3817,2023-01-15 23:00:00,0,train
T104814,CUST3827,2023-01-16 00:46:00,1,train
T101853,CUST9478,2023-01-16 02:48:00,0,train
T101043,CUST9493,2023-01-16 02:57:00,0,train
T101000,CUST7397,2023-01-16 03:50:00,0,train
T103274,CUST1811,2023-01-16 07:03:00,0,train
T100639,CUST2460,2023-01-16 09:25:00,0,train
T100562,CUST5937,2023-01-16 14:41:00,0,train
T104827,CUST5978,2023-01-16 16:28:00,0,train
T102286,CUST3914,2023-01-16 23:27:00,0,train
T103542,CUST7284,2023-01-17 02:54:00,0,train
T104172,CUST9700,2023-01-17 05:26:00,1,train
T104412,CUST1335,2023-01-17 05:47:00,1,train
T102341,CUST3490,2023-01-17 07:34:00,0,train
T104027,CUST2253,2023-01-17 08:44:00,1,train
T102013,CUST4503,2023-01-17 09:19:00,0,train
T103348,CUST3622,2023-01-17 13:15:00,0,train
T100244,CUST2827,2023-01-17 15:48:00,0,train
T102934,CUST2497,2023-01-17 16:29:00,0,train
T100755,CUST6074,2023-01-17 19:45:00,0,train
T101427,CUST9826,2023-01-18 08:03:00,0,train
T100912,CUST2228,2023-01-18 08:28:00,0,train
T104422,CUST9347,2023-01-18 11:28:00,0,train
T100030,CUST2161,2023-01-18 12:48:00,0,train
T102041,CUST1269,2023-01-18 13:53:00,0,train
T102727,CUST4592,2023-01-18 19:28:00,0,train
T101647,CUST9851,2023-01-18 20:27:00,0,train
T100861,CUST4834,2023-01-18 21:15:00,1,train
T102632,CUST7883,2023-01-18 23:06:00,0,train
T102075,CUST2182,2023-01-19 00:10:00,0,train
T101570,CUST7242,2023-01-19 03:54:00,1,train
T102814,CUST2028,2023-01-19 03:56:00,0,train
T104677,CUST5436,2023-01-19 04:25:00,0,train
T104266,CUST8777,2023-01-19 08:02:00,1,train
T102578,CUST1159,2023-01-19 11:11:00,0,train
T103063,CUST6900,2023-01-19 15:30:00,0,train
T103168,CUST3222,2023-01-19 15:43:00,0,train
T101735,CUST8049,2023-01-19 15:47:00,0,train
T104321,CUST1102,2023-01-19 15:57:00,0,train
T103655,CUST2726,2023-01-19 16:02:00,0,train
T102675,CUST2526,2023-01-19 16:13:00,0,train
T102380,CUST5363,2023-01-19 16:54:00,0,train
T102264,CUST5510,2023-01-19 19:22:00,0,train
T102910,CUST9191,2023-01-19 19:54:00,0,train
T102466,CUST4848,2023-01-19 20:20:00,0,train
T101575,CUST4554,2023-01-19 21:35:00,0,train
T104499,CUST1931,2023-01-19 23:58:00,1,train
T100935,CUST8756,2023-01-20 04:52:00,0,train
T102184,CUST7493,2023-01-20 08:24:00,0,train
T100171,CUST5317,2023-01-20 12:10:00,0,train
T103470,CUST3856,2023-01-20 14:55:00,0,train
T100577,CUST5617,2023-01-20 15:13:00,0,train
T103706,CUST9513,2023-01-21 00:10:00,0,train
T103085,CUST7919,2023-01-21 00:30:00,0,train
T101588,CUST6290,2023-01-21 01:05:00,0,train
T102581,CUST8645,2023-01-21 02:43:00,0,train
T104988,CUST5939,2023-01-21 03:31:00,0,train
T104164,CUST3693,2023-01-21 04:46:00,0,train
T100548,CUST9039,2023-01-21 06:57:00,0,train
T102465,CUST2815,2023-01-21 08:15:00,0,train
T104396,CUST4840,2023-01-21 08:39:00,0,train
T102844,CUST4991,2023-01-21 09:27:00,0,train
T103205,CUST9184,2023-01-21 10:04:00,0,train
T103680,CUST7328,2023-01-21 10:20:00,0,train
T102363,CUST7092,2023-01-21 10:59:00,0,train
T102608,CUST7687,2023-01-21 12:04:00,0,train
T100316,CUST1803,2023-01-21 13:05:00,0,train
T104185,CUST7035,2023-01-21 13:18:00,1,train
T104860,CUST4419,2023-01-21 15:40:00,0,train
T100382,CUST9643,2023-01-21 21:01:00,0,train
T100929,CUST6800,2023-01-21 22:27:00,0,train
T104243,CUST4686,2023-01-22 02:51:00,0,train
T103184,CUST6942,2023-01-22 06:47:00,0,train
T103980,CUST2158,2023-01-22 07:19:00,0,train
T103007,CUST1747,2023-01-22 08:20:00,0,train
T104836,CUST8610,2023-01-22 13:34:00,0,train
T101594,CUST5452,2023-01-22 16:38:00,0,train
T100139,CUST5188,2023-01-22 18:03:00,1,train
T104708,CUST6339,2023-01-22 23:32:00,0,train
T100934,CUST2294,2023-01-22 23:51:00,0,train
T104019,CUST3014,2023-01-23 02:23:00,0,train
T104750,CUST6303,2023-01-23 02:47:00,0,train
T103495,CUST6680,2023-01-23 04:43:00,0,train
T101901,CUST4169,2023-01-23 05:45:00,0,train
T103023,CUST1377,2023-01-23 07:27:00,0,train
T102601,CUST4250,2023-01-23 07:40:00,0,train
T100157,CUST4233,2023-01-23 13:06:00,0,train
T103751,CUST7692,2023-01-23 23:19:00,0,train
T100061,CUST2426,2023-01-24 00:12:00,0,train
T104382,CUST6332,2023-01-24 02:36:00,0,train
T102390,CUST2577,2023-01-24 07:46:00,0,train
T102433,CUST5865,2023-01-24 08:43:00,0,train
T101507,CUST4439,2023-01-24 09:48:00,0,train
T103678,CUST2977,2023-01-24 10:16:00,0,train
T103121,CUST4873,2023-01-24 12:48:00,0,train
T103934,CUST7707,2023-01-24 15:52:00,0,train
T101063,CUST9381,2023-01-24 18:26:00,0,train
T100187,CUST2661,2023-01-24 20:24:00,0,train
T100801,CUST7733,2023-01-24 23:18:00,0,train
T101207,CUST8883,2023-01-25 00:22:00,1,train
T103782,CUST9087,2023-01-25 00:43:00,0,train
T104103,CUST4492,2023-01-25 04:24:00,1,train
T101863,CUST8611,2023-01-25 06:50:00,0,train
T103041,CUST1937,2023-01-25 09:35:00,0,train
T100643,CUST9205,2023-01-25 09:49:00,0,train
T100357,CUST3405,2023-01-25 10:32:00,0,train
T101989,CUST4330,2023-01-25 11:06:00,0,train
T104888,CUST3157,2023-01-25 11:51:00,0,train
T103313,CUST1601,2023-01-25 12:38:00,0,train
T102398,CUST9007,2023-01-25 14:42:00,0,train
T103461,CUST7757,2023-01-25 18:37:00,0,train
T104489,CUST9945,2023-01-25 19:49:00,0,train
T102940,CUST3999,2023-01-25 20:17:00,0,train
T100856,CUST1526,2023-01-26 01:51:00,0,train
T102462,CUST1085,2023-01-26 02:33:00,0,train
T103500,CUST4672,2023-01-26 03:09:00,0,train
T100889,CUST4499,2023-01-26 04:43:00,0,train
T104113,CUST1601,2023-01-26 05:57:00,1,train
T100581,CUST2511,2023-01-26 07:16:00,0,train
T101455,CUST2760,2023-01-26 08:11:00,0,train
T102260,CUST9558,2023-01-26 11:45:00,0,train
T104318,CUST5562,2023-01-26 12:40:00,0,train
T103454,CUST7847,2023-01-26 12:55:00,0,train
T100646,CUST9233,2023-01-26 13:21:00,0,train
T102094,CUST8712,2023-01-26 18:11:00,0,train
T100617,CUST4715,2023-01-26 18:46:00,0,train
T103923,CUST6029,2023-01-26 22:29:00,0,train
T103689,CUST7399,2023-01-26 23:29:00,0,train
T100954,CUST7704,2023-01-26 23:51:00,0,train
T101905,CUST8421,2023-01-27 01:55:00,0,train
T104448,CUST6763,2023-01-27 01:59:00,0,train
T103374,CUST3886,2023-01-27 05:16:00,0,train
T101617,CUST6467,2023-01-27 06:44:00,0,train
T104861,CUST5078,2023-01-27 06:57:00,0,train
T103828,CUST8535,2023-01-27 07:30:00,0,train
T103154,CUST4658,2023-01-27 07:47:00,0,train
T102172,CUST2741,2023-01-27 12:45:00,0,train
T101021,CUST2657,2023-01-27 16:41:00,0,train
T102917,CUST7923,2023-01-27 17:36:00,0,train
T102405,CUST7099,2023-01-27 19:13:00,0,train
T101016,CUST8022,2023-01-28 05:19:00,1,train
T101695,CUST1384,2023-01-28 06:05:00,1,train
T102505,CUST7322,2023-01-28 06:12:00,0,train
T100905,CUST9453,2023-01-28 10:31:00,0,train
T102485,CUST6293,2023-01-28 13:03:00,0,train
T103081,CUST7428,2023-01-28 13:07:00,0,train
T104023,CUST7560,2023-01-28 15:51:00,0,train
T101270,CUST4585,2023-01-28 17:36:00,0,train
T101176,CUST6675,2023-01-28 21:02:00,0,train
T103929,CUST9819,2023-01-29 00:18:00,1,train
T103831,CUST6856,2023-01-29 03:07:00,0,train
T104858,CUST4914,2023-01-29 03:12:00,0,train
T101472,CUST1450,2023-01-29 04:40:00,0,train
T104536,CUST6185,2023-01-29 06:35:00,0,train
T100375,CUST1108,2023-01-29 07:00:00,0,train
T104568,CUST1085,2023-01-29 09:17:00,0,train
T103908,CUST7916,2023-01-29 12:01:00,0,train
T104834,CUST3895,2023-01-29 13:37:00,0,train
T102593,CUST6356,2023-01-29 18:51:00,0,train
T101915,CUST8885,2023-01-29 21:08:00,0,train
T100084,CUST8393,2023-01-29 21:17:00,0,train
T102137,CUST8219,2023-01-29 22:21:00,0,train
T102443,CUST9550,2023-01-29 23:56:00,0,train
T104269,CUST3136,2023-01-30 01:19:00,1,train
T103343,CUST1824,2023-01-30 04:48:00,0,train
T102077,CUST3900,2023-01-30 05:00:00,0,train
T103558,CUST6287,2023-01-30 05:29:00,0,train
T104892,CUST9705,2023-01-30 05:35:00,1,train
T103654,CUST1736,2023-01-30 06:29:00,0,train
T103000,CUST2200,2023-01-30 10:54:00,0,train
T102383,CUST1515,2023-01-30 11:09:00,0,train
T102834,CUST2549,2023-01-30 12:11:00,0,train
T101032,CUST2266,2023-01-30 12:49:00,1,train
T103304,CUST3754,2023-01-30 15:03:00,0,train
T103605,CUST2907,2023-01-30 18:15:00,0,train
T102323,CUST8827,2023-01-30 20:25:00,0,train
T102231,CUST1732,2023-01-30 23:41:00,0,train
T101049,CUST6705,2023-01-31 00:04:00,0,train
T100522,CUST5950,2023-01-31 07:32:00,0,train
T102891,CUST4693,2023-01-31 07:47:00,0,train
T100315,CUST9052,2023-01-31 08:32:00,0,train
T103628,CUST7626,2023-01-31 09:36:00,0,train
T101234,CUST2138,2023-01-31 10:54:00,0,train
T103968,CUST1349,2023-01-31 11:52:00,0,train
T102339,CUST2833,2023-01-31 13:20:00,0,train
T102637,CUST7322,2023-01-31 14:56:00,0,train
T103792,CUST6843,2023-01-31 15:41:00,0,train
T101725,CUST3546,2023-01-31 16:26:00,0,train
T101927,CUST7602,2023-01-31 17:33:00,0,train
T101229,CUST2856,2023-01-31 17:35:00,0,train
T103548,CUST4377,2023-01-31 19:05:00,0,train
T103927,CUST4686,2023-01-31 19:41:00,1,train
T103991,CUST9277,2023-01-31 21:32:00,0,train
T102036,CUST2752,2023-01-31 21:45:00,0,train
T100689,CUST7804,2023-01-31 22:30:00,0,train
T101410,CUST8715,2023-01-31 23:28:00,0,train
T104582,CUST9750,2023-02-01 03:30:00,1,train
T100518,CUST4584,2023-02-01 06:46:00,0,train
T103062,CUST1170,2023-02-01 09:24:00,0,train
T100746,CUST1735,2023-02-01 10:30:00,0,train
T100447,CUST9378,2023-02-01 11:27:00,0,train
T102057,CUST4556,2023-02-01 16:11:00,0,train
T101045,CUST3051,2023-02-01 19:44:00,0,train
T101625,CUST1697,2023-02-01 19:57:00,0,train
T100363,CUST2026,2023-02-01 20:06:00,0,train
T104853,CUST9858,2023-02-01 20:35:00,1,train
T100922,CUST1781,2023-02-01 22:35:00,0,train
T101771,CUST1172,2023-02-01 23:44:00,0,train
T104245,CUST2163,2023-02-02 02:21:00,0,train
T100378,CUST4973,2023-02-02 03:53:00,0,train
T103718,CUST3610,2023-02-02 04:26:00,1,train
T103002,CUST5908,2023-02-02 05:16:00,0,train
T103679,CUST3515,2023-02-02 06:12:00,0,train
T103499,CUST6910,2023-02-02 08:21:00,0,train
T102222,CUST2053,2023-02-02 10:43:00,0,train
T104755,CUST6457,2023-02-02 11:19:00,0,train
T101642,CUST8900,2023-02-02 11:40:00,0,train
T103974,CUST5822,2023-02-02 12:15:00,0,train
T104280,CUST8625,2023-02-02 14:36:00,0,train
T102500,CUST6473,2023-02-02 15:22:00,0,train
T104578,CUST9908,2023-02-02 16:00:00,0,train
T104815,CUST6356,2023-02-02 19:35:00,0,train
T101138,CUST5292,2023-02-02 20:05:00,0,train
T101192,CUST8686,2023-02-02 22:32:00,0,train
T102266,CUST7637,2023-02-02 22:42:00,0,train
T104487,CUST6605,2023-02-02 23:49:00,0,train
T103156,CUST3171,2023-02-03 03:19:00,0,train
T100763,CUST8531,2023-02-03 03:27:00,1,train
T101962,CUST5372,2023-02-03 04:33:00,0,train
T104569,CUST4221,2023-02-03 05:13:00,0,train
T101584,CUST4813,2023-02-03 07:54:00,0,train
T101569,CUST1949,2023-02-03 08:27:00,0,train
T104831,CUST9094,2023-02-03 08:35:00,0,train
T103415,CUST9813,2023-02-03 09:46:00,0,train
T103152,CUST3195,2023-02-03 10:00:00,0,train
T101453,CUST5945,2023-02-03 10:11:00,0,train
T104116,CUST4883,2023-02-03 11:50:00,0,train
T104282,CUST4240,2023-02-03 12:11:00,0,train
T100836,CUST9151,2023-02-03 13:05:00,0,train
T104759,CUST6343,2023-02-03 14:36:00,0,train
T104425,CUST1963,2023-02-03 15:48:00,0,train
T100876,CUST3741,2023-02-03 21:57:00,0,train
T101916,CUST9136,2023-02-03 23:10:00,0,train
T100651,CUST7629,2023-02-04 01:05:00,1,train
T101701,CUST6486,2023-02-04 05:23:00,0,train
T101375,CUST5394,2023-02-04 10:47:00,0,train
T104656,CUST6214,2023-02-04 14:41:00,0,train
T100574,CUST6225,2023-02-04 16:19:00,0,train
T101433,CUST5047,2023-02-04 16:21:00,0,train
T103484,CUST5581,2023-02-04 17:14:00,0,train
T100691,CUST4595,2023-02-04 17:57:00,0,train
T100879,CUST9479,2023-02-04 18:09:00,0,train
T101810,CUST8319,2023-02-04 18:13:00,0,train
T100129,CUST6110,2023-02-04 21:50:00,0,train
T101140,CUST5539,2023-02-05 02:29:00,1,train
T103259,CUST9268,2023-02-05 03:52:00,1,train
T103670,CUST4218,2023-02-05 06:13:00,0,train
T104752,CUST1452,2023-02-05 10:55:00,0,train
T100022,CUST4900,2023-02-05 11:58:00,0,train
T101842,CUST2487,2023-02-05 12:23:00,0,train
T104855,CUST6813,2023-02-05 14:37:00,0,train
T101996,CUST8330,2023-02-05 18:00:00,0,train
T100462,CUST8234,2023-02-05 18:20:00,0,train
T104403,CUST4819,2023-02-05 19:07:00,0,train
T101501,CUST7613,2023-02-06 03:10:00,1,train
T101171,CUST9712,2023-02-06 03:11:00,1,train
T100928,CUST8589,2023-02-06 03:18:00,1,train
T102867,CUST7569,2023-02-06 07:05:00,0,train
T104706,CUST6051,2023-02-06 09:04:00,0,train
T104967,CUST2524,2023-02-06 09:47:00,0,train
T102575,CUST8006,2023-02-06 17:22:00,0,train
T103917,CUST2449,2023-02-06 17:54:00,0,train
T101121,CUST8265,2023-02-06 21:32:00,0,train
T103750,CUST2217,2023-02-06 23:46:00,0,train
T103012,CUST7050,2023-02-07 01:24:00,0,train
T104872,CUST2668,2023-02-07 02:16:00,0,train
T104345,CUST3715,2023-02-07 09:00:00,0,train
T103631,CUST3832,2023-02-07 10:50:00,0,train
T103215,CUST6123,2023-02-07 13:11:00,0,train
T102636,CUST7723,2023-02-07 13:42:00,0,train
T102292,CUST3350,2023-02-07 19:34:00,0,train
T100273,CUST1271,2023-02-07 19:39:00,0,train
T103126,CUST6012,2023-02-07 19:48:00,0,train
T100728,CUST7136,2023-02-07 21:42:00,0,train
T103703,CUST6069,2023-02-08 03:10:00,1,train
T101334,CUST7711,2023-02-08 05:10:00,1,train
T103164,CUST4087,2023-02-08 05:24:00,0,train
T100218,CUST9660,2023-02-08 06:41:00,0,train
T100144,CUST2644,2023-02-08 07:54:00,0,train
T102933,CUST1592,2023-02-08 12:46:00,0,train
T100250,CUST1036,2023-02-08 13:22:00,0,train
T101558,CUST5288,2023-02-08 14:32:00,0,train
T102303,CUST5022,2023-02-08 14:36:00,0,train
T102153,CUST5666,2023-02-08 17:22:00,0,train
T104966,CUST3630,2023-02-08 20:31:00,0,train
T100335,CUST4601,2023-02-08 23:52:00,0,train
T104646,CUST2523,2023-02-09 00:32:00,0,train
T101342,CUST4791,2023-02-09 03:56:00,0,train
T100006,CUST2118,2023-02-09 08:56:00,0,train
T100081,CUST7480,2023-02-09 10:27:00,0,train
T102946,CUST4618,2023-02-09 13:11:00,0,train
T100884,CUST4553,2023-02-09 16:24:00,0,train
T101649,CUST7543,2023-02-09 19:20:00,0,train
T100506,CUST3487,2023-02-09 19:24:00,0,train
T103426,CUST5666,2023-02-09 22:39:00,0,train
T100010,CUST9322,2023-02-09 22:45:00,0,train
T102336,CUST9398,2023-02-10 03:00:00,0,train
T104145,CUST8377,2023-02-10 05:55:00,0,train
T100853,CUST4869,2023-02-10 06:05:00,0,train
T104990,CUST5949,2023-02-10 06:19:00,0,train
T100893,CUST3100,2023-02-10 08:26:00,0,train
T101289,CUST9375,2023-02-10 10:28:00,0,train
T100557,CUST4943,2023-02-10 15:03:00,1,train
T100441,CUST7367,2023-02-10 16:40:00,0,train
T104929,CUST9641,2023-02-10 18:14:00,0,train
T102680,CUST3042,2023-02-10 21:41:00,1,train
T102628,CUST7283,2023-02-10 22:15:00,0,train
T104491,CUST9887,2023-02-11 01:05:00,0,train
T100809,CUST9490,2023-02-11 02:00:00,0,train
T103627,CUST9375,2023-02-11 02:33:00,0,train
T100459,CUST8873,2023-02-11 03:42:00,0,train
T101536,CUST2065,2023-02-11 05:02:00,0,train
T104657,CUST3556,2023-02-11 09:27:00,0,train
T101128,CUST1888,2023-02-11 10:00:00,0,train
T101820,CUST2176,2023-02-11 14:55:00,0,train
T101081,CUST1574,2023-02-11 16:34:00,0,train
T103802,CUST3395,2023-02-11 17:17:00,0,train
T102538,CUST6034,2023-02-12 00:34:00,0,train
T100198,CUST8746,2023-02-12 02:33:00,1,train
T102312,CUST9121,2023-02-12 02:36:00,0,train
T104398,CUST7817,2023-02-12 09:15:00,0,train
T104828,CUST3676,2023-02-12 12:20:00,0,train
T102845,CUST5976,2023-02-12 12:57:00,0,train
T100920,CUST4796,2023-02-12 15:22:00,0,train
T102907,CUST1335,2023-02-12 17:02:00,0,train
T100774,CUST2900,2023-02-12 19:03:00,0,train
T101296,CUST7126,2023-02-12 22:20:00,0,train
T101297,CUST8383,2023-02-13 02:16:00,1,train
T103825,CUST8058,2023-02-13 05:13:00,0,train
T102310,CUST4060,2023-02-13 07:06:00,0,train
T103698,CUST2873,2023-02-13 11:15:00,0,train
T102853,CUST2397,2023-02-13 12:26:00,0,train
T104155,CUST1572,2023-02-13 12:46:00,0,train
T101147,CUST6423,2023-02-13 15:03:00,0,train
T101769,CUST1521,2023-02-13 16:47:00,0,train
T102753,CUST9447,2023-02-13 17:01:00,0,train
T104394,CUST1226,2023-02-13 18:16:00,0,train
T104630,CUST1962,2023-02-13 20:00:00,0,train
T100667,CUST5765,2023-02-13 20:07:00,0,train
T104423,CUST3692,2023-02-14 00:27:00,1,train
T100143,CUST7187,2023-02-14 01:22:00,0,train
T104506,CUST1275,2023-02-14 02:30:00,0,train
T101126,CUST5019,2023-02-14 06:13:00,0,train
T101657,CUST2988,2023-02-14 10:02:00,0,train
T103505,CUST7772,2023-02-14 12:01:00,0,train
T100042,CUST3592,2023-02-14 13:13:00,0,train
T104238,CUST9267,2023-02-14 14:59:00,0,train
T101235,CUST6162,2023-02-14 15:40:00,0,train
T101435,CUST6243,2023-02-14 15:54:00,0,train
T100219,CUST7898,2023-02-14 16:32:00,0,train
T103327,CUST9685,2023-02-14 17:20:00,0,train
T102520,CUST9799,2023-02-14 21:27:00,0,train
T103437,CUST8597,2023-02-15 04:46:00,0,train
T101096,CUST9814,2023-02-15 04:54:00,0,train
T104557,CUST8361,2023-02-15 05:30:00,0,train
T100822,CUST2830,2023-02-15 07:30:00,0,train
T101456,CUST9904,2023-02-15 09:47:00,0,train
T100169,CUST6891,2023-02-15 13:18:00,0,train
T104783,CUST9340,2023-02-15 14:47:00,0,train
T100984,CUST5233,2023-02-15 16:56:00,0,train
T103527,CUST1439,2023-02-15 22:00:00,0,train
T101983,CUST6188,2023-02-16 11:39:00,0,train
T101004,CUST8693,2023-02-16 12:10:00,0,train
T101691,CUST3215,2023-02-16 13:32:00,0,train
T100973,CUST1067,2023-02-16 14:46:00,0,train
T102617,CUST7398,2023-02-16 17:44:00,0,train
T102976,CUST1091,2023-02-16 18:35:00,0,train
T100586,CUST5051,2023-02-16 19:24:00,0,train
T100159,CUST8613,2023-02-16 22:05:00,0,train
T103330,CUST9939,2023-02-17 04:45:00,0,train
T101679,CUST6928,2023-02-17 07:58:00,0,train
T102615,CUST4157,2023-02-17 09:43:00,0,train
T103876,CUST8410,2023-02-17 10:27:00,0,train
T101924,CUST9055,2023-02-17 10:35:00,0,train
T101624,CUST1463,2023-02-17 11:25:00,0,train
T100496,CUST9010,2023-02-17 11:43:00,0,train
T101875,CUST8604,2023-02-17 15:03:00,0,train
T100635,CUST1103,2023-02-17 15:04:00,0,train
T104004,CUST8554,2023-02-17 16:06:00,0,train
T100253,CUST1016,2023-02-17 17:07:00,0,train
T102181,CUST5694,2023-02-17 17:15:00,0,train
T100381,CUST9922,2023-02-17 18:09:00,0,train
T103568,CUST1444,2023-02-17 21:26:00,0,train
T100966,CUST1043,2023-02-17 21:46:00,0,train
T103939,CUST9348,2023-02-17 21:55:00,0,train
T104779,CUST4789,2023-02-18 05:56:00,0,train
T103591,CUST2757,2023-02-18 06:05:00,0,train
T101669,CUST6762,2023-02-18 07:15:00,0,train
T103723,CUST8212,2023-02-18 10:05:00,0,train
T103021,CUST4737,2023-02-18 11:15:00,0,train
T101659,CUST1739,2023-02-18 14:20:00,0,train
T100749,CUST6942,2023-02-18 16:46:00,0,train
T100968,CUST9886,2023-02-18 22:34:00,0,train
T100195,CUST4220,2023-02-19 01:58:00,0,train
T104003,CUST8372,2023-02-19 03:33:00,0,train
T103112,CUST3715,2023-02-19 06:58:00,0,train
T103103,CUST1782,2023-02-19 11:19:00,0,train
T100613,CUST4993,2023-02-19 13:01:00,0,train
T101404,CUST9880,2023-02-19 13:03:00,0,train
T102599,CUST8392,2023-02-19 14:04:00,0,train
T100826,CUST4820,2023-02-19 16:17:00,0,train
T104517,CUST8078,2023-02-19 16:37:00,1,train
T104623,CUST7826,2023-02-19 19:51:00,0,train
T102528,CUST1404,2023-02-19 20:29:00,0,train
T100630,CUST5918,2023-02-19 21:01:00,0,train
T102256,CUST4933,2023-02-19 21:42:00,0,train
T103303,CUST5226,2023-02-19 22:59:00,0,train
T100280,CUST7941,2023-02-19 23:47:00,0,train
T102532,CUST1096,2023-02-20 00:42:00,0,train
T104787,CUST3889,2023-02-20 00:57:00,0,train
T104366,CUST4691,2023-02-20 01:52:00,0,train
T102275,CUST3413,2023-02-20 02:59:00,0,train
T104867,CUST6884,2023-02-20 05:10:00,0,train
T102297,CUST1023,2023-02-20 09:38:00,0,train
T101432,CUST2069,2023-02-20 11:51:00,0,train
T100840,CUST4874,2023-02-20 15:51:00,0,train
T100469,CUST6042,2023-02-20 16:09:00,0,train
T104277,CUST8242,2023-02-20 17:10:00,0,train
T101381,CUST2015,2023-02-20 18:53:00,0,train
T102759,CUST8460,2023-02-20 19:03:00,0,train
T100563,CUST5663,2023-02-20 20:36:00,0,train
T101728,CUST5370,2023-02-20 20:36:00,0,train
T100248,CUST7446,2023-02-20 23:51:00,0,train
T101180,CUST5934,2023-02-20 23:54:00,0,train
T104540,CUST9676,2023-02-21 00:12:00,0,train
T101770,CUST4449,2023-02-21 00:30:00,1,train
T103561,CUST4120,2023-02-21 03:47:00,0,train
T101253,CUST8028,2023-02-21 03:59:00,0,train
T101892,CUST4762,2023-02-21 05:02:00,0,train
T103130,CUST3404,2023-02-21 10:44:00,0,train
T103844,CUST3284,2023-02-21 15:05:00,0,train
T102299,CUST2544,2023-02-21 17:07:00,0,train
T102237,CUST8876,2023-02-21 17:55:00,0,train
T100735,CUST4036,2023-02-21 18:20:00,0,train
T103599,CUST8873,2023-02-21 18:29:00,0,train
T101610,CUST7606,2023-02-21 18:43:00,0,train
T100323,CUST5747,2023-02-22 04:54:00,0,train
T103458,CUST1303,2023-02-22 07:15:00,0,train
T101829,CUST3475,2023-02-22 09:34:00,0,train
T104974,CUST8590,2023-02-22 10:34:00,0,train
T100257,CUST7071,2023-02-22 14:32:00,0,train
T102967,CUST7854,2023-02-22 15:07:00,0,train
T104201,CUST6083,2023-02-22 15:15:00,0,train
T104902,CUST3102,2023-02-22 15:17:00,0,train
T103208,CUST1196,2023-02-22 18:39:00,0,train
T104356,CUST3144,2023-02-22 20:05:00,0,train
T103078,CUST4053,2023-02-22 21:25:00,0,train
T100268,CUST8944,2023-02-23 05:41:00,1,train
T103812,CUST7392,2023-02-23 06:34:00,0,train
T102289,CUST3226,2023-02-23 07:57:00,0,train
T102497,CUST8719,2023-02-23 08:49:00,0,train
T103153,CUST1488,2023-02-23 09:39:00,0,train
T102369,CUST8960,2023-02-23 10:57:00,0,train
T100600,CUST6610,2023-02-23 12:54:00,0,train
T102458,CUST8337,2023-02-23 15:05:00,0,train
T104158,CUST3028,2023-02-23 15:17:00,0,train
T102108,CUST9691,2023-02-23 15:59:00,0,train
T100320,CUST5627,2023-02-23 17:10:00,0,train
T101754,CUST3881,2023-02-23 17:43:00,0,train
T102557,CUST7060,2023-02-23 23:58:00,1,train
T104069,CUST6299,2023-02-24 00:18:00,0,train
T101011,CUST1540,2023-02-24 01:33:00,0,train
T102526,CUST8205,2023-02-24 03:35:00,0,train
T103715,CUST4587,2023-02-24 09:41:00,0,train
T100026,CUST9119,2023-02-24 09:47:00,0,train
T100850,CUST7042,2023-02-24 11:15:00,0,train
T101638,CUST8937,2023-02-24 13:32:00,0,train
T104217,CUST7234,2023-02-24 14:48:00,0,train
T101461,CUST9447,2023-02-24 14:49:00,0,train
T101860,CUST4552,2023-02-24 17:22:00,0,train
T101883,CUST3037,2023-02-24 17:52:00,0,train
T104034,CUST9554,2023-02-24 19:19:00,0,train
T103658,CUST3824,2023-02-24 20:42:00,0,train
T103525,CUST5419,2023-02-24 22:13:00,0,train
T102970,CUST8678,2023-02-25 00:21:00,0,train
T101721,CUST1463,2023-02-25 00:26:00,0,train
T102186,CUST2719,2023-02-25 02:04:00,0,train
T104981,CUST4924,2023-02-25 03:52:00,0,train
T102293,CUST9938,2023-02-25 07:10:00,0,train
T102228,CUST1416,2023-02-25 07:39:00,0,train
T102872,CUST8876,2023-02-25 09:03:00,0,train
T100707,CUST4954,2023-02-25 09:49:00,0,train
T101287,CUST2764,2023-02-25 12:47:00,0,train
T100457,CUST4931,2023-02-25 13:35:00,0,train
T102885,CUST5265,2023-02-25 15:44:00,0,train
T101013,CUST3269,2023-02-25 16:01:00,0,train
T100086,CUST6597,2023-02-25 19:33:00,0,train
T100578,CUST3998,2023-02-25 21:29:00,0,train
T102991,CUST8591,2023-02-25 22:11:00,0,train
T104692,CUST2246,2023-02-25 23:25:00,1,train
T104593,CUST6991,2023-02-26 02:00:00,1,train
T104782,CUST9905,2023-02-26 03:06:00,0,train
T101531,CUST7046,2023-02-26 03:49:00,1,train
T104486,CUST4757,2023-02-26 04:15:00,0,train
T102990,CUST9769,2023-02-26 05:12:00,0,train
T103225,CUST2716,2023-02-26 06:20:00,0,train
T102684,CUST6288,2023-02-26 09:57:00,1,train
T100052,CUST8966,2023-02-26 13:39:00,0,train
T104378,CUST1015,2023-02-26 13:46:00,0,train
T103858,CUST1037,2023-02-26 17:33:00,0,train
T103432,CUST4844,2023-02-26 20:03:00,0,train
T101112,CUST4232,2023-02-26 22:18:00,0,train
T102429,CUST2580,2023-02-26 23:10:00,0,train
T100981,CUST5331,2023-02-27 01:06:00,1,train
T102547,CUST1947,2023-02-27 02:26:00,0,train
T103251,CUST8438,2023-02-27 06:51:00,0,train
T100815,CUST6589,2023-02-27 07:28:00,0,train
T101590,CUST4145,2023-02-27 07:42:00,0,train
T103560,CUST1603,2023-02-27 08:23:00,0,train
T103457,CUST2255,2023-02-27 10:15:00,0,train
T100344,CUST9394,2023-02-27 11:42:00,0,train
T101605,CUST6963,2023-02-27 14:15:00,0,train
T102025,CUST5162,2023-02-27 20:46:00,0,train
T100517,CUST9160,2023-02-27 23:15:00,0,train
T100135,CUST1395,2023-02-28 00:53:00,0,train
T104408,CUST2893,2023-02-28 02:07:00,1,train
T100345,CUST7151,2023-02-28 02:24:00,0,train
T102095,CUST3956,2023-02-28 05:56:00,0,train
T101688,CUST8152,2023-02-28 10:11:00,0,train
T103347,CUST9338,2023-02-28 10:12:00,0,train
T104405,CUST8493,2023-02-28 11:21:00,1,train
T101833,CUST1339,2023-02-28 13:14:00,0,train
T101366,CUST2042,2023-02-28 18:57:00,0,train
T101593,CUST6186,2023-02-28 19:28:00,0,train
T100803,CUST4877,2023-02-28 20:04:00,0,train
T102162,CUST5287,2023-02-28 21:20:00,0,train
T103326,CUST6199,2023-02-28 23:20:00,0,train
T101097,CUST2341,2023-03-01 04:27:00,0,train
T101302,CUST2291,2023-03-01 05:52:00,0,train
T102493,CUST5329,2023-03-01 06:37:00,1,train
T101320,CUST9594,2023-03-01 07:16:00,0,train
T101991,CUST8117,2023-03-01 08:29:00,0,train
T103724,CUST7904,2023-03-01 10:37:00,1,train
T104917,CUST9914,2023-03-01 13:17:00,0,train
T102498,CUST7015,2023-03-01 14:26:00,0,train
T101451,CUST7387,2023-03-01 16:33:00,0,train
T102735,CUST5992,2023-03-01 16:35:00,0,train
T102960,CUST2479,2023-03-01 18:10:00,0,train
T104429,CUST9946,2023-03-01 21:45:00,0,train
T101788,CUST1045,2023-03-01 22:20:00,0,train
T104984,CUST2413,2023-03-01 23:28:00,0,train
T104894,CUST4532,2023-03-02 01:09:00,0,train
T104632,CUST5843,2023-03-02 03:54:00,1,train
T103469,CUST2839,2023-03-02 05:10:00,0,train
T104458,CUST6465,2023-03-02 05:22:00,0,train
T104406,CUST3185,2023-03-02 05:26:00,1,train
T103058,CUST3438,2023-03-02 05:37:00,1,train
T104852,CUST9592,2023-03-02 06:26:00,0,train
T101039,CUST4673,2023-03-02 09:31:00,0,train
T102791,CUST3537,2023-03-02 11:59:00,0,train
T102134,CUST8614,2023-03-02 12:31:00,1,train
T100360,CUST6530,2023-03-02 14:37:00,0,train
T103613,CUST1019,2023-03-02 14:37:00,0,train
T103036,CUST8075,2023-03-02 15:40:00,0,train
T100087,CUST1897,2023-03-02 18:46:00,0,train
T100568,CUST1747,2023-03-02 22:24:00,0,train
T102783,CUST3519,2023-03-03 00:05:00,1,train
T104110,CUST1205,2023-03-03 02:02:00,0,train
T103333,CUST8250,2023-03-03 04:26:00,0,train
T104283,CUST5421,2023-03-03 04:37:00,1,train
T102004,CUST2641,2023-03-03 06:24:00,0,train
T101099,CUST7981,2023-03-03 09:46:00,0,train
T103601,CUST7750,2023-03-03 11:51:00,0,train
T101199,CUST6293,2023-03-03 23:32:00,0,train
T104639,CUST3896,2023-03-04 01:11:00,0,train
T100985,CUST5591,2023-03-04 01:20:00,1,train
T101676,CUST1497,2023-03-04 09:38:00,0,train
T102362,CUST4642,2023-03-04 14:22:00,0,train
T104076,CUST7145,2023-03-04 14:23:00,0,train
T100656,CUST3285,2023-03-04 16:33:00,0,train
T102973,CUST9939,2023-03-04 18:10:00,0,train
T103435,CUST9653,2023-03-04 20:08:00,0,train
T100768,CUST9332,2023-03-04 20:44:00,0,train
T101753,CUST1233,2023-03-04 23:22:00,0,train
T104413,CUST2597,2023-03-05 00:48:00,1,train
T101532,CUST8530,2023-03-05 01:57:00,0,train
T101636,CUST3957,2023-03-05 08:33:00,0,train
T103448,CUST2141,2023-03-05 08:46:00,0,train
T104820,CUST1326,2023-03-05 10:12:00,0,train
T102306,CUST6152,2023-03-05 10:43:00,0,train
T102071,CUST3077,2023-03-05 11:38:00,0,train
T103880,CUST9183,2023-03-05 12:06:00,0,train
T102224,CUST1337,2023-03-05 17:13:00,0,train
T104709,CUST9600,2023-03-05 18:05:00,0,train
T102944,CUST7722,2023-03-05 20:34:00,0,train
T104500,CUST6904,2023-03-05 21:12:00,0,train
T104833,CUST4163,2023-03-05 21:27:00,0,train
T102104,CUST4258,2023-03-05 22:34:00,0,train
T103233,CUST3204,2023-03-05 22:37:00,0,train
T104890,CUST2451,2023-03-06 00:42:00,0,train
T103818,CUST3091,2023-03-06 00:55:00,1,train
T102818,CUST5195,2023-03-06 01:01:00,0,train
T104276,CUST2107,2023-03-06 02:56:00,0,train
T101825,CUST8657,2023-03-06 05:15:00,1,train
T102648,CUST6069,2023-03-06 07:20:00,0,train
T103998,CUST8759,2023-03-06 08:31:00,0,train
T104386,CUST8916,2023-03-06 09:19:00,0,train
T103118,CUST5141,2023-03-06 15:17:00,0,train
T102442,CUST3711,2023-03-06 16:02:00,0,train
T103938,CUST6961,2023-03-06 16:25:00,0,train
T100008,CUST7160,2023-03-06 20:09:00,0,train
T104665,CUST8128,2023-03-06 20:15:00,0,train
T102089,CUST9174,2023-03-06 21:24:00,0,train
T100379,CUST8507,2023-03-07 01:05:00,0,train
T101861,CUST2071,2023-03-07 01:23:00,0,train
T104407,CUST1694,2023-03-07 05:20:00,0,train
T100341,CUST9785,2023-03-07 09:10:00,0,train
T100271,CUST7680,2023-03-07 09:45:00,0,train
T104971,CUST8828,2023-03-07 16:14:00,0,train
T103310,CUST4645,2023-03-07 17:19:00,0,train
T102110,CUST9461,2023-03-07 23:28:00,0,train
T102253,CUST6643,2023-03-08 02:40:00,0,train
T103246,CUST9156,2023-03-08 05:21:00,0,train
T103632,CUST6267,2023-03-08 05:51:00,0,train
T104328,CUST8543,2023-03-08 11:41:00,0,train
T102552,CUST8439,2023-03-08 12:35:00,0,train
T102945,CUST9198,2023-03-08 13:29:00,0,train
T101544,CUST1791,2023-03-08 17:53:00,0,train
T103606,CUST3809,2023-03-08 19:53:00,0,train
T100133,CUST3810,2023-03-08 20:01:00,0,train
T101056,CUST5802,2023-03-08 20:59:00,0,train
T103427,CUST2262,2023-03-09 01:40:00,0,train
T101741,CUST8267,2023-03-09 01:43:00,0,train
T103993,CUST4020,2023-03-09 01:57:00,1,train
T101276,CUST2209,2023-03-09 05:52:00,1,train
T100626,CUST1885,2023-03-09 08:35:00,0,train
T100270,CUST6969,2023-03-09 09:23:00,0,train
T104699,CUST7589,2023-03-09 10:33:00,0,train
T101422,CUST5279,2023-03-09 12:47:00,0,train
T101528,CUST8427,2023-03-09 13:50:00,0,train
T102270,CUST5955,2023-03-09 15:43:00,0,train
T103564,CUST1387,2023-03-09 16:59:00,0,train
T104968,CUST2732,2023-03-09 18:34:00,0,train
T101819,CUST4781,2023-03-09 21:37:00,0,train
T101973,CUST5397,2023-03-10 00:01:00,0,train
T100738,CUST5647,2023-03-10 05:37:00,0,train
T104979,CUST4882,2023-03-10 06:14:00,0,train
T102572,CUST6454,2023-03-10 08:41:00,0,train
T103409,CUST8529,2023-03-10 16:01:00,0,train
T103785,CUST8221,2023-03-10 20:57:00,0,train
T104440,CUST2345,2023-03-10 22:33:00,0,train
T104379,CUST8556,2023-03-10 22:36:00,0,train
T102895,CUST2305,2023-03-11 00:33:00,0,train
T104206,CUST8613,2023-03-11 02:44:00,0,train
T104485,CUST7641,2023-03-11 08:16:00,0,train
T103226,CUST7988,2023-03-11 08:19:00,0,train
T101758,CUST1496,2023-03-11 14:04:00,0,train
T104050,CUST9835,2023-03-11 16:38:00,0,train
T103915,CUST5294,2023-03-11 18:38:00,0,train
T101941,CUST3824,2023-03-11 20:03:00,0,train
T101386,CUST4225,2023-03-11 20:44:00,0,train
T101592,CUST3812,2023-03-11 21:23:00,0,train
T103872,CUST1321,2023-03-12 01:45:00,1,train
T102740,CUST7114,2023-03-12 02:00:00,0,train
T101975,CUST6814,2023-03-12 02:50:00,0,train
T102921,CUST7798,2023-03-12 03:00:00,1,train
T103307,CUST1466,2023-03-12 05:26:00,0,train
T103536,CUST5050,2023-03-12 05:34:00,0,train
T101644,CUST6412,2023-03-12 05:48:00,0,train
T103145,CUST1274,2023-03-12 05:50:00,0,train
T102480,CUST1468,2023-03-12 13:06:00,0,train
T104952,CUST3353,2023-03-12 15:07:00,0,train
T104693,CUST9928,2023-03-12 16:12:00,0,train
T103402,CUST9922,2023-03-12 17:32:00,0,train
T104016,CUST6029,2023-03-12 18:25:00,0,train
T104797,CUST7423,2023-03-12 20:20:00,0,train
T100739,CUST8735,2023-03-12 20:46:00,0,train
T103796,CUST6398,2023-03-13 00:09:00,0,train
T103140,CUST4166,2023-03-13 01:05:00,0,train
T103198,CUST3187,2023-03-13 01:39:00,0,train
T101053,CUST2143,2023-03-13 02:47:00,0,train
T101324,CUST8589,2023-03-13 05:08:00,0,train
T103146,CUST4020,2023-03-13 05:14:00,0,train
T101123,CUST6779,2023-03-13 07:13:00,0,train
T104515,CUST7804,2023-03-13 10:05:00,0,train
T102031,CUST4445,2023-03-13 14:57:00,0,train
T102813,CUST7677,2023-03-14 00:59:00,0,train
T104469,CUST4063,2023-03-14 01:37:00,0,train
T103891,CUST2550,2023-03-14 04:06:00,1,train
T101684,CUST9708,2023-03-14 07:17:00,0,train
T100911,CUST3379,2023-03-14 08:53:00,0,train
T101519,CUST7693,2023-03-14 10:17:00,0,train
T101483,CUST7466,2023-03-14 11:47:00,0,train
T102799,CUST2789,2023-03-14 13:59:00,0,train
T103133,CUST3907,2023-03-14 17:04:00,0,train
T100967,CUST2358,2023-03-14 19:55:00,0,train
T104204,CUST2316,2023-03-14 22:28:00,0,train
T101548,CUST5622,2023-03-15 04:23:00,0,train
T103411,CUST4006,2023-03-15 05:27:00,0,train
T103394,CUST7746,2023-03-15 09:55:00,0,train
T102378,CUST8720,2023-03-15 12:23:00,0,train
T102234,CUST5942,2023-03-15 17:57:00,0,train
T104795,CUST1891,2023-03-15 19:17:00,0,train
T100065,CUST7186,2023-03-15 20:47:00,0,train
T103580,CUST3254,2023-03-15 23:25:00,0,train
T100561,CUST7464,2023-03-16 07:55:00,0,train
T102634,CUST2029,2023-03-16 08:54:00,0,train
T103367,CUST2317,2023-03-16 10:05:00,0,train
T101774,CUST3582,2023-03-16 13:34:00,0,train
T103671,CUST1820,2023-03-16 17:37:00,0,train
T102763,CUST6225,2023-03-16 18:21:00,0,train
T100102,CUST8316,2023-03-16 20:08:00,0,train
T104319,CUST5459,2023-03-17 00:53:00,0,train
T100703,CUST5720,2023-03-17 03:08:00,0,train
T100332,CUST6602,2023-03-17 03:59:00,0,train
T101319,CUST4165,2023-03-17 04:18:00,0,train
T102955,CUST3663,2023-03-17 07:22:00,0,train
T100035,CUST3576,2023-03-17 09:52:00,0,train
T103287,CUST1958,2023-03-17 10:19:00,0,train
T100846,CUST2044,2023-03-17 11:00:00,0,train
T104580,CUST1496,2023-03-17 11:02:00,0,train
T102567,CUST5759,2023-03-17 14:00:00,1,train
T103451,CUST8608,2023-03-17 15:04:00,0,train
T102711,CUST4750,2023-03-17 15:13:00,0,train
T102203,CUST2240,2023-03-17 15:35:00,0,train
T102969,CUST5383,2023-03-17 18:34:00,0,train
T101823,CUST8314,2023-03-17 18:41:00,0,train
T103754,CUST4787,2023-03-17 18:51:00,0,train
T104518,CUST9584,2023-03-17 21:11:00,1,train
T101203,CUST9155,2023-03-17 21:12:00,0,train
T103850,CUST5770,2023-03-17 23:52:00,0,train
T102803,CUST6903,2023-03-18 00:05:00,1,train
T101363,CUST9239,2023-03-18 00:17:00,0,train
T101219,CUST6232,2023-03-18 03:23:00,0,train
T103465,CUST1713,2023-03-18 06:45:00,0,train
T104370,CUST9740,2023-03-18 08:04:00,0,train
T100067,CUST4819,2023-03-18 08:53:00,0,train
T102816,CUST6151,2023-03-18 09:19:00,0,train
T101430,CUST5835,2023-03-18 10:52:00,0,train
T100991,CUST7565,2023-03-18 13:33:00,0,train
T104355,CUST5366,2023-03-18 15:56:00,0,train
T103351,CUST5475,2023-03-18 19:21:00,0,train
T102470,CUST8133,2023-03-18 22:02:00,0,train
T102574,CUST8883,2023-03-18 22:34:00,0,train
T101372,CUST8430,2023-03-19 02:50:00,0,train
T100394,CUST9438,2023-03-19 04:19:00,0,train
T102564,CUST9257,2023-03-19 05:11:00,0,train
T102117,CUST7872,2023-03-19 05:29:00,0,train
T102815,CUST4329,2023-03-19 05:58:00,0,train
T104746,CUST1904,2023-03-19 09:32:00,0,train
T104566,CUST5080,2023-03-19 09:56:00,0,train
T100422,CUST2360,2023-03-19 18:10:00,0,train
T101653,CUST1975,2023-03-19 20:17:00,0,train
T104337,CUST9492,2023-03-19 23:34:00,0,train
T103868,CUST5340,2023-03-20 01:57:00,1,train
T103719,CUST9700,2023-03-20 02:26:00,0,train
T101997,CUST9613,2023-03-20 07:21:00,0,train
T102265,CUST1631,2023-03-20 09:46:00,0,train
T100274,CUST7429,2023-03-20 10:09:00,0,train
T100554,CUST6016,2023-03-20 13:14:00,0,train
T103803,CUST7668,2023-03-20 18:00:00,0,train
T103369,CUST9680,2023-03-20 20:06:00,0,train
T103418,CUST8749,2023-03-20 20:20:00,0,train
T101268,CUST9986,2023-03-20 21:09:00,0,train
T101205,CUST8379,2023-03-21 05:09:00,0,train
T101790,CUST9136,2023-03-21 07:19:00,0,train
T100817,CUST1623,2023-03-21 11:37:00,0,train
T103994,CUST2761,2023-03-21 14:16:00,0,train
T100995,CUST2670,2023-03-21 22:57:00,0,train
T102109,CUST2194,2023-03-21 22:59:00,0,train
T104658,CUST5929,2023-03-21 23:14:00,0,train
T104342,CUST9911,2023-03-22 00:32:00,0,train
T100564,CUST6413,2023-03-22 01:48:00,0,train
T102549,CUST1960,2023-03-22 02:43:00,0,train
T101087,CUST7950,2023-03-22 02:55:00,1,train
T104508,CUST8090,2023-03-22 04:57:00,1,train
T100890,CUST6671,2023-03-22 05:31:00,1,train
T102550,CUST7998,2023-03-22 07:41:00,0,train
T103866,CUST9466,2023-03-22 07:41:00,0,train
T103388,CUST1378,2023-03-22 08:33:00,0,train
T104764,CUST7550,2023-03-22 08:44:00,0,train
T104147,CUST5546,2023-03-22 11:17:00,0,train
T103781,CUST3606,2023-03-22 11:39:00,0,train
T101033,CUST2348,2023-03-22 12:28:00,0,train
T104312,CUST7927,2023-03-22 13:55:00,0,train
T103761,CUST6851,2023-03-22 17:21:00,0,train
T102529,CUST5751,2023-03-22 19:07:00,0,train
T101756,CUST2049,2023-03-22 19:53:00,0,train
T100714,CUST9766,2023-03-22 20:26:00,0,train
T104654,CUST8173,2023-03-22 20:33:00,0,train
T104476,CUST3457,2023-03-22 22:59:00,0,train
T101497,CUST4707,2023-03-22 23:35:00,0,train
T101866,CUST4906,2023-03-22 23:43:00,0,train
T100649,CUST1872,2023-03-23 01:15:00,1,train
T100101,CUST4125,2023-03-23 08:47:00,0,train
T103102,CUST3404,2023-03-23 08:59:00,0,train
T104889,CUST7247,2023-03-23 09:06:00,0,train
T102150,CUST5470,2023-03-23 17:44:00,0,train
T101831,CUST4372,2023-03-23 19:22:00,0,train
T102473,CUST1205,2023-03-23 23:04:00,0,train
T104294,CUST6675,2023-03-23 23:41:00,0,train
T103639,CUST3153,2023-03-24 00:12:00,0,train
T104180,CUST4831,2023-03-24 00:12:00,0,train
T100105,CUST7521,2023-03-24 02:13:00,0,train
T101159,CUST8319,2023-03-24 04:44:00,0,train
T104850,CUST9204,2023-03-24 06:50:00,0,train
T103047,CUST2416,2023-03-24 07:55:00,0,train
T100978,CUST3370,2023-03-24 10:17:00,0,train
T104542,CUST5621,2023-03-24 11:37:00,0,train
T100543,CUST6698,2023-03-24 12:06:00,0,train
T101300,CUST3987,2023-03-24 14:03:00,0,train
T104794,CUST5563,2023-03-24 14:24:00,0,train
T101759,CUST8497,2023-03-24 16:14:00,0,train
T100587,CUST7072,2023-03-24 20:01:00,0,train
T103175,CUST4317,2023-03-24 20:14:00,0,train
T102993,CUST1904,2023-03-24 21:28:00,0,train
T103403,CUST5638,2023-03-25 00:14:00,0,train
T103902,CUST9645,2023-03-25 00:27:00,0,train
T101248,CUST1067,2023-03-25 05:55:00,0,train
T100222,CUST8215,2023-03-25 07:28:00,0,train
T104198,CUST6023,2023-03-25 07:56:00,0,train
T101446,CUST3094,2023-03-25 09:38:00,0,train
T104640,CUST4025,2023-03-25 10:18:00,1,train
T102604,CUST3818,2023-03-25 10:57:00,0,train
T102060,CUST1037,2023-03-25 11:38:00,0,train
T102850,CUST7231,2023-03-25 12:44:00,0,train
T104472,CUST8066,2023-03-25 13:29:00,0,train
T103061,CUST1281,2023-03-25 13:52:00,0,train
T100127,CUST7173,2023-03-25 15:32:00,0,train
T102610,CUST9868,2023-03-25 16:15:00,0,train
T100201,CUST9448,2023-03-25 17:01:00,0,train
T102862,CUST8646,2023-03-26 01:05:00,0,train
T100585,CUST9688,2023-03-26 03:28:00,0,train
T100960,CUST4887,2023-03-26 03:59:00,1,train
T104629,CUST9254,2023-03-26 07:03:00,0,train
T103232,CUST4754,2023-03-26 07:26:00,0,train
T103865,CUST2231,2023-03-26 08:11:00,1,train
T103220,CUST3448,2023-03-26 11:16:00,0,train
T100007,CUST4852,2023-03-26 13:12:00,0,train
T102136,CUST8731,2023-03-26 15:10:00,0,train
T102392,CUST1551,2023-03-26 15:50:00,1,train
T102021,CUST3085,2023-03-26 18:11:00,0,train
T100091,CUST8947,2023-03-26 22:06:00,0,train
T104115,CUST9289,2023-03-27 01:58:00,0,train
T104690,CUST8944,2023-03-27 10:14:00,0,train
T102100,CUST9515,2023-03-27 16:07:00,0,train
T100729,CUST8034,2023-03-27 17:17:00,0,train
T101364,CUST6006,2023-03-27 18:04:00,0,train
T104906,CUST6061,2023-03-27 18:37:00,0,train
T104056,CUST4570,2023-03-28 00:39:00,0,train
T102121,CUST5723,2023-03-28 04:09:00,0,train
T102304,CUST9055,2023-03-28 05:10:00,1,train
T100348,CUST7077,2023-03-28 05:12:00,1,train
T103758,CUST4857,2023-03-28 05:29:00,0,train
T103766,CUST6940,2023-03-28 06:57:00,0,train
T104494,CUST1372,2023-03-28 15:19:00,0,train
T103203,CUST1648,2023-03-28 16:13:00,1,train
T103341,CUST9838,2023-03-28 16:44:00,0,train
T101382,CUST2941,2023-03-28 19:10:00,0,train
T103485,CUST4257,2023-03-28 21:42:00,0,train
T103947,CUST7752,2023-03-29 00:11:00,1,train
T101161,CUST5039,2023-03-29 06:05:00,1,train
T100896,CUST8780,2023-03-29 07:14:00,0,train
T100744,CUST8299,2023-03-29 10:44:00,0,train
T104554,CUST4893,2023-03-29 15:42:00,0,train
T103657,CUST7926,2023-03-29 17:04:00,0,train
T102612,CUST7792,2023-03-30 05:50:00,0,train
T101195,CUST4770,2023-03-30 07:37:00,0,train
T104641,CUST1398,2023-03-30 11:09:00,0,train
T102949,CUST6007,2023-03-30 15:35:00,0,train
T101212,CUST1199,2023-03-30 15:57:00,0,train
T103262,CUST6461,2023-03-30 22:17:00,0,train
T100709,CUST8053,2023-03-30 23:17:00,0,train
T104577,CUST6635,2023-03-31 00:14:00,1,train
T100327,CUST9211,2023-03-31 00:54:00,0,train
T100736,CUST7545,2023-03-31 03:10:00,1,train
T101079,CUST4963,2023-03-31 04:01:00,0,train
T103076,CUST2123,2023-03-31 04:48:00,0,train
T104874,CUST6474,2023-03-31 09:23:00,0,train
T104051,CUST2773,2023-03-31 09:25:00,0,train
T103589,CUST4305,2023-03-31 14:41:00,0,train
T101869,CUST5742,2023-03-31 17:11:00,0,train
T102345,CUST3051,2023-03-31 17:41:00,0,train
T104763,CUST4107,2023-03-31 20:40:00,0,train
T104267,CUST4103,2023-03-31 23:12:00,0,train
T103054,CUST3310,2023-04-01 00:32:00,0,train
T104441,CUST4221,2023-04-01 06:59:00,0,train
T100037,CUST8245,2023-04-01 07:08:00,0,train
T100972,CUST6181,2023-04-01 11:18:00,0,train
T102616,CUST1233,2023-04-01 13:59:00,0,train
T103637,CUST3765,2023-04-01 15:55:00,0,train
T104555,CUST7424,2023-04-01 22:01:00,0,train
T102169,CUST5698,2023-04-01 22:59:00,0,train
T104707,CUST5665,2023-04-02 02:32:00,0,train
T100956,CUST1392,2023-04-02 03:21:00,0,train
T100621,CUST1005,2023-04-02 05:06:00,0,train
T104927,CUST6483,2023-04-02 06:00:00,1,train
T103757,CUST9546,2023-04-02 06:17:00,0,train
T102913,CUST8239,2023-04-02 10:36:00,0,train
T102374,CUST8732,2023-04-02 11:37:00,0,train
T100058,CUST2571,2023-04-02 13:38:00,0,train
T104011,CUST6829,2023-04-02 14:57:00,0,train
T102749,CUST7476,2023-04-02 16:10:00,0,train
T103276,CUST2747,2023-04-02 20:41:00,0,train
T103911,CUST8941,2023-04-02 21:01:00,0,train
T101828,CUST7972,2023-04-02 21:30:00,1,train
T101576,CUST7279,2023-04-02 22:08:00,0,train
T101058,CUST8028,2023-04-02 23:34:00,0,train
T104439,CUST1900,2023-04-02 23:59:00,0,train
T103629,CUST7039,2023-04-03 06:52:00,0,train
T100494,CUST7218,2023-04-03 12:18:00,1,train
T104467,CUST4972,2023-04-03 12:58:00,0,train
T100515,CUST5170,2023-04-03 17:32:00,0,train
T103020,CUST8136,2023-04-03 18:43:00,0,train
T104281,CUST6368,2023-04-04 03:08:00,0,train
T103292,CUST7305,2023-04-04 05:59:00,1,train
T104738,CUST2562,2023-04-04 06:52:00,0,train
T100468,CUST3623,2023-04-04 08:07:00,0,train
T102533,CUST1626,2023-04-04 13:41:00,0,train
T103557,CUST4183,2023-04-04 14:14:00,0,train
T102185,CUST8018,2023-04-04 19:45:00,0,train
T102892,CUST5070,2023-04-04 23:43:00,0,train
T102873,CUST7832,2023-04-05 00:52:00,1,train
T104604,CUST2580,2023-04-05 01:55:00,0,train
T101454,CUST3629,2023-04-05 03:01:00,0,train
T102830,CUST7393,2023-04-05 04:06:00,0,train
T104940,CUST3653,2023-04-05 04:44:00,0,train
T102656,CUST2699,2023-04-05 06:39:00,0,train
T104581,CUST7419,2023-04-05 07:06:00,0,train
T103391,CUST2104,2023-04-05 12:34:00,0,train
T102447,CUST6633,2023-04-05 13:03:00,0,train
T103442,CUST1230,2023-04-05 16:07:00,1,train
T103620,CUST5309,2023-04-05 16:29:00,0,train
T100063,CUST2607,2023-04-05 16:54:00,0,train
T104273,CUST8089,2023-04-05 17:53:00,0,train
T101917,CUST1540,2023-04-05 18:01:00,0,train
T100575,CUST5355,2023-04-05 22:06:00,0,train
T101903,CUST8256,2023-04-05 22:38:00,0,train
T104289,CUST9068,2023-04-05 23:28:00,0,train
T101094,CUST2849,2023-04-06 02:47:00,0,train
T104716,CUST2482,2023-04-06 03:22:00,1,train
T104301,CUST8240,2023-04-06 04:12:00,1,train
T100545,CUST4937,2023-04-06 06:47:00,0,train
T103883,CUST5679,2023-04-06 07:09:00,0,train
T101388,CUST5995,2023-04-06 07:29:00,0,train
T100674,CUST6624,2023-04-06 07:59:00,0,train
T101970,CUST9746,2023-04-06 08:11:00,0,train
T104146,CUST9579,2023-04-06 09:16:00,0,train
T101243,CUST8076,2023-04-06 11:21:00,0,train
T102235,CUST2874,2023-04-06 12:10:00,0,train
T101298,CUST9587,2023-04-06 14:15:00,0,train
T100322,CUST5947,2023-04-06 16:03:00,0,train
T102267,CUST4484,2023-04-06 16:48:00,0,train
T102483,CUST2572,2023-04-06 17:02:00,0,train
T104349,CUST4214,2023-04-06 19:24:00,0,train
T102174,CUST3916,2023-04-06 20:10:00,0,train
T103209,CUST1050,2023-04-06 21:19:00,0,train
T102546,CUST6368,2023-04-07 00:53:00,0,train
T102261,CUST2026,2023-04-07 02:45:00,0,train
T103455,CUST5160,2023-04-07 06:09:00,0,train
T101458,CUST9666,2023-04-07 06:19:00,0,train
T104587,CUST2066,2023-04-07 06:19:00,0,train
T100657,CUST7672,2023-04-07 12:23:00,0,train
T102281,CUST2615,2023-04-07 15:30:00,0,train
T104292,CUST8054,2023-04-07 15:49:00,0,train
T104529,CUST9540,2023-04-07 15:57:00,0,train
T102300,CUST3501,2023-04-07 16:25:00,0,train
T101526,CUST4603,2023-04-07 17:33:00,0,train
T104703,CUST5967,2023-04-07 22:41:00,0,train
T103286,CUST6947,2023-04-07 22:52:00,0,train
T102582,CUST8266,2023-04-08 07:09:00,0,train
T100291,CUST1418,2023-04-08 07:17:00,0,train
T102055,CUST4578,2023-04-08 10:16:00,1,train
T101587,CUST1100,2023-04-08 11:22:00,0,train
T102677,CUST7730,2023-04-08 12:14:00,0,train
T103340,CUST5152,2023-04-08 13:30:00,0,train
T103329,CUST9084,2023-04-08 14:33:00,0,train
T101566,CUST2259,2023-04-08 16:07:00,0,train
T102534,CUST1835,2023-04-08 17:19:00,0,train
T102825,CUST8154,2023-04-08 17:58:00,0,train
T104994,CUST1920,2023-04-08 18:30:00,0,train
T104993,CUST1077,2023-04-09 05:06:00,0,train
T103556,CUST4287,2023-04-09 08:43:00,0,train
T103311,CUST7377,2023-04-09 11:19:00,0,train
T100765,CUST4730,2023-04-09 13:13:00,0,train
T103119,CUST6521,2023-04-09 13:29:00,0,train
T103247,CUST5781,2023-04-09 14:49:00,0,train
T103342,CUST1166,2023-04-09 16:56:00,0,train
T101772,CUST2021,2023-04-09 18:44:00,1,train
T101698,CUST1136,2023-04-09 19:22:00,0,train
T103298,CUST4301,2023-04-10 00:38:00,0,train
T101480,CUST9537,2023-04-10 02:10:00,1,train
T100784,CUST6491,2023-04-10 04:25:00,0,train
T102164,CUST6175,2023-04-10 07:17:00,0,train
T104351,CUST4912,2023-04-10 10:54:00,0,train
T104597,CUST4691,2023-04-10 12:30:00,0,train
T104799,CUST7340,2023-04-10 13:43:00,0,train
T102927,CUST3701,2023-04-10 18:34:00,0,train
T102236,CUST3459,2023-04-10 20:07:00,1,train
T102739,CUST2774,2023-04-11 01:29:00,1,train
T101085,CUST8689,2023-04-11 05:22:00,1,train
T103554,CUST3262,2023-04-11 07:22:00,0,train
T103183,CUST5030,2023-04-11 07:32:00,0,train
T103456,CUST5690,2023-04-11 12:01:00,0,train
T101807,CUST1917,2023-04-11 16:59:00,0,train
T103899,CUST9843,2023-04-11 21:06:00,0,train
T103672,CUST7173,2023-04-12 01:05:00,0,train
T102278,CUST3474,2023-04-12 01:31:00,0,train
T103769,CUST4923,2023-04-12 05:23:00,0,train
T103090,CUST4342,2023-04-12 07:28:00,0,train
T103186,CUST2397,2023-04-12 09:44:00,0,train
T101114,CUST7572,2023-04-12 12:44:00,0,train
T103950,CUST2200,2023-04-12 14:01:00,0,train
T103674,CUST8113,2023-04-12 15:31:00,0,train
T100103,CUST9981,2023-04-12 20:40:00,0,train
T101233,CUST7913,2023-04-13 01:27:00,0,train
T101952,CUST9258,2023-04-13 02:23:00,1,train
T102515,CUST5795,2023-04-13 05:43:00,0,train
T103699,CUST2590,2023-04-13 06:03:00,1,train
T104094,CUST4815,2023-04-13 08:54:00,0,train
T104022,CUST4703,2023-04-13 10:33:00,0,train
T103835,CUST9694,2023-04-13 11:19:00,0,train
T103244,CUST7857,2023-04-13 11:21:00,0,train
T104915,CUST4249,2023-04-13 11:31:00,1,train
T103777,CUST9882,2023-04-13 16:43:00,0,train
T102731,CUST2922,2023-04-13 19:20:00,0,train
T104920,CUST6074,2023-04-13 20:01:00,0,train
T102676,CUST9792,2023-04-13 21:52:00,0,train
T104672,CUST3777,2023-04-13 21:56:00,0,train
T102355,CUST9309,2023-04-13 23:42:00,0,train
T103585,CUST3560,2023-04-14 03:40:00,0,train
T103524,CUST3787,2023-04-14 10:25:00,0,train
T100800,CUST3205,2023-04-14 12:01:00,0,train
T104189,CUST2348,2023-04-14 16:28:00,0,train
T102487,CUST5337,2023-04-14 17:02:00,0,train
T104098,CUST8991,2023-04-14 22:21:00,0,train
T104030,CUST8697,2023-04-14 22:51:00,0,train
T104303,CUST2466,2023-04-14 23:22:00,0,train
T100989,CUST2761,2023-04-14 23:59:00,0,train
T102009,CUST2897,2023-04-15 02:06:00,1,train
T101678,CUST8552,2023-04-15 05:53:00,0,train
T102422,CUST5284,2023-04-15 06:49:00,0,train
T104435,CUST4372,2023-04-15 08:11:00,0,train
T100245,CUST4652,2023-04-15 08:12:00,0,train
T100446,CUST5107,2023-04-15 08:13:00,0,train
T102482,CUST9689,2023-04-15 10:19:00,0,train
T100860,CUST3361,2023-04-15 17:14:00,0,train
T104904,CUST6967,2023-04-15 17:32:00,0,train
T100919,CUST9901,2023-04-15 22:13:00,0,train
T102129,CUST8830,2023-04-15 23:09:00,0,train
T101481,CUST1501,2023-04-16 00:09:00,0,train
T101412,CUST3753,2023-04-16 02:19:00,0,train
T103743,CUST2897,2023-04-16 02:55:00,0,train
T101578,CUST6948,2023-04-16 03:35:00,1,train
T100471,CUST8791,2023-04-16 08:04:00,0,train
T102935,CUST6465,2023-04-16 14:23:00,0,train
T104392,CUST7767,2023-04-16 14:44:00,0,train
T101938,CUST4017,2023-04-16 17:28:00,0,train
T103170,CUST4130,2023-04-16 17:46:00,0,train
T103139,CUST8441,2023-04-16 18:06:00,0,train
T104743,CUST3865,2023-04-16 21:54:00,0,train
T101994,CUST8189,2023-04-16 23:21:00,0,train
T102742,CUST9075,2023-04-17 01:34:00,0,train
T102177,CUST3110,2023-04-17 02:33:00,0,train
T101075,CUST5164,2023-04-17 04:11:00,0,train
T100051,CUST9085,2023-04-17 07:52:00,0,train
T104442,CUST9984,2023-04-17 09:05:00,0,train
T104358,CUST3502,2023-04-17 09:47:00,0,train
T101724,CUST1667,2023-04-17 10:32:00,0,train
T100756,CUST1828,2023-04-17 13:15:00,0,train
T102356,CUST5464,2023-04-17 13:16:00,0,train
T102419,CUST1211,2023-04-17 13:51:00,0,train
T100453,CUST8205,2023-04-17 14:09:00,0,train
T100722,CUST3995,2023-04-17 19:04:00,1,train
T103644,CUST3984,2023-04-18 01:28:00,1,train
T102360,CUST6272,2023-04-18 05:58:00,0,train
T102704,CUST2535,2023-04-18 06:17:00,0,train
T102319,CUST3935,2023-04-18 06:26:00,0,train
T103356,CUST1566,2023-04-18 11:12:00,0,train
T103995,CUST7204,2023-04-18 16:38:00,0,train
T102774,CUST4411,2023-04-18 20:46:00,0,train
T101428,CUST5227,2023-04-18 22:00:00,0,train
T100620,CUST2297,2023-04-18 22:35:00,0,train
T104923,CUST9987,2023-04-18 23:14:00,0,train
T100573,CUST7327,2023-04-18 23:59:00,0,train
T103879,CUST2073,2023-04-19 01:44:00,0,train
T102745,CUST2490,2023-04-19 04:13:00,1,train
T100304,CUST9094,2023-04-19 06:11:00,0,train
T104798,CUST5924,2023-04-19 07:29:00,0,train
T101862,CUST9914,2023-04-19 17:56:00,0,train
T100665,CUST1937,2023-04-19 19:02:00,0,train
T103854,CUST5939,2023-04-19 23:07:00,0,train
T103480,CUST1419,2023-04-19 23:46:00,0,train
T102588,CUST4069,2023-04-19 23:54:00,0,train
T104571,CUST2798,2023-04-20 03:06:00,1,train
T102314,CUST6537,2023-04-20 04:25:00,0,train
T102091,CUST6285,2023-04-20 04:43:00,1,train
T101854,CUST7080,2023-04-20 04:53:00,0,train
T101460,CUST6455,2023-04-20 05:27:00,0,train
T104676,CUST3462,2023-04-20 05:34:00,1,train
T104474,CUST7098,2023-04-20 06:19:00,1,train
T104248,CUST5068,2023-04-20 07:23:00,0,train
T103988,CUST9139,2023-04-20 12:29:00,0,train
T100953,CUST5190,2023-04-20 21:09:00,0,train
T100013,CUST4855,2023-04-20 21:27:00,0,train
T100858,CUST9644,2023-04-21 04:40:00,0,train
T104770,CUST5277,2023-04-21 06:03:00,0,train
T100781,CUST9916,2023-04-21 06:44:00,0,train
T103963,CUST5941,2023-04-21 09:12:00,0,train
T103395,CUST8267,2023-04-21 10:02:00,0,train
T101914,CUST1253,2023-04-21 14:57:00,0,train
T102038,CUST5201,2023-04-21 17:48:00,0,train
T100433,CUST6585,2023-04-21 22:03:00,0,train
T101685,CUST9801,2023-04-21 22:25:00,0,train
T104612,CUST9572,2023-04-21 23:38:00,0,train
T102522,CUST1541,2023-04-22 00:51:00,1,train
T100403,CUST3292,2023-04-22 01:16:00,0,train
T103200,CUST7975,2023-04-22 08:01:00,0,train
T102992,CUST2905,2023-04-22 08:43:00,0,train
T102311,CUST9454,2023-04-22 13:55:00,0,train
T103357,CUST9330,2023-04-22 15:30:00,0,train
T104975,CUST4579,2023-04-22 19:20:00,0,train
T103543,CUST6875,2023-04-22 20:40:00,0,train
T102501,CUST5363,2023-04-23 09:06:00,0,train
T100733,CUST9437,2023-04-23 10:26:00,0,train
T101918,CUST9977,2023-04-23 10:39:00,0,train
T103928,CUST8701,2023-04-23 11:06:00,0,train
T104685,CUST6105,2023-04-23 11:14:00,0,train
T103176,CUST3314,2023-04-23 12:53:00,0,train
T103027,CUST2177,2023-04-23 13:23:00,1,train
T101539,CUST4728,2023-04-23 16:11:00,0,train
T102653,CUST8399,2023-04-23 18:19:00,0,train
T104614,CUST2232,2023-04-23 22:28:00,0,train
T100093,CUST8530,2023-04-24 01:43:00,0,train
T103221,CUST3310,2023-04-24 02:53:00,0,train
T104068,CUST1153,2023-04-24 03:10:00,0,train
T100833,CUST1693,2023-04-24 03:49:00,0,train
T104903,CUST2101,2023-04-24 05:09:00,0,train
T103821,CUST8301,2023-04-24 07:51:00,0,train
T103098,CUST8763,2023-04-24 10:42:00,0,train
T102032,CUST8423,2023-04-24 10:43:00,0,train
T101782,CUST2615,2023-04-24 11:49:00,0,train
T103925,CUST4094,2023-04-24 13:09:00,0,train
T104594,CUST6354,2023-04-24 14:32:00,0,train
T100256,CUST8208,2023-04-24 15:33:00,0,train
T100498,CUST2194,2023-04-24 20:06:00,0,train
T100442,CUST7342,2023-04-24 21:35:00,0,train
T104765,CUST1364,2023-04-25 04:15:00,1,train
T102428,CUST4527,2023-04-25 06:30:00,0,train
T103730,CUST9441,2023-04-25 07:45:00,0,train
T103384,CUST3653,2023-04-25 08:56:00,0,train
T102127,CUST4715,2023-04-25 09:36:00,0,train
T100068,CUST9580,2023-04-25 10:57:00,0,train
T103219,CUST2867,2023-04-25 15:12:00,0,train
T102316,CUST4541,2023-04-25 16:11:00,0,train
T101542,CUST3327,2023-04-25 18:01:00,0,train
T100582,CUST3244,2023-04-25 23:08:00,0,train
T100298,CUST6107,2023-04-25 23:57:00,0,train
T101910,CUST5253,2023-04-26 03:19:00,0,train
T102514,CUST5109,2023-04-26 04:14:00,0,train
T102437,CUST6989,2023-04-26 06:14:00,1,train
T104528,CUST5952,2023-04-26 09:52:00,0,train
T103608,CUST8444,2023-04-26 10:55:00,0,train
T100475,CUST6478,2023-04-26 11:10:00,0,train
T104522,CUST3420,2023-04-26 13:15:00,0,train
T104978,CUST9206,2023-04-26 16:25:00,0,train
T102255,CUST2303,2023-04-26 17:12:00,0,train
T102207,CUST1612,2023-04-26 20:38:00,0,train
T103155,CUST4279,2023-04-26 22:32:00,0,train
T103979,CUST9307,2023-04-26 23:01:00,0,train
T103673,CUST4277,2023-04-27 01:07:00,1,train
T100276,CUST6214,2023-04-27 01:11:00,1,train
T101921,CUST5446,2023-04-27 01:12:00,0,train
T103871,CUST7298,2023-04-27 02:04:00,0,train
T100909,CUST4860,2023-04-27 11:42:00,0,train
T101689,CUST9439,2023-04-27 11:44:00,0,train
T101380,CUST1550,2023-04-27 11:59:00,0,train
T101895,CUST3706,2023-04-27 18:23:00,0,train
T104123,CUST7421,2023-04-27 18:49:00,0,train
T104504,CUST2500,2023-04-27 20:57:00,0,train
T101846,CUST4483,2023-04-28 01:15:00,1,train
T101834,CUST2474,2023-04-28 04:02:00,0,train
T104613,CUST5699,2023-04-28 10:02:00,0,train
T103587,CUST1882,2023-04-28 10:16:00,0,train
T104043,CUST3570,2023-04-28 10:18:00,0,train
T103116,CUST5571,2023-04-28 17:41:00,0,train
T104638,CUST2443,2023-04-28 18:45:00,0,train
T100852,CUST2250,2023-04-28 19:01:00,0,train
T101582,CUST8202,2023-04-28 21:26:00,0,train
T101713,CUST3691,2023-04-28 22:03:00,0,train
T100236,CUST7848,2023-04-28 23:44:00,0,train
T100806,CUST9071,2023-04-29 00:58:00,1,train
T102122,CUST8594,2023-04-29 02:42:00,0,train
T100865,CUST8097,2023-04-29 04:10:00,0,train
T100885,CUST1708,2023-04-29 05:29:00,0,train
T104082,CUST9767,2023-04-29 06:24:00,0,train
T101893,CUST4640,2023-04-29 08:51:00,0,train
T100161,CUST3907,2023-04-29 09:04:00,0,train
T101055,CUST1793,2023-04-29 11:56:00,0,train
T103166,CUST5979,2023-04-29 12:21:00,0,train
T100610,CUST4402,2023-04-29 21:38:00,0,train
T100173,CUST8045,2023-04-30 00:35:00,1,train
T104460,CUST1104,2023-04-30 01:10:00,0,train
T101739,CUST7765,2023-04-30 05:37:00,1,train
T100779,CUST8205,2023-04-30 06:57:00,0,train
T101062,CUST2309,2023-04-30 06:59:00,0,train
T102062,CUST6869,2023-04-30 07:15:00,0,train
T100499,CUST6464,2023-04-30 07:51:00,0,train
T104953,CUST9457,2023-04-30 08:12:00,0,train
T100491,CUST9803,2023-04-30 08:14:00,0,train
T100965,CUST7357,2023-04-30 11:15:00,0,train
T101798,CUST6955,2023-04-30 14:57:00,0,train
T104129,CUST6405,2023-04-30 19:37:00,0,train
T104907,CUST7219,2023-05-01 02:51:00,0,train
T103355,CUST1581,2023-05-01 03:15:00,1,train
T104376,CUST1580,2023-05-01 04:22:00,0,train
T104047,CUST6633,2023-05-01 07:03:00,0,train
T101020,CUST6358,2023-05-01 09:25:00,0,train
T101595,CUST6675,2023-05-01 12:35:00,0,train
T100303,CUST1484,2023-05-01 16:31:00,0,train
T100619,CUST9369,2023-05-01 17:36:00,0,train
T104021,CUST1815,2023-05-01 18:18:00,0,train
T101541,CUST5990,2023-05-01 18:36:00,0,train
T100233,CUST1503,2023-05-01 19:45:00,0,train
T104326,CUST7147,2023-05-01 19:55:00,0,train
T103815,CUST5390,2023-05-01 21:15:00,0,train
T104449,CUST8821,2023-05-01 23:26:00,0,train
T102397,CUST1053,2023-05-02 03:41:00,0,train
T101960,CUST3301,2023-05-02 03:53:00,0,train
T102685,CUST2261,2023-05-02 06:18:00,0,train
T104806,CUST5301,2023-05-02 06:27:00,0,train
T104395,CUST8771,2023-05-02 07:14:00,0,train
T102508,CUST9323,2023-05-02 07:30:00,0,train
T102897,CUST5464,2023-05-02 08:00:00,0,train
T104751,CUST1863,2023-05-02 10:23:00,0,train
T100212,CUST7566,2023-05-02 11:31:00,0,train
T100319,CUST3805,2023-05-02 12:39:00,0,train
T100999,CUST6148,2023-05-02 12:53:00,0,train
T100230,CUST1325,2023-05-02 14:52:00,0,train
T104006,CUST3614,2023-05-02 14:58:00,0,train
T103481,CUST7173,2023-05-02 15:27:00,0,train
T101398,CUST9502,2023-05-02 16:03:00,0,train
T101824,CUST3907,2023-05-02 17:09:00,0,train
T100711,CUST1548,2023-05-02 19:41:00,0,train
T104735,CUST5995,2023-05-03 00:19:00,1,train
T100361,CUST1100,2023-05-03 00:39:00,0,train
T101348,CUST1953,2023-05-03 02:12:00,0,train
T104329,CUST2781,2023-05-03 04:34:00,1,train
T104308,CUST1148,2023-05-03 05:57:00,0,train
T103502,CUST8712,2023-05-03 06:56:00,0,train
T103359,CUST6302,2023-05-03 08:37:00,0,train
T102317,CUST7517,2023-05-03 08:58:00,0,train
T104616,CUST3222,2023-05-03 09:47:00,0,train
T100100,CUST3365,2023-05-03 11:18:00,0,train
T104696,CUST9042,2023-05-03 13:33:00,1,train
T102652,CUST5481,2023-05-03 15:13:00,0,train
T101261,CUST6073,2023-05-03 21:57:00,0,train
T104724,CUST2107,2023-05-04 06:51:00,0,train
T103845,CUST9838,2023-05-04 08:26:00,0,train
T104802,CUST9185,2023-05-04 11:05:00,0,train
T104375,CUST1530,2023-05-04 13:31:00,0,train
T101031,CUST2198,2023-05-04 13:53:00,0,train
T101488,CUST5582,2023-05-04 14:29:00,0,train
T103004,CUST4709,2023-05-04 15:31:00,0,train
T100435,CUST4594,2023-05-04 15:55:00,0,train
T103302,CUST9547,2023-05-04 16:31:00,0,train
T100943,CUST4337,2023-05-04 17:01:00,0,train
T103239,CUST4253,2023-05-04 21:48:00,0,train
T101891,CUST2582,2023-05-04 22:05:00,0,train
T103293,CUST2536,2023-05-05 01:03:00,1,train
T101059,CUST3043,2023-05-05 01:28:00,0,train
T101606,CUST6983,2023-05-05 02:10:00,0,train
T100962,CUST5368,2023-05-05 02:24:00,1,train
T100126,CUST1719,2023-05-05 02:58:00,0,train
T100202,CUST4394,2023-05-05 06:21:00,0,train
T101318,CUST1296,2023-05-05 06:44:00,0,train
T100841,CUST2273,2023-05-05 16:56:00,0,train
T100513,CUST8211,2023-05-05 21:50:00,0,train
T104093,CUST7959,2023-05-05 22:49:00,0,train
T103135,CUST3608,2023-05-05 23:47:00,0,train
T101506,CUST9221,2023-05-06 00:10:00,1,train
T101662,CUST3959,2023-05-06 01:55:00,0,train
T101283,CUST8638,2023-05-06 02:35:00,0,train
T102475,CUST1543,2023-05-06 03:33:00,0,train
T100415,CUST6952,2023-05-06 03:55:00,1,train
T101459,CUST5382,2023-05-06 09:13:00,0,train
T103218,CUST5969,2023-05-06 09:41:00,0,train
T104634,CUST9102,2023-05-06 10:04:00,0,train
T103256,CUST3376,2023-05-06 13:38:00,1,train
T100278,CUST2451,2023-05-06 14:40:00,0,train
T100612,CUST5543,2023-05-06 22:23:00,0,train
T101117,CUST4368,2023-05-07 00:06:00,0,train
T102406,CUST2380,2023-05-07 02:28:00,0,train
T103477,CUST7512,2023-05-07 02:50:00,0,train
T102984,CUST1953,2023-05-07 05:44:00,0,train
T101358,CUST5258,2023-05-07 06:59:00,0,train
T102024,CUST5322,2023-05-07 09:02:00,0,train
T101646,CUST7159,2023-05-07 09:39:00,0,train
T102558,CUST5379,2023-05-07 09:57:00,0,train
T102436,CUST5150,2023-05-07 14:03:00,0,train
T100644,CUST1001,2023-05-07 15:38:00,0,train
T103713,CUST3578,2023-05-07 15:59:00,0,train
T100175,CUST3844,2023-05-07 16:01:00,0,train
T104715,CUST5181,2023-05-07 19:33:00,0,train
T101792,CUST1238,2023-05-07 19:52:00,0,train
T103037,CUST6024,2023-05-07 20:37:00,0,train
T104452,CUST9278,2023-05-07 20:49:00,0,train
T103190,CUST1213,2023-05-07 22:28:00,0,train
T102295,CUST6003,2023-05-07 22:58:00,0,train
T100662,CUST9563,2023-05-07 23:28:00,0,train
T101806,CUST2077,2023-05-08 05:31:00,0,train
T103662,CUST5942,2023-05-08 07:51:00,0,train
T104347,CUST7665,2023-05-08 11:09:00,0,train
T100813,CUST1306,2023-05-08 12:40:00,0,train
T103975,CUST9147,2023-05-08 15:45:00,0,train
T104480,CUST8977,2023-05-08 19:26:00,0,train
T102074,CUST2926,2023-05-08 21:42:00,0,train
T100868,CUST2520,2023-05-08 22:04:00,0,train
T100602,CUST5307,2023-05-08 22:19:00,0,train
T101668,CUST6745,2023-05-09 03:26:00,1,train
T102333,CUST1655,2023-05-09 09:34:00,0,train
T100184,CUST7664,2023-05-09 10:51:00,0,train
T103640,CUST1710,2023-05-09 13:03:00,0,train
T102409,CUST8150,2023-05-09 13:17:00,0,train
T103611,CUST6737,2023-05-09 14:34:00,0,train
T102716,CUST4585,2023-05-09 15:21:00,0,train
T102287,CUST7262,2023-05-09 18:00:00,0,train
T100788,CUST6572,2023-05-09 19:47:00,0,train
T104849,CUST6541,2023-05-09 21:21:00,0,train
T101003,CUST4687,2023-05-09 22:35:00,0,train
T100467,CUST9278,2023-05-09 23:01:00,0,train
T102920,CUST1411,2023-05-10 01:20:00,1,train
T100456,CUST4140,2023-05-10 03:09:00,0,train
T100308,CUST7850,2023-05-10 05:14:00,0,train
T103515,CUST3853,2023-05-10 05:49:00,0,train
T103249,CUST7079,2023-05-10 06:29:00,1,train
T104573,CUST8123,2023-05-10 08:19:00,0,train
T104655,CUST2155,2023-05-10 09:13:00,0,train
T102028,CUST4864,2023-05-10 09:33:00,0,train
T101352,CUST2701,2023-05-10 11:41:00,0,train
T104987,CUST1551,2023-05-10 13:31:00,0,train
T100295,CUST8928,2023-05-10 14:49:00,0,train
T102699,CUST9996,2023-05-10 15:40:00,0,train
T102201,CUST9967,2023-05-10 16:16:00,0,train
T100971,CUST4339,2023-05-10 18:50:00,0,train
T102088,CUST1266,2023-05-10 22:17:00,0,train
T102370,CUST5522,2023-05-11 04:44:00,1,train
T100939,CUST5522,2023-05-11 06:43:00,0,train
T102364,CUST6041,2023-05-11 07:47:00,0,train
T103338,CUST3987,2023-05-11 10:23:00,0,train
T100211,CUST4511,2023-05-11 10:36:00,0,train
T102728,CUST6232,2023-05-11 12:04:00,0,train
T102569,CUST8739,2023-05-11 15:31:00,0,train
T103193,CUST6536,2023-05-11 15:34:00,0,train
T102811,CUST9026,2023-05-11 19:19:00,0,train
T104212,CUST3250,2023-05-11 21:05:00,0,train
T101317,CUST7226,2023-05-12 03:28:00,0,train
T104876,CUST1265,2023-05-12 03:50:00,0,train
T104519,CUST9115,2023-05-12 04:52:00,0,train
T103271,CUST7263,2023-05-12 07:14:00,0,train
T102509,CUST6693,2023-05-12 08:17:00,0,train
T103970,CUST4089,2023-05-12 08:17:00,0,train
T102548,CUST7111,2023-05-12 09:40:00,0,train
T103904,CUST8947,2023-05-12 09:54:00,0,train
T100580,CUST7310,2023-05-12 10:57:00,0,train
T104364,CUST5845,2023-05-12 11:19:00,0,train
T103191,CUST1652,2023-05-12 16:38:00,0,train
T102199,CUST5661,2023-05-12 18:16:00,0,train
T104592,CUST6886,2023-05-12 22:24:00,0,train
T103666,CUST6655,2023-05-13 05:57:00,0,train
T103380,CUST7336,2023-05-13 06:56:00,0,train
T104618,CUST3657,2023-05-13 09:34:00,0,train
T101441,CUST8026,2023-05-13 09:38:00,0,train
T100937,CUST3293,2023-05-13 09:43:00,0,train
T102064,CUST7343,2023-05-13 10:28:00,0,train
T102595,CUST5147,2023-05-13 10:57:00,1,train
T104081,CUST2715,2023-05-13 12:58:00,0,train
T101934,CUST4614,2023-05-13 13:08:00,0,train
T101512,CUST1165,2023-05-13 13:50:00,0,train
T104760,CUST1956,2023-05-13 13:58:00,0,train
T101238,CUST9724,2023-05-13 16:32:00,0,train
T103014,CUST6042,2023-05-13 20:58:00,0,train
T104122,CUST5504,2023-05-13 21:35:00,0,train
T104432,CUST5759,2023-05-13 22:33:00,0,train
T104084,CUST8883,2023-05-14 00:18:00,0,train
T104102,CUST9510,2023-05-14 04:57:00,0,train
T104753,CUST5365,2023-05-14 05:54:00,0,train
T102338,CUST6802,2023-05-14 06:54:00,0,train
T100814,CUST4061,2023-05-14 08:49:00,1,train
T103806,CUST3645,2023-05-14 09:58:00,0,train
T104470,CUST1503,2023-05-14 11:43:00,0,train
T102724,CUST9036,2023-05-14 12:24:00,0,train
T104014,CUST4337,2023-05-14 13:58:00,0,train
T100901,CUST3063,2023-05-14 14:09:00,1,train
T103428,CUST4325,2023-05-14 18:31:00,0,train
T100777,CUST7356,2023-05-14 21:07:00,0,train
T101556,CUST6787,2023-05-14 22:14:00,0,train
T100261,CUST6250,2023-05-15 04:10:00,1,train
T103114,CUST4555,2023-05-15 07:01:00,0,train
T100374,CUST9868,2023-05-15 08:24:00,0,train
T103788,CUST7345,2023-05-15 11:11:00,0,train
T103443,CUST6504,2023-05-15 12:39:00,0,train
T102666,CUST4215,2023-05-15 15:43:00,0,train
T104595,CUST7483,2023-05-15 18:25:00,0,train
T102951,CUST8749,2023-05-15 18:50:00,0,train
T102826,CUST8442,2023-05-15 21:35:00,0,train
T102167,CUST3930,2023-05-16 03:06:00,0,train
T101084,CUST9762,2023-05-16 03:52:00,1,train
T103878,CUST8957,2023-05-16 04:40:00,0,train
T102132,CUST7545,2023-05-16 06:56:00,0,train
T104483,CUST7648,2023-05-16 10:02:00,0,train
T100119,CUST8363,2023-05-16 11:23:00,0,train
T104591,CUST6398,2023-05-16 14:54:00,0,train
T104072,CUST4556,2023-05-16 15:56:00,0,train
T103576,CUST2238,2023-05-16 19:01:00,0,train
T100293,CUST8599,2023-05-16 20:37:00,0,train
T102171,CUST3108,2023-05-16 21:09:00,0,train
T102459,CUST3443,2023-05-16 22:12:00,0,train
T104912,CUST9329,2023-05-17 00:31:00,0,train
T104225,CUST3581,2023-05-17 01:26:00,0,train
T104567,CUST9598,2023-05-17 02:15:00,0,train
T102288,CUST1574,2023-05-17 03:47:00,0,train
T100615,CUST1473,2023-05-17 07:29:00,0,train
T102044,CUST5712,2023-05-17 08:09:00,0,train
T103049,CUST6367,2023-05-17 17:28:00,0,train
T103926,CUST7370,2023-05-17 19:45:00,0,train
T103089,CUST9905,2023-05-17 22:17:00,0,train
T104327,CUST8365,2023-05-17 22:47:00,1,train
T102629,CUST5672,2023-05-18 03:54:00,0,train
T104404,CUST1922,2023-05-18 06:02:00,0,train
T103207,CUST9310,2023-05-18 06:56:00,0,train
T104681,CUST8208,2023-05-18 06:57:00,0,train
T104864,CUST6238,2023-05-18 07:49:00,0,train
T100945,CUST8975,2023-05-18 08:32:00,0,train
T100451,CUST1088,2023-05-18 09:20:00,0,train
T104202,CUST6640,2023-05-18 09:53:00,0,train
T103234,CUST3579,2023-05-18 12:50:00,0,train
T101050,CUST5411,2023-05-18 14:55:00,0,train
T102416,CUST4545,2023-05-18 20:27:00,1,train
T100092,CUST6459,2023-05-18 22:53:00,0,train
T100503,CUST6228,2023-05-18 23:42:00,0,train
T100772,CUST3458,2023-05-19 00:05:00,0,train
T104636,CUST6699,2023-05-19 00:18:00,0,train
T103618,CUST7200,2023-05-19 04:34:00,1,train
T104134,CUST1255,2023-05-19 08:13:00,0,train
T100780,CUST2642,2023-05-19 09:39:00,0,train
T103429,CUST1541,2023-05-19 09:59:00,0,train
T100029,CUST7707,2023-05-19 15:59:00,0,train
T103836,CUST3775,2023-05-19 18:04:00,0,train
T104958,CUST1712,2023-05-19 18:12:00,0,train
T104428,CUST2691,2023-05-19 21:48:00,0,train
T102966,CUST4698,2023-05-20 03:36:00,0,train
T100040,CUST2212,2023-05-20 06:51:00,0,train
T102879,CUST5709,2023-05-20 12:11:00,0,train
T104884,CUST5877,2023-05-20 14:24:00,0,train
T101214,CUST1949,2023-05-20 14:34:00,0,train
T100546,CUST9588,2023-05-20 18:45:00,0,train
T103073,CUST1855,2023-05-20 19:08:00,0,train
T101064,CUST5976,2023-05-20 19:40:00,0,train
T101634,CUST8456,2023-05-20 22:58:00,0,train
T100832,CUST2074,2023-05-21 01:31:00,0,train
T100263,CUST1957,2023-05-21 01:46:00,0,train
T100294,CUST5482,2023-05-21 03:55:00,0,train
T104944,CUST3955,2023-05-21 05:09:00,0,train
T103839,CUST1168,2023-05-21 05:31:00,0,train
T102510,CUST7545,2023-05-21 07:56:00,0,train
T103315,CUST2673,2023-05-21 13:01:00,0,train
T103800,CUST8017,2023-05-21 13:34:00,0,train
T100461,CUST7507,2023-05-21 13:42:00,0,train
T102239,CUST6288,2023-05-21 20:59:00,0,train
T104415,CUST6963,2023-05-22 00:23:00,0,train
T101211,CUST2036,2023-05-22 04:20:00,0,train
T104300,CUST6324,2023-05-22 05:35:00,0,train
T104813,CUST5584,2023-05-22 06:01:00,0,train
T101054,CUST6744,2023-05-22 07:44:00,0,train
T102326,CUST7479,2023-05-22 08:59:00,0,train
T104954,CUST1896,2023-05-22 10:17:00,0,train
T102111,CUST3362,2023-05-22 11:58:00,1,train
T104731,CUST1261,2023-05-22 13:27:00,0,train
T103708,CUST7819,2023-05-22 14:01:00,0,train
T100997,CUST9969,2023-05-22 21:14:00,0,train
T102706,CUST7196,2023-05-23 01:00:00,0,train
T103129,CUST5147,2023-05-23 02:14:00,0,train
T100951,CUST4913,2023-05-23 04:55:00,1,train
T103683,CUST1896,2023-05-23 05:34:00,0,train
T101041,CUST8990,2023-05-23 07:22:00,0,train
T101316,CUST2327,2023-05-23 12:43:00,0,train
T104371,CUST8120,2023-05-23 14:55:00,0,train
T103363,CUST5491,2023-05-23 16:08:00,0,train
T101309,CUST8204,2023-05-23 16:28:00,0,train
T103675,CUST9146,2023-05-23 16:52:00,0,train
T103531,CUST8337,2023-05-23 17:20:00,0,train
T101271,CUST2929,2023-05-23 17:28:00,0,train
T100530,CUST1839,2023-05-23 23:02:00,0,train
T101067,CUST4178,2023-05-24 00:10:00,0,train
T103901,CUST9765,2023-05-24 00:21:00,0,train
T102524,CUST1584,2023-05-24 01:38:00,0,train
T104256,CUST5301,2023-05-24 02:26:00,1,train
T104769,CUST2491,2023-05-24 03:21:00,0,train
T100659,CUST5590,2023-05-24 04:29:00,0,train
T101785,CUST9241,2023-05-24 04:52:00,1,train
T100337,CUST9170,2023-05-24 06:23:00,0,train
T104645,CUST4131,2023-05-24 12:12:00,0,train
T104087,CUST2262,2023-05-24 12:52:00,0,train
T102568,CUST8376,2023-05-24 13:05:00,0,train
T101327,CUST7574,2023-05-24 13:50:00,0,train
T103228,CUST4199,2023-05-24 23:37:00,0,train
T102019,CUST1495,2023-05-25 00:10:00,1,train
T100811,CUST5041,2023-05-25 00:38:00,1,train
T101775,CUST2653,2023-05-25 02:25:00,0,train
T101168,CUST2924,2023-05-25 02:29:00,0,train
T103811,CUST9098,2023-05-25 02:45:00,0,train
T102654,CUST2985,2023-05-25 03:26:00,1,train
T104078,CUST4469,2023-05-25 04:55:00,0,train
T100521,CUST4733,2023-05-25 11:53:00,0,train
T101254,CUST3254,2023-05-25 12:24:00,0,train
T100401,CUST6461,2023-05-25 13:20:00,0,train
T101337,CUST6162,2023-05-25 13:47:00,0,train
T104771,CUST9812,2023-05-25 14:22:00,0,train
T103784,CUST9284,2023-05-25 20:45:00,0,train
T100437,CUST5012,2023-05-25 20:47:00,0,train
T101341,CUST8661,2023-05-25 23:33:00,0,train
T100074,CUST1724,2023-05-25 23:41:00,0,train
T101554,CUST1423,2023-05-26 07:13:00,0,train
T101937,CUST6181,2023-05-26 15:06:00,0,train
T100705,CUST7605,2023-05-26 15:10:00,0,train
T102029,CUST7648,2023-05-26 16:52:00,0,train
T102372,CUST3300,2023-05-26 22:23:00,0,train
T103248,CUST1497,2023-05-26 23:54:00,0,train
T104931,CUST2880,2023-05-27 01:01:00,0,train
T101139,CUST9479,2023-05-27 01:31:00,0,train
T103578,CUST5697,2023-05-27 02:28:00,0,train
T104369,CUST2046,2023-05-27 02:48:00,0,train
T104138,CUST9562,2023-05-27 03:43:00,0,train
T102037,CUST7819,2023-05-27 05:05:00,0,train
T100794,CUST5056,2023-05-27 05:34:00,0,train
T101705,CUST3867,2023-05-27 06:53:00,0,train
T102603,CUST9884,2023-05-27 07:32:00,0,train
T102869,CUST7530,2023-05-27 08:55:00,0,train
T102042,CUST1311,2023-05-27 09:18:00,0,train
T102758,CUST8554,2023-05-27 09:19:00,0,train
T103460,CUST8255,2023-05-27 15:25:00,0,train
T103434,CUST8879,2023-05-27 18:52:00,0,train
T102376,CUST3037,2023-05-27 22:42:00,0,train
T101852,CUST5231,2023-05-27 23:10:00,0,train
T102196,CUST6596,2023-05-28 02:00:00,0,train
T104044,CUST8299,2023-05-28 06:14:00,0,train
T102806,CUST8752,2023-05-28 06:36:00,0,train
T102168,CUST9649,2023-05-28 06:42:00,0,train
T101194,CUST3726,2023-05-28 08:12:00,0,train
T104184,CUST3528,2023-05-28 08:29:00,0,train
T103312,CUST7021,2023-05-28 09:26:00,0,train
T101581,CUST7013,2023-05-28 10:24:00,0,train
T102243,CUST2552,2023-05-28 11:17:00,0,train
T100570,CUST6360,2023-05-28 12:12:00,0,train
T103570,CUST9444,2023-05-28 13:58:00,0,train
T101185,CUST5637,2023-05-28 14:02:00,0,train
T102858,CUST9091,2023-05-28 14:16:00,0,train
T101220,CUST9460,2023-05-28 15:23:00,0,train
T101463,CUST4214,2023-05-28 18:13:00,0,train
T101293,CUST1789,2023-05-28 18:15:00,0,train
T101387,CUST8219,2023-05-28 18:40:00,0,train
T103365,CUST2679,2023-05-28 21:29:00,0,train
T100249,CUST3751,2023-05-28 23:04:00,0,train
T102438,CUST1835,2023-05-28 23:33:00,0,train
T104973,CUST8293,2023-05-29 01:16:00,1,train
T102766,CUST9517,2023-05-29 01:58:00,0,train
T101119,CUST4885,2023-05-29 05:46:00,0,train
T103983,CUST9127,2023-05-29 05:57:00,0,train
T100532,CUST6030,2023-05-29 07:51:00,0,train
T101259,CUST2781,2023-05-29 08:12:00,0,train
T101329,CUST5800,2023-05-29 10:46:00,0,train
T102446,CUST8562,2023-05-29 16:17:00,0,train
T104881,CUST2676,2023-05-29 17:49:00,0,train
T100880,CUST2528,2023-05-29 18:00:00,0,train
T104857,CUST5833,2023-05-29 18:45:00,0,train
T100818,CUST1395,2023-05-29 20:56:00,0,train
T102430,CUST9330,2023-05-29 22:56:00,0,train
T102283,CUST3336,2023-05-30 02:59:00,0,train
T101821,CUST3073,2023-05-30 07:16:00,0,train
T101879,CUST2687,2023-05-30 08:10:00,0,train
T100816,CUST7799,2023-05-30 08:47:00,0,train
T104291,CUST2281,2023-05-30 11:25:00,0,train
T104644,CUST9076,2023-05-30 15:33:00,0,train
T104235,CUST6159,2023-05-30 16:24:00,0,train
T101301,CUST4295,2023-05-30 17:25:00,0,train
T101874,CUST2134,2023-05-30 17:55:00,0,train
T104938,CUST4516,2023-05-30 19:05:00,0,train
T102837,CUST6244,2023-05-30 23:41:00,0,train
T104196,CUST6846,2023-05-31 01:01:00,0,train
T103810,CUST1330,2023-05-31 01:47:00,0,train
T103770,CUST8255,2023-05-31 03:26:00,1,train
T103582,CUST8157,2023-05-31 05:53:00,0,train
T100771,CUST7945,2023-05-31 06:23:00,0,train
T104885,CUST5758,2023-05-31 07:43:00,1,train
T100783,CUST2383,2023-05-31 09:52:00,0,train
T102778,CUST8174,2023-05-31 10:00:00,0,train
T102365,CUST5282,2023-05-31 13:01:00,0,train
T102752,CUST8515,2023-05-31 14:08:00,0,train
T104088,CUST5559,2023-05-31 14:35:00,0,train
T103522,CUST3647,2023-05-31 17:52:00,0,train
T103897,CUST6679,2023-05-31 23:51:00,0,train
T104816,CUST4044,2023-06-01 08:13:00,0,train
T101368,CUST8541,2023-06-01 08:18:00,0,train
T104498,CUST7320,2023-06-01 10:49:00,0,train
T102709,CUST4034,2023-06-01 12:53:00,0,train
T100444,CUST2735,2023-06-01 13:26:00,0,train
T102441,CUST5699,2023-06-01 13:32:00,0,train
T103855,CUST1234,2023-06-01 14:43:00,0,train
T100747,CUST6875,2023-06-01 16:54:00,0,train
T104325,CUST4349,2023-06-01 19:30:00,1,train
T103603,CUST4932,2023-06-01 21:45:00,0,train
T100485,CUST2072,2023-06-02 01:18:00,0,train
T103948,CUST5338,2023-06-02 01:47:00,0,train
T103165,CUST5258,2023-06-02 03:06:00,0,train
T104946,CUST7956,2023-06-02 03:41:00,0,train
T104737,CUST8888,2023-06-02 03:45:00,0,train
T103108,CUST2653,2023-06-02 05:08:00,0,train
T103043,CUST1638,2023-06-02 06:55:00,0,train
T104223,CUST5742,2023-06-02 07:49:00,0,train
T103240,CUST5015,2023-06-02 12:14:00,0,train
T102793,CUST7280,2023-06-02 14:31:00,0,train
T101747,CUST7230,2023-06-02 17:24:00,0,train
T102769,CUST6955,2023-06-02 19:08:00,0,train
T104670,CUST2832,2023-06-02 19:55:00,0,train
T104558,CUST3040,2023-06-02 21:52:00,0,train
T100906,CUST6069,2023-06-02 22:40:00,0,train
T102794,CUST7575,2023-06-02 22:53:00,0,train
T103964,CUST8276,2023-06-02 22:58:00,0,train
T103598,CUST7461,2023-06-03 01:21:00,0,train
T102325,CUST7949,2023-06-03 02:43:00,0,train
T101626,CUST4118,2023-06-03 08:34:00,0,train
T103319,CUST2070,2023-06-03 09:20:00,0,train
T101562,CUST2838,2023-06-03 11:08:00,0,train
T100731,CUST1311,2023-06-03 12:43:00,0,train
T102687,CUST6640,2023-06-03 13:35:00,0,train
T100181,CUST2416,2023-06-03 13:46:00,0,train
T101083,CUST2217,2023-06-03 16:26:00,0,train
T100764,CUST9924,2023-06-03 17:23:00,0,train
T103309,CUST5788,2023-06-03 20:56:00,0,train
T100272,CUST8834,2023-06-03 21:12:00,0,train
T103401,CUST4160,2023-06-03 21:43:00,0,train
T101841,CUST2536,2023-06-04 09:55:00,0,train
T103138,CUST6965,2023-06-04 17:42:00,1,train
T101088,CUST2265,2023-06-04 18:11:00,0,train
T101034,CUST6597,2023-06-04 21:51:00,0,train
T100542,CUST9701,2023-06-04 22:21:00,0,train
T100737,CUST6556,2023-06-04 23:08:00,0,train
T101496,CUST2804,2023-06-05 02:29:00,0,train
T104896,CUST4911,2023-06-05 11:15:00,0,train
T102953,CUST8161,2023-06-05 11:38:00,0,train
T102461,CUST2989,2023-06-05 16:30:00,0,train
T101101,CUST7562,2023-06-05 17:45:00,0,train
T104895,CUST1804,2023-06-05 18:24:00,1,train
T104851,CUST6870,2023-06-05 21:16:00,1,train
T102165,CUST4952,2023-06-06 06:05:00,0,train
T101288,CUST9529,2023-06-06 07:00:00,0,train
T102282,CUST7800,2023-06-06 07:06:00,0,train
T104105,CUST7895,2023-06-06 11:01:00,0,train
T104773,CUST8917,2023-06-06 12:59:00,0,train
T103382,CUST5875,2023-06-06 13:36:00,0,train
T101278,CUST9136,2023-06-06 14:06:00,0,train
T103510,CUST3675,2023-06-06 14:52:00,0,train
T101429,CUST3002,2023-06-06 19:51:00,0,train
T103414,CUST5073,2023-06-06 21:46:00,0,train
T101307,CUST8179,2023-06-06 23:40:00,0,train
T103344,CUST4379,2023-06-07 00:19:00,1,train
T101722,CUST6290,2023-06-07 02:31:00,0,train
T101965,CUST7203,2023-06-07 04:29:00,1,train
T101907,CUST9323,2023-06-07 11:05:00,0,train
T101019,CUST9322,2023-06-07 13:02:00,0,train
T100866,CUST8407,2023-06-07 13:05:00,0,train
T102218,CUST7659,2023-06-07 13:13:00,0,train
T102847,CUST1411,2023-06-07 17:31:00,0,train
T102672,CUST4978,2023-06-07 18:31:00,0,train
T103092,CUST9668,2023-06-07 19:37:00,0,train
T102208,CUST1827,2023-06-07 19:44:00,0,train
T101240,CUST7098,2023-06-07 23:05:00,0,train
T100797,CUST1970,2023-06-07 23:33:00,0,train
T104928,CUST6906,2023-06-08 01:04:00,0,train
T100141,CUST8610,2023-06-08 05:21:00,1,train
T101802,CUST3306,2023-06-08 06:26:00,0,train
T103157,CUST5527,2023-06-08 07:45:00,1,train
T102622,CUST8819,2023-06-08 08:20:00,0,train
T102956,CUST6238,2023-06-08 08:53:00,0,train
T100424,CUST9378,2023-06-08 08:59:00,0,train
T102385,CUST4170,2023-06-08 09:23:00,0,train
T104222,CUST1656,2023-06-08 16:23:00,0,train
T103563,CUST3460,2023-06-08 18:10:00,0,train
T102876,CUST7688,2023-06-08 18:20:00,0,train
T102871,CUST6608,2023-06-08 20:35:00,0,train
T101411,CUST6016,2023-06-08 22:46:00,0,train
T102667,CUST6813,2023-06-08 22:55:00,0,train
T101953,CUST1537,2023-06-08 23:59:00,0,train
T104118,CUST2737,2023-06-09 00:24:00,0,train
T101346,CUST7480,2023-06-09 01:03:00,0,train
T102318,CUST4907,2023-06-09 01:42:00,0,train
T101493,CUST3001,2023-06-09 02:14:00,0,train
T101390,CUST3301,2023-06-09 07:06:00,0,train
T100095,CUST6062,2023-06-09 08:48:00,1,train
T101305,CUST5630,2023-06-09 11:14:00,0,train
T103466,CUST9559,2023-06-09 13:53:00,0,train
T103765,CUST2040,2023-06-09 20:34:00,0,train
T101776,CUST2825,2023-06-09 23:08:00,0,train
T104777,CUST5359,2023-06-09 23:18:00,0,train
T103416,CUST1769,2023-06-09 23:32:00,0,train
T104868,CUST2964,2023-06-09 23:45:00,0,train
T103241,CUST1244,2023-06-10 05:07:00,0,train
T104363,CUST5702,2023-06-10 05:14:00,0,train
T104935,CUST1187,2023-06-10 05:16:00,0,train
T102280,CUST6765,2023-06-10 05:54:00,0,train
T104390,CUST3918,2023-06-10 07:00:00,0,train
T100593,CUST9252,2023-06-10 07:27:00,0,train
T100299,CUST2684,2023-06-10 08:05:00,0,train
T102579,CUST5383,2023-06-10 08:53:00,0,train
T100487,CUST7256,2023-06-10 09:49:00,0,train
T104818,CUST3058,2023-06-10 10:03:00,0,train
T100325,CUST6257,2023-06-10 13:13:00,0,train
T103773,CUST6961,2023-06-10 15:31:00,0,train
T103385,CUST6194,2023-06-10 16:03:00,0,train
T104767,CUST1537,2023-06-10 17:44:00,0,train
T104136,CUST8584,2023-06-10 18:12:00,1,train
T102597,CUST7694,2023-06-10 19:57:00,0,train
T102123,CUST1242,2023-06-11 00:30:00,0,train
T100549,CUST2281,2023-06-11 03:44:00,0,train
T104511,CUST6527,2023-06-11 05:29:00,0,train
T104175,CUST1510,2023-06-11 07:47:00,0,train
T102938,CUST5642,2023-06-11 08:12:00,0,train
T101986,CUST4005,2023-06-11 11:17:00,0,train
T103422,CUST4997,2023-06-11 12:21:00,0,train
T100154,CUST8670,2023-06-11 13:25:00,0,train
T101761,CUST9460,2023-06-11 13:29:00,0,train
T100071,CUST5408,2023-06-11 14:22:00,0,train
T103449,CUST6854,2023-06-11 15:24:00,0,train
T103692,CUST6469,2023-06-11 16:01:00,0,train
T102250,CUST7298,2023-06-11 16:12:00,0,train
T102732,CUST7940,2023-06-11 16:21:00,0,train
T101468,CUST2729,2023-06-11 18:08:00,0,train
T103178,CUST9829,2023-06-11 20:17:00,0,train
T104287,CUST7675,2023-06-11 22:23:00,0,train
T100623,CUST7699,2023-06-12 01:16:00,1,train
T104079,CUST4308,2023-06-12 01:24:00,0,train
T102367,CUST5995,2023-06-12 01:57:00,1,train
T101165,CUST5488,2023-06-12 04:26:00,1,train
T103216,CUST5541,2023-06-12 10:15:00,0,train
T103745,CUST7953,2023-06-12 19:24:00,0,train
T103314,CUST6897,2023-06-12 19:43:00,0,train
T100231,CUST6576,2023-06-12 19:55:00,0,train
T101793,CUST1214,2023-06-12 23:23:00,0,train
T103921,CUST9764,2023-06-13 01:14:00,0,train
T103325,CUST4171,2023-06-13 03:49:00,0,train
T104549,CUST2853,2023-06-13 07:15:00,0,train
T100676,CUST7045,2023-06-13 09:20:00,0,train
T101355,CUST8611,2023-06-13 10:46:00,0,train
T102829,CUST1872,2023-06-13 11:17:00,0,train
T103990,CUST8778,2023-06-13 14:37:00,0,train
T104792,CUST1638,2023-06-13 16:30:00,1,train
T104020,CUST5974,2023-06-13 18:42:00,0,train
T101130,CUST7748,2023-06-13 20:11:00,0,train
T103584,CUST5819,2023-06-13 20:12:00,0,train
T104209,CUST7825,2023-06-13 23:06:00,0,train
T100189,CUST5718,2023-06-14 01:44:00,0,train
T102233,CUST1609,2023-06-14 02:16:00,1,train
T100642,CUST8724,2023-06-14 02:18:00,0,train
T102156,CUST9089,2023-06-14 03:20:00,1,train
T101958,CUST6866,2023-06-14 08:31:00,0,train
T101365,CUST6696,2023-06-14 09:52:00,0,train
T101232,CUST2210,2023-06-14 10:00:00,0,train
T104399,CUST7557,2023-06-14 10:37:00,0,train
T103040,CUST9239,2023-06-14 13:36:00,0,train
T102714,CUST9869,2023-06-14 14:27:00,0,train
T102499,CUST9304,2023-06-14 16:11:00,0,train
T104947,CUST5762,2023-06-14 18:28:00,0,train
T101727,CUST4491,2023-06-14 21:15:00,0,train
T103080,CUST2256,2023-06-14 21:51:00,0,train
T102884,CUST5187,2023-06-14 22:41:00,0,train
T104089,CUST8760,2023-06-15 03:00:00,1,train
T102657,CUST8745,2023-06-15 03:10:00,0,train
T100350,CUST5185,2023-06-15 03:43:00,0,train
T100597,CUST8244,2023-06-15 03:51:00,0,train
T104324,CUST7712,2023-06-15 05:49:00,0,train
T101621,CUST8600,2023-06-15 06:58:00,0,train
T100924,CUST2490,2023-06-15 07:16:00,0,train
T103663,CUST4264,2023-06-15 11:32:00,0,train
T102939,CUST1076,2023-06-15 13:42:00,0,train
T103910,CUST3066,2023-06-15 14:12:00,0,train
T103744,CUST1585,2023-06-15 15:22:00,0,train
T100137,CUST6424,2023-06-16 00:02:00,0,train
T101201,CUST5740,2023-06-16 00:32:00,0,train
T103863,CUST8319,2023-06-16 00:40:00,0,train
T100089,CUST2994,2023-06-16 08:07:00,0,train
T103064,CUST3784,2023-06-16 08:26:00,0,train
T102633,CUST1686,2023-06-16 09:08:00,0,train
T101228,CUST2643,2023-06-16 09:09:00,0,train
T103602,CUST6248,2023-06-16 10:22:00,0,train
T101321,CUST1396,2023-06-16 10:27:00,0,train
T101090,CUST9927,2023-06-16 13:01:00,0,train
T101843,CUST6072,2023-06-16 15:56:00,0,train
T100427,CUST9997,2023-06-16 16:56:00,0,train
T101967,CUST1351,2023-06-16 17:04:00,0,train
T100314,CUST6750,2023-06-16 19:52:00,0,train
T103981,CUST2072,2023-06-16 21:43:00,1,train
T103453,CUST6361,2023-06-17 02:25:00,0,train
T102371,CUST8432,2023-06-17 04:28:00,0,train
T102144,CUST1760,2023-06-17 15:09:00,0,train
T103555,CUST6014,2023-06-17 16:44:00,0,train
T100799,CUST2531,2023-06-17 17:09:00,0,train
T102541,CUST4061,2023-06-17 18:12:00,0,train
T104602,CUST2083,2023-06-17 19:13:00,0,train
T102080,CUST3478,2023-06-17 21:23:00,0,train
T104446,CUST6535,2023-06-18 01:14:00,0,train
T102662,CUST9790,2023-06-18 01:15:00,0,train
T102928,CUST4344,2023-06-18 04:02:00,0,train
T100944,CUST3718,2023-06-18 04:04:00,0,train
T100116,CUST7975,2023-06-18 04:34:00,0,train
T101565,CUST6016,2023-06-18 08:58:00,1,train
T102033,CUST2645,2023-06-18 09:43:00,0,train
T104357,CUST4841,2023-06-18 13:48:00,0,train
T101933,CUST6303,2023-06-18 17:46:00,0,train
T103660,CUST3412,2023-06-18 19:22:00,0,train
T100590,CUST7936,2023-06-18 19:35:00,0,train
T103955,CUST9619,2023-06-18 22:40:00,0,train
T103898,CUST2282,2023-06-19 02:12:00,0,train
T100096,CUST8011,2023-06-19 06:45:00,0,train
T102565,CUST9806,2023-06-19 09:13:00,0,train
T101350,CUST3325,2023-06-19 10:35:00,0,train
T104744,CUST4460,2023-06-19 12:26:00,0,train
T100050,CUST5035,2023-06-19 13:21:00,0,train
T103780,CUST7873,2023-06-19 13:52:00,0,train
T100125,CUST2528,2023-06-19 17:23:00,0,train
T100232,CUST8641,2023-06-20 00:47:00,1,train
T103529,CUST8031,2023-06-20 01:45:00,1,train
T103716,CUST1434,2023-06-20 05:02:00,0,train
T100356,CUST5318,2023-06-20 06:52:00,0,train
T104119,CUST5074,2023-06-20 07:56:00,0,train
T100787,CUST2922,2023-06-20 09:11:00,0,train
T102926,CUST9710,2023-06-20 11:05:00,0,train
T100588,CUST2301,2023-06-20 19:53:00,0,train
T103028,CUST2619,2023-06-20 20:53:00,0,train
T103659,CUST2813,2023-06-20 22:04:00,0,train
T102899,CUST6726,2023-06-20 22:15:00,0,train
T100478,CUST8132,2023-06-20 22:32:00,0,train
T100412,CUST2499,2023-06-20 22:51:00,0,train
T102337,CUST1731,2023-06-21 00:26:00,0,train
T101151,CUST6286,2023-06-21 05:40:00,0,train
T100312,CUST5987,2023-06-21 06:04:00,0,train
T102407,CUST7030,2023-06-21 07:11:00,0,train
T103892,CUST3883,2023-06-21 12:40:00,0,train
T102045,CUST5469,2023-06-21 12:45:00,0,train
T104810,CUST4655,2023-06-21 15:17:00,0,train
T100750,CUST7940,2023-06-21 15:41:00,0,train
T103206,CUST6430,2023-06-21 16:00:00,0,train
T103358,CUST3251,2023-06-21 16:02:00,0,train
T102039,CUST4514,2023-06-21 18:49:00,0,train
T100400,CUST6483,2023-06-21 23:39:00,0,train
T104236,CUST1590,2023-06-21 23:48:00,0,train
T103167,CUST2225,2023-06-22 00:26:00,1,train
T100869,CUST6304,2023-06-22 04:06:00,0,train
T102840,CUST1928,2023-06-22 04:10:00,0,train
T103337,CUST5353,2023-06-22 04:49:00,0,train
T102779,CUST9948,2023-06-22 07:06:00,0,train
T101945,CUST1111,2023-06-22 07:37:00,0,train
T104714,CUST5105,2023-06-22 08:00:00,0,train
T103046,CUST4407,2023-06-22 10:47:00,0,train
T101547,CUST9981,2023-06-22 14:10:00,0,train
T100343,CUST1553,2023-06-22 15:44:00,1,train
T104252,CUST3011,2023-06-22 18:06:00,0,train
T103533,CUST7124,2023-06-22 18:47:00,0,train
T103405,CUST2777,2023-06-22 18:58:00,0,train
T100834,CUST8669,2023-06-22 20:26:00,0,train
T103279,CUST6679,2023-06-22 22:31:00,0,train
T104687,CUST1131,2023-06-23 00:29:00,0,train
T104059,CUST3683,2023-06-23 01:18:00,1,train
T104843,CUST9173,2023-06-23 07:06:00,0,train
T102805,CUST4709,2023-06-23 10:04:00,0,train
T101362,CUST4499,2023-06-23 11:05:00,0,train
T103989,CUST9053,2023-06-23 12:39:00,0,train
T100160,CUST3543,2023-06-23 15:00:00,0,train
T104790,CUST9682,2023-06-23 17:52:00,0,train
T103072,CUST6581,2023-06-23 21:22:00,0,train
T103616,CUST7513,2023-06-24 03:27:00,0,train
T101919,CUST9520,2023-06-24 05:52:00,0,train
T103847,CUST3777,2023-06-24 09:01:00,0,train
T103238,CUST1198,2023-06-24 16:07:00,0,train
T103430,CUST4257,2023-06-24 19:34:00,0,train
T103252,CUST6708,2023-06-24 23:46:00,0,train
T100589,CUST6687,2023-06-25 01:11:00,0,train
T104552,CUST9970,2023-06-25 04:37:00,0,train
T100702,CUST5553,2023-06-25 05:14:00,0,train
T101237,CUST2522,2023-06-25 12:25:00,0,train
T103033,CUST3753,2023-06-25 12:36:00,0,train
T104648,CUST3590,2023-06-25 14:30:00,0,train
T101808,CUST3064,2023-06-25 15:00:00,0,train
T101290,CUST2532,2023-06-25 21:14:00,0,train
T100958,CUST7952,2023-06-26 01:27:00,0,train
T102649,CUST2540,2023-06-26 03:21:00,0,train
T100333,CUST2416,2023-06-26 05:16:00,0,train
T102902,CUST7140,2023-06-26 05:24:00,1,train
T104801,CUST6816,2023-06-26 05:57:00,0,train
T101744,CUST6946,2023-06-26 09:21:00,0,train
T104989,CUST8112,2023-06-26 09:28:00,0,train
T101323,CUST1524,2023-06-26 10:30:00,0,train
T102977,CUST2250,2023-06-26 11:08:00,0,train
T101092,CUST1693,2023-06-26 18:35:00,0,train
T103909,CUST3657,2023-06-26 18:56:00,0,train
T104461,CUST1973,2023-06-26 22:36:00,0,train
T102807,CUST4743,2023-06-27 00:23:00,1,train
T102554,CUST7806,2023-06-27 00:58:00,0,train
T101951,CUST2933,2023-06-27 02:03:00,0,train
T101264,CUST3145,2023-06-27 02:17:00,0,train
T104983,CUST8776,2023-06-27 03:59:00,0,train
T101360,CUST6341,2023-06-27 05:27:00,1,train
T103055,CUST3697,2023-06-27 06:53:00,0,train
T100430,CUST6830,2023-06-27 07:14:00,0,train
T103852,CUST8997,2023-06-27 09:13:00,0,train
T101245,CUST7220,2023-06-27 11:56:00,0,train
T100009,CUST2337,2023-06-27 12:06:00,0,train
T103823,CUST1072,2023-06-27 17:43:00,0,train
T100317,CUST1815,2023-06-27 19:53:00,0,train
T104869,CUST4139,2023-06-27 23:47:00,0,train
T101990,CUST5998,2023-06-28 00:07:00,0,train
T100677,CUST3656,2023-06-28 01:12:00,0,train
T102145,CUST2798,2023-06-28 02:22:00,0,train
T100372,CUST5286,2023-06-28 04:19:00,0,train
T102125,CUST5990,2023-06-28 11:43:00,0,train
T103210,CUST4668,2023-06-28 12:45:00,0,train
T101947,CUST1674,2023-06-28 13:29:00,0,train
T100182,CUST9621,2023-06-28 14:31:00,0,train
T100723,CUST7063,2023-06-29 00:12:00,1,train
T102404,CUST6846,2023-06-29 00:25:00,0,train
T103179,CUST3170,2023-06-29 02:56:00,0,train
T101655,CUST7221,2023-06-29 12:11:00,0,train
T103074,CUST3260,2023-06-29 13:56:00,0,train
T101816,CUST4337,2023-06-29 17:53:00,0,train
T104811,CUST2575,2023-06-29 20:39:00,0,train
T101440,CUST3313,2023-06-29 21:45:00,0,train
T101193,CUST6080,2023-06-30 00:55:00,1,train
T100829,CUST8035,2023-06-30 00:56:00,1,train
T100107,CUST8766,2023-06-30 03:33:00,0,train
T104812,CUST9942,2023-06-30 04:48:00,0,train
T104603,CUST7723,2023-06-30 06:31:00,0,train
T102660,CUST4969,2023-06-30 06:55:00,0,train
T103635,CUST7316,2023-06-30 08:11:00,0,train
T101437,CUST8676,2023-06-30 08:32:00,0,train
T103345,CUST8684,2023-06-30 09:21:00,0,train
T104162,CUST4934,2023-06-30 11:58:00,0,train
T104229,CUST7333,2023-06-30 14:06:00,0,train
T101920,CUST1930,2023-06-30 16:55:00,0,train
T103056,CUST1372,2023-06-30 21:16:00,0,train
T102754,CUST8316,2023-06-30 21:17:00,0,train
T101736,CUST2222,2023-07-01 01:31:00,0,train
T104200,CUST7367,2023-07-01 09:45:00,0,train
T101444,CUST8846,2023-07-01 11:01:00,0,train
T104035,CUST4454,2023-07-01 11:13:00,0,train
T100017,CUST5632,2023-07-01 12:06:00,0,train
T103864,CUST9163,2023-07-01 13:38:00,0,train
T104264,CUST2362,2023-07-01 14:36:00,0,train
T101442,CUST2698,2023-07-01 15:30:00,0,train
T103258,CUST6815,2023-07-01 20:03:00,1,train
T101026,CUST8559,2023-07-01 20:05:00,0,train
T104074,CUST1907,2023-07-01 22:07:00,0,train
T104803,CUST2509,2023-07-02 00:06:00,0,train
T100914,CUST5413,2023-07-02 00:10:00,0,train
T100654,CUST7977,2023-07-02 01:32:00,0,train
T101868,CUST6553,2023-07-02 03:02:00,1,train
T103097,CUST6746,2023-07-02 07:03:00,0,train
T103890,CUST3242,2023-07-02 07:43:00,0,train
T100831,CUST6582,2023-07-02 07:56:00,0,train
T102219,CUST8698,2023-07-02 09:04:00,0,train
T103914,CUST4968,2023-07-02 09:32:00,0,train
T103731,CUST8211,2023-07-02 11:38:00,1,train
T104309,CUST4501,2023-07-02 12:03:00,0,train
T101299,CUST9969,2023-07-02 14:17:00,0,train
T104891,CUST7512,2023-07-02 14:51:00,0,train
T103387,CUST2280,2023-07-02 16:48:00,0,train
T101742,CUST9263,2023-07-02 21:56:00,0,train
T101120,CUST5776,2023-07-02 22:44:00,0,train
T101697,CUST6527,2023-07-02 23:12:00,0,train
T102644,CUST5315,2023-07-03 00:39:00,1,train
T104637,CUST8026,2023-07-03 02:33:00,0,train
T100203,CUST4397,2023-07-03 05:52:00,0,train
T103518,CUST3812,2023-07-03 06:45:00,0,train
T101671,CUST5059,2023-07-03 07:17:00,0,train
T101830,CUST6598,2023-07-03 07:46:00,0,train
T100208,CUST8499,2023-07-03 14:07:00,0,train
T100229,CUST4828,2023-07-03 16:16:00,0,train
T101939,CUST8175,2023-07-03 16:26:00,0,train
T102733,CUST5940,2023-07-03 18:30:00,0,train
T102561,CUST9105,2023-07-03 20:30:00,0,train
T104254,CUST1395,2023-07-04 00:55:00,0,train
T100165,CUST2865,2023-07-04 10:17:00,0,train
T103332,CUST5872,2023-07-04 12:11:00,0,train
T100121,CUST8212,2023-07-04 13:41:00,0,train
T103913,CUST1765,2023-07-04 13:47:00,0,train
T100296,CUST7035,2023-07-04 14:44:00,1,train
T102996,CUST6190,2023-07-04 15:06:00,0,train
T103412,CUST1153,2023-07-04 15:40:00,0,train
T104507,CUST1753,2023-07-04 16:47:00,0,train
T103383,CUST8499,2023-07-04 18:16:00,0,train
T101170,CUST8546,2023-07-04 20:20:00,0,train
T100225,CUST6535,2023-07-05 03:15:00,0,train
T103826,CUST8262,2023-07-05 05:05:00,1,train
T104205,CUST8444,2023-07-05 09:39:00,0,train
T103019,CUST6474,2023-07-05 11:05:00,0,train
T103231,CUST3591,2023-07-05 18:54:00,0,train
T104711,CUST3597,2023-07-05 21:05:00,0,train
T103493,CUST1522,2023-07-05 22:10:00,0,train
T104419,CUST1701,2023-07-06 01:04:00,0,train
T100420,CUST6109,2023-07-06 01:22:00,1,train
T103667,CUST3610,2023-07-06 01:29:00,0,train
T101529,CUST1413,2023-07-06 01:52:00,0,train
T100682,CUST1882,2023-07-06 02:33:00,0,train
T101157,CUST9228,2023-07-06 02:53:00,0,train
T104065,CUST7221,2023-07-06 05:56:00,1,train
T100605,CUST4148,2023-07-06 09:08:00,0,train
T104055,CUST7801,2023-07-06 12:54:00,0,train
T101396,CUST1452,2023-07-06 14:00:00,0,train
T100936,CUST9768,2023-07-06 16:18:00,0,train
T101598,CUST5834,2023-07-06 16:59:00,0,train
T100717,CUST2817,2023-07-06 17:29:00,0,train
T104829,CUST7747,2023-07-06 17:50:00,0,train
T100830,CUST2234,2023-07-07 00:25:00,1,train
T100481,CUST4385,2023-07-07 03:01:00,0,train
T101804,CUST5466,2023-07-07 05:05:00,0,train
T103077,CUST2952,2023-07-07 05:37:00,0,train
T102710,CUST4029,2023-07-07 09:47:00,0,train
T104227,CUST4763,2023-07-07 18:20:00,0,train
T101104,CUST2681,2023-07-07 18:35:00,0,train
T103224,CUST9899,2023-07-07 18:53:00,0,train
T100720,CUST2866,2023-07-07 19:20:00,0,train
T102346,CUST2609,2023-07-07 21:40:00,0,train
T103299,CUST9797,2023-07-08 01:02:00,0,train
T104533,CUST1739,2023-07-08 03:26:00,0,train
T104718,CUST6791,2023-07-08 06:12:00,0,train
T103100,CUST8885,2023-07-08 08:18:00,0,train
T104338,CUST4140,2023-07-08 10:38:00,0,train
T102068,CUST7621,2023-07-08 11:14:00,0,train
T100445,CUST7309,2023-07-08 12:34:00,0,train
T100351,CUST3169,2023-07-08 13:51:00,0,train
T103275,CUST6990,2023-07-08 15:04:00,0,train
T104443,CUST3052,2023-07-08 15:09:00,0,train
T101957,CUST5261,2023-07-08 15:37:00,0,train
T104215,CUST4107,2023-07-08 19:49:00,0,train
T104007,CUST5090,2023-07-08 19:54:00,0,train
T104950,CUST4774,2023-07-08 19:57:00,0,train
T100259,CUST8697,2023-07-09 00:38:00,1,train
T100041,CUST3656,2023-07-09 03:30:00,0,train
T101174,CUST8552,2023-07-09 07:20:00,0,train
T100629,CUST3381,2023-07-09 07:57:00,1,train
T101848,CUST8545,2023-07-09 08:18:00,0,train
T104825,CUST4180,2023-07-09 11:42:00,0,train
T102082,CUST5564,2023-07-09 12:01:00,0,train
T103137,CUST1387,2023-07-09 13:08:00,0,train
T100155,CUST6712,2023-07-09 17:36:00,0,train
T103462,CUST6923,2023-07-09 18:42:00,0,train
T100120,CUST6820,2023-07-09 18:48:00,0,train
T101849,CUST8918,2023-07-09 18:54:00,0,train
T101762,CUST3661,2023-07-09 21:28:00,0,train
T101379,CUST5386,2023-07-09 22:47:00,0,train
T101038,CUST5526,2023-07-10 00:47:00,1,train
T102692,CUST1642,2023-07-10 02:43:00,0,train
T100479,CUST6092,2023-07-10 06:13:00,0,train
T104067,CUST2512,2023-07-10 08:07:00,0,train
T103095,CUST6662,2023-07-10 10:02:00,0,train
T102163,CUST4348,2023-07-10 10:33:00,0,train
T101202,CUST2813,2023-07-10 12:35:00,0,train
T102200,CUST6245,2023-07-10 15:51:00,0,train
T102563,CUST4728,2023-07-10 19:46:00,0,train
T104768,CUST5441,2023-07-11 01:05:00,0,train
T104365,CUST2406,2023-07-11 01:55:00,0,train
T103553,CUST4622,2023-07-11 02:45:00,1,train
T103223,CUST9678,2023-07-11 05:01:00,1,train
T103132,CUST7870,2023-07-11 05:23:00,0,train
T103519,CUST4596,2023-07-11 05:35:00,0,train
T100721,CUST4705,2023-07-11 07:45:00,0,train
T101322,CUST6239,2023-07-11 09:37:00,0,train
T102983,CUST5021,2023-07-11 10:24:00,0,train
T101473,CUST4617,2023-07-11 11:57:00,0,train
T102695,CUST6537,2023-07-11 14:06:00,0,train
T103944,CUST8053,2023-07-11 19:14:00,0,train
T103339,CUST1015,2023-07-11 19:26:00,0,train
T100226,CUST7532,2023-07-11 19:51:00,0,train
T103489,CUST4628,2023-07-12 00:00:00,0,train
T100782,CUST1467,2023-07-12 00:53:00,0,train
T103504,CUST6941,2023-07-12 06:20:00,0,train
T100510,CUST6278,2023-07-12 08:01:00,0,train
T104401,CUST8378,2023-07-12 11:59:00,1,train
T103497,CUST8237,2023-07-12 14:25:00,0,train
T104174,CUST8278,2023-07-12 18:21:00,0,train
T100671,CUST5312,2023-07-12 18:37:00,0,train
T104823,CUST9640,2023-07-12 21:24:00,0,train
T102957,CUST4199,2023-07-12 21:33:00,0,train
T100908,CUST4556,2023-07-12 22:25:00,0,train
T101614,CUST7423,2023-07-12 23:25:00,0,train
T101596,CUST1179,2023-07-12 23:43:00,1,train
T103526,CUST1717,2023-07-13 01:14:00,0,train
T102085,CUST2539,2023-07-13 03:40:00,0,train
T104421,CUST6916,2023-07-13 04:06:00,1,train
T102772,CUST6810,2023-07-13 05:01:00,0,train
T103026,CUST9485,2023-07-13 05:25:00,1,train
T101993,CUST4144,2023-07-13 05:33:00,0,train
T102502,CUST6446,2023-07-13 06:12:00,0,train
T102116,CUST2080,2023-07-13 06:32:00,1,train
T103653,CUST7651,2023-07-13 06:51:00,0,train
T102551,CUST4163,2023-07-13 12:32:00,0,train
T101395,CUST5637,2023-07-13 13:46:00,0,train
T103182,CUST4948,2023-07-13 18:06:00,0,train
T101677,CUST8350,2023-07-13 19:26:00,0,train
T100604,CUST3680,2023-07-13 19:37:00,0,train
T100509,CUST4712,2023-07-13 19:39:00,1,train
T100387,CUST2520,2023-07-13 21:07:00,0,train
T100452,CUST7665,2023-07-13 21:59:00,0,train
T102696,CUST9835,2023-07-13 23:20:00,1,train
T100359,CUST5008,2023-07-13 23:45:00,0,train
T101356,CUST5588,2023-07-14 03:09:00,0,train
T103445,CUST8849,2023-07-14 03:29:00,1,train
T103281,CUST9228,2023-07-14 04:08:00,1,train
T104436,CUST3313,2023-07-14 06:35:00,0,train
T100591,CUST8546,2023-07-14 08:53:00,0,train
T102640,CUST2511,2023-07-14 10:20:00,0,train
T102010,CUST8631,2023-07-14 13:02:00,0,train
T102412,CUST8195,2023-07-14 13:26:00,0,train
T104233,CUST8746,2023-07-14 14:18:00,0,train
T103110,CUST7517,2023-07-14 14:45:00,0,train
T101818,CUST1417,2023-07-14 17:02:00,0,train
T100429,CUST2888,2023-07-14 17:31:00,0,train
T104208,CUST8487,2023-07-14 21:56:00,0,train
T100237,CUST6375,2023-07-14 22:25:00,0,train
T101118,CUST7693,2023-07-15 09:03:00,0,train
T100336,CUST1681,2023-07-15 10:33:00,0,train
T102400,CUST7573,2023-07-15 12:13:00,0,train
T102103,CUST5125,2023-07-15 13:56:00,0,train
T104307,CUST4757,2023-07-15 14:18:00,0,train
T103320,CUST8835,2023-07-15 15:48:00,0,train
T104758,CUST7126,2023-07-15 16:11:00,0,train
T102307,CUST2209,2023-07-15 16:36:00,0,train
T102831,CUST6789,2023-07-15 16:44:00,0,train
T104165,CUST2920,2023-07-15 17:46:00,0,train
T100398,CUST2296,2023-07-15 20:00:00,0,train
T104454,CUST3859,2023-07-15 22:07:00,0,train
T100099,CUST1730,2023-07-15 22:54:00,0,train
T100941,CUST6670,2023-07-15 23:12:00,0,train
T103212,CUST3323,2023-07-16 02:36:00,0,train
T101044,CUST3081,2023-07-16 03:07:00,0,train
T103940,CUST4087,2023-07-16 03:15:00,0,train
T101505,CUST4152,2023-07-16 08:46:00,0,train
T103261,CUST3758,2023-07-16 08:47:00,0,train
T103266,CUST8882,2023-07-16 11:09:00,0,train
T104009,CUST8530,2023-07-16 11:26:00,0,train
T103594,CUST8997,2023-07-16 14:08:00,0,train
T103083,CUST5047,2023-07-16 14:49:00,0,train
T100778,CUST6092,2023-07-16 15:13:00,0,train
T100798,CUST8872,2023-07-16 15:35:00,0,train
T104748,CUST7155,2023-07-16 16:21:00,0,train
T104000,CUST4944,2023-07-16 20:29:00,0,train
T101549,CUST7318,2023-07-16 20:45:00,0,train
T100355,CUST9979,2023-07-17 00:54:00,0,train
T104085,CUST7606,2023-07-17 00:58:00,0,train
T101279,CUST5078,2023-07-17 03:36:00,0,train
T102507,CUST8546,2023-07-17 04:32:00,0,train
T104535,CUST1935,2023-07-17 10:16:00,0,train
T100177,CUST2824,2023-07-17 10:48:00,0,train
T103017,CUST6045,2023-07-17 13:03:00,0,train
T102639,CUST5952,2023-07-17 13:52:00,0,train
T100118,CUST1517,2023-07-17 13:56:00,0,train
T104922,CUST5688,2023-07-17 17:31:00,0,train
T103532,CUST9398,2023-07-17 18:41:00,0,train
T103739,CUST4487,2023-07-18 01:02:00,1,train
T102154,CUST9668,2023-07-18 04:27:00,1,train
T101226,CUST1143,2023-07-18 04:42:00,0,train
T104945,CUST5112,2023-07-18 05:58:00,1,train
T103907,CUST7991,2023-07-18 08:23:00,0,train
T104433,CUST9303,2023-07-18 10:13:00,0,train
T100495,CUST7586,2023-07-18 10:23:00,0,train
T103759,CUST8553,2023-07-18 11:26:00,0,train
T103807,CUST1954,2023-07-18 12:33:00,0,train
T101057,CUST8495,2023-07-18 15:12:00,0,train
T100002,CUST7852,2023-07-18 15:54:00,0,train
T103528,CUST1274,2023-07-18 17:18:00,0,train
T100785,CUST9806,2023-07-18 19:03:00,0,train
T104258,CUST4949,2023-07-19 03:31:00,0,train
T103701,CUST3010,2023-07-19 04:55:00,0,train
T101005,CUST8600,2023-07-19 05:20:00,0,train
T103888,CUST3525,2023-07-19 06:12:00,0,train
T103693,CUST8749,2023-07-19 07:09:00,0,train
T102180,CUST5506,2023-07-19 08:28:00,0,train
T101987,CUST3492,2023-07-19 08:32:00,0,train
T103794,CUST4875,2023-07-19 10:30:00,0,train
T104091,CUST6769,2023-07-19 11:21:00,0,train
T104133,CUST9380,2023-07-19 11:32:00,0,train
T103588,CUST9601,2023-07-19 12:53:00,0,train
T104192,CUST5450,2023-07-19 13:22:00,0,train
T104181,CUST3099,2023-07-19 14:09:00,0,train
T102982,CUST2892,2023-07-19 14:54:00,1,train
T101599,CUST7477,2023-07-19 15:13:00,0,train
T104844,CUST2801,2023-07-19 15:43:00,0,train
T102821,CUST1785,2023-07-19 19:41:00,0,train
T103797,CUST9944,2023-07-19 23:26:00,0,train
T101181,CUST4362,2023-07-20 01:08:00,0,train
T102155,CUST2892,2023-07-20 06:53:00,0,train
T101900,CUST1340,2023-07-20 12:25:00,0,train
T103316,CUST4438,2023-07-20 12:43:00,0,train
T102584,CUST8952,2023-07-20 12:59:00,0,train
T101260,CUST3291,2023-07-20 17:18:00,0,train
T102230,CUST7345,2023-07-20 18:34:00,0,train
T101347,CUST2147,2023-07-20 19:12:00,0,train
T100773,CUST2770,2023-07-20 22:40:00,0,train
T102530,CUST1719,2023-07-20 22:58:00,0,train
T101732,CUST6277,2023-07-21 03:12:00,0,train
T103813,CUST1070,2023-07-21 05:56:00,0,train
T100793,CUST2477,2023-07-21 06:19:00,0,train
T102399,CUST7924,2023-07-21 08:47:00,0,train
T100302,CUST3293,2023-07-21 09:54:00,0,train
T101514,CUST9977,2023-07-21 10:29:00,0,train
T103586,CUST8294,2023-07-21 12:57:00,0,train
T104391,CUST5472,2023-07-21 22:30:00,0,train
T104334,CUST4562,2023-07-21 23:31:00,0,train
T100552,CUST1919,2023-07-21 23:33:00,0,train
T102034,CUST3585,2023-07-22 00:01:00,0,train
T101847,CUST2328,2023-07-22 00:43:00,1,train
T104036,CUST2240,2023-07-22 03:17:00,0,train
T100948,CUST5545,2023-07-22 11:34:00,0,train
T102067,CUST9854,2023-07-22 12:18:00,0,train
T102254,CUST6108,2023-07-22 15:09:00,0,train
T104919,CUST5092,2023-07-22 15:38:00,0,train
T104721,CUST6998,2023-07-22 15:47:00,0,train
T100633,CUST2630,2023-07-22 20:13:00,0,train
T101256,CUST5553,2023-07-22 20:48:00,0,train
T104550,CUST9069,2023-07-22 23:01:00,0,train
T103377,CUST5108,2023-07-23 00:09:00,1,train
T100028,CUST4506,2023-07-23 02:04:00,0,train
T104040,CUST2879,2023-07-23 03:08:00,0,train
T104559,CUST2951,2023-07-23 03:23:00,1,train
T101911,CUST7551,2023-07-23 04:50:00,0,train
T101217,CUST4935,2023-07-23 14:32:00,0,train
T101466,CUST9086,2023-07-23 19:56:00,0,train
T101635,CUST5154,2023-07-23 22:47:00,0,train
T101564,CUST9655,2023-07-24 01:59:00,0,train
T104647,CUST8385,2023-07-24 03:12:00,0,train
T100472,CUST6570,2023-07-24 04:20:00,0,train
T103393,CUST4316,2023-07-24 05:40:00,0,train
T101553,CUST8026,2023-07-24 09:35:00,0,train
T104749,CUST4904,2023-07-24 10:21:00,0,train
T100014,CUST1114,2023-07-24 10:27:00,0,train
T103539,CUST1368,2023-07-24 11:58:00,1,train
T103711,CUST6502,2023-07-24 22:27:00,1,train
T100913,CUST7019,2023-07-24 23:29:00,0,train
T100531,CUST9184,2023-07-25 00:29:00,1,train
T104837,CUST9832,2023-07-25 01:06:00,0,train
T102587,CUST6051,2023-07-25 02:16:00,0,train
T102828,CUST6525,2023-07-25 02:49:00,0,train
T101632,CUST3388,2023-07-25 05:48:00,1,train
T101103,CUST5853,2023-07-25 09:08:00,0,train
T103141,CUST9017,2023-07-25 12:30:00,0,train
T104279,CUST5568,2023-07-25 13:33:00,0,train
T101046,CUST8152,2023-07-25 13:45:00,0,train
T101415,CUST8709,2023-07-25 14:34:00,0,train
T103853,CUST3741,2023-07-25 18:11:00,1,train
T100011,CUST8675,2023-07-25 18:45:00,0,train
T103070,CUST9689,2023-07-25 19:47:00,0,train
T102238,CUST5002,2023-07-25 21:23:00,0,train
T101897,CUST4311,2023-07-25 23:03:00,0,train
T100193,CUST8087,2023-07-25 23:48:00,0,train
T104726,CUST3251,2023-07-26 00:25:00,1,train
T104251,CUST2044,2023-07-26 01:10:00,0,train
T104553,CUST2814,2023-07-26 02:32:00,0,train
T101811,CUST8327,2023-07-26 02:58:00,0,train
T102974,CUST4387,2023-07-26 04:32:00,0,train
T100367,CUST4639,2023-07-26 04:50:00,0,train
T103685,CUST8580,2023-07-26 05:48:00,0,train
T100697,CUST8574,2023-07-26 06:26:00,0,train
T103774,CUST3597,2023-07-26 09:47:00,0,train
T100727,CUST6176,2023-07-26 09:54:00,0,train
T104010,CUST3313,2023-07-26 10:23:00,0,train
T102126,CUST3666,2023-07-26 12:17:00,0,train
T100569,CUST7381,2023-07-26 23:46:00,0,train
T104924,CUST4444,2023-07-27 04:04:00,0,train
T102756,CUST8679,2023-07-27 12:09:00,0,train
T101767,CUST3975,2023-07-27 12:41:00,0,train
T100925,CUST3608,2023-07-27 14:16:00,0,train
T100658,CUST6034,2023-07-27 15:01:00,0,train
T103626,CUST5398,2023-07-27 16:01:00,0,train
T103410,CUST2321,2023-07-27 16:44:00,0,train
T100458,CUST2081,2023-07-27 17:09:00,0,train
T104126,CUST4270,2023-07-27 20:08:00,0,train
T101272,CUST6907,2023-07-27 20:15:00,0,train
T101520,CUST5381,2023-07-27 21:15:00,0,train
T104620,CUST6642,2023-07-27 22:04:00,0,train
T101693,CUST8435,2023-07-27 22:41:00,0,train
T104046,CUST5076,2023-07-27 23:44:00,0,train
T103790,CUST8364,2023-07-28 00:07:00,1,train
T102241,CUST5171,2023-07-28 03:53:00,0,train
T101308,CUST8267,2023-07-28 07:01:00,0,train
T102941,CUST8944,2023-07-28 07:31:00,0,train
T102393,CUST9071,2023-07-28 08:51:00,0,train
T102911,CUST3563,2023-07-28 09:05:00,0,train
T100887,CUST8887,2023-07-28 12:21:00,0,train
T103031,CUST5222,2023-07-28 12:47:00,0,train
T103742,CUST2446,2023-07-28 15:30:00,0,train
T101946,CUST3306,2023-07-28 16:26:00,0,train
T101650,CUST7855,2023-07-28 23:06:00,0,train
T101516,CUST7500,2023-07-29 00:23:00,0,train
T101295,CUST9393,2023-07-29 00:45:00,0,train
T102519,CUST1125,2023-07-29 03:54:00,1,train
T102673,CUST3207,2023-07-29 05:27:00,1,train
T101184,CUST3456,2023-07-29 06:22:00,0,train
T104600,CUST3868,2023-07-29 06:59:00,0,train
T104635,CUST9712,2023-07-29 08:01:00,0,train
T100156,CUST1960,2023-07-29 13:16:00,0,train
T101535,CUST1103,2023-07-29 13:36:00,0,train
T102521,CUST8704,2023-07-29 14:17:00,0,train
T103381,CUST6900,2023-07-29 14:48:00,0,train
T104262,CUST8962,2023-07-29 19:18:00,0,train
T104111,CUST7142,2023-07-29 20:50:00,0,train
T104213,CUST9846,2023-07-30 07:09:00,0,train
T101608,CUST5596,2023-07-30 07:12:00,0,train
T100408,CUST6864,2023-07-30 07:20:00,0,train
T102331,CUST8744,2023-07-30 08:03:00,0,train
T100018,CUST7496,2023-07-30 09:36:00,0,train
T104275,CUST3164,2023-07-30 09:37:00,0,train
T103541,CUST8937,2023-07-30 11:29:00,0,train
T104941,CUST6782,2023-07-30 13:12:00,0,train
T102566,CUST7964,2023-07-30 14:04:00,0,train
T101995,CUST9394,2023-07-30 14:13:00,0,train
T102962,CUST1327,2023-07-30 15:10:00,0,train
T101303,CUST5651,2023-07-30 15:48:00,0,train
T104615,CUST2922,2023-07-30 17:06:00,1,train
T103652,CUST9353,2023-07-30 17:41:00,0,train
T104700,CUST8700,2023-07-30 18:11:00,0,train
T101663,CUST1038,2023-07-30 18:31:00,0,train
T100252,CUST6800,2023-07-30 21:37:00,0,train
T101378,CUST3034,2023-07-30 22:07:00,0,train
T102750,CUST2546,2023-07-30 23:24:00,0,train
T102107,CUST2317,2023-07-31 05:30:00,0,train
T100994,CUST3085,2023-07-31 06:07:00,0,train
T101102,CUST4240,2023-07-31 06:19:00,0,train
T103793,CUST4873,2023-07-31 14:12:00,0,train
T102698,CUST1198,2023-07-31 14:26:00,0,train
T102421,CUST1652,2023-07-31 15:45:00,0,train
T100036,CUST1493,2023-07-31 16:19:00,0,train
T101561,CUST7742,2023-07-31 17:11:00,0,train
T101658,CUST3913,2023-07-31 21:34:00,0,train
T101522,CUST6371,2023-08-01 00:12:00,0,train
T102647,CUST5635,2023-08-01 00:34:00,0,train
T100975,CUST3014,2023-08-01 01:02:00,0,train
T100264,CUST3094,2023-08-01 05:29:00,1,train
T102050,CUST4589,2023-08-01 05:36:00,0,train
T104427,CUST8572,2023-08-01 06:26:00,0,train
T104451,CUST4220,2023-08-01 08:02:00,0,train
T104840,CUST2422,2023-08-01 08:59:00,0,train
T103976,CUST8867,2023-08-01 11:07:00,0,train
T103590,CUST3132,2023-08-01 12:25:00,0,train
T100666,CUST8743,2023-08-01 14:39:00,0,train
T100106,CUST5225,2023-08-01 15:23:00,0,train
T104170,CUST3468,2023-08-01 15:34:00,0,train
T104995,CUST3702,2023-08-01 21:20:00,0,train
T100069,CUST1147,2023-08-02 03:27:00,0,train
T104686,CUST4925,2023-08-02 07:04:00,0,train
T103508,CUST8226,2023-08-02 07:55:00,0,train
T102414,CUST2976,2023-08-02 13:45:00,0,train
T100540,CUST4899,2023-08-02 22:13:00,0,train
T104218,CUST8703,2023-08-02 22:31:00,0,train
T100820,CUST7200,2023-08-03 00:08:00,0,train
T101886,CUST7804,2023-08-03 00:38:00,0,train
T100614,CUST8245,2023-08-03 01:09:00,0,train
T101726,CUST3040,2023-08-03 02:08:00,0,train
T101015,CUST4408,2023-08-03 03:36:00,1,train
T103392,CUST4778,2023-08-03 05:30:00,0,train
T101913,CUST4090,2023-08-03 05:49:00,0,train
T104562,CUST9406,2023-08-03 06:36:00,0,train
T101394,CUST8114,2023-08-03 07:07:00,0,train
T103044,CUST5174,2023-08-03 08:58:00,0,train
T100761,CUST2041,2023-08-03 10:20:00,0,train
T103042,CUST6555,2023-08-03 10:30:00,0,train
T103353,CUST8771,2023-08-03 12:01:00,0,train
T104781,CUST1056,2023-08-03 12:57:00,0,train
T101734,CUST7416,2023-08-03 13:29:00,0,train
T102182,CUST3056,2023-08-03 13:34:00,0,train
T104848,CUST1944,2023-08-03 16:22:00,0,train
T104560,CUST6063,2023-08-03 16:47:00,0,train
T103645,CUST5775,2023-08-03 19:44:00,0,train
T103487,CUST6724,2023-08-03 21:04:00,0,train
T104930,CUST4129,2023-08-03 22:27:00,0,train
T100448,CUST7673,2023-08-04 03:03:00,0,train
T103086,CUST5519,2023-08-04 04:44:00,0,train
T103346,CUST8995,2023-08-04 04:44:00,0,train
T102641,CUST9174,2023-08-04 05:13:00,0,train
T102591,CUST9460,2023-08-04 08:19:00,0,train
T103817,CUST5165,2023-08-04 11:26:00,0,train
T100390,CUST6757,2023-08-04 12:56:00,0,train
T102868,CUST3642,2023-08-04 16:44:00,1,train
T101249,CUST6802,2023-08-04 21:21:00,0,train
T103607,CUST8944,2023-08-04 23:18:00,0,train
T101349,CUST5164,2023-08-05 00:58:00,0,train
T101864,CUST8930,2023-08-05 03:30:00,1,train
T102051,CUST5837,2023-08-05 06:07:00,0,train
T100258,CUST3777,2023-08-05 08:44:00,0,train
T102379,CUST6040,2023-08-05 10:19:00,0,train
T103125,CUST3287,2023-08-05 12:09:00,0,train
T102686,CUST8373,2023-08-05 13:59:00,0,train
T102496,CUST2609,2023-08-05 14:46:00,0,train
T102427,CUST7866,2023-08-05 15:10:00,0,train
T104561,CUST5875,2023-08-05 18:00:00,0,train
T102223,CUST8689,2023-08-05 19:53:00,1,train
T100672,CUST6200,2023-08-05 21:43:00,0,train
T103756,CUST4065,2023-08-05 22:33:00,0,train
T102665,CUST3155,2023-08-05 22:47:00,0,train
T100385,CUST1311,2023-08-05 23:36:00,0,train
T100238,CUST6255,2023-08-06 10:36:00,0,train
T102170,CUST7031,2023-08-06 19:50:00,0,train
T103851,CUST8687,2023-08-07 03:02:00,0,train
T103263,CUST9813,2023-08-07 03:28:00,0,train
T100592,CUST9267,2023-08-07 05:14:00,1,train
T104160,CUST7201,2023-08-07 07:04:00,0,train
T104791,CUST7565,2023-08-07 07:07:00,1,train
T102084,CUST3633,2023-08-07 09:48:00,0,train
T104095,CUST1743,2023-08-07 13:09:00,0,train
T102705,CUST8499,2023-08-07 13:30:00,0,train
T100693,CUST6846,2023-08-07 18:29:00,0,train
T104061,CUST3160,2023-08-07 21:28:00,0,train
T101813,CUST9375,2023-08-07 21:41:00,0,train
T102492,CUST7393,2023-08-07 22:41:00,0,train
T102142,CUST5891,2023-08-08 00:52:00,0,train
T102402,CUST5712,2023-08-08 01:24:00,0,train
T100073,CUST2246,2023-08-08 04:50:00,0,train
T103400,CUST7522,2023-08-08 06:12:00,0,train
T100708,CUST4242,2023-08-08 06:29:00,0,train
T103227,CUST9702,2023-08-08 07:58:00,0,train
T102919,CUST3480,2023-08-08 08:54:00,0,train
T102382,CUST7708,2023-08-08 09:50:00,0,train
T104817,CUST8149,2023-08-08 09:54:00,0,train
T103217,CUST9184,2023-08-08 10:08:00,0,train
T104963,CUST8417,2023-08-08 13:48:00,0,train
T103177,CUST7286,2023-08-09 04:18:00,0,train
T103513,CUST6882,2023-08-09 07:39:00,0,train
T104207,CUST4069,2023-08-09 11:17:00,0,train
T100216,CUST2591,2023-08-09 13:06:00,0,train
T103452,CUST2944,2023-08-09 15:26:00,0,train
T104819,CUST5541,2023-08-09 16:03:00,0,train
T104841,CUST7329,2023-08-09 17:14:00,0,train
T104659,CUST4742,2023-08-09 20:22:00,0,train
T104911,CUST6961,2023-08-09 22:33:00,0,train
T101950,CUST2524,2023-08-09 22:43:00,0,train
T100200,CUST3184,2023-08-10 02:10:00,0,train
T101885,CUST6195,2023-08-10 02:45:00,0,train
T104149,CUST1826,2023-08-10 07:04:00,0,train
T104883,CUST2319,2023-08-10 07:27:00,0,train
T100725,CUST7930,2023-08-10 09:22:00,0,train
T100112,CUST3984,2023-08-10 10:57:00,0,train
T102958,CUST7519,2023-08-10 13:37:00,0,train
T101717,CUST5671,2023-08-10 13:49:00,0,train
T101213,CUST6861,2023-08-10 14:48:00,0,train
T100899,CUST8535,2023-08-10 15:56:00,0,train
T102159,CUST3973,2023-08-10 17:13:00,0,train
T102737,CUST6131,2023-08-10 19:13:00,0,train
T102329,CUST8681,2023-08-10 20:24:00,0,train
T103546,CUST5868,2023-08-11 01:31:00,0,train
T101643,CUST5143,2023-08-11 01:34:00,0,train
T100077,CUST8906,2023-08-11 04:49:00,0,train
T101839,CUST2746,2023-08-11 05:27:00,0,train
T103996,CUST3865,2023-08-11 12:27:00,0,train
T103537,CUST7170,2023-08-11 14:07:00,0,train
T104668,CUST2797,2023-08-11 16:00:00,0,train
T103514,CUST5147,2023-08-11 16:06:00,0,train
T101768,CUST9592,2023-08-11 17:47:00,0,train
T104286,CUST7059,2023-08-11 18:26:00,0,train
T101998,CUST3172,2023-08-11 19:16:00,0,train
T100290,CUST7257,2023-08-11 21:32:00,0,train
T104879,CUST4049,2023-08-11 21:59:00,0,train
T101822,CUST9813,2023-08-12 01:08:00,0,train
T100704,CUST5382,2023-08-12 02:00:00,0,train
T100684,CUST7192,2023-08-12 03:01:00,0,train
T100024,CUST7223,2023-08-12 04:50:00,0,train
T104462,CUST5039,2023-08-12 12:11:00,0,train
T104389,CUST2420,2023-08-12 13:30:00,0,train
T102016,CUST3730,2023-08-12 13:58:00,0,train
T103846,CUST5058,2023-08-12 16:09:00,0,train
T100713,CUST8206,2023-08-12 16:49:00,0,train
T101141,CUST1758,2023-08-12 17:16:00,0,train
T103936,CUST7957,2023-08-12 20:18:00,0,train
T104866,CUST4505,2023-08-12 23:02:00,0,train
T103128,CUST6490,2023-08-12 23:37:00,0,train
T104588,CUST5885,2023-08-13 00:41:00,0,train
T104304,CUST2864,2023-08-13 00:46:00,1,train
T104962,CUST8663,2023-08-13 01:38:00,1,train
T101664,CUST6953,2023-08-13 02:14:00,0,train
T104426,CUST2836,2023-08-13 05:58:00,0,train
T100407,CUST2157,2023-08-13 06:13:00,0,train
T102812,CUST7222,2023-08-13 09:42:00,1,train
T104628,CUST6303,2023-08-13 12:35:00,0,train
T104839,CUST9219,2023-08-13 14:27:00,0,train
T100670,CUST7641,2023-08-13 15:07:00,1,train
T104284,CUST4459,2023-08-13 18:02:00,0,train
T101708,CUST8322,2023-08-13 18:07:00,0,train
T103937,CUST3971,2023-08-13 18:07:00,0,train
T103530,CUST1041,2023-08-13 18:58:00,0,train
T101326,CUST7246,2023-08-13 20:10:00,0,train
T104762,CUST4392,2023-08-13 23:45:00,0,train
T101236,CUST1558,2023-08-14 04:39:00,0,train
T103814,CUST2240,2023-08-14 06:37:00,0,train
T104601,CUST2106,2023-08-14 07:13:00,0,train
T103475,CUST3079,2023-08-14 08:55:00,0,train
T100015,CUST5555,2023-08-14 12:04:00,0,train
T103295,CUST5989,2023-08-14 16:50:00,0,train
T103775,CUST6225,2023-08-14 18:07:00,0,train
T102014,CUST6311,2023-08-14 18:13:00,0,train
T103581,CUST4880,2023-08-14 18:40:00,0,train
T104468,CUST5575,2023-08-14 22:40:00,0,train
T102262,CUST4363,2023-08-15 00:37:00,0,train
T100645,CUST7707,2023-08-15 10:56:00,0,train
T100464,CUST1480,2023-08-15 13:42:00,0,train
T104910,CUST1103,2023-08-15 14:20:00,0,train
T104909,CUST9382,2023-08-15 14:23:00,0,train
T100167,CUST8655,2023-08-15 16:37:00,0,train
T101601,CUST2744,2023-08-15 17:07:00,1,train
T101262,CUST7702,2023-08-15 19:14:00,0,train
T101867,CUST8946,2023-08-15 19:54:00,0,train
T101093,CUST2579,2023-08-15 20:48:00,1,train
T104725,CUST2206,2023-08-15 23:11:00,0,train
T104182,CUST5820,2023-08-16 01:30:00,1,train
T103935,CUST5146,2023-08-16 02:58:00,0,train
T100603,CUST3015,2023-08-16 03:07:00,0,train
T100692,CUST3524,2023-08-16 05:44:00,0,train
T102866,CUST3702,2023-08-16 06:20:00,0,train
T100300,CUST5888,2023-08-16 09:01:00,0,train
T101082,CUST3650,2023-08-16 10:12:00,0,train
T104548,CUST2224,2023-08-16 10:55:00,0,train
T104523,CUST4057,2023-08-16 11:06:00,0,train
T102930,CUST3021,2023-08-16 12:29:00,0,train
T100158,CUST3430,2023-08-16 13:36:00,0,train
T100638,CUST9079,2023-08-16 17:10:00,0,train
T104497,CUST6033,2023-08-16 18:06:00,0,train
T103736,CUST3834,2023-08-16 20:47:00,0,train
T102344,CUST4017,2023-08-17 00:08:00,0,train
T104694,CUST4957,2023-08-17 01:25:00,1,train
T104878,CUST3367,2023-08-17 02:06:00,1,train
T103705,CUST5579,2023-08-17 08:57:00,0,train
T101450,CUST1842,2023-08-17 08:58:00,0,train
T104784,CUST8871,2023-08-17 10:03:00,0,train
T101072,CUST1891,2023-08-17 11:05:00,0,train
T104526,CUST9174,2023-08-17 14:54:00,0,train
T101583,CUST8222,2023-08-17 14:55:00,0,train
T102543,CUST8780,2023-08-18 02:02:00,0,train
T103575,CUST9814,2023-08-18 04:19:00,0,train
T100265,CUST7749,2023-08-18 04:37:00,0,train
T100550,CUST4709,2023-08-18 05:27:00,1,train
T100759,CUST1487,2023-08-18 06:09:00,0,train
T104776,CUST2572,2023-08-18 06:49:00,0,train
T103638,CUST6937,2023-08-18 10:25:00,0,train
T100663,CUST1973,2023-08-18 13:08:00,0,train
T104178,CUST3517,2023-08-18 13:34:00,0,train
T104998,CUST9120,2023-08-18 17:15:00,0,train
T103967,CUST2990,2023-08-18 17:29:00,0,train
T100386,CUST4008,2023-08-18 20:58:00,0,train
T102411,CUST1995,2023-08-18 22:45:00,1,train
T103920,CUST8618,2023-08-19 01:18:00,0,train
T104698,CUST7879,2023-08-19 02:45:00,1,train
T103760,CUST5814,2023-08-19 03:30:00,0,train
T104761,CUST3978,2023-08-19 03:46:00,0,train
T102736,CUST1386,2023-08-19 06:29:00,0,train
T101551,CUST7436,2023-08-19 07:42:00,0,train
T104157,CUST9893,2023-08-19 09:12:00,0,train
T103188,CUST1075,2023-08-19 10:01:00,0,train
T100950,CUST1232,2023-08-19 11:54:00,0,train
T104029,CUST1963,2023-08-19 18:11:00,0,train
T100964,CUST8506,2023-08-19 19:13:00,0,train
T100923,CUST9546,2023-08-19 19:15:00,0,train
T104438,CUST9452,2023-08-20 02:15:00,0,train
T103117,CUST7391,2023-08-20 04:01:00,1,train
T102691,CUST2152,2023-08-20 06:59:00,0,train
T102272,CUST4370,2023-08-20 07:01:00,0,train
T104484,CUST4279,2023-08-20 07:38:00,0,train
T100701,CUST4623,2023-08-20 16:32:00,0,train
T103965,CUST7297,2023-08-20 17:48:00,0,train
T101543,CUST9652,2023-08-20 18:05:00,0,train
T102536,CUST4194,2023-08-20 18:38:00,0,train
T102147,CUST8047,2023-08-20 22:02:00,0,train
T100668,CUST1598,2023-08-20 23:13:00,0,train
T101585,CUST6272,2023-08-21 12:08:00,1,train
T103905,CUST2424,2023-08-21 12:13:00,0,train
T104660,CUST2575,2023-08-21 17:27:00,0,train
T101844,CUST9770,2023-08-21 20:29:00,0,train
T102950,CUST1305,2023-08-22 02:04:00,0,train
T103084,CUST7042,2023-08-22 04:04:00,0,train
T100277,CUST4287,2023-08-22 04:43:00,0,train
T104257,CUST2243,2023-08-22 05:20:00,1,train
T100402,CUST7364,2023-08-22 10:50:00,0,train
T102291,CUST6529,2023-08-22 12:05:00,0,train
T100558,CUST3292,2023-08-22 18:56:00,0,train
T104152,CUST9922,2023-08-22 20:12:00,0,train
T100700,CUST7776,2023-08-22 21:09:00,0,train
T101690,CUST9355,2023-08-23 01:43:00,0,train
T101409,CUST5166,2023-08-23 04:02:00,1,train
T103977,CUST6491,2023-08-23 07:29:00,0,train
T102048,CUST8538,2023-08-23 07:32:00,0,train
T100897,CUST6672,2023-08-23 07:34:00,0,train
T101944,CUST5978,2023-08-23 09:47:00,0,train
T104296,CUST5080,2023-08-23 10:57:00,0,train
T104745,CUST4646,2023-08-23 11:48:00,0,train
T102097,CUST4152,2023-08-23 13:15:00,0,train
T101163,CUST5910,2023-08-23 14:58:00,0,train
T100875,CUST2660,2023-08-23 16:05:00,0,train
T101700,CUST9565,2023-08-23 17:53:00,0,train
T104652,CUST8039,2023-08-23 20:36:00,0,train
T103268,CUST2566,2023-08-23 21:02:00,0,train
T101125,CUST7366,2023-08-23 21:11:00,0,train
T100190,CUST6128,2023-08-23 22:40:00,0,train
T102209,CUST2963,2023-08-23 23:16:00,0,train
T101799,CUST6312,2023-08-23 23:37:00,0,train
T102823,CUST3050,2023-08-24 02:50:00,0,train
T103243,CUST2956,2023-08-24 03:50:00,0,train
T102870,CUST2017,2023-08-24 05:33:00,1,train
T104354,CUST3176,2023-08-24 06:45:00,0,train
T102276,CUST5278,2023-08-24 09:00:00,0,train
T102206,CUST7756,2023-08-24 09:31:00,0,train
T104350,CUST8851,2023-08-24 11:31:00,0,train
T102555,CUST9681,2023-08-24 11:59:00,1,train
T103433,CUST3671,2023-08-24 12:24:00,0,train
T100622,CUST1454,2023-08-24 13:35:00,0,train
T101051,CUST4617,2023-08-24 14:24:00,0,train
T102020,CUST1990,2023-08-24 15:25:00,0,train
T102980,CUST9595,2023-08-24 16:03:00,0,train
T101840,CUST2517,2023-08-24 16:36:00,0,train
T101204,CUST6151,2023-08-24 19:34:00,0,train
T101403,CUST5528,2023-08-24 21:20:00,0,train
T103669,CUST3976,2023-08-25 00:00:00,0,train
T104097,CUST9978,2023-08-25 00:44:00,0,train
T103592,CUST3045,2023-08-25 03:37:00,1,train
T102659,CUST6814,2023-08-25 05:00:00,0,train
T104509,CUST2353,2023-08-25 10:36:00,0,train
T100046,CUST9003,2023-08-25 11:16:00,0,train
T102120,CUST8928,2023-08-25 11:37:00,0,train
T104128,CUST2726,2023-08-25 18:35:00,0,train
T100020,CUST2854,2023-08-25 19:33:00,0,train
T101525,CUST4806,2023-08-25 21:59:00,0,train
T102863,CUST8065,2023-08-25 21:59:00,0,train
T101628,CUST7405,2023-08-26 00:55:00,0,train
T104058,CUST7162,2023-08-26 02:48:00,0,train
T100961,CUST7979,2023-08-26 04:03:00,0,train
T101470,CUST3482,2023-08-26 05:35:00,0,train
T102896,CUST6480,2023-08-26 05:56:00,1,train
T101533,CUST5200,2023-08-26 06:18:00,1,train
T100959,CUST4499,2023-08-26 09:26:00,0,train
T101773,CUST5521,2023-08-26 10:29:00,0,train
T100414,CUST6020,2023-08-26 11:01:00,0,train
T101648,CUST5113,2023-08-26 11:35:00,0,train
T100048,CUST9659,2023-08-26 14:51:00,0,train
T101443,CUST1583,2023-08-26 16:35:00,0,train
T104416,CUST1665,2023-08-26 18:10:00,0,train
T102022,CUST4951,2023-08-26 21:43:00,0,train
T102851,CUST6598,2023-08-26 22:23:00,0,train
T101361,CUST9533,2023-08-26 22:43:00,0,train
T101421,CUST2285,2023-08-26 22:45:00,0,train
T101006,CUST7000,2023-08-27 01:18:00,0,train
T101733,CUST7791,2023-08-27 03:54:00,0,train
T104302,CUST4954,2023-08-27 05:59:00,1,train
T104733,CUST8166,2023-08-27 13:27:00,0,train
T102961,CUST6474,2023-08-27 15:15:00,0,train
T100349,CUST3309,2023-08-27 15:44:00,0,train
T103490,CUST6517,2023-08-28 03:02:00,0,train
T102271,CUST3726,2023-08-28 04:41:00,0,train
T104669,CUST2934,2023-08-28 05:54:00,0,train
T102175,CUST7306,2023-08-28 12:10:00,0,train
T103376,CUST4644,2023-08-28 13:23:00,0,train
T100501,CUST1302,2023-08-28 14:16:00,0,train
T102003,CUST2832,2023-08-28 16:26:00,0,train
T102252,CUST2676,2023-08-28 16:43:00,0,train
T102556,CUST3623,2023-08-28 17:39:00,0,train
T102995,CUST9618,2023-08-28 18:40:00,0,train
T101797,CUST2425,2023-08-28 20:23:00,0,train
T100789,CUST2471,2023-08-28 20:56:00,0,train
T101306,CUST4121,2023-08-28 21:36:00,0,train
T101345,CUST9365,2023-08-29 01:42:00,0,train
T104013,CUST1598,2023-08-29 01:51:00,1,train
T103676,CUST1589,2023-08-29 06:01:00,0,train
T102192,CUST7584,2023-08-29 11:38:00,0,train
T104120,CUST1211,2023-08-29 14:47:00,0,train
T101787,CUST2630,2023-08-29 19:41:00,0,train
T100413,CUST8121,2023-08-30 01:21:00,1,train
T100688,CUST7847,2023-08-30 05:06:00,0,train
T103509,CUST2115,2023-08-30 06:59:00,0,train
T100583,CUST6915,2023-08-30 07:57:00,0,train
T102011,CUST6467,2023-08-30 08:45:00,0,train
T102525,CUST2076,2023-08-30 10:15:00,0,train
T101434,CUST7937,2023-08-30 12:36:00,0,train
T102887,CUST7822,2023-08-30 13:07:00,0,train
T104400,CUST1738,2023-08-30 15:21:00,0,train
T104348,CUST3887,2023-08-30 16:12:00,0,train
T102592,CUST5677,2023-08-30 18:04:00,0,train
T103111,CUST7285,2023-08-30 18:29:00,0,train
T103235,CUST6483,2023-08-30 19:33:00,0,train
T100539,CUST4950,2023-08-30 19:47:00,0,train
T104255,CUST9977,2023-08-30 19:57:00,0,train
T100502,CUST8188,2023-08-31 01:35:00,1,train
T102689,CUST9285,2023-08-31 01:45:00,0,train
T100113,CUST2479,2023-08-31 02:43:00,0,train
T102664,CUST9586,2023-08-31 04:32:00,0,train
T104226,CUST3273,2023-08-31 05:33:00,0,train
T102205,CUST1177,2023-08-31 10:43:00,0,train
T102661,CUST5724,2023-08-31 14:02:00,0,train
T100284,CUST8585,2023-08-31 14:26:00,0,train
T101154,CUST2734,2023-08-31 15:18:00,0,train
T101731,CUST3786,2023-08-31 17:51:00,0,train
T103681,CUST2700,2023-08-31 18:09:00,0,train
T102748,CUST1794,2023-08-31 20:54:00,0,train
T104143,CUST8691,2023-08-31 21:37:00,0,train
T104293,CUST9598,2023-08-31 21:54:00,0,train
T100072,CUST5894,2023-08-31 22:22:00,0,train
T101028,CUST6052,2023-09-01 00:42:00,0,train
T100180,CUST6557,2023-09-01 03:57:00,0,train
T103101,CUST4246,2023-09-01 05:20:00,0,train
T101266,CUST4345,2023-09-01 06:29:00,0,train
T101178,CUST8502,2023-09-01 10:03:00,0,train
T100455,CUST6109,2023-09-01 12:08:00,0,train
T100883,CUST2634,2023-09-01 14:15:00,0,train
T104719,CUST5364,2023-09-01 17:41:00,0,train
T101694,CUST9831,2023-09-01 20:39:00,0,train
T101177,CUST9301,2023-09-01 22:49:00,0,train
T104117,CUST2865,2023-09-01 23:54:00,0,train
T101740,CUST3432,2023-09-02 00:09:00,1,train
T100213,CUST2864,2023-09-02 01:03:00,1,train
T103053,CUST9336,2023-09-02 02:38:00,0,train
T104789,CUST5739,2023-09-02 03:36:00,1,train
T102988,CUST9288,2023-09-02 08:23:00,0,train
T102630,CUST5075,2023-09-02 08:57:00,0,train
T100927,CUST6526,2023-09-02 10:22:00,0,train
T104193,CUST3346,2023-09-02 11:56:00,0,train
T104214,CUST5682,2023-09-02 12:33:00,0,train
T100986,CUST5371,2023-09-02 15:48:00,0,train
T104739,CUST7448,2023-09-02 18:59:00,0,train
T102681,CUST9237,2023-09-02 20:25:00,0,train
T100176,CUST9755,2023-09-02 21:45:00,0,train
T102179,CUST8462,2023-09-02 22:01:00,0,train
T101716,CUST4210,2023-09-02 23:04:00,0,train
T103646,CUST9150,2023-09-03 03:11:00,1,train
T104830,CUST4250,2023-09-03 06:20:00,0,train
T101888,CUST3564,2023-09-03 09:11:00,0,train
T101971,CUST8137,2023-09-03 12:26:00,1,train
T102375,CUST2973,2023-09-03 14:00:00,0,train
T103634,CUST6494,2023-09-03 18:22:00,0,train
T102006,CUST8728,2023-09-03 20:21:00,0,train
T102030,CUST5416,2023-09-03 21:14:00,0,train
T102802,CUST5233,2023-09-03 22:16:00,0,train
T103734,CUST6861,2023-09-04 01:14:00,1,train
T104062,CUST6075,2023-09-04 01:45:00,0,train
T101878,CUST7397,2023-09-04 02:40:00,0,train
T103349,CUST5869,2023-09-04 03:33:00,0,train
T102066,CUST7353,2023-09-04 07:25:00,0,train
T104742,CUST7712,2023-09-04 08:35:00,1,train
T103668,CUST4001,2023-09-04 09:24:00,0,train
T100489,CUST9652,2023-09-04 11:21:00,0,train
T100384,CUST5636,2023-09-04 23:26:00,0,train
T101510,CUST9369,2023-09-05 01:04:00,0,train
T104712,CUST3463,2023-09-05 03:47:00,1,train
T102717,CUST2805,2023-09-05 10:05:00,0,train
T102335,CUST4299,2023-09-05 10:19:00,0,train
T104106,CUST3191,2023-09-05 16:08:00,0,train
T100045,CUST2739,2023-09-05 19:28:00,0,train
T100990,CUST1981,2023-09-05 20:48:00,0,train
T102975,CUST8911,2023-09-05 20:57:00,0,train
T102723,CUST4919,2023-09-05 21:06:00,0,train
T100418,CUST1582,2023-09-06 02:15:00,1,train
T104713,CUST2415,2023-09-06 03:13:00,0,train
T104772,CUST3969,2023-09-06 05:15:00,0,train
T101197,CUST9715,2023-09-06 07:31:00,0,train
T102138,CUST2377,2023-09-06 08:53:00,0,train
T100537,CUST6142,2023-09-06 10:57:00,0,train
T102332,CUST2082,2023-09-06 12:24:00,0,train
T100369,CUST6008,2023-09-06 15:17:00,0,train
T104362,CUST3541,2023-09-06 15:56:00,0,train
T101710,CUST7125,2023-09-06 18:44:00,0,train
T104664,CUST9413,2023-09-06 18:52:00,0,train
T101499,CUST2273,2023-09-06 21:36:00,0,train
T104969,CUST7337,2023-09-06 22:30:00,0,train
T101012,CUST6829,2023-09-06 22:35:00,0,train
T102263,CUST1022,2023-09-07 00:43:00,0,train
T104717,CUST6651,2023-09-07 01:16:00,0,train
T103664,CUST9553,2023-09-07 01:25:00,0,train
T101630,CUST9453,2023-09-07 07:54:00,0,train
T102614,CUST1209,2023-09-07 15:45:00,0,train
T102798,CUST8577,2023-09-07 17:22:00,0,train
T101524,CUST5334,2023-09-07 17:51:00,0,train
T104017,CUST4632,2023-09-07 17:56:00,0,train
T101709,CUST9358,2023-09-07 18:57:00,0,train
T104999,CUST1080,2023-09-07 21:20:00,0,train
T102035,CUST1798,2023-09-07 23:46:00,0,train
T102284,CUST9812,2023-09-08 02:53:00,0,train
T104330,CUST8180,2023-09-08 04:03:00,0,train
T101188,CUST1004,2023-09-08 05:29:00,0,train
T102217,CUST4628,2023-09-08 09:01:00,0,train
T103467,CUST6053,2023-09-08 10:26:00,0,train
T104530,CUST4744,2023-09-08 12:16:00,0,train
T104075,CUST1291,2023-09-08 13:48:00,0,train
T101686,CUST1788,2023-09-08 14:23:00,0,train
T100352,CUST3366,2023-09-08 17:00:00,0,train
T101597,CUST5142,2023-09-08 19:38:00,0,train
T101929,CUST1248,2023-09-08 19:41:00,0,train
T101641,CUST5395,2023-09-09 00:20:00,0,train
T100004,CUST8831,2023-09-09 00:46:00,0,train
T101357,CUST1953,2023-09-09 01:04:00,0,train
T101252,CUST6663,2023-09-09 02:12:00,0,train
T101247,CUST1023,2023-09-09 02:15:00,0,train
T102963,CUST9861,2023-09-09 02:38:00,0,train
T103250,CUST6531,2023-09-09 07:51:00,0,train
T101865,CUST6839,2023-09-09 09:01:00,1,train
T104249,CUST8038,2023-09-09 12:08:00,0,train
T101538,CUST9027,2023-09-09 13:04:00,1,train
T104527,CUST8325,2023-09-09 13:45:00,0,train
T100085,CUST3641,2023-09-09 13:55:00,0,train
T104239,CUST7977,2023-09-09 14:43:00,0,train
T100066,CUST3125,2023-09-09 16:36:00,0,train
T104168,CUST2742,2023-09-09 21:45:00,0,train
T100392,CUST1027,2023-09-09 23:23:00,0,train
T104730,CUST4970,2023-09-10 00:37:00,0,train
T100404,CUST6881,2023-09-10 02:02:00,1,train
T104598,CUST4071,2023-09-10 02:09:00,0,train
T104037,CUST2426,2023-09-10 02:46:00,0,train
T104092,CUST2155,2023-09-10 03:58:00,0,train
T103507,CUST8282,2023-09-10 04:12:00,0,train
T104780,CUST6834,2023-09-10 04:54:00,1,train
T103211,CUST9144,2023-09-10 11:04:00,0,train
T100134,CUST2593,2023-09-10 11:10:00,0,train
T100837,CUST5284,2023-09-10 12:40:00,0,train
T103479,CUST8827,2023-09-10 13:51:00,0,train
T102001,CUST3943,2023-09-10 16:33:00,0,train
T101143,CUST8907,2023-09-10 17:01:00,0,train
T103301,CUST5200,2023-09-10 20:08:00,0,train
T102598,CUST5665,2023-09-10 23:00:00,0,train
T102929,CUST9540,2023-09-10 23:39:00,0,train
T103254,CUST7295,2023-09-10 23:44:00,0,train
T100627,CUST6177,2023-09-10 23:52:00,0,train
T102744,CUST5392,2023-09-11 01:59:00,0,train
T102782,CUST1020,2023-09-11 02:42:00,0,train
T102245,CUST1814,2023-09-11 05:17:00,1,validation
T102877,CUST9343,2023-09-11 08:58:00,0,validation
T104937,CUST9124,2023-09-11 09:21:00,0,validation
T101837,CUST7873,2023-09-11 11:01:00,0,validation
T103544,CUST1585,2023-09-11 11:58:00,0,validation
T102562,CUST9987,2023-09-11 15:46:00,0,validation
T102965,CUST7030,2023-09-11 16:13:00,0,validation
T104679,CUST2005,2023-09-11 17:18:00,0,validation
T100483,CUST1095,2023-09-11 19:45:00,0,validation
T102886,CUST9762,2023-09-11 23:13:00,1,validation
T100565,CUST8915,2023-09-12 04:22:00,0,validation
T103425,CUST8528,2023-09-12 04:37:00,1,validation
T100726,CUST9481,2023-09-12 08:29:00,0,validation
T104960,CUST9899,2023-09-12 09:35:00,0,validation
T100331,CUST5412,2023-09-12 21:30:00,0,validation
T101530,CUST7499,2023-09-12 21:43:00,0,validation
T100824,CUST4915,2023-09-12 21:53:00,0,validation
T103992,CUST6908,2023-09-12 22:41:00,0,validation
T103572,CUST4269,2023-09-12 23:36:00,0,validation
T103142,CUST9910,2023-09-13 02:12:00,1,validation
T100695,CUST3585,2023-09-13 02:48:00,0,validation
T102488,CUST8974,2023-09-13 03:02:00,0,validation
T102394,CUST9431,2023-09-13 05:26:00,0,validation
T101654,CUST2978,2023-09-13 08:18:00,0,validation
T102008,CUST7576,2023-09-13 08:28:00,0,validation
T104546,CUST1189,2023-09-13 09:17:00,0,validation
T103255,CUST8857,2023-09-13 09:24:00,0,validation
T103729,CUST1885,2023-09-13 10:47:00,0,validation
T103614,CUST9497,2023-09-13 13:15:00,0,validation
T100724,CUST2451,2023-09-13 13:20:00,0,validation
T100326,CUST2975,2023-09-13 17:29:00,0,validation
T101173,CUST9612,2023-09-13 19:37:00,0,validation
T102590,CUST2641,2023-09-13 20:16:00,0,validation
T103860,CUST3610,2023-09-13 20:44:00,0,validation
T100056,CUST3212,2023-09-13 20:55:00,0,validation
T102948,CUST5788,2023-09-13 23:57:00,0,validation
T101136,CUST7417,2023-09-14 00:41:00,0,validation
T102764,CUST8205,2023-09-14 00:52:00,0,validation
T102943,CUST7883,2023-09-14 01:08:00,0,validation
T100699,CUST8384,2023-09-14 03:43:00,0,validation
T103282,CUST6092,2023-09-14 06:10:00,0,validation
T104822,CUST6716,2023-09-14 08:06:00,0,validation
T101845,CUST2974,2023-09-14 09:31:00,0,validation
T103029,CUST1867,2023-09-14 15:00:00,0,validation
T103071,CUST5531,2023-09-14 15:14:00,0,validation
T104169,CUST3281,2023-09-14 17:24:00,0,validation
T103204,CUST6138,2023-09-14 17:58:00,0,validation
T104774,CUST1325,2023-09-14 19:24:00,0,validation
T102785,CUST2374,2023-09-14 20:25:00,0,validation
T102669,CUST9505,2023-09-14 21:22:00,0,validation
T100466,CUST2535,2023-09-14 21:54:00,0,validation
T100078,CUST5054,2023-09-14 23:55:00,0,validation
T103986,CUST3930,2023-09-15 01:03:00,0,validation
T101424,CUST5609,2023-09-15 02:58:00,0,validation
T102964,CUST5930,2023-09-15 04:28:00,0,validation
T103795,CUST4979,2023-09-15 05:10:00,0,validation
T101148,CUST7565,2023-09-15 07:05:00,0,validation
T102294,CUST1136,2023-09-15 14:12:00,0,validation
T101620,CUST3485,2023-09-15 20:59:00,0,validation
T100060,CUST4067,2023-09-15 21:56:00,0,validation
T104259,CUST4650,2023-09-16 00:07:00,0,validation
T101707,CUST4159,2023-09-16 00:42:00,0,validation
T101465,CUST7494,2023-09-16 01:10:00,0,validation
T100292,CUST3048,2023-09-16 09:27:00,0,validation
T101129,CUST4453,2023-09-16 10:53:00,0,validation
T101503,CUST1002,2023-09-16 13:11:00,0,validation
T102512,CUST7934,2023-09-16 13:11:00,0,validation
T102865,CUST5126,2023-09-16 19:06:00,0,validation
T100215,CUST7358,2023-09-16 19:44:00,1,validation
T101007,CUST1336,2023-09-17 02:01:00,1,validation
T102645,CUST9708,2023-09-17 02:50:00,0,validation
T101571,CUST1355,2023-09-17 04:40:00,0,validation
T100849,CUST3692,2023-09-17 06:25:00,1,validation
T100609,CUST8570,2023-09-17 07:35:00,0,validation
T104673,CUST3860,2023-09-17 13:15:00,0,validation
T101523,CUST6621,2023-09-17 13:48:00,0,validation
T103889,CUST7597,2023-09-17 18:09:00,0,validation
T102583,CUST3752,2023-09-17 21:02:00,0,validation
T101817,CUST3190,2023-09-17 21:36:00,0,validation
T101814,CUST8783,2023-09-17 22:34:00,0,validation
T102151,CUST4184,2023-09-17 22:59:00,0,validation
T102183,CUST5112,2023-09-18 02:20:00,0,validation
T101652,CUST4909,2023-09-18 02:24:00,0,validation
T100634,CUST1833,2023-09-18 04:48:00,1,validation
T101164,CUST6551,2023-09-18 05:53:00,0,validation
T100566,CUST2686,2023-09-18 12:01:00,0,validation
T103838,CUST3770,2023-09-18 13:57:00,0,validation
T104012,CUST8029,2023-09-18 17:08:00,0,validation
T100049,CUST2346,2023-09-18 19:18:00,0,validation
T100681,CUST8909,2023-09-18 21:07:00,0,validation
T104991,CUST7134,2023-09-18 21:49:00,1,validation
T102087,CUST3346,2023-09-18 22:03:00,0,validation
T102298,CUST3994,2023-09-19 04:47:00,0,validation
T101338,CUST5702,2023-09-19 04:56:00,0,validation
T102678,CUST2842,2023-09-19 06:51:00,0,validation
T101200,CUST6139,2023-09-19 06:52:00,0,validation
T104877,CUST7998,2023-09-19 07:00:00,0,validation
T101172,CUST5827,2023-09-19 10:36:00,0,validation
T103622,CUST4972,2023-09-19 10:57:00,0,validation
T101755,CUST8651,2023-09-19 11:35:00,0,validation
T103870,CUST9181,2023-09-19 12:02:00,0,validation
T100417,CUST9888,2023-09-19 16:08:00,0,validation
T101746,CUST5110,2023-09-19 16:24:00,0,validation
T101436,CUST1084,2023-09-19 16:35:00,0,validation
T101225,CUST5810,2023-09-19 16:57:00,1,validation
T104285,CUST9619,2023-09-19 17:02:00,0,validation
T101890,CUST4937,2023-09-19 18:50:00,0,validation
T101730,CUST4143,2023-09-19 18:53:00,0,validation
T104250,CUST7929,2023-09-19 19:42:00,0,validation
T103163,CUST7518,2023-09-19 20:41:00,0,validation
T102353,CUST9977,2023-09-19 22:05:00,0,validation
T101791,CUST5850,2023-09-19 22:11:00,0,validation
T103060,CUST9284,2023-09-20 02:14:00,1,validation
T104666,CUST8610,2023-09-20 02:53:00,1,validation
T101376,CUST4830,2023-09-20 11:48:00,0,validation
T101977,CUST7535,2023-09-20 13:00:00,1,validation
T101748,CUST8147,2023-09-20 15:14:00,0,validation
T100388,CUST1322,2023-09-20 18:09:00,0,validation
T104583,CUST8356,2023-09-20 21:01:00,0,validation
T102244,CUST4136,2023-09-20 21:50:00,0,validation
T103189,CUST7366,2023-09-20 22:17:00,0,validation
T103362,CUST5416,2023-09-20 23:36:00,0,validation
T102396,CUST1560,2023-09-21 00:13:00,1,validation
T103726,CUST6299,2023-09-21 00:45:00,0,validation
T102210,CUST9322,2023-09-21 01:11:00,0,validation
T102880,CUST5743,2023-09-21 01:51:00,0,validation
T104626,CUST8937,2023-09-21 03:30:00,0,validation
T104547,CUST1740,2023-09-21 04:24:00,1,validation
T104444,CUST9656,2023-09-21 04:52:00,0,validation
T101241,CUST9408,2023-09-21 05:05:00,0,validation
T103721,CUST5008,2023-09-21 05:05:00,0,validation
T104482,CUST4259,2023-09-21 05:07:00,0,validation
T102193,CUST3938,2023-09-21 05:59:00,0,validation
T101780,CUST1569,2023-09-21 06:32:00,1,validation
T104374,CUST8738,2023-09-21 10:37:00,0,validation
T100675,CUST9890,2023-09-21 11:35:00,0,validation
T101974,CUST7056,2023-09-21 13:35:00,0,validation
T102477,CUST5985,2023-09-21 15:31:00,1,validation
T102932,CUST8876,2023-09-21 17:18:00,0,validation
T100023,CUST3087,2023-09-21 18:00:00,0,validation
T103943,CUST2064,2023-09-21 20:18:00,0,validation
T103912,CUST1186,2023-09-21 20:44:00,0,validation
T100170,CUST7166,2023-09-21 21:20:00,0,validation
T102387,CUST1070,2023-09-21 22:05:00,0,validation
T104216,CUST2975,2023-09-21 23:59:00,0,validation
T102002,CUST4224,2023-09-22 01:08:00,0,validation
T104177,CUST5810,2023-09-22 03:11:00,0,validation
T100240,CUST2663,2023-09-22 03:58:00,0,validation
T103131,CUST4509,2023-09-22 04:10:00,0,validation
T103093,CUST6224,2023-09-22 17:41:00,0,validation
T104959,CUST1167,2023-09-22 20:54:00,0,validation
T100130,CUST5005,2023-09-22 20:59:00,0,validation
T104148,CUST7807,2023-09-23 00:21:00,0,validation
T103962,CUST1888,2023-09-23 02:42:00,0,validation
T104663,CUST8658,2023-09-23 03:32:00,0,validation
T101467,CUST6661,2023-09-23 06:57:00,0,validation
T101882,CUST4196,2023-09-23 07:03:00,0,validation
T100399,CUST6341,2023-09-23 10:51:00,0,validation
T104651,CUST9393,2023-09-23 14:45:00,0,validation
T100511,CUST3166,2023-09-23 16:57:00,0,validation
T100918,CUST7518,2023-09-23 17:56:00,0,validation
T100142,CUST2842,2023-09-23 19:24:00,0,validation
T103331,CUST4942,2023-09-23 19:59:00,0,validation
T100405,CUST7710,2023-09-23 22:35:00,0,validation
T100115,CUST5219,2023-09-24 00:09:00,0,validation
T101494,CUST6799,2023-09-24 01:30:00,0,validation
T100760,CUST4688,2023-09-24 01:53:00,0,validation
T104826,CUST8248,2023-09-24 08:30:00,0,validation
T101672,CUST5432,2023-09-24 11:19:00,0,validation
T102527,CUST2518,2023-09-24 14:08:00,0,validation
T100406,CUST8478,2023-09-24 16:28:00,0,validation
T101471,CUST8669,2023-09-24 16:30:00,0,validation
T102600,CUST3613,2023-09-24 17:19:00,0,validation
T103720,CUST2608,2023-09-24 17:22:00,0,validation
T103984,CUST4115,2023-09-24 17:54:00,0,validation
T100395,CUST9025,2023-09-24 19:30:00,0,validation
T101645,CUST5356,2023-09-25 00:46:00,0,validation
T101182,CUST1004,2023-09-25 01:37:00,1,validation
T102072,CUST2970,2023-09-25 02:15:00,0,validation
T104793,CUST8004,2023-09-25 04:01:00,0,validation
T102511,CUST1257,2023-09-25 07:02:00,0,validation
T100847,CUST4417,2023-09-25 10:42:00,0,validation
T103651,CUST6306,2023-09-25 14:31:00,1,validation
T104961,CUST3247,2023-09-25 15:28:00,0,validation
T104352,CUST8327,2023-09-25 16:54:00,0,validation
T102426,CUST2297,2023-09-25 20:14:00,0,validation
T102340,CUST1410,2023-09-26 02:19:00,0,validation
T101374,CUST4538,2023-09-26 02:23:00,0,validation
T102924,CUST9094,2023-09-26 07:23:00,0,validation
T104141,CUST3477,2023-09-26 07:52:00,0,validation
T100001,CUST1630,2023-09-26 08:29:00,0,validation
T102573,CUST7930,2023-09-26 11:10:00,0,validation
T100246,CUST5462,2023-09-26 11:28:00,0,validation
T100647,CUST8437,2023-09-26 12:44:00,0,validation
T104631,CUST4617,2023-09-26 12:46:00,0,validation
T103727,CUST5544,2023-09-26 14:53:00,0,validation
T103877,CUST5942,2023-09-26 16:41:00,0,validation
T101078,CUST3046,2023-09-26 20:01:00,0,validation
T102746,CUST4059,2023-09-26 21:42:00,0,validation
T104893,CUST9931,2023-09-26 23:13:00,0,validation
T103772,CUST6709,2023-09-27 00:06:00,0,validation
T100616,CUST1015,2023-09-27 07:48:00,0,validation
T100696,CUST6281,2023-09-27 10:52:00,1,validation
T102882,CUST4623,2023-09-27 11:17:00,0,validation
T104599,CUST3107,2023-09-27 12:23:00,0,validation
T104336,CUST6550,2023-09-27 12:37:00,0,validation
T102160,CUST8777,2023-09-27 13:55:00,0,validation
T101982,CUST3521,2023-09-27 17:11:00,0,validation
T103161,CUST8031,2023-09-27 17:22:00,0,validation
T104596,CUST5737,2023-09-27 22:05:00,1,validation
T101963,CUST7707,2023-09-27 23:30:00,0,validation
T101406,CUST4937,2023-09-28 02:12:00,0,validation
T101393,CUST8265,2023-09-28 04:46:00,1,validation
T100094,CUST6489,2023-09-28 06:34:00,1,validation
T102301,CUST4974,2023-09-28 11:32:00,0,validation
T100512,CUST9660,2023-09-28 13:33:00,0,validation
T103958,CUST2240,2023-09-28 18:24:00,0,validation
T103025,CUST8059,2023-09-28 19:33:00,0,validation
T104678,CUST2881,2023-09-28 21:24:00,0,validation
T104112,CUST1165,2023-09-28 23:48:00,1,validation
T101340,CUST2064,2023-09-28 23:54:00,0,validation
T102693,CUST9611,2023-09-29 07:42:00,0,validation
T103109,CUST5647,2023-09-29 07:53:00,0,validation
T103352,CUST3943,2023-09-29 08:35:00,1,validation
T100484,CUST2248,2023-09-29 11:03:00,0,validation
T104306,CUST2650,2023-09-29 13:46:00,0,validation
T102796,CUST4283,2023-09-29 14:02:00,0,validation
T100790,CUST1644,2023-09-29 19:49:00,1,validation
T103006,CUST1265,2023-09-29 21:05:00,0,validation
T103569,CUST7523,2023-09-29 22:02:00,0,validation
T104710,CUST1602,2023-09-29 23:13:00,0,validation
T102425,CUST8816,2023-09-30 00:18:00,0,validation
T102792,CUST3406,2023-09-30 03:57:00,0,validation
T100632,CUST4252,2023-09-30 04:38:00,0,validation
T103571,CUST6926,2023-09-30 04:54:00,0,validation
T103861,CUST1265,2023-09-30 07:31:00,0,validation
T102875,CUST3304,2023-09-30 09:05:00,0,validation
T104621,CUST6830,2023-09-30 12:57:00,0,validation
T104278,CUST8954,2023-09-30 13:50:00,1,validation
T100851,CUST8461,2023-09-30 14:40:00,0,validation
T101246,CUST6004,2023-09-30 18:21:00,0,validation
T101035,CUST4777,2023-09-30 22:08:00,0,validation
T102226,CUST1934,2023-09-30 22:11:00,0,validation
T104150,CUST9171,2023-09-30 23:21:00,0,validation
T102204,CUST4910,2023-10-01 00:15:00,0,validation
T101511,CUST9767,2023-10-01 03:24:00,0,validation
T100555,CUST7553,2023-10-01 04:04:00,0,validation
T103832,CUST8358,2023-10-01 05:37:00,0,validation
T104005,CUST8907,2023-10-01 06:15:00,1,validation
T104203,CUST3496,2023-10-01 08:57:00,0,validation
T102718,CUST2872,2023-10-01 08:59:00,1,validation
T103408,CUST2246,2023-10-01 10:24:00,0,validation
T101281,CUST7655,2023-10-01 22:11:00,0,validation
T102469,CUST1725,2023-10-01 23:12:00,0,validation
T101760,CUST2769,2023-10-01 23:57:00,0,validation
T103350,CUST9083,2023-10-02 02:56:00,1,validation
T102777,CUST3120,2023-10-02 03:36:00,1,validation
T101534,CUST1806,2023-10-02 03:58:00,1,validation
T102580,CUST9147,2023-10-02 08:26:00,0,validation
T101484,CUST9671,2023-10-02 10:17:00,0,validation
T100172,CUST5506,2023-10-02 11:15:00,0,validation
T103997,CUST3351,2023-10-02 13:08:00,0,validation
T102856,CUST7894,2023-10-02 17:19:00,0,validation
T101552,CUST9716,2023-10-02 19:44:00,0,validation
T103015,CUST4638,2023-10-02 21:02:00,0,validation
T103067,CUST6340,2023-10-02 22:20:00,0,validation
T101331,CUST3298,2023-10-02 23:53:00,0,validation
T100854,CUST9384,2023-10-03 02:15:00,1,validation
T100267,CUST4792,2023-10-03 03:01:00,0,validation
T100857,CUST2351,2023-10-03 06:41:00,0,validation
T101629,CUST3488,2023-10-03 07:34:00,0,validation
T100932,CUST2588,2023-10-03 12:13:00,0,validation
T101627,CUST1751,2023-10-03 14:05:00,0,validation
T102358,CUST5007,2023-10-03 17:22:00,0,validation
T104766,CUST4954,2023-10-03 17:29:00,0,validation
T103421,CUST4025,2023-10-03 19:12:00,0,validation
T103099,CUST1680,2023-10-03 20:54:00,0,validation
T103551,CUST6323,2023-10-03 21:47:00,0,validation
T100168,CUST5969,2023-10-04 03:02:00,1,validation
T100289,CUST9513,2023-10-04 04:13:00,0,validation
T100281,CUST8399,2023-10-04 06:57:00,0,validation
T100952,CUST8521,2023-10-04 07:38:00,0,validation
T100000,CUST3252,2023-10-04 07:45:00,0,validation
T103819,CUST3707,2023-10-04 16:41:00,1,validation
T101179,CUST7502,2023-10-04 18:21:00,0,validation
T104176,CUST3689,2023-10-04 18:30:00,1,validation
T102720,CUST6804,2023-10-04 20:17:00,0,validation
T100752,CUST3990,2023-10-04 20:35:00,0,validation
T102388,CUST1960,2023-10-04 20:42:00,0,validation
T101855,CUST2949,2023-10-04 22:47:00,0,validation
T103900,CUST3625,2023-10-04 22:48:00,0,validation
T104253,CUST6704,2023-10-05 01:24:00,1,validation
T100347,CUST4277,2023-10-05 01:38:00,1,validation
T103978,CUST1829,2023-10-05 02:19:00,0,validation
T104477,CUST2905,2023-10-05 05:21:00,1,validation
T104956,CUST6855,2023-10-05 06:11:00,0,validation
T102517,CUST1353,2023-10-05 07:40:00,0,validation
T101477,CUST7201,2023-10-05 11:44:00,0,validation
T102650,CUST4460,2023-10-05 11:46:00,0,validation
T103712,CUST3493,2023-10-05 12:00:00,0,validation
T102768,CUST1000,2023-10-05 12:14:00,0,validation
T102808,CUST3605,2023-10-05 14:19:00,0,validation
T102220,CUST2591,2023-10-05 16:12:00,0,validation
T103277,CUST8063,2023-10-05 18:30:00,0,validation
T102418,CUST7256,2023-10-05 21:58:00,0,validation
T104241,CUST1552,2023-10-05 23:06:00,0,validation
T102305,CUST3400,2023-10-06 06:45:00,0,validation
T104173,CUST9387,2023-10-06 07:07:00,0,validation
T100871,CUST7475,2023-10-06 09:43:00,0,validation
T104964,CUST7514,2023-10-06 15:03:00,0,validation
T104722,CUST9091,2023-10-06 17:20:00,0,validation
T104551,CUST7852,2023-10-06 20:43:00,0,validation
T101681,CUST7809,2023-10-06 21:52:00,0,validation
T100164,CUST1337,2023-10-06 21:56:00,0,validation
T103848,CUST3328,2023-10-07 02:21:00,0,validation
T100595,CUST8300,2023-10-07 05:39:00,0,validation
T103134,CUST5340,2023-10-07 07:29:00,0,validation
T103873,CUST9294,2023-10-07 10:00:00,0,validation
T103257,CUST6908,2023-10-07 12:00:00,0,validation
T100321,CUST6405,2023-10-07 12:47:00,0,validation
T104887,CUST9355,2023-10-07 15:48:00,0,validation
T100877,CUST4235,2023-10-07 17:50:00,0,validation
T104705,CUST6671,2023-10-07 18:25:00,0,validation
T103717,CUST9875,2023-10-07 21:48:00,0,validation
T103051,CUST5617,2023-10-08 01:11:00,0,validation
T104086,CUST6441,2023-10-08 05:26:00,1,validation
T102738,CUST3825,2023-10-08 06:08:00,0,validation
T104512,CUST3651,2023-10-08 06:25:00,0,validation
T103573,CUST2909,2023-10-08 07:07:00,0,validation
T102643,CUST2725,2023-10-08 07:44:00,0,validation
T101794,CUST3635,2023-10-08 08:00:00,0,validation
T102504,CUST6050,2023-10-08 19:58:00,0,validation
T104373,CUST3908,2023-10-08 21:54:00,0,validation
T104653,CUST1352,2023-10-09 02:31:00,1,validation
T101052,CUST1907,2023-10-09 06:16:00,0,validation
T102523,CUST4822,2023-10-09 08:44:00,1,validation
T103417,CUST3051,2023-10-09 11:32:00,0,validation
T100210,CUST5517,2023-10-09 15:20:00,0,validation
T103799,CUST7022,2023-10-09 16:10:00,0,validation
T100227,CUST7168,2023-10-09 16:14:00,0,validation
T100576,CUST5566,2023-10-09 17:44:00,0,validation
T100147,CUST6253,2023-10-09 17:52:00,0,validation
T104624,CUST5558,2023-10-09 21:19:00,0,validation
T102047,CUST6087,2023-10-09 22:32:00,0,validation
T104675,CUST7256,2023-10-09 23:25:00,0,validation
T100998,CUST8283,2023-10-10 00:54:00,0,validation
T101670,CUST1283,2023-10-10 01:36:00,0,validation
T102741,CUST7491,2023-10-10 04:15:00,1,validation
T100992,CUST4437,2023-10-10 06:53:00,0,validation
T101948,CUST2683,2023-10-10 08:30:00,0,validation
T100391,CUST4572,2023-10-10 09:32:00,1,validation
T102352,CUST2473,2023-10-10 09:38:00,0,validation
T100431,CUST2290,2023-10-10 17:34:00,0,validation
T100775,CUST5958,2023-10-10 18:12:00,0,validation
T101703,CUST7645,2023-10-10 20:38:00,0,validation
T101656,CUST1156,2023-10-10 20:51:00,0,validation
T103942,CUST6392,2023-10-10 23:26:00,0,validation
T104070,CUST5504,2023-10-10 23:58:00,0,validation
T100214,CUST2359,2023-10-11 00:14:00,0,validation
T100419,CUST7379,2023-10-11 00:38:00,0,validation
T100032,CUST3979,2023-10-11 01:37:00,1,validation
T103885,CUST8300,2023-10-11 02:42:00,0,validation
T103321,CUST4201,2023-10-11 03:03:00,0,validation
T104821,CUST2386,2023-10-11 06:41:00,0,validation
T104832,CUST1684,2023-10-11 06:44:00,0,validation
T100732,CUST8321,2023-10-11 08:35:00,0,validation
T104156,CUST1581,2023-10-11 08:47:00,0,validation
T101027,CUST2448,2023-10-11 13:55:00,0,validation
T104167,CUST4516,2023-10-11 14:43:00,0,validation
T104633,CUST5319,2023-10-11 14:47:00,0,validation
T102130,CUST9486,2023-10-11 16:34:00,0,validation
T102490,CUST2146,2023-10-11 17:16:00,0,validation
T102789,CUST5669,2023-10-11 17:49:00,0,validation
T103335,CUST8574,2023-10-11 18:16:00,0,validation
T100090,CUST1456,2023-10-11 18:48:00,0,validation
T101280,CUST4591,2023-10-11 20:12:00,0,validation
T103733,CUST9383,2023-10-11 21:03:00,0,validation
T102883,CUST8283,2023-10-12 01:52:00,0,validation
T103069,CUST7718,2023-10-12 05:12:00,1,validation
T104109,CUST8939,2023-10-12 06:01:00,0,validation
T104434,CUST1338,2023-10-12 06:05:00,0,validation
T103482,CUST2377,2023-10-12 06:30:00,0,validation
T102513,CUST9371,2023-10-12 15:28:00,1,validation
T102820,CUST2613,2023-10-12 16:02:00,0,validation
T101098,CUST5726,2023-10-12 17:20:00,0,validation
T104471,CUST2893,2023-10-12 20:55:00,0,validation
T100174,CUST5672,2023-10-12 21:01:00,0,validation
T103005,CUST6584,2023-10-12 21:56:00,0,validation
T102018,CUST1292,2023-10-13 02:01:00,1,validation
T100123,CUST2592,2023-10-13 04:56:00,1,validation
T103202,CUST8147,2023-10-13 05:33:00,0,validation
T102623,CUST2521,2023-10-13 06:00:00,0,validation
T102176,CUST3386,2023-10-13 06:41:00,0,validation
T102697,CUST9322,2023-10-13 09:56:00,0,validation
T104131,CUST4036,2023-10-13 19:50:00,0,validation
T102240,CUST8871,2023-10-13 21:19:00,0,validation
T103604,CUST7650,2023-10-13 22:31:00,0,validation
T100533,CUST3551,2023-10-13 23:26:00,0,validation
T101559,CUST4259,2023-10-13 23:42:00,0,validation
T101781,CUST6810,2023-10-14 08:01:00,0,validation
T100753,CUST4363,2023-10-14 10:01:00,0,validation
T101563,CUST9893,2023-10-14 11:49:00,0,validation
T104221,CUST3554,2023-10-14 14:43:00,0,validation
T100938,CUST2596,2023-10-14 17:34:00,0,validation
T102985,CUST2791,2023-10-14 21:08:00,1,validation
T101223,CUST8241,2023-10-14 21:42:00,0,validation
T104411,CUST5672,2023-10-14 21:46:00,0,validation
T101198,CUST1009,2023-10-15 01:49:00,0,validation
T100235,CUST1110,2023-10-15 03:02:00,0,validation
T104521,CUST9211,2023-10-15 03:58:00,0,validation
T102232,CUST8371,2023-10-15 04:30:00,0,validation
T100993,CUST4983,2023-10-15 06:45:00,0,validation
T102268,CUST7604,2023-10-15 07:51:00,0,validation
T104457,CUST3392,2023-10-15 08:10:00,0,validation
T102839,CUST1933,2023-10-15 09:01:00,0,validation
T101715,CUST7322,2023-10-15 09:16:00,1,validation
T100862,CUST6591,2023-10-15 13:26:00,1,validation
T102822,CUST4255,2023-10-15 13:59:00,1,validation
T101447,CUST8201,2023-10-15 14:20:00,0,validation
T102922,CUST6605,2023-10-15 17:08:00,0,validation
T102161,CUST1769,2023-10-15 20:17:00,0,validation
T100873,CUST8620,2023-10-15 21:31:00,0,validation
T104140,CUST9097,2023-10-15 22:16:00,0,validation
T103180,CUST6311,2023-10-15 22:29:00,0,validation
T100844,CUST1910,2023-10-15 22:53:00,0,validation
T101227,CUST8715,2023-10-16 00:42:00,0,validation
T103849,CUST9903,2023-10-16 01:35:00,0,validation
T104107,CUST2512,2023-10-16 02:09:00,0,validation
T103798,CUST1217,2023-10-16 05:11:00,0,validation
T100970,CUST7474,2023-10-16 05:24:00,0,validation
T103173,CUST1553,2023-10-16 06:02:00,0,validation
T104584,CUST9856,2023-10-16 06:28:00,0,validation
T103624,CUST8991,2023-10-16 09:42:00,0,validation
T103949,CUST8412,2023-10-16 11:12:00,1,validation
T100601,CUST7778,2023-10-16 11:58:00,0,validation
T102775,CUST8166,2023-10-16 12:03:00,0,validation
T102189,CUST8529,2023-10-16 12:27:00,0,validation
T100465,CUST3697,2023-10-16 13:14:00,0,validation
T100251,CUST9258,2023-10-16 13:21:00,0,validation
T101244,CUST8867,2023-10-16 13:47:00,1,validation
T101208,CUST2786,2023-10-16 16:26:00,0,validation
T102586,CUST4507,2023-10-16 16:45:00,0,validation
T100003,CUST4892,2023-10-16 17:10:00,0,validation
T104008,CUST2782,2023-10-16 17:38:00,0,validation
T100835,CUST3861,2023-10-16 21:21:00,1,validation
T102618,CUST3419,2023-10-16 22:12:00,0,validation
T101286,CUST9266,2023-10-16 22:35:00,0,validation
T102277,CUST1490,2023-10-16 23:31:00,0,validation
T102835,CUST5185,2023-10-17 00:35:00,0,validation
T100242,CUST8521,2023-10-17 00:47:00,1,validation
T103267,CUST4370,2023-10-17 02:23:00,1,validation
T101100,CUST8885,2023-10-17 04:11:00,0,validation
T100969,CUST6893,2023-10-17 05:35:00,0,validation
T103334,CUST7167,2023-10-17 06:38:00,0,validation
T102092,CUST8038,2023-10-17 09:02:00,0,validation
T104246,CUST8419,2023-10-17 09:22:00,1,validation
T104344,CUST2649,2023-10-17 10:39:00,0,validation
T103704,CUST4143,2023-10-17 12:59:00,0,validation
T102166,CUST7925,2023-10-17 17:30:00,0,validation
T104393,CUST1551,2023-10-17 18:32:00,0,validation
T100894,CUST7737,2023-10-17 21:22:00,0,validation
T103538,CUST7172,2023-10-17 22:14:00,0,validation
T100770,CUST2434,2023-10-17 23:15:00,0,validation
T103547,CUST7906,2023-10-18 00:34:00,1,validation
T104377,CUST9887,2023-10-18 00:35:00,0,validation
T102631,CUST8450,2023-10-18 00:58:00,0,validation
T101445,CUST2746,2023-10-18 03:38:00,0,validation
T103512,CUST9568,2023-10-18 05:11:00,0,validation
T101515,CUST7709,2023-10-18 06:08:00,0,validation
T101029,CUST7105,2023-10-18 07:02:00,0,validation
T100064,CUST3042,2023-10-18 08:06:00,0,validation
T100618,CUST3865,2023-10-18 08:58:00,0,validation
T104179,CUST8325,2023-10-18 12:08:00,1,validation
T101706,CUST5070,2023-10-18 12:12:00,0,validation
T103306,CUST5638,2023-10-18 17:00:00,0,validation
T102368,CUST4556,2023-10-18 18:47:00,0,validation
T101137,CUST3674,2023-10-18 23:57:00,0,validation
T103283,CUST7798,2023-10-19 01:29:00,0,validation
T104943,CUST5862,2023-10-19 03:47:00,1,validation
T102391,CUST5358,2023-10-19 05:01:00,0,validation
T102979,CUST1935,2023-10-19 05:07:00,0,validation
T100191,CUST6586,2023-10-19 08:09:00,0,validation
T104332,CUST2628,2023-10-19 11:13:00,0,validation
T101186,CUST3353,2023-10-19 11:35:00,0,validation
T103752,CUST5659,2023-10-19 15:33:00,0,validation
T103762,CUST4150,2023-10-19 17:18:00,0,validation
T104261,CUST1533,2023-10-19 17:24:00,0,validation
T102476,CUST1660,2023-10-19 19:12:00,0,validation
T100122,CUST4467,2023-10-19 20:05:00,0,validation
T101196,CUST2513,2023-10-19 20:26:00,0,validation
T101850,CUST1782,2023-10-20 00:19:00,0,validation
T100810,CUST7026,2023-10-20 02:16:00,1,validation
T104417,CUST9449,2023-10-20 04:06:00,1,validation
T102819,CUST2128,2023-10-20 04:24:00,0,validation
T103874,CUST8246,2023-10-20 05:09:00,1,validation
T102874,CUST9618,2023-10-20 06:32:00,0,validation
T101984,CUST2171,2023-10-20 07:31:00,0,validation
T102389,CUST1988,2023-10-20 08:30:00,0,validation
T101438,CUST6313,2023-10-20 12:50:00,0,validation
T104385,CUST7885,2023-10-20 13:30:00,0,validation
T104240,CUST7515,2023-10-20 14:58:00,0,validation
T100150,CUST8606,2023-10-20 15:27:00,0,validation
T101884,CUST4547,2023-10-20 16:33:00,0,validation
T104244,CUST8361,2023-10-20 19:03:00,0,validation
T100762,CUST5394,2023-10-20 20:11:00,0,validation
T102743,CUST8323,2023-10-20 21:25:00,1,validation
T100859,CUST8226,2023-10-20 22:13:00,1,validation
T100034,CUST3166,2023-10-20 22:48:00,0,validation
T104032,CUST5700,2023-10-20 23:16:00,0,validation
T104970,CUST5175,2023-10-21 03:38:00,0,validation
T102916,CUST8751,2023-10-21 05:10:00,1,validation
T101928,CUST9218,2023-10-21 05:34:00,0,validation
T103697,CUST9081,2023-10-21 07:10:00,0,validation
T101023,CUST9151,2023-10-21 10:20:00,0,validation
T102721,CUST5593,2023-10-21 11:30:00,0,validation
T100205,CUST2097,2023-10-21 13:19:00,0,validation
T102439,CUST4416,2023-10-21 15:07:00,0,validation
T104018,CUST8722,2023-10-21 16:17:00,0,validation
T104704,CUST4974,2023-10-21 16:23:00,0,validation
T101540,CUST6349,2023-10-21 19:09:00,0,validation
T104689,CUST1969,2023-10-21 19:41:00,0,validation
T103174,CUST8474,2023-10-21 19:59:00,0,validation
T100792,CUST8247,2023-10-21 22:17:00,0,validation
T100976,CUST5920,2023-10-22 01:55:00,0,validation
T101131,CUST1539,2023-10-22 07:37:00,0,validation
T103650,CUST6759,2023-10-22 11:24:00,0,validation
T102046,CUST2078,2023-10-22 13:27:00,0,validation
T100560,CUST5025,2023-10-22 14:43:00,0,validation
T102017,CUST3099,2023-10-22 14:55:00,0,validation
T104505,CUST1318,2023-10-22 17:49:00,0,validation
T101030,CUST4798,2023-10-22 19:39:00,0,validation
T104045,CUST7327,2023-10-22 21:09:00,0,validation
T103954,CUST5420,2023-10-22 22:31:00,0,validation
T101108,CUST5970,2023-10-22 23:47:00,0,validation
T104606,CUST9535,2023-10-23 00:06:00,0,validation
T102148,CUST7587,2023-10-23 03:27:00,1,validation
T103612,CUST8839,2023-10-23 05:32:00,0,validation
T100843,CUST6088,2023-10-23 07:01:00,0,validation
T102012,CUST8938,2023-10-23 09:18:00,0,validation
T104898,CUST8834,2023-10-23 10:24:00,0,validation
T104662,CUST3647,2023-10-23 11:06:00,0,validation
T103767,CUST3967,2023-10-23 11:59:00,1,validation
T100146,CUST9228,2023-10-23 13:50:00,0,validation
T102801,CUST8128,2023-10-23 14:15:00,0,validation
T101660,CUST4161,2023-10-23 16:07:00,0,validation
T103171,CUST9111,2023-10-23 16:45:00,0,validation
T103284,CUST3417,2023-10-23 17:23:00,0,validation
T104121,CUST6709,2023-10-23 19:00:00,0,validation
T102063,CUST2384,2023-10-24 00:18:00,0,validation
T102113,CUST6424,2023-10-24 02:06:00,0,validation
T104605,CUST6942,2023-10-24 04:30:00,0,validation
T101579,CUST2763,2023-10-24 06:46:00,0,validation
T102908,CUST6003,2023-10-24 07:00:00,0,validation
T101508,CUST9324,2023-10-24 07:19:00,0,validation
T101216,CUST7529,2023-10-24 09:09:00,0,validation
T104450,CUST7582,2023-10-24 10:50:00,0,validation
T104682,CUST4344,2023-10-24 13:22:00,0,validation
T101405,CUST4245,2023-10-24 15:18:00,0,validation
T104514,CUST5707,2023-10-24 18:13:00,0,validation
T102810,CUST8415,2023-10-24 21:28:00,0,validation
T102804,CUST5419,2023-10-24 22:12:00,0,validation
T103822,CUST7200,2023-10-24 23:13:00,0,validation
T100330,CUST1581,2023-10-24 23:28:00,0,validation
T101786,CUST6377,2023-10-25 00:21:00,1,validation
T101978,CUST7105,2023-10-25 01:51:00,0,validation
T104054,CUST6850,2023-10-25 01:55:00,1,validation
T102781,CUST4170,2023-10-25 04:08:00,0,validation
T101979,CUST2770,2023-10-25 05:04:00,1,validation
T100611,CUST2929,2023-10-25 06:18:00,0,validation
T102246,CUST7681,2023-10-25 07:41:00,0,validation
T102658,CUST5631,2023-10-25 09:03:00,0,validation
T104951,CUST2295,2023-10-25 13:40:00,0,validation
T100262,CUST7728,2023-10-25 14:47:00,0,validation
T100492,CUST1712,2023-10-25 15:09:00,0,validation
T104934,CUST5726,2023-10-25 17:16:00,0,validation
T104410,CUST2750,2023-10-25 17:23:00,0,validation
T102043,CUST8494,2023-10-25 18:56:00,0,validation
T102842,CUST7206,2023-10-25 19:56:00,0,validation
T100434,CUST1178,2023-10-26 02:44:00,0,validation
T103104,CUST8498,2023-10-26 04:08:00,0,validation
T103280,CUST6877,2023-10-26 09:17:00,0,validation
T104272,CUST2525,2023-10-26 10:06:00,0,validation
T101111,CUST2338,2023-10-26 10:13:00,0,validation
T102694,CUST6880,2023-10-26 16:42:00,0,validation
T102925,CUST2095,2023-10-26 17:32:00,0,validation
T100079,CUST3837,2023-10-26 18:15:00,0,validation
T102968,CUST5904,2023-10-26 21:37:00,0,validation
T103867,CUST9199,2023-10-26 23:17:00,0,validation
T100097,CUST6512,2023-10-27 02:52:00,0,validation
T103236,CUST5868,2023-10-27 03:52:00,0,validation
T102571,CUST2108,2023-10-27 09:03:00,0,validation
T100529,CUST9548,2023-10-27 09:55:00,0,validation
T104804,CUST8053,2023-10-27 13:23:00,0,validation
T103272,CUST1130,2023-10-27 13:56:00,0,validation
T102852,CUST5882,2023-10-27 13:59:00,0,validation
T102900,CUST8227,2023-10-27 15:42:00,0,validation
T101425,CUST4353,2023-10-27 19:17:00,0,validation
T100559,CUST6502,2023-10-27 22:16:00,0,validation
T103474,CUST5231,2023-10-27 22:24:00,0,validation
T101332,CUST2996,2023-10-28 06:26:00,0,validation
T102202,CUST1257,2023-10-28 13:08:00,0,validation
T103038,CUST9579,2023-10-28 14:19:00,0,validation
T103294,CUST1346,2023-10-28 14:36:00,0,validation
T101490,CUST9771,2023-10-28 18:24:00,0,validation
T101222,CUST5603,2023-10-28 20:11:00,0,validation
T103253,CUST6268,2023-10-28 20:30:00,0,validation
T100625,CUST6993,2023-10-28 21:21:00,0,validation
T102133,CUST3915,2023-10-29 00:58:00,1,validation
T100393,CUST9235,2023-10-29 01:01:00,0,validation
T102073,CUST6471,2023-10-29 03:36:00,0,validation
T102455,CUST9354,2023-10-29 03:49:00,1,validation
T104230,CUST9582,2023-10-29 04:57:00,1,validation
T104161,CUST8631,2023-10-29 07:01:00,0,validation
T102101,CUST1560,2023-10-29 10:00:00,0,validation
T101166,CUST1501,2023-10-29 11:35:00,0,validation
T104381,CUST5166,2023-10-29 15:58:00,0,validation
T100878,CUST2899,2023-10-29 16:43:00,0,validation
T101066,CUST3488,2023-10-29 16:50:00,0,validation
T102324,CUST2811,2023-10-29 17:56:00,0,validation
T103397,CUST5932,2023-10-29 19:09:00,0,validation
T100751,CUST1545,2023-10-29 19:46:00,0,validation
T103946,CUST2248,2023-10-29 19:47:00,0,validation
T100864,CUST2122,2023-10-29 22:29:00,0,validation
T104897,CUST6587,2023-10-30 05:29:00,1,validation
T100243,CUST2184,2023-10-30 05:57:00,0,validation
T101999,CUST9390,2023-10-30 06:46:00,0,validation
T100907,CUST9229,2023-10-30 08:02:00,0,validation
T104574,CUST1205,2023-10-30 08:31:00,0,validation
T103459,CUST1442,2023-10-30 18:00:00,0,validation
T104845,CUST8848,2023-10-30 18:38:00,0,validation
T104609,CUST4869,2023-10-30 19:09:00,0,validation
T101750,CUST3308,2023-10-30 19:30:00,0,validation
T103636,CUST7388,2023-10-30 23:22:00,0,validation
T104060,CUST2893,2023-10-31 01:32:00,1,validation
T104190,CUST5877,2023-10-31 03:11:00,0,validation
T102859,CUST6562,2023-10-31 05:26:00,0,validation
T103615,CUST8537,2023-10-31 06:15:00,0,validation
T103122,CUST8440,2023-10-31 10:08:00,0,validation
T102797,CUST4604,2023-10-31 10:54:00,0,validation
T102096,CUST6946,2023-10-31 15:34:00,0,validation
T100151,CUST3106,2023-10-31 16:26:00,0,validation
T101513,CUST4567,2023-10-31 18:31:00,0,validation
T103597,CUST5814,2023-10-31 18:55:00,0,validation
T104090,CUST5500,2023-10-31 21:07:00,0,validation
T100493,CUST5675,2023-10-31 22:30:00,0,validation
T103700,CUST7483,2023-11-01 00:16:00,1,validation
T101926,CUST7303,2023-11-01 02:52:00,0,validation
T103273,CUST2027,2023-11-01 06:25:00,0,validation
T103088,CUST3442,2023-11-01 06:51:00,0,validation
T103764,CUST9390,2023-11-01 06:59:00,0,validation
T103386,CUST6071,2023-11-01 09:08:00,0,validation
T102755,CUST2275,2023-11-01 09:10:00,0,validation
T100275,CUST3271,2023-11-01 15:35:00,0,validation
T101743,CUST5018,2023-11-01 18:12:00,0,validation
T101766,CUST6150,2023-11-01 19:43:00,0,validation
T100983,CUST7955,2023-11-01 22:50:00,0,validation
T104788,CUST3183,2023-11-01 23:02:00,0,validation
T104194,CUST5414,2023-11-02 01:21:00,0,validation
T100650,CUST6063,2023-11-02 01:37:00,0,validation
T104171,CUST9801,2023-11-02 01:37:00,0,validation
T104842,CUST3443,2023-11-02 04:24:00,0,validation
T100683,CUST3707,2023-11-02 05:05:00,0,validation
T102350,CUST8758,2023-11-02 05:34:00,1,validation
T102553,CUST3614,2023-11-02 06:48:00,0,validation
T100718,CUST9371,2023-11-02 08:30:00,0,validation
T104188,CUST6802,2023-11-02 10:15:00,0,validation
T102377,CUST6273,2023-11-02 11:58:00,0,validation
T102449,CUST5202,2023-11-02 14:29:00,0,validation
T101009,CUST7257,2023-11-02 14:37:00,0,validation
T102846,CUST3189,2023-11-02 16:06:00,0,validation
T103039,CUST9741,2023-11-02 16:49:00,0,validation
T100373,CUST7947,2023-11-02 17:55:00,0,validation
T101898,CUST8998,2023-11-02 18:53:00,0,validation
T103413,CUST1274,2023-11-02 19:04:00,0,validation
T102059,CUST2525,2023-11-02 23:28:00,0,validation
T100572,CUST9858,2023-11-03 00:23:00,0,validation
T101077,CUST3963,2023-11-03 00:44:00,0,validation
T101359,CUST3348,2023-11-03 00:46:00,0,validation
T101859,CUST6146,2023-11-03 01:11:00,0,validation
T102178,CUST9585,2023-11-03 03:40:00,0,validation
T104456,CUST3198,2023-11-03 04:19:00,0,validation
T102143,CUST5987,2023-11-03 04:43:00,0,validation
T100062,CUST9284,2023-11-03 06:55:00,0,validation
T104057,CUST3870,2023-11-03 08:08:00,0,validation
T101257,CUST4380,2023-11-03 11:34:00,0,validation
T104982,CUST1661,2023-11-03 13:14:00,0,validation
T104231,CUST1796,2023-11-03 13:35:00,0,validation
T103985,CUST8538,2023-11-03 17:38:00,0,validation
T101711,CUST3765,2023-11-03 17:58:00,0,validation
T101275,CUST3102,2023-11-03 19:56:00,0,validation
T104495,CUST7383,2023-11-04 01:19:00,0,validation
T100183,CUST8837,2023-11-04 02:51:00,0,validation
T100802,CUST7006,2023-11-04 03:59:00,0,validation
T104073,CUST8398,2023-11-04 04:24:00,1,validation
T101940,CUST7568,2023-11-04 04:58:00,0,validation
T103661,CUST6636,2023-11-04 05:49:00,1,validation
T103740,CUST1414,2023-11-04 10:20:00,0,validation
T104096,CUST3934,2023-11-04 12:14:00,0,validation
T102495,CUST3254,2023-11-04 13:03:00,0,validation
T104197,CUST1878,2023-11-04 13:27:00,0,validation
T101604,CUST9427,2023-11-04 14:12:00,0,validation
T103816,CUST4185,2023-11-04 14:53:00,0,validation
T103567,CUST8668,2023-11-04 15:31:00,0,validation
T102216,CUST3401,2023-11-04 16:36:00,0,validation
T100547,CUST6878,2023-11-04 22:24:00,0,validation
T102248,CUST3533,2023-11-04 23:47:00,0,validation
T103045,CUST9117,2023-11-05 01:05:00,0,validation
T101857,CUST9843,2023-11-05 02:10:00,0,validation
T100083,CUST4338,2023-11-05 08:49:00,0,validation
T100383,CUST8122,2023-11-05 12:08:00,0,validation
T102757,CUST9193,2023-11-05 14:48:00,0,validation
T103094,CUST9671,2023-11-05 18:07:00,0,validation
T103746,CUST4504,2023-11-05 18:09:00,0,validation
T103933,CUST5686,2023-11-05 20:34:00,0,validation
T101439,CUST3139,2023-11-05 21:06:00,0,validation
T101692,CUST5706,2023-11-06 01:08:00,0,validation
T104038,CUST6280,2023-11-06 02:05:00,1,validation
T102638,CUST2300,2023-11-06 02:33:00,1,validation
T101894,CUST1318,2023-11-06 03:52:00,0,validation
T104481,CUST7756,2023-11-06 05:43:00,0,validation
T100776,CUST1583,2023-11-06 07:27:00,0,validation
T104936,CUST5986,2023-11-06 08:17:00,0,validation
T103136,CUST8536,2023-11-06 09:41:00,0,validation
T104124,CUST4945,2023-11-06 10:05:00,0,validation
T102327,CUST1351,2023-11-06 11:49:00,0,validation
T102800,CUST7458,2023-11-06 13:03:00,0,validation
T103972,CUST8160,2023-11-06 17:32:00,0,validation
T103001,CUST3460,2023-11-06 17:33:00,0,validation
T100266,CUST3974,2023-11-06 21:22:00,0,validation
T102531,CUST4491,2023-11-07 00:06:00,1,validation
T102540,CUST3819,2023-11-07 08:20:00,0,validation
T100828,CUST6590,2023-11-07 08:24:00,0,validation
T104191,CUST3998,2023-11-07 08:54:00,0,validation
T104080,CUST5658,2023-11-07 09:40:00,0,validation
T102646,CUST6493,2023-11-07 10:24:00,0,validation
T102061,CUST5290,2023-11-07 11:22:00,0,validation
T101489,CUST7972,2023-11-07 13:03:00,1,validation
T102702,CUST5131,2023-11-07 13:17:00,0,validation
T101479,CUST1446,2023-11-07 14:27:00,0,validation
T101310,CUST8535,2023-11-07 14:31:00,0,validation
T103269,CUST6771,2023-11-07 15:27:00,0,validation
T103690,CUST5600,2023-11-07 18:36:00,0,validation
T100025,CUST3347,2023-11-08 02:26:00,0,validation
T104697,CUST8521,2023-11-08 03:19:00,0,validation
T100286,CUST8015,2023-11-08 06:27:00,0,validation
T103162,CUST3710,2023-11-08 07:43:00,0,validation
T100440,CUST1279,2023-11-08 09:54:00,0,validation
T101586,CUST1866,2023-11-08 10:20:00,0,validation
T100192,CUST5130,2023-11-08 11:38:00,0,validation
T103829,CUST8146,2023-11-08 11:59:00,0,validation
T101550,CUST7382,2023-11-08 13:44:00,0,validation
T101284,CUST1183,2023-11-08 14:04:00,0,validation
T100940,CUST3597,2023-11-08 15:29:00,0,validation
T104464,CUST2788,2023-11-08 19:17:00,0,validation
T101719,CUST7384,2023-11-08 20:51:00,0,validation
T100898,CUST1784,2023-11-08 23:47:00,0,validation
T102361,CUST1049,2023-11-09 01:17:00,0,validation
T104409,CUST4905,2023-11-09 01:23:00,0,validation
T102198,CUST5593,2023-11-09 02:50:00,0,validation
T103550,CUST4650,2023-11-09 03:58:00,1,validation
T102140,CUST7074,2023-11-09 08:23:00,0,validation
T102904,CUST9118,2023-11-09 08:34:00,0,validation
T104702,CUST2796,2023-11-09 12:38:00,0,validation
T100694,CUST2791,2023-11-09 14:02:00,0,validation
T101070,CUST3569,2023-11-09 17:47:00,0,validation
T102015,CUST2035,2023-11-09 19:56:00,0,validation
T100624,CUST2065,2023-11-09 21:46:00,0,validation
T101474,CUST7594,2023-11-09 23:42:00,0,validation
T103096,CUST6375,2023-11-09 23:42:00,0,validation
T102861,CUST4135,2023-11-10 00:32:00,1,validation
T102191,CUST4601,2023-11-10 01:33:00,0,validation
T101959,CUST5111,2023-11-10 02:14:00,0,validation
T100396,CUST3153,2023-11-10 03:02:00,0,validation
T102730,CUST5838,2023-11-10 06:19:00,0,validation
T103952,CUST2610,2023-11-10 08:20:00,0,validation
T101024,CUST3964,2023-11-10 08:46:00,0,validation
T102078,CUST3883,2023-11-10 09:27:00,0,validation
T100410,CUST6532,2023-11-10 09:43:00,0,validation
T103091,CUST2082,2023-11-10 10:01:00,0,validation
T100538,CUST6521,2023-11-10 10:27:00,0,validation
T103960,CUST7729,2023-11-10 13:57:00,0,validation
T101080,CUST7076,2023-11-10 15:05:00,0,validation
T102722,CUST5137,2023-11-10 18:42:00,0,validation
T100669,CUST1974,2023-11-10 19:03:00,0,validation
T104871,CUST4359,2023-11-10 22:36:00,0,validation
T102683,CUST5928,2023-11-10 22:54:00,0,validation
T104315,CUST2575,2023-11-10 22:57:00,0,validation
T104537,CUST8274,2023-11-11 00:32:00,1,validation
T102679,CUST4456,2023-11-11 02:09:00,0,validation
T102334,CUST7889,2023-11-11 02:25:00,0,validation
T102994,CUST8348,2023-11-11 02:57:00,0,validation
T100206,CUST1275,2023-11-11 06:37:00,0,validation
T104863,CUST6186,2023-11-11 12:04:00,0,validation
T102453,CUST8297,2023-11-11 12:05:00,0,validation
T102670,CUST9889,2023-11-11 12:55:00,0,validation
T102395,CUST1739,2023-11-11 15:46:00,0,validation
T101018,CUST4955,2023-11-11 16:37:00,0,validation
T103789,CUST2047,2023-11-11 18:10:00,0,validation
T100027,CUST8120,2023-11-11 19:01:00,0,validation
T100307,CUST6256,2023-11-11 21:59:00,0,validation
T102308,CUST9598,2023-11-12 04:53:00,0,validation
T102889,CUST8972,2023-11-12 06:17:00,0,validation
T101577,CUST2584,2023-11-12 07:10:00,0,validation
T102221,CUST4997,2023-11-12 08:43:00,0,validation
T102215,CUST8684,2023-11-12 10:12:00,0,validation
T100179,CUST8648,2023-11-12 10:58:00,0,validation
T101836,CUST1169,2023-11-12 14:29:00,0,validation
T103623,CUST5572,2023-11-12 16:36:00,0,validation
T100389,CUST8843,2023-11-12 19:11:00,0,validation
T100053,CUST2691,2023-11-13 01:08:00,0,validation
T104384,CUST8451,2023-11-13 02:48:00,0,validation
T102854,CUST5690,2023-11-13 03:14:00,1,validation
T101417,CUST3146,2023-11-13 07:38:00,1,validation
T101475,CUST7324,2023-11-13 07:52:00,0,validation
T101500,CUST7122,2023-11-13 08:59:00,0,validation
T100567,CUST9457,2023-11-13 11:28:00,0,validation
T101339,CUST7221,2023-11-13 12:53:00,0,validation
T103336,CUST6054,2023-11-13 14:41:00,1,validation
T102357,CUST4155,2023-11-13 15:29:00,0,validation
T100917,CUST5298,2023-11-13 16:53:00,0,validation
T102613,CUST1028,2023-11-13 17:41:00,0,validation
T100541,CUST3183,2023-11-13 19:20:00,0,validation
T101369,CUST3635,2023-11-13 21:18:00,0,validation
T103368,CUST4683,2023-11-13 22:21:00,0,validation
T101992,CUST6126,2023-11-14 06:03:00,0,validation
T103288,CUST1422,2023-11-14 07:46:00,0,validation
T102259,CUST1357,2023-11-14 09:46:00,0,validation
T101912,CUST4317,2023-11-14 10:01:00,0,validation
T100124,CUST6576,2023-11-14 10:41:00,0,validation
T100921,CUST2586,2023-11-14 13:58:00,0,validation
T102784,CUST9399,2023-11-14 16:41:00,0,validation
T102817,CUST4712,2023-11-14 22:15:00,0,validation
T102725,CUST4337,2023-11-14 22:31:00,0,validation
T102998,CUST2428,2023-11-14 23:54:00,0,validation
T103404,CUST1837,2023-11-15 02:48:00,1,validation
T103032,CUST6122,2023-11-15 03:28:00,0,validation
T101851,CUST2852,2023-11-15 05:09:00,0,validation
T101509,CUST6058,2023-11-15 06:03:00,0,validation
T102321,CUST1568,2023-11-15 06:33:00,0,validation
T101877,CUST5223,2023-11-15 07:58:00,0,validation
T100974,CUST5777,2023-11-15 09:34:00,0,validation
T101025,CUST5538,2023-11-15 13:01:00,0,validation
T104643,CUST5814,2023-11-15 13:51:00,0,validation
T100039,CUST1360,2023-11-15 13:59:00,0,validation
T101167,CUST5189,2023-11-15 15:32:00,0,validation
T100910,CUST1683,2023-11-15 16:52:00,0,validation
T100057,CUST7028,2023-11-15 17:01:00,0,validation
T102809,CUST6803,2023-11-15 19:20:00,0,validation
T103882,CUST9373,2023-11-15 20:05:00,0,validation
T103496,CUST9759,2023-11-15 22:50:00,0,validation
T102187,CUST1029,2023-11-16 04:29:00,1,validation
T100153,CUST2851,2023-11-16 09:00:00,0,validation
T104263,CUST1326,2023-11-16 09:43:00,0,validation
T103057,CUST8210,2023-11-16 15:34:00,0,validation
T104137,CUST1909,2023-11-16 16:35:00,0,validation
T101149,CUST1029,2023-11-16 18:58:00,0,validation
T103010,CUST7430,2023-11-16 23:26:00,0,validation
T101086,CUST1759,2023-11-16 23:55:00,0,validation
T104228,CUST3573,2023-11-17 00:17:00,0,validation
T101156,CUST5465,2023-11-17 01:41:00,0,validation
T101314,CUST6082,2023-11-17 02:37:00,0,validation
T101498,CUST8743,2023-11-17 04:51:00,1,validation
T104532,CUST1613,2023-11-17 05:31:00,0,validation
T100812,CUST4750,2023-11-17 08:43:00,0,validation
T102479,CUST1787,2023-11-17 10:11:00,0,validation
T102942,CUST6666,2023-11-17 13:14:00,0,validation
T100221,CUST5860,2023-11-17 13:52:00,0,validation
T100228,CUST6111,2023-11-17 18:12:00,0,validation
T100525,CUST9080,2023-11-17 20:18:00,0,validation
T100679,CUST6138,2023-11-17 20:33:00,0,validation
T101902,CUST8636,2023-11-17 21:23:00,0,validation
T103291,CUST6006,2023-11-17 21:35:00,0,validation
T104541,CUST9199,2023-11-17 23:22:00,0,validation
T100842,CUST3269,2023-11-18 02:37:00,1,validation
T101343,CUST6663,2023-11-18 06:17:00,0,validation
T104948,CUST8298,2023-11-18 08:12:00,0,validation
T103565,CUST3581,2023-11-18 14:12:00,0,validation
T101414,CUST3089,2023-11-18 15:40:00,0,validation
T104049,CUST1847,2023-11-18 17:02:00,0,validation
T104224,CUST7438,2023-11-18 17:03:00,0,validation
T102347,CUST1347,2023-11-18 17:45:00,0,validation
T103787,CUST7685,2023-11-18 18:15:00,0,validation
T102279,CUST2707,2023-11-18 18:39:00,0,validation
T102506,CUST6478,2023-11-18 19:57:00,0,validation
T100979,CUST1265,2023-11-18 21:57:00,0,validation
T104028,CUST6491,2023-11-18 23:44:00,0,validation
T102432,CUST5480,2023-11-19 03:06:00,0,validation
T104728,CUST4562,2023-11-19 03:49:00,0,validation
T101784,CUST1651,2023-11-19 05:50:00,1,validation
T104608,CUST2343,2023-11-19 12:48:00,0,validation
T102468,CUST2056,2023-11-19 14:40:00,0,validation
T102642,CUST6986,2023-11-19 14:51:00,0,validation
T103610,CUST8889,2023-11-19 18:08:00,0,validation
T102903,CUST8204,2023-11-20 02:32:00,0,validation
T103728,CUST4902,2023-11-20 03:06:00,0,validation
T103966,CUST3947,2023-11-20 07:17:00,0,validation
T101294,CUST6579,2023-11-20 11:32:00,0,validation
T103732,CUST3211,2023-11-20 11:39:00,0,validation
T102114,CUST9306,2023-11-20 19:26:00,0,validation
T103559,CUST3716,2023-11-20 19:27:00,0,validation
T101291,CUST6010,2023-11-21 01:57:00,1,validation
T101124,CUST8053,2023-11-21 02:08:00,1,validation
T103859,CUST7942,2023-11-21 04:41:00,0,validation
T103982,CUST9104,2023-11-21 06:08:00,0,validation
T102173,CUST1193,2023-11-21 08:26:00,0,validation
T103886,CUST5540,2023-11-21 09:15:00,0,validation
T103494,CUST4482,2023-11-21 10:18:00,0,validation
T102780,CUST5519,2023-11-21 11:15:00,0,validation
T101391,CUST4822,2023-11-21 11:34:00,0,validation
T102795,CUST4733,2023-11-21 11:49:00,0,validation
T103492,CUST6192,2023-11-21 12:10:00,0,validation
T104531,CUST3239,2023-11-21 17:08:00,0,validation
T101881,CUST2623,2023-11-21 19:18:00,0,validation
T102954,CUST1120,2023-11-21 20:57:00,0,validation
T104856,CUST6308,2023-11-21 21:24:00,0,validation
T101037,CUST6791,2023-11-21 21:29:00,0,validation
T103068,CUST4005,2023-11-22 03:21:00,0,validation
T104564,CUST4526,2023-11-22 05:55:00,1,validation
T103181,CUST1703,2023-11-22 09:00:00,0,validation
T100318,CUST5875,2023-11-22 10:29:00,0,validation
T101712,CUST7628,2023-11-22 11:06:00,0,validation
T101832,CUST1987,2023-11-22 18:34:00,0,validation
T102249,CUST7377,2023-11-22 19:10:00,0,validation
T104033,CUST2929,2023-11-22 21:46:00,0,validation
T100796,CUST6478,2023-11-23 00:20:00,0,validation
T102053,CUST2060,2023-11-23 05:36:00,0,validation
T100136,CUST3107,2023-11-23 06:56:00,0,validation
T104459,CUST7764,2023-11-23 07:00:00,0,validation
T103123,CUST7285,2023-11-23 07:01:00,0,validation
T103030,CUST9615,2023-11-23 09:55:00,0,validation
T102105,CUST9722,2023-11-23 11:14:00,0,validation
T101071,CUST4287,2023-11-23 11:39:00,0,validation
T102351,CUST5372,2023-11-23 11:59:00,0,validation
T100745,CUST7059,2023-11-23 12:00:00,0,validation
T101812,CUST3344,2023-11-23 12:00:00,0,validation
T102594,CUST8960,2023-11-23 12:01:00,0,validation
T101666,CUST2105,2023-11-23 17:18:00,0,validation
T102625,CUST7829,2023-11-23 19:59:00,0,validation
T102906,CUST4096,2023-11-24 03:03:00,0,validation
T104297,CUST9826,2023-11-24 04:39:00,0,validation
T103159,CUST7757,2023-11-24 05:21:00,0,validation
T100197,CUST4509,2023-11-24 09:14:00,0,validation
T103951,CUST7847,2023-11-24 10:39:00,0,validation
T103961,CUST3023,2023-11-24 13:06:00,0,validation
T101789,CUST1356,2023-11-24 14:50:00,0,validation
T104042,CUST9585,2023-11-24 14:57:00,0,validation
T104732,CUST1333,2023-11-24 15:03:00,0,validation
T100653,CUST5662,2023-11-24 15:25:00,0,validation
T101931,CUST5179,2023-11-24 17:07:00,0,validation
T100497,CUST7168,2023-11-24 20:47:00,0,validation
T102131,CUST7574,2023-11-25 01:45:00,0,validation
T101160,CUST3677,2023-11-25 01:54:00,0,validation
T101873,CUST1073,2023-11-25 04:33:00,1,validation
T102467,CUST3236,2023-11-25 04:40:00,0,validation
T103158,CUST8481,2023-11-25 04:44:00,0,validation
T100596,CUST4226,2023-11-25 05:17:00,0,validation
T102703,CUST7461,2023-11-25 06:50:00,0,validation
T101251,CUST6375,2023-11-25 06:54:00,0,validation
T104335,CUST5279,2023-11-25 07:56:00,0,validation
T100719,CUST9743,2023-11-25 13:17:00,0,validation
T103783,CUST5106,2023-11-25 15:21:00,0,validation
T104295,CUST4614,2023-11-25 20:51:00,0,validation
T101779,CUST9686,2023-11-25 22:22:00,1,validation
T101068,CUST5155,2023-11-26 00:20:00,1,validation
T100108,CUST9026,2023-11-26 02:23:00,1,validation
T103600,CUST4335,2023-11-26 02:29:00,0,validation
T103893,CUST3039,2023-11-26 02:45:00,0,validation
T101209,CUST4186,2023-11-26 03:22:00,0,validation
T104691,CUST7741,2023-11-26 03:52:00,0,validation
T100131,CUST6566,2023-11-26 08:03:00,0,validation
T101384,CUST2514,2023-11-26 09:33:00,0,validation
T104545,CUST9053,2023-11-26 10:55:00,0,validation
T102211,CUST3479,2023-11-26 13:26:00,0,validation
T102734,CUST6829,2023-11-26 13:27:00,0,validation
T101017,CUST5679,2023-11-26 13:59:00,0,validation
T104955,CUST1196,2023-11-26 15:41:00,0,validation
T101609,CUST8417,2023-11-26 16:01:00,1,validation
T102099,CUST7034,2023-11-26 17:30:00,0,validation
T103643,CUST8917,2023-11-26 21:46:00,0,validation
T100599,CUST2648,2023-11-26 22:26:00,0,validation
T102767,CUST4575,2023-11-27 00:34:00,1,validation
T100535,CUST5320,2023-11-27 12:43:00,0,validation
T101464,CUST9285,2023-11-27 12:54:00,0,validation
T100285,CUST9616,2023-11-27 14:20:00,0,validation
T103768,CUST3493,2023-11-27 14:54:00,0,validation
T101809,CUST1466,2023-11-27 16:04:00,0,validation
T101876,CUST9055,2023-11-27 17:37:00,0,validation
T102773,CUST3108,2023-11-27 17:38:00,0,validation
T103265,CUST9134,2023-11-27 19:25:00,0,validation
T100186,CUST4345,2023-11-28 01:11:00,1,validation
T104835,CUST2272,2023-11-28 02:43:00,0,validation
T104270,CUST3909,2023-11-28 03:05:00,0,validation
T102149,CUST8644,2023-11-28 05:50:00,0,validation
T101923,CUST4060,2023-11-28 08:24:00,0,validation
T100769,CUST2826,2023-11-28 11:49:00,0,validation
T100848,CUST7872,2023-11-28 14:50:00,0,validation
T100043,CUST8635,2023-11-28 15:15:00,0,validation
T104683,CUST7478,2023-11-28 16:56:00,0,validation
T104372,CUST2846,2023-11-28 19:09:00,0,validation
T101351,CUST9473,2023-11-29 01:11:00,1,validation
T100287,CUST7060,2023-11-29 03:08:00,0,test
T100477,CUST4498,2023-11-29 06:12:00,0,test
T104870,CUST6074,2023-11-29 07:02:00,0,test
T100288,CUST8619,2023-11-29 07:47:00,0,test
T100450,CUST6520,2023-11-29 13:20:00,0,test
T102715,CUST1410,2023-11-29 15:06:00,0,test
T102141,CUST2674,2023-11-29 15:19:00,0,test
T103407,CUST6145,2023-11-29 16:26:00,0,test
T100598,CUST1588,2023-11-29 20:13:00,0,test
T101330,CUST5814,2023-11-29 21:51:00,0,test
T100380,CUST1899,2023-11-30 01:22:00,0,test
T102146,CUST4927,2023-11-30 02:26:00,0,test
T103820,CUST7983,2023-11-30 04:40:00,0,test
T102247,CUST9518,2023-11-30 05:12:00,0,test
T101385,CUST3802,2023-11-30 05:58:00,0,test
T104298,CUST7235,2023-11-30 06:20:00,0,test
T102417,CUST7180,2023-11-30 06:54:00,0,test
T102841,CUST9842,2023-11-30 09:53:00,0,test
T104805,CUST5985,2023-11-30 12:24:00,0,test
T100500,CUST5321,2023-11-30 12:28:00,1,test
T101426,CUST6558,2023-11-30 12:32:00,0,test
T101392,CUST2082,2023-11-30 14:49:00,0,test
T101527,CUST5663,2023-11-30 17:39:00,0,test
T100209,CUST3856,2023-11-30 20:33:00,0,test
T103059,CUST7706,2023-12-01 02:53:00,0,test
T103105,CUST5824,2023-12-01 03:04:00,0,test
T100845,CUST2889,2023-12-01 04:12:00,1,test
T102135,CUST8748,2023-12-01 06:32:00,0,test
T101420,CUST8690,2023-12-01 09:34:00,1,test
T101749,CUST6603,2023-12-01 11:18:00,0,test
T100460,CUST5920,2023-12-01 12:39:00,1,test
T104808,CUST1313,2023-12-01 13:03:00,0,test
T100426,CUST1675,2023-12-01 13:44:00,0,test
T102878,CUST2538,2023-12-01 14:51:00,0,test
T104756,CUST2132,2023-12-01 16:07:00,0,test
T101095,CUST9796,2023-12-01 17:16:00,0,test
T101602,CUST4566,2023-12-01 17:25:00,0,test
T103648,CUST4148,2023-12-01 20:07:00,0,test
T104740,CUST5386,2023-12-01 21:32:00,0,test
T100196,CUST4645,2023-12-01 22:40:00,0,test
T102366,CUST3996,2023-12-01 23:21:00,0,test
T103087,CUST4445,2023-12-02 03:42:00,0,test
T104520,CUST7053,2023-12-02 04:17:00,0,test
T100766,CUST1469,2023-12-02 06:18:00,0,test
T101107,CUST3628,2023-12-02 09:24:00,0,test
T101521,CUST3988,2023-12-02 11:51:00,0,test
T102489,CUST7347,2023-12-02 21:45:00,0,test
T104210,CUST7949,2023-12-02 21:55:00,0,test
T100915,CUST6113,2023-12-02 23:06:00,0,test
T101546,CUST7851,2023-12-03 00:33:00,0,test
T103686,CUST7547,2023-12-03 01:37:00,0,test
T104387,CUST6778,2023-12-03 02:28:00,1,test
T103431,CUST2647,2023-12-03 04:24:00,0,test
T101469,CUST8913,2023-12-03 07:49:00,0,test
T102290,CUST8050,2023-12-03 11:14:00,0,test
T101127,CUST3876,2023-12-03 11:40:00,0,test
T100207,CUST8197,2023-12-03 13:56:00,0,test
T102923,CUST3840,2023-12-03 15:46:00,1,test
T101611,CUST4807,2023-12-03 16:45:00,0,test
T103354,CUST2756,2023-12-04 02:09:00,0,test
T101835,CUST4468,2023-12-04 05:13:00,0,test
T100551,CUST9188,2023-12-04 09:40:00,0,test
T103011,CUST3883,2023-12-04 10:19:00,0,test
T101218,CUST2550,2023-12-04 10:57:00,0,test
T103881,CUST8422,2023-12-04 12:41:00,0,test
T100070,CUST6606,2023-12-04 14:21:00,0,test
T100033,CUST5190,2023-12-04 17:57:00,0,test
T100655,CUST4143,2023-12-04 18:11:00,0,test
T101371,CUST3378,2023-12-05 07:48:00,0,test
T100234,CUST4462,2023-12-05 10:19:00,0,test
T104041,CUST5137,2023-12-05 12:03:00,0,test
T103523,CUST4659,2023-12-05 17:00:00,0,test
T103290,CUST6471,2023-12-05 21:37:00,0,test
T104447,CUST5859,2023-12-05 22:55:00,1,test
T101377,CUST6820,2023-12-05 23:10:00,0,test
T103185,CUST8574,2023-12-06 00:00:00,0,test
T102909,CUST3650,2023-12-06 02:16:00,0,test
T100224,CUST5486,2023-12-06 06:28:00,0,test
T100855,CUST2895,2023-12-06 09:30:00,0,test
T104453,CUST6265,2023-12-06 12:27:00,0,test
T102952,CUST8475,2023-12-06 13:02:00,0,test
T101183,CUST1445,2023-12-06 14:12:00,0,test
T100019,CUST2634,2023-12-06 15:34:00,0,test
T100660,CUST9000,2023-12-06 18:49:00,1,test
T101476,CUST2402,2023-12-06 19:33:00,0,test
T102824,CUST4836,2023-12-07 07:21:00,0,test
T103150,CUST3783,2023-12-07 09:34:00,0,test
T104132,CUST2717,2023-12-07 11:53:00,0,test
T102273,CUST4505,2023-12-07 16:41:00,0,test
T101304,CUST6723,2023-12-07 18:42:00,0,test
T104563,CUST8741,2023-12-07 21:12:00,0,test
T101074,CUST1996,2023-12-07 23:23:00,0,test
T104589,CUST2634,2023-12-07 23:44:00,0,test
T104063,CUST6434,2023-12-08 03:52:00,1,test
T100931,CUST7038,2023-12-08 04:33:00,0,test
T101239,CUST6111,2023-12-08 05:19:00,0,test
T101619,CUST1649,2023-12-08 10:30:00,0,test
T101335,CUST8368,2023-12-08 14:47:00,0,test
T104420,CUST1007,2023-12-08 19:54:00,0,test
T101930,CUST9121,2023-12-08 21:09:00,0,test
T101014,CUST6114,2023-12-08 22:14:00,0,test
T101315,CUST3892,2023-12-08 23:04:00,0,test
T101801,CUST5704,2023-12-08 23:09:00,1,test
T104424,CUST9028,2023-12-09 02:57:00,0,test
T103566,CUST4172,2023-12-09 02:59:00,1,test
T101714,CUST8525,2023-12-09 06:52:00,1,test
T103048,CUST7206,2023-12-09 07:15:00,0,test
T103856,CUST8272,2023-12-09 12:46:00,0,test
T104142,CUST6336,2023-12-09 13:48:00,0,test
T103075,CUST4521,2023-12-09 23:54:00,0,test
T100706,CUST3698,2023-12-10 02:27:00,0,test
T103895,CUST8965,2023-12-10 02:58:00,0,test
T104886,CUST8770,2023-12-10 04:28:00,0,test
T101263,CUST6626,2023-12-10 09:40:00,0,test
T101150,CUST2723,2023-12-10 13:06:00,0,test
T100260,CUST7302,2023-12-10 13:31:00,0,test
T103009,CUST7598,2023-12-10 19:43:00,0,test
T100946,CUST6911,2023-12-10 21:48:00,1,test
T102093,CUST2031,2023-12-11 02:46:00,0,test
T100664,CUST8414,2023-12-11 03:04:00,0,test
T101152,CUST7788,2023-12-11 04:06:00,0,test
T104786,CUST6080,2023-12-11 04:23:00,0,test
T101616,CUST7119,2023-12-11 04:39:00,0,test
T103372,CUST3067,2023-12-11 05:15:00,0,test
T101623,CUST2885,2023-12-11 06:05:00,0,test
T100342,CUST4239,2023-12-11 07:38:00,1,test
T103016,CUST2532,2023-12-11 08:38:00,0,test
T104880,CUST9376,2023-12-11 08:49:00,0,test
T104926,CUST1836,2023-12-11 09:52:00,0,test
T101615,CUST5723,2023-12-11 10:30:00,1,test
T102787,CUST8039,2023-12-11 11:28:00,0,test
T104211,CUST6048,2023-12-11 12:11:00,1,test
T101010,CUST1703,2023-12-11 15:18:00,1,test
T103360,CUST9114,2023-12-11 15:47:00,0,test
T104445,CUST1907,2023-12-11 16:46:00,0,test
T103609,CUST5207,2023-12-11 17:54:00,0,test
T102848,CUST6711,2023-12-11 18:07:00,0,test
T100748,CUST8725,2023-12-11 23:29:00,0,test
T101060,CUST3905,2023-12-12 01:30:00,1,test
T104323,CUST1452,2023-12-12 01:30:00,1,test
T103778,CUST2341,2023-12-12 09:51:00,0,test
T100204,CUST6414,2023-12-12 10:25:00,0,test
T102978,CUST3972,2023-12-12 16:03:00,0,test
T100821,CUST5935,2023-12-12 16:22:00,0,test
T100377,CUST5358,2023-12-12 20:08:00,0,test
T103464,CUST6242,2023-12-12 22:54:00,0,test
T104914,CUST2447,2023-12-12 22:54:00,0,test
T101400,CUST1696,2023-12-12 23:00:00,0,test
T101383,CUST8404,2023-12-12 23:56:00,0,test
T100795,CUST4355,2023-12-13 01:18:00,1,test
T103906,CUST4944,2023-12-13 02:09:00,1,test
T100443,CUST3997,2023-12-13 02:50:00,0,test
T102576,CUST5258,2023-12-13 02:56:00,0,test
T100255,CUST1983,2023-12-13 04:09:00,0,test
T100371,CUST4692,2023-12-13 05:36:00,0,test
T104611,CUST3870,2023-12-13 06:29:00,0,test
T100900,CUST4691,2023-12-13 08:14:00,0,test
T102457,CUST2068,2023-12-13 09:29:00,0,test
T104340,CUST4671,2023-12-13 11:37:00,0,test
T101336,CUST8568,2023-12-13 11:56:00,0,test
T104099,CUST7494,2023-12-13 16:24:00,0,test
T103748,CUST5251,2023-12-13 17:38:00,0,test
T104341,CUST8296,2023-12-13 17:44:00,0,test
T103771,CUST4582,2023-12-13 17:47:00,0,test
T102448,CUST1240,2023-12-13 22:27:00,0,test
T101133,CUST3268,2023-12-13 23:19:00,0,test
T101567,CUST5080,2023-12-13 23:27:00,0,test
T102194,CUST6047,2023-12-13 23:58:00,0,test
T101190,CUST8390,2023-12-14 00:52:00,0,test
T100825,CUST5935,2023-12-14 02:03:00,0,test
T104083,CUST8632,2023-12-14 03:38:00,0,test
T103707,CUST8803,2023-12-14 05:22:00,0,test
T103491,CUST1973,2023-12-14 05:29:00,1,test
T103364,CUST2600,2023-12-14 08:14:00,0,test
T103003,CUST2371,2023-12-14 08:26:00,0,test
T104524,CUST6089,2023-12-14 10:22:00,0,test
T102242,CUST5145,2023-12-14 17:00:00,0,test
T102770,CUST9207,2023-12-14 18:07:00,0,test
T103436,CUST4920,2023-12-14 19:59:00,0,test
T101367,CUST6746,2023-12-14 21:12:00,0,test
T104031,CUST3710,2023-12-14 22:32:00,0,test
T103824,CUST6832,2023-12-15 00:31:00,1,test
T100715,CUST7696,2023-12-15 01:13:00,0,test
T103862,CUST4822,2023-12-15 01:25:00,0,test
T100698,CUST3063,2023-12-15 01:47:00,0,test
T104972,CUST4199,2023-12-15 02:49:00,0,test
T100163,CUST8868,2023-12-15 04:06:00,0,test
T103245,CUST7857,2023-12-15 04:21:00,1,test
T102707,CUST1358,2023-12-15 13:57:00,0,test
T100808,CUST6411,2023-12-15 14:20:00,0,test
T102460,CUST4311,2023-12-15 19:22:00,0,test
T103830,CUST4541,2023-12-15 21:13:00,0,test
T104311,CUST3483,2023-12-15 21:58:00,0,test
T100128,CUST4829,2023-12-15 23:14:00,0,test
T101729,CUST2802,2023-12-16 03:43:00,0,test
T103786,CUST6745,2023-12-16 09:06:00,0,test
T100607,CUST7228,2023-12-16 09:50:00,0,test
T104513,CUST3851,2023-12-16 12:46:00,0,test
T103535,CUST8372,2023-12-16 13:10:00,0,test
T103969,CUST7442,2023-12-16 15:19:00,0,test
T100926,CUST4842,2023-12-16 17:58:00,0,test
T103107,CUST9986,2023-12-16 19:05:00,0,test
T101401,CUST1222,2023-12-16 22:34:00,0,test
T101061,CUST1060,2023-12-16 22:36:00,0,test
T104916,CUST2741,2023-12-17 00:06:00,0,test
T104237,CUST4318,2023-12-17 00:31:00,0,test
T104838,CUST6159,2023-12-17 01:01:00,0,test
T103396,CUST7243,2023-12-17 02:16:00,0,test
T103024,CUST7480,2023-12-17 06:14:00,0,test
T101752,CUST6329,2023-12-17 09:31:00,0,test
T101399,CUST6196,2023-12-17 12:53:00,0,test
T102624,CUST9708,2023-12-17 13:58:00,0,test
T101702,CUST7451,2023-12-17 14:59:00,0,test
T104649,CUST1547,2023-12-17 19:34:00,0,test
T100874,CUST7766,2023-12-18 01:26:00,0,test
T104539,CUST4879,2023-12-18 02:52:00,0,test
T101954,CUST9095,2023-12-18 03:30:00,1,test
T100712,CUST3564,2023-12-18 08:35:00,0,test
T104310,CUST7600,2023-12-18 08:36:00,0,test
T103052,CUST2978,2023-12-18 09:36:00,0,test
T103521,CUST9655,2023-12-18 10:13:00,0,test
T104488,CUST5374,2023-12-18 11:30:00,0,test
T100436,CUST7808,2023-12-18 12:51:00,0,test
T104918,CUST9116,2023-12-18 14:16:00,0,test
T103127,CUST3595,2023-12-18 18:16:00,0,test
T101600,CUST9919,2023-12-18 21:54:00,0,test
T103549,CUST8902,2023-12-18 23:29:00,0,test
T101870,CUST4321,2023-12-19 01:52:00,0,test
T103702,CUST1700,2023-12-19 02:22:00,0,test
T104048,CUST1305,2023-12-19 04:24:00,0,test
T102213,CUST2313,2023-12-19 05:30:00,0,test
T102577,CUST1201,2023-12-19 07:12:00,0,test
T101423,CUST7219,2023-12-19 10:50:00,0,test
T104025,CUST7454,2023-12-19 12:33:00,0,test
T101448,CUST3167,2023-12-19 14:02:00,0,test
T100988,CUST3983,2023-12-19 14:28:00,0,test
T100526,CUST2866,2023-12-19 19:49:00,0,test
T102158,CUST4225,2023-12-19 22:42:00,0,test
T103468,CUST5533,2023-12-19 22:51:00,0,test
T101065,CUST5428,2023-12-19 23:31:00,0,test
T102690,CUST1518,2023-12-20 01:33:00,0,test
T101221,CUST9333,2023-12-20 06:57:00,0,test
T100428,CUST2879,2023-12-20 10:16:00,0,test
T102918,CUST8372,2023-12-20 12:32:00,0,test
T101537,CUST4425,2023-12-20 12:53:00,0,test
T102354,CUST6786,2023-12-20 13:13:00,0,test
T104667,CUST3729,2023-12-20 13:17:00,0,test
T100059,CUST5418,2023-12-20 15:31:00,0,test
T102052,CUST3101,2023-12-20 16:44:00,0,test
T104932,CUST3884,2023-12-20 18:39:00,0,test
T104701,CUST9906,2023-12-20 19:27:00,0,test
T104575,CUST7336,2023-12-20 19:51:00,0,test
T101274,CUST8023,2023-12-20 22:19:00,0,test
T102386,CUST8925,2023-12-20 22:46:00,0,test
T102651,CUST3937,2023-12-20 23:30:00,0,test
T101142,CUST3247,2023-12-21 00:33:00,0,test
T104333,CUST4922,2023-12-21 06:44:00,0,test
T100075,CUST7806,2023-12-21 08:54:00,0,test
T103791,CUST2114,2023-12-21 12:17:00,1,test
T100438,CUST2560,2023-12-21 14:34:00,0,test
T102635,CUST5511,2023-12-21 18:14:00,0,test
T104873,CUST2431,2023-12-21 18:32:00,0,test
T100757,CUST6087,2023-12-22 00:33:00,0,test
T103633,CUST2108,2023-12-22 02:35:00,0,test
T101462,CUST4541,2023-12-22 03:47:00,1,test
T104875,CUST3976,2023-12-22 06:39:00,0,test
T104992,CUST3443,2023-12-22 08:56:00,0,test
T102195,CUST8931,2023-12-22 14:16:00,0,test
T104367,CUST6410,2023-12-22 14:35:00,0,test
T100409,CUST7876,2023-12-23 05:10:00,0,test
T100185,CUST2000,2023-12-23 09:17:00,0,test
T102663,CUST1571,2023-12-23 11:33:00,0,test
T104331,CUST9047,2023-12-23 14:29:00,0,test
T101639,CUST3421,2023-12-23 17:30:00,0,test
T100743,CUST5896,2023-12-23 18:21:00,0,test
T101557,CUST3239,2023-12-23 20:09:00,0,test
T104135,CUST7196,2023-12-23 21:46:00,0,test
T101116,CUST2143,2023-12-23 22:57:00,0,test
T103688,CUST2601,2023-12-24 02:32:00,0,test
T103941,CUST4544,2023-12-24 03:05:00,1,test
T100838,CUST2117,2023-12-24 04:47:00,0,test
T103857,CUST5875,2023-12-24 08:54:00,0,test
T101827,CUST5807,2023-12-24 11:23:00,0,test
T103324,CUST2344,2023-12-24 11:26:00,0,test
T101333,CUST6273,2023-12-24 15:10:00,0,test
T103406,CUST3049,2023-12-24 22:40:00,0,test
T104139,CUST4351,2023-12-25 00:12:00,0,test
T104671,CUST4463,2023-12-25 01:10:00,1,test
T104187,CUST3976,2023-12-25 05:12:00,0,test
T103222,CUST1294,2023-12-25 05:43:00,0,test
T100313,CUST6238,2023-12-25 06:57:00,0,test
T102381,CUST3855,2023-12-25 07:41:00,0,test
T104166,CUST7668,2023-12-25 08:49:00,0,test
T104153,CUST5551,2023-12-25 09:47:00,0,test
T100742,CUST2989,2023-12-25 11:28:00,0,test
T103082,CUST1609,2023-12-25 11:42:00,0,test
T103079,CUST6276,2023-12-25 12:39:00,0,test
T101922,CUST7633,2023-12-25 12:45:00,0,test
T101800,CUST1775,2023-12-25 13:34:00,0,test
T102989,CUST5683,2023-12-25 16:30:00,0,test
T101047,CUST3233,2023-12-25 18:34:00,0,test
T102225,CUST1889,2023-12-25 19:28:00,0,test
T100652,CUST6860,2023-12-25 20:13:00,0,test
T103441,CUST5240,2023-12-25 20:33:00,0,test
T101631,CUST4065,2023-12-25 22:11:00,0,test
T103918,CUST1930,2023-12-25 23:20:00,0,test
T104754,CUST9394,2023-12-26 01:29:00,0,test
T101955,CUST4588,2023-12-26 02:53:00,0,test
T104925,CUST1152,2023-12-26 04:08:00,0,test
T101591,CUST9297,2023-12-26 06:43:00,0,test
T102258,CUST8975,2023-12-26 09:28:00,0,test
T104199,CUST6367,2023-12-26 10:33:00,0,test
T100114,CUST2620,2023-12-26 11:38:00,0,test
T100949,CUST6394,2023-12-26 13:00:00,0,test
T102606,CUST1939,2023-12-26 17:00:00,0,test
T102450,CUST6447,2023-12-26 17:36:00,0,test
T103195,CUST6633,2023-12-26 17:59:00,0,test
T103763,CUST6465,2023-12-26 18:09:00,0,test
T100241,CUST7253,2023-12-26 18:57:00,0,test
T104220,CUST4856,2023-12-26 22:16:00,0,test
T100054,CUST8792,2023-12-26 23:27:00,0,test
T103143,CUST5510,2023-12-27 01:41:00,0,test
T104437,CUST5300,2023-12-27 02:46:00,0,test
T102860,CUST5726,2023-12-27 04:39:00,0,test
T100109,CUST9033,2023-12-27 06:53:00,0,test
T104913,CUST9346,2023-12-27 08:20:00,0,test
T101696,CUST8486,2023-12-27 10:28:00,0,test
T104288,CUST7660,2023-12-27 10:49:00,0,test
T102713,CUST6553,2023-12-27 13:19:00,0,test
T103841,CUST9999,2023-12-27 16:28:00,0,test
T102445,CUST7148,2023-12-27 23:20:00,0,test
T101328,CUST5171,2023-12-28 00:25:00,0,test
T104778,CUST9381,2023-12-28 00:55:00,0,test
T104496,CUST4198,2023-12-28 02:31:00,0,test
T102494,CUST9691,2023-12-28 10:20:00,0,test
T102081,CUST5194,2023-12-28 14:12:00,0,test
T103322,CUST2230,2023-12-28 15:06:00,0,test
T100376,CUST1706,2023-12-28 15:07:00,0,test
T101899,CUST9142,2023-12-28 15:40:00,0,test
T102434,CUST1605,2023-12-28 17:23:00,0,test
T100791,CUST7472,2023-12-28 17:27:00,0,test
T100686,CUST6783,2023-12-28 23:48:00,0,test
T104741,CUST7395,2023-12-29 01:48:00,0,test
T102786,CUST5783,2023-12-29 04:21:00,1,test
T100480,CUST6821,2023-12-29 08:36:00,0,test
T101935,CUST5436,2023-12-29 11:28:00,0,test
T102619,CUST3350,2023-12-29 11:35:00,0,test
T102671,CUST6347,2023-12-29 15:46:00,0,test
T101651,CUST4210,2023-12-29 16:55:00,0,test
T100254,CUST1806,2023-12-29 17:09:00,0,test
T103124,CUST1669,2023-12-29 18:21:00,0,test
T103440,CUST8739,2023-12-29 19:21:00,0,test
T100247,CUST8843,2023-12-29 21:25:00,0,test
T100476,CUST2313,2023-12-30 01:09:00,0,test
T104015,CUST8330,2023-12-30 02:50:00,1,test
T104402,CUST3432,2023-12-30 08:11:00,0,test
T103625,CUST9746,2023-12-30 08:40:00,0,test
T102605,CUST2384,2023-12-30 19:21:00,0,test
T102864,CUST1828,2023-12-30 22:01:00,0,test
T100311,CUST2032,2023-12-31 00:51:00,0,test
T102349,CUST3243,2023-12-31 00:54:00,1,test
T100148,CUST1301,2023-12-31 03:06:00,0,test
T104383,CUST5294,2023-12-31 04:31:00,0,test
T102257,CUST7025,2023-12-31 05:44:00,0,test
T101267,CUST6185,2023-12-31 05:45:00,0,test
T102747,CUST6718,2023-12-31 07:45:00,0,test
T104492,CUST2041,2023-12-31 08:54:00,0,test
T104104,CUST4069,2023-12-31 09:23:00,0,test
T100716,CUST6454,2023-12-31 11:52:00,0,test
T102463,CUST5496,2023-12-31 12:42:00,0,test
T103833,CUST9065,2023-12-31 14:02:00,0,test
T101674,CUST1509,2023-12-31 15:36:00,0,test
T102708,CUST6178,2023-12-31 17:22:00,0,test
T102888,CUST5915,2023-12-31 17:27:00,0,test
T102719,CUST7491,2023-12-31 18:15:00,0,test
T102611,CUST1029,2023-12-31 19:10:00,0,test
T103444,CUST7251,2023-12-31 20:00:00,0,test
T104862,CUST8422,2023-12-31 21:34:00,0,test
T102296,CUST8978,2023-12-31 23:23:00,0,test
T103687,CUST6640,2023-12-31 23:44:00,0,test
T102931,CUST9237,2024-01-01 02:24:00,0,test
T101889,CUST1825,2024-01-01 05:05:00,0,test
T101231,CUST2456,2024-01-01 05:45:00,1,test
T102079,CUST4526,2024-01-01 06:34:00,0,test
T103973,CUST5776,2024-01-01 08:00:00,0,test
T100282,CUST8893,2024-01-01 08:18:00,0,test
T103930,CUST8604,2024-01-01 09:55:00,0,test
T102435,CUST9597,2024-01-01 10:01:00,0,test
T104478,CUST8005,2024-01-01 10:02:00,0,test
T102486,CUST3476,2024-01-01 12:01:00,0,test
T100594,CUST4054,2024-01-01 14:01:00,0,test
T100758,CUST1740,2024-01-01 16:17:00,0,test
T102408,CUST5352,2024-01-01 16:50:00,0,test
T103213,CUST7848,2024-01-01 17:05:00,0,test
T101622,CUST7253,2024-01-01 17:22:00,0,test
T104900,CUST6390,2024-01-01 17:26:00,1,test
T103008,CUST9732,2024-01-01 20:34:00,0,test
T101572,CUST3841,2024-01-01 20:51:00,0,test
T100432,CUST9967,2024-01-01 21:29:00,0,test
T101452,CUST9993,2024-01-01 22:36:00,0,test
T101796,CUST2886,2024-01-01 22:49:00,0,test
T102070,CUST7527,2024-01-01 23:00:00,0,test
T102115,CUST3735,2024-01-01 23:07:00,0,test
T103201,CUST1618,2024-01-02 03:43:00,1,test
T102981,CUST6688,2024-01-02 05:33:00,1,test
T102269,CUST1672,2024-01-02 06:08:00,0,test
T102668,CUST2694,2024-01-02 06:23:00,0,test
T101777,CUST2721,2024-01-02 10:16:00,0,test
T104414,CUST6321,2024-01-02 15:02:00,0,test
T100523,CUST5301,2024-01-02 15:03:00,0,test
T101277,CUST4530,2024-01-02 16:41:00,0,test
T101887,CUST2944,2024-01-02 21:21:00,0,test
T101273,CUST7326,2024-01-02 21:33:00,0,test
T101370,CUST4775,2024-01-02 22:05:00,0,test
T102760,CUST8352,2024-01-02 22:12:00,0,test
T101110,CUST3919,2024-01-02 23:35:00,0,test
T103834,CUST3647,2024-01-03 00:03:00,0,test
T104650,CUST3548,2024-01-03 00:33:00,0,test
T102986,CUST2367,2024-01-03 06:59:00,0,test
T101737,CUST7441,2024-01-03 08:24:00,0,test
T104397,CUST2384,2024-01-03 08:40:00,0,test
T103194,CUST2614,2024-01-03 09:01:00,0,test
T102544,CUST1019,2024-01-03 09:27:00,0,test
T101175,CUST7814,2024-01-03 19:55:00,1,test
T102936,CUST2943,2024-01-03 20:17:00,0,test
T101040,CUST9571,2024-01-03 22:12:00,0,test
T103842,CUST2687,2024-01-03 22:14:00,0,test
T100411,CUST5040,2024-01-03 22:46:00,0,test
T103478,CUST4543,2024-01-04 07:12:00,0,test
T101682,CUST7388,2024-01-04 07:55:00,0,test
T101640,CUST3865,2024-01-04 09:00:00,0,test
T103709,CUST4671,2024-01-04 09:51:00,0,test
T101325,CUST2168,2024-01-04 10:23:00,0,test
T104305,CUST4159,2024-01-04 13:01:00,0,test
T100690,CUST1269,2024-01-04 15:56:00,0,test
T101001,CUST7717,2024-01-04 20:02:00,0,test
T100687,CUST8911,2024-01-04 22:58:00,0,test
T100362,CUST8224,2024-01-04 23:53:00,0,test
T104368,CUST3862,2024-01-05 01:52:00,1,test
T104674,CUST2315,2024-01-05 02:22:00,0,test
T101908,CUST7016,2024-01-05 06:29:00,0,test
T101981,CUST6879,2024-01-05 07:50:00,0,test
T102518,CUST2049,2024-01-05 10:49:00,0,test
T101906,CUST8649,2024-01-05 11:33:00,0,test
T100987,CUST4512,2024-01-05 12:02:00,0,test
T102626,CUST5000,2024-01-05 12:37:00,0,test
T104986,CUST8236,2024-01-05 16:43:00,0,test
T102560,CUST2708,2024-01-05 17:47:00,0,test
T100740,CUST4200,2024-01-05 19:21:00,0,test
T104339,CUST5652,2024-01-05 23:07:00,0,test
T101048,CUST8497,2024-01-05 23:26:00,0,test
T101555,CUST2743,2024-01-06 00:32:00,0,test
T100804,CUST4020,2024-01-06 03:28:00,0,test
T101389,CUST9321,2024-01-06 03:47:00,0,test
T104824,CUST9002,2024-01-06 04:46:00,0,test
T102729,CUST4048,2024-01-06 05:34:00,0,test
T102212,CUST2550,2024-01-06 09:19:00,0,test
T103120,CUST7173,2024-01-06 11:20:00,0,test
T103837,CUST4773,2024-01-06 12:02:00,0,test
T102972,CUST5837,2024-01-06 12:15:00,0,test
T103840,CUST6698,2024-01-06 13:09:00,0,test
T102997,CUST4151,2024-01-06 13:26:00,0,test
T101482,CUST6917,2024-01-06 16:04:00,0,test
T102596,CUST8984,2024-01-06 16:35:00,0,test
T103160,CUST4345,2024-01-06 17:25:00,0,test
T102424,CUST4985,2024-01-06 18:19:00,0,test
T103106,CUST6955,2024-01-06 19:34:00,0,test
T102328,CUST4388,2024-01-06 19:37:00,0,test
T101022,CUST7959,2024-01-06 21:48:00,0,test
T103439,CUST2928,2024-01-06 22:59:00,0,test
T101723,CUST5454,2024-01-06 23:24:00,0,test
T102959,CUST8032,2024-01-06 23:53:00,0,test
T102836,CUST6917,2024-01-07 01:31:00,1,test
T100947,CUST9846,2024-01-07 09:19:00,0,test
T104219,CUST8582,2024-01-07 11:02:00,0,test
T104625,CUST4829,2024-01-07 11:42:00,0,test
T101397,CUST1618,2024-01-07 14:40:00,0,test
T102007,CUST7623,2024-01-07 17:42:00,0,test
T101745,CUST1455,2024-01-07 23:55:00,0,test
T103192,CUST9340,2024-01-08 01:27:00,0,test
T103379,CUST6958,2024-01-08 02:29:00,1,test
T103722,CUST5253,2024-01-08 03:26:00,1,test
T103361,CUST3572,2024-01-08 05:34:00,1,test
T104066,CUST2184,2024-01-08 05:35:00,0,test
T104242,CUST7404,2024-01-08 07:43:00,0,test
T100220,CUST4229,2024-01-08 08:00:00,0,test
T102589,CUST9032,2024-01-08 09:04:00,0,test
T102542,CUST3894,2024-01-08 11:22:00,0,test
T103649,CUST1529,2024-01-08 13:07:00,1,test
T101603,CUST7462,2024-01-08 22:57:00,0,test
T104002,CUST7062,2024-01-08 23:05:00,0,test
T102751,CUST8574,2024-01-08 23:31:00,0,test
T101969,CUST2958,2024-01-09 02:46:00,1,test
T100482,CUST6719,2024-01-09 04:40:00,1,test
T100786,CUST5476,2024-01-09 05:33:00,1,test
T104268,CUST6264,2024-01-09 05:43:00,0,test
T100306,CUST1938,2024-01-09 05:44:00,0,test
T102119,CUST3928,2024-01-09 05:50:00,0,test
T103472,CUST9721,2024-01-09 08:52:00,0,test
T100863,CUST3060,2024-01-09 09:32:00,0,test
T102315,CUST4846,2024-01-09 16:00:00,0,test
T101408,CUST2047,2024-01-09 16:23:00,0,test
T100132,CUST6348,2024-01-09 19:08:00,0,test
T101720,CUST4870,2024-01-09 20:01:00,0,test
T104688,CUST8183,2024-01-09 21:23:00,0,test
T100641,CUST5766,2024-01-09 22:48:00,0,test
T103450,CUST7490,2024-01-10 01:24:00,1,test
T102410,CUST3536,2024-01-10 02:05:00,0,test
T100904,CUST7827,2024-01-10 02:46:00,0,test
T101162,CUST5158,2024-01-10 03:22:00,0,test
T104642,CUST5964,2024-01-10 06:57:00,1,test
T101704,CUST4510,2024-01-10 07:19:00,0,test
T101419,CUST6117,2024-01-10 08:01:00,0,test
T103999,CUST9728,2024-01-10 09:50:00,0,test
T100519,CUST3512,2024-01-10 14:33:00,0,test
T102444,CUST3159,2024-01-10 19:24:00,0,test
T102914,CUST9503,2024-01-10 19:46:00,0,test
T103463,CUST3347,2024-01-10 21:49:00,0,test
T102843,CUST3222,2024-01-10 21:53:00,0,test
T103172,CUST7962,2024-01-11 03:02:00,1,test
T102905,CUST9240,2024-01-11 03:21:00,0,test
T100870,CUST6694,2024-01-11 10:12:00,0,test
T100449,CUST6227,2024-01-11 13:48:00,0,test
T103887,CUST9606,2024-01-11 14:05:00,0,test
T102776,CUST4631,2024-01-11 15:31:00,0,test
T104353,CUST1803,2024-01-11 23:16:00,0,test
T104360,CUST2885,2024-01-12 01:27:00,0,test
T104271,CUST9137,2024-01-12 01:32:00,0,test
T103297,CUST4113,2024-01-12 04:02:00,1,test
T104785,CUST4374,2024-01-12 05:34:00,0,test
T101242,CUST8944,2024-01-12 06:47:00,0,test
T103399,CUST6978,2024-01-12 11:43:00,0,test
T101826,CUST5372,2024-01-12 11:55:00,0,test
T101858,CUST8734,2024-01-12 13:27:00,0,test
T102516,CUST9982,2024-01-12 14:19:00,0,test
T100346,CUST6639,2024-01-12 19:21:00,0,test
T102655,CUST2293,2024-01-13 00:49:00,0,test
T104854,CUST3105,2024-01-13 05:17:00,0,test
T103424,CUST2612,2024-01-13 05:41:00,1,test
T101936,CUST3162,2024-01-13 06:40:00,0,test
T103596,CUST9077,2024-01-13 08:04:00,0,test
T100942,CUST1014,2024-01-13 09:19:00,0,test
T101838,CUST1636,2024-01-13 09:42:00,1,test
T103389,CUST7508,2024-01-13 14:27:00,0,test
T102106,CUST5863,2024-01-13 15:55:00,0,test
T101089,CUST7950,2024-01-13 17:01:00,0,test
T104859,CUST9550,2024-01-13 17:32:00,0,test
T100504,CUST6915,2024-01-13 20:22:00,0,test
T101413,CUST8675,2024-01-13 20:49:00,0,test
T101942,CUST2923,2024-01-13 23:05:00,0,test
T104163,CUST6510,2024-01-14 02:27:00,0,test
T101105,CUST1931,2024-01-14 02:42:00,0,test
T100005,CUST2962,2024-01-14 03:15:00,0,test
T102157,CUST7962,2024-01-14 03:50:00,0,test
T100334,CUST8346,2024-01-14 04:53:00,0,test
T100370,CUST6576,2024-01-14 05:30:00,0,test
T100353,CUST5000,2024-01-14 09:49:00,0,test
T101932,CUST3624,2024-01-14 10:59:00,0,test
T104996,CUST6007,2024-01-14 16:42:00,0,test
T103755,CUST7862,2024-01-14 17:22:00,0,test
T100636,CUST8105,2024-01-14 21:31:00,0,test
T102893,CUST8585,2024-01-15 00:49:00,1,test
T104317,CUST9112,2024-01-15 03:17:00,0,test
T100305,CUST8185,2024-01-15 04:57:00,0,test
T103714,CUST8238,2024-01-15 06:29:00,0,test
T101988,CUST1020,2024-01-15 06:44:00,0,test
T103696,CUST1349,2024-01-15 07:36:00,0,test
T103144,CUST8899,2024-01-15 08:05:00,0,test
T102602,CUST3235,2024-01-15 08:36:00,0,test
T103804,CUST4913,2024-01-15 12:40:00,0,test
T103520,CUST3628,2024-01-15 13:50:00,0,test
T100309,CUST2355,2024-01-15 14:01:00,0,test
T103875,CUST7282,2024-01-15 15:16:00,0,test
T103013,CUST8306,2024-01-15 17:17:00,0,test
T101871,CUST6925,2024-01-15 18:28:00,0,test
T101312,CUST9110,2024-01-15 19:22:00,0,test
T103971,CUST3277,2024-01-15 22:34:00,0,test
T103809,CUST1627,2024-01-15 23:57:00,0,test
T103447,CUST4357,2024-01-16 00:13:00,0,test
T100188,CUST3265,2024-01-16 06:25:00,0,test
T103953,CUST4589,2024-01-16 15:12:00,0,test
T102570,CUST2076,2024-01-16 15:25:00,0,test
T102535,CUST5639,2024-01-16 15:27:00,0,test
T101675,CUST3501,2024-01-16 19:40:00,0,test
T102912,CUST3089,2024-01-17 00:33:00,0,test
T103869,CUST7515,2024-01-17 01:22:00,0,test
T104418,CUST4059,2024-01-17 01:43:00,0,test
T104001,CUST4335,2024-01-17 02:53:00,0,test
T100678,CUST9178,2024-01-17 05:54:00,0,test
T101665,CUST2882,2024-01-17 12:24:00,0,test
T100329,CUST6429,2024-01-17 13:52:00,1,test
T103169,CUST8900,2024-01-17 15:26:00,0,test
T101949,CUST7794,2024-01-17 15:27:00,0,test
T104490,CUST8780,2024-01-17 18:14:00,0,test
T101589,CUST4809,2024-01-17 23:55:00,0,test
T102251,CUST6870,2024-01-17 23:55:00,0,test
T102609,CUST6871,2024-01-18 00:06:00,0,test
T100930,CUST3538,2024-01-18 01:41:00,0,test
T102112,CUST7944,2024-01-18 02:53:00,0,test
T103420,CUST4848,2024-01-18 03:51:00,0,test
T102152,CUST6165,2024-01-18 06:00:00,0,test
T100421,CUST6903,2024-01-18 06:09:00,0,test
T102054,CUST5117,2024-01-18 06:12:00,0,test
T104570,CUST8673,2024-01-18 08:00:00,0,test
T103924,CUST4781,2024-01-18 08:13:00,0,test
T103018,CUST3072,2024-01-18 08:38:00,0,test
T104905,CUST3089,2024-01-18 09:44:00,0,test
T101687,CUST9605,2024-01-18 10:58:00,0,test
T103230,CUST2115,2024-01-18 17:59:00,0,test
T101449,CUST7073,2024-01-18 19:23:00,0,test
T100957,CUST3879,2024-01-18 20:33:00,0,test
T101612,CUST4019,2024-01-18 21:50:00,0,test
T101896,CUST9468,2024-01-19 02:42:00,0,test
T102832,CUST1114,2024-01-19 04:48:00,0,test
T103884,CUST5306,2024-01-19 08:59:00,0,test
T104316,CUST2331,2024-01-19 10:32:00,0,test
T102330,CUST9074,2024-01-19 12:09:00,0,test
T103486,CUST9417,2024-01-19 19:14:00,0,test
T104299,CUST9315,2024-01-19 20:28:00,0,test
T103684,CUST6359,2024-01-19 23:45:00,0,test
T103987,CUST2037,2024-01-20 00:45:00,1,test
T100016,CUST7395,2024-01-20 05:58:00,0,test
T102359,CUST8067,2024-01-20 06:03:00,0,test
T104942,CUST3611,2024-01-20 06:29:00,0,test
T101518,CUST5630,2024-01-20 15:30:00,0,test
T101091,CUST2294,2024-01-20 19:17:00,0,test
T104619,CUST7974,2024-01-20 20:49:00,0,test
T103630,CUST8820,2024-01-20 21:21:00,0,test
T101210,CUST8724,2024-01-20 22:14:00,0,test
T100098,CUST5854,2024-01-21 05:46:00,0,test
T100269,CUST5596,2024-01-21 07:49:00,0,test
T104144,CUST9273,2024-01-21 12:11:00,0,test
T100730,CUST9891,2024-01-21 20:50:00,0,test
T104274,CUST5881,2024-01-21 21:55:00,0,test
T103214,CUST4570,2024-01-22 01:10:00,0,test
T102607,CUST8401,2024-01-22 02:05:00,1,test
T104610,CUST1190,2024-01-22 04:52:00,0,test
T100955,CUST7058,2024-01-22 05:24:00,1,test
T102413,CUST2211,2024-01-22 06:39:00,0,test
T102320,CUST7509,2024-01-22 07:34:00,0,test
T100055,CUST4298,2024-01-22 12:52:00,0,test
T100524,CUST2499,2024-01-22 17:33:00,0,test
T102124,CUST7634,2024-01-22 20:08:00,0,test
T104661,CUST1622,2024-01-23 02:25:00,1,test
T102559,CUST3647,2024-01-23 05:32:00,0,test
T101402,CUST7247,2024-01-23 07:25:00,0,test
T104130,CUST3359,2024-01-23 09:57:00,0,test
T102401,CUST4123,2024-01-23 10:02:00,0,test
T101115,CUST7974,2024-01-23 11:06:00,0,test
T102701,CUST3034,2024-01-23 11:09:00,0,test
T102788,CUST8111,2024-01-23 12:09:00,0,test
T104617,CUST3944,2024-01-23 12:59:00,0,test
T103665,CUST2361,2024-01-23 17:55:00,0,test
T101956,CUST3973,2024-01-23 18:52:00,0,test
T103115,CUST9899,2024-01-23 19:42:00,0,test
T100038,CUST3909,2024-01-23 20:25:00,0,test
T102000,CUST1895,2024-01-23 20:50:00,0,test
T104807,CUST5717,2024-01-23 21:30:00,0,test
T100505,CUST3022,2024-01-23 23:39:00,0,test
T100088,CUST1518,2024-01-24 00:05:00,1,test
T103641,CUST7604,2024-01-24 03:03:00,1,test
T104723,CUST1836,2024-01-24 04:30:00,1,test
T102585,CUST4829,2024-01-24 12:03:00,0,test
T104727,CUST4462,2024-01-24 13:23:00,0,test
T103471,CUST9391,2024-01-24 17:25:00,0,test
T104980,CUST9538,2024-01-24 21:54:00,0,test
T100423,CUST8899,2024-01-25 00:03:00,0,test
T102947,CUST7938,2024-01-25 00:18:00,0,test
T103695,CUST1253,2024-01-25 04:38:00,0,test
T103264,CUST9409,2024-01-25 06:01:00,0,test
T103237,CUST6795,2024-01-25 06:16:00,0,test
T103694,CUST8180,2024-01-25 07:58:00,0,test
T102431,CUST6615,2024-01-25 15:35:00,0,test
T104502,CUST4601,2024-01-25 17:53:00,0,test
T103498,CUST5829,2024-01-25 18:07:00,0,test
T102026,CUST3744,2024-01-25 18:37:00,0,test
T100754,CUST4635,2024-01-26 06:55:00,0,test
T100528,CUST7253,2024-01-26 09:27:00,0,test
T104052,CUST7211,2024-01-26 14:18:00,0,test
T103741,CUST4132,2024-01-26 14:53:00,0,test
T103317,CUST3426,2024-01-26 18:14:00,0,test
T104465,CUST9172,2024-01-26 22:17:00,0,test
T100473,CUST9202,2024-01-27 01:14:00,0,test
T104247,CUST5542,2024-01-27 03:22:00,0,test
T102999,CUST1393,2024-01-27 06:17:00,0,test
T100963,CUST6823,2024-01-27 12:00:00,0,test
T100710,CUST5086,2024-01-27 13:39:00,0,test
T100425,CUST7037,2024-01-27 18:03:00,0,test
T102027,CUST1572,2024-01-27 19:43:00,0,test
T103516,CUST7697,2024-01-27 20:02:00,0,test
T100117,CUST7539,2024-01-28 04:56:00,0,test
T103956,CUST7893,2024-01-28 05:25:00,0,test
T103545,CUST1754,2024-01-28 05:30:00,1,test
T102620,CUST2503,2024-01-28 09:02:00,0,test
T102058,CUST6984,2024-01-28 12:05:00,0,test
T103323,CUST8040,2024-01-28 12:35:00,0,test
T104234,CUST1045,2024-01-28 14:13:00,0,test
T103691,CUST2533,2024-01-28 20:35:00,0,test
T103737,CUST1191,2024-01-28 20:44:00,0,test
T101073,CUST4391,2024-01-29 03:59:00,0,test
T100354,CUST5698,2024-01-29 04:02:00,0,test
T103894,CUST9628,2024-01-29 05:55:00,0,test
T101491,CUST9436,2024-01-29 06:09:00,0,test
T100365,CUST4600,2024-01-29 06:34:00,0,test
T101872,CUST6106,2024-01-29 07:10:00,0,test
T100145,CUST7560,2024-01-29 10:47:00,0,test
T104607,CUST8126,2024-01-29 12:21:00,0,test
T101580,CUST6264,2024-01-29 12:40:00,0,test
T101699,CUST8256,2024-01-29 14:33:00,0,test
T100507,CUST5258,2024-01-29 17:53:00,0,test
T103932,CUST4786,2024-01-29 20:29:00,0,test
T104800,CUST4883,2024-01-30 06:23:00,0,test
T104538,CUST8466,2024-01-30 06:44:00,0,test
T104186,CUST3776,2024-01-30 10:53:00,0,test
T102056,CUST6379,2024-01-30 13:26:00,0,test
T100324,CUST6241,2024-01-30 17:51:00,0,test
T103656,CUST9155,2024-01-30 18:09:00,0,test
T103147,CUST5863,2024-01-30 23:53:00,1,test
T100031,CUST1325,2024-01-31 03:23:00,0,test
T100741,CUST2078,2024-01-31 06:27:00,0,test
T101036,CUST6548,2024-01-31 08:07:00,0,test
T103617,CUST2915,2024-01-31 09:15:00,0,test
T103517,CUST7084,2024-01-31 09:28:00,0,test
T103260,CUST1778,2024-01-31 10:31:00,0,test
T100140,CUST1053,2024-01-31 11:21:00,0,test
T100490,CUST6096,2024-01-31 12:10:00,0,test
T102700,CUST9847,2024-01-31 12:19:00,0,test
T103229,CUST8454,2024-01-31 13:27:00,0,test
T104729,CUST7958,2024-01-31 14:54:00,0,test
T100608,CUST3130,2024-01-31 15:22:00,0,test
T103285,CUST3578,2024-01-31 16:43:00,0,test
T104503,CUST7004,2024-01-31 16:55:00,0,test
T103390,CUST5799,2024-01-31 17:28:00,0,test
T104949,CUST9812,2024-01-31 17:53:00,0,test
T104346,CUST8885,2024-01-31 18:48:00,0,test
T101545,CUST7748,2024-01-31 23:37:00,0,test
T103151,CUST3249,2024-02-01 00:13:00,0,test
T102065,CUST6347,2024-02-01 00:27:00,0,test
T103476,CUST1835,2024-02-01 05:12:00,0,test
T104322,CUST7801,2024-02-01 05:52:00,0,test
T103805,CUST7946,2024-02-01 08:12:00,0,test
T100044,CUST5983,2024-02-01 09:14:00,0,test
T102833,CUST5000,2024-02-01 10:32:00,0,test
T101815,CUST4754,2024-02-01 14:21:00,0,test
T100162,CUST3077,2024-02-01 19:28:00,1,test
T102857,CUST1270,2024-02-01 20:04:00,0,test
T103534,CUST2803,2024-02-01 20:39:00,0,test
T100310,CUST4668,2024-02-01 22:04:00,0,test
T100239,CUST3364,2024-02-02 06:25:00,0,test
T100166,CUST8881,2024-02-02 12:47:00,0,test
T104525,CUST5167,2024-02-02 13:00:00,0,test
T102472,CUST9534,2024-02-02 13:43:00,0,test
T104359,CUST7309,2024-02-02 17:45:00,0,test
T104361,CUST7749,2024-02-02 18:09:00,0,test
T104183,CUST4359,2024-02-02 19:51:00,0,test
T102478,CUST2437,2024-02-03 01:22:00,0,test
T100486,CUST7861,2024-02-03 05:21:00,0,test
T100579,CUST4471,2024-02-03 10:55:00,0,test
T100734,CUST1858,2024-02-03 13:19:00,0,test
T100217,CUST7815,2024-02-03 15:02:00,0,test
T101106,CUST8246,2024-02-03 15:24:00,0,test
T100584,CUST1076,2024-02-03 21:33:00,0,test
T100328,CUST6696,2024-02-03 22:09:00,0,test
T102423,CUST3230,2024-02-03 23:01:00,0,test
T102901,CUST6713,2024-02-04 01:27:00,1,test
T104479,CUST6579,2024-02-04 03:01:00,1,test
T104290,CUST7172,2024-02-04 03:54:00,0,test
T103423,CUST5599,2024-02-04 04:19:00,0,test
T101803,CUST9546,2024-02-04 04:44:00,0,test
T101904,CUST3782,2024-02-04 05:15:00,1,test
T102627,CUST4904,2024-02-04 06:02:00,0,test
T101751,CUST2311,2024-02-04 06:16:00,1,test
T102471,CUST5704,2024-02-04 07:20:00,0,test
T101187,CUST1996,2024-02-04 07:50:00,0,test
T100279,CUST2846,2024-02-04 08:15:00,0,test
T101169,CUST7617,2024-02-04 12:46:00,0,test
T103677,CUST4887,2024-02-04 14:00:00,0,test
T100520,CUST3741,2024-02-04 15:10:00,0,test
T101661,CUST9434,2024-02-04 17:34:00,0,test
T103682,CUST7977,2024-02-04 20:14:00,0,test
T104077,CUST6712,2024-02-04 20:42:00,0,test
T101416,CUST5895,2024-02-04 21:45:00,0,test
T104388,CUST1280,2024-02-05 00:44:00,1,test
T101856,CUST3181,2024-02-05 02:43:00,1,test
T104847,CUST5412,2024-02-05 04:52:00,1,test
T100416,CUST5506,2024-02-05 08:00:00,0,test
T101502,CUST5481,2024-02-05 12:48:00,0,test
T101633,CUST7835,2024-02-05 13:13:00,0,test
T100886,CUST2328,2024-02-05 15:25:00,0,test
T100767,CUST4386,2024-02-05 15:57:00,0,test
T101354,CUST2041,2024-02-05 16:08:00,0,test
T102118,CUST2888,2024-02-05 17:48:00,0,test
T103370,CUST4871,2024-02-05 23:01:00,0,test
T100631,CUST4430,2024-02-05 23:19:00,0,test
T103595,CUST6100,2024-02-06 01:54:00,0,test
T103579,CUST3587,2024-02-06 02:04:00,1,test
T101964,CUST3863,2024-02-06 02:15:00,0,test
T104101,CUST9413,2024-02-06 03:22:00,0,test
T100839,CUST1276,2024-02-06 07:27:00,0,test
T101146,CUST2590,2024-02-06 10:51:00,0,test
T104466,CUST5217,2024-02-06 14:01:00,0,test
T104908,CUST6440,2024-02-06 15:41:00,0,test
T102373,CUST8563,2024-02-06 16:42:00,0,test
T101313,CUST2152,2024-02-06 18:44:00,0,test
T104556,CUST5942,2024-02-06 18:58:00,0,test
T104680,CUST4433,2024-02-06 20:31:00,0,test
T102214,CUST4014,2024-02-06 20:49:00,0,test
T102762,CUST4498,2024-02-06 22:06:00,0,test
T102454,CUST8676,2024-02-06 23:16:00,0,test
T100881,CUST6526,2024-02-06 23:57:00,0,test
T104590,CUST8076,2024-02-07 01:46:00,0,test
T100872,CUST4379,2024-02-07 07:02:00,0,test
T100082,CUST6297,2024-02-07 09:51:00,0,test
T104260,CUST8799,2024-02-07 10:21:00,0,test
T101972,CUST1123,2024-02-07 12:09:00,0,test
T103735,CUST4021,2024-02-07 12:59:00,0,test
T101292,CUST2503,2024-02-07 13:49:00,0,test
T103710,CUST6110,2024-02-07 20:46:00,0,test
T103187,CUST6586,2024-02-07 21:37:00,0,test
T104720,CUST1362,2024-02-07 22:26:00,0,test
T102128,CUST5085,2024-02-07 22:36:00,0,test
T103501,CUST2246,2024-02-08 00:09:00,0,test
T104684,CUST4108,2024-02-08 01:27:00,0,test
T103278,CUST3573,2024-02-08 01:49:00,0,test
T103642,CUST7797,2024-02-08 03:43:00,1,test
T101135,CUST4442,2024-02-08 08:42:00,0,test
T103318,CUST4655,2024-02-08 08:45:00,0,test
T104846,CUST1916,2024-02-08 09:11:00,0,test
T104473,CUST8411,2024-02-08 09:54:00,0,test
T104809,CUST9490,2024-02-08 10:40:00,0,test
T104510,CUST4070,2024-02-08 12:02:00,0,test
T104154,CUST9444,2024-02-08 14:08:00,0,test
T102069,CUST6106,2024-02-08 16:35:00,0,test
T100474,CUST6989,2024-02-08 18:02:00,0,test
T101683,CUST8687,2024-02-08 18:28:00,0,test
T101961,CUST9921,2024-02-08 21:21:00,0,test
T101487,CUST5149,2024-02-08 21:50:00,0,test
T102086,CUST4530,2024-02-08 22:05:00,0,test
T104933,CUST5035,2024-02-08 22:23:00,0,test
T102484,CUST3218,2024-02-08 22:30:00,0,test
T104747,CUST5971,2024-02-09 01:08:00,0,test
T101778,CUST8637,2024-02-09 03:25:00,1,test
T102098,CUST1034,2024-02-09 04:09:00,1,test
T103503,CUST6488,2024-02-09 06:28:00,0,test
T100891,CUST7126,2024-02-09 08:11:00,0,test
T102197,CUST7492,2024-02-09 08:50:00,0,test
T101076,CUST9935,2024-02-09 10:01:00,0,test
T103196,CUST1412,2024-02-09 10:32:00,0,test
T104431,CUST1453,2024-02-09 12:09:00,0,test
T103289,CUST6268,2024-02-09 14:00:00,0,test
T100358,CUST6174,2024-02-09 17:35:00,0,test
T103647,CUST6031,2024-02-09 20:51:00,0,test
T103446,CUST5391,2024-02-09 21:47:00,0,test
T102915,CUST2888,2024-02-09 22:57:00,0,test
T102005,CUST2618,2024-02-10 00:01:00,0,test
T103148,CUST7219,2024-02-10 01:32:00,0,test
T102229,CUST7213,2024-02-10 04:03:00,0,test
T103738,CUST6636,2024-02-10 04:36:00,0,test
T100463,CUST8243,2024-02-10 04:51:00,1,test
T102898,CUST7103,2024-02-10 04:53:00,1,test
T100902,CUST5900,2024-02-10 08:29:00,0,test
T100628,CUST7034,2024-02-10 09:33:00,0,test
T102313,CUST5906,2024-02-10 10:03:00,0,test
T102987,CUST9522,2024-02-10 10:03:00,0,test
T103373,CUST8775,2024-02-10 11:06:00,0,test
T104899,CUST5744,2024-02-10 13:06:00,0,test
T102761,CUST5213,2024-02-10 14:16:00,0,test
T101718,CUST2975,2024-02-10 15:16:00,0,test
T100980,CUST1602,2024-02-10 16:49:00,1,test
T104977,CUST7601,2024-02-10 23:57:00,0,test
T103959,CUST7454,2024-02-11 00:56:00,0,test
T100194,CUST2015,2024-02-11 01:55:00,0,test
T101042,CUST2890,2024-02-11 04:27:00,0,test
T100606,CUST2021,2024-02-11 05:30:00,0,test
T100454,CUST5400,2024-02-11 05:39:00,0,test
T100536,CUST3468,2024-02-11 07:52:00,0,test
T104534,CUST5150,2024-02-11 08:18:00,0,test
T101680,CUST9896,2024-02-11 09:28:00,0,test
T101607,CUST3975,2024-02-11 09:48:00,0,test
T100104,CUST3591,2024-02-11 11:14:00,0,test
T103922,CUST4691,2024-02-11 13:25:00,0,test
T100977,CUST5790,2024-02-11 15:23:00,0,test
T101158,CUST3843,2024-02-11 16:41:00,0,test
T100685,CUST6396,2024-02-11 17:36:00,1,test
T103776,CUST4019,2024-02-11 20:00:00,0,test
T101517,CUST8294,2024-02-11 20:32:00,1,test
T100933,CUST3110,2024-02-11 20:39:00,0,test
T104965,CUST9692,2024-02-11 20:45:00,0,test
T104622,CUST1770,2024-02-11 22:45:00,0,test
T104320,CUST2428,2024-02-12 02:06:00,0,test
T102890,CUST4128,2024-02-12 03:55:00,0,test
T101189,CUST7344,2024-02-12 05:07:00,0,test
T101667,CUST1422,2024-02-12 05:36:00,0,test
T101783,CUST5465,2024-02-12 08:12:00,0,test
T101943,CUST9320,2024-02-12 08:45:00,0,test
T103583,CUST7255,2024-02-12 09:51:00,0,test
T101282,CUST6399,2024-02-12 11:54:00,0,test
T102503,CUST1542,2024-02-12 12:56:00,0,test
T104455,CUST3425,2024-02-12 13:59:00,0,test
T103034,CUST1596,2024-02-12 15:28:00,0,test
T104543,CUST4519,2024-02-12 17:17:00,0,test
T103488,CUST9488,2024-02-12 17:37:00,0,test
T101560,CUST4656,2024-02-12 18:38:00,0,test
T103827,CUST5324,2024-02-12 19:06:00,0,test
T102456,CUST4657,2024-02-12 20:37:00,0,test
T103328,CUST2472,2024-02-13 03:30:00,0,test
T102537,CUST2920,2024-02-13 04:06:00,0,test
T104108,CUST8718,2024-02-13 04:36:00,1,test
T103808,CUST7880,2024-02-13 05:06:00,1,test
T100823,CUST7705,2024-02-13 08:48:00,0,test
T103242,CUST8047,2024-02-13 11:09:00,0,test
T104127,CUST7335,2024-02-13 12:10:00,0,test
T104380,CUST6555,2024-02-13 12:56:00,0,test
T104865,CUST8275,2024-02-13 14:26:00,0,test
T101353,CUST7531,2024-02-13 14:43:00,0,test
T102403,CUST6817,2024-02-13 16:18:00,0,test
T103296,CUST1536,2024-02-13 17:50:00,0,test
T100516,CUST6866,2024-02-13 20:38:00,0,test
T103419,CUST4657,2024-02-14 02:36:00,0,test
T101478,CUST7149,2024-02-14 02:53:00,0,test
T100571,CUST8529,2024-02-14 03:47:00,0,test
T100892,CUST3997,2024-02-14 08:11:00,0,test
T100110,CUST3953,2024-02-14 08:48:00,0,test
T100340,CUST9175,2024-02-14 12:29:00,0,test
T103065,CUST7168,2024-02-14 12:31:00,0,test
T103022,CUST1943,2024-02-14 14:08:00,1,test
T100673,CUST2683,2024-02-14 16:27:00,0,test
T104736,CUST2810,2024-02-14 19:10:00,0,test
T101574,CUST5099,2024-02-14 21:07:00,0,test
T102343,CUST9421,2024-02-14 21:46:00,0,test
T104695,CUST8487,2024-02-14 21:52:00,0,test
T101134,CUST7445,2024-02-15 05:13:00,1,test
T102894,CUST9840,2024-02-15 07:39:00,0,test
T102139,CUST8329,2024-02-15 07:40:00,0,test
T101145,CUST9046,2024-02-15 07:47:00,0,test
T102621,CUST2772,2024-02-15 07:50:00,0,test
T101976,CUST1781,2024-02-15 18:55:00,0,test
T104114,CUST6678,2024-02-15 19:13:00,0,test
T101431,CUST7330,2024-02-15 21:36:00,0,test
T101407,CUST7452,2024-02-15 22:14:00,0,test
T102348,CUST2730,2024-02-15 23:40:00,0,test
T104576,CUST7397,2024-02-16 03:30:00,0,test
T100544,CUST1985,2024-02-16 03:47:00,0,test
T100680,CUST1426,2024-02-16 06:09:00,0,test
T100888,CUST9173,2024-02-16 06:29:00,0,test
T101457,CUST9738,2024-02-16 15:39:00,0,test
T104151,CUST6520,2024-02-16 20:13:00,0,test
T101985,CUST7257,2024-02-17 03:06:00,0,test
T102440,CUST4213,2024-02-17 03:24:00,1,test
T102227,CUST9174,2024-02-17 03:53:00,0,test
T101492,CUST5204,2024-02-17 05:09:00,1,test
T100637,CUST3315,2024-02-17 09:50:00,0,test
T103903,CUST4989,2024-02-17 11:36:00,0,test
T103473,CUST2018,2024-02-17 12:50:00,0,test
T104586,CUST5300,2024-02-17 16:59:00,0,test
T103619,CUST9429,2024-02-17 18:25:00,0,test
T101144,CUST8426,2024-02-17 19:34:00,1,test
T100882,CUST5518,2024-02-17 20:39:00,0,test
T100076,CUST7508,2024-02-17 20:42:00,0,test
T103725,CUST3637,2024-02-18 02:46:00,0,test
T104232,CUST5595,2024-02-18 06:51:00,0,test
T104757,CUST7254,2024-02-18 08:18:00,0,test
T103843,CUST5095,2024-02-18 13:00:00,0,test
T102090,CUST6241,2024-02-18 14:52:00,0,test
T100301,CUST6977,2024-02-18 18:20:00,0,test
T104313,CUST1985,2024-02-18 18:58:00,0,test
T103113,CUST8058,2024-02-18 21:26:00,0,test
T104882,CUST6497,2024-02-18 21:44:00,0,test
T104544,CUST7522,2024-02-19 02:04:00,0,test
T104071,CUST7151,2024-02-19 02:26:00,0,test
T104516,CUST2662,2024-02-19 02:48:00,0,test
T104565,CUST3810,2024-02-19 05:32:00,1,test
T100807,CUST7733,2024-02-19 06:21:00,0,test
T102342,CUST4005,2024-02-19 08:10:00,0,test
T103945,CUST8196,2024-02-19 12:22:00,0,test
T101344,CUST4792,2024-02-19 14:26:00,0,test
T100895,CUST4022,2024-02-19 15:07:00,0,test
T100916,CUST8209,2024-02-19 16:27:00,0,test
T101764,CUST7153,2024-02-19 18:13:00,0,test
T102049,CUST9763,2024-02-19 19:33:00,0,test
T103375,CUST7490,2024-02-19 21:13:00,0,test
T101153,CUST1698,2024-02-19 22:58:00,0,test
T104921,CUST2844,2024-02-20 01:37:00,0,test
T100805,CUST3904,2024-02-20 03:25:00,0,test
T102481,CUST9776,2024-02-20 03:25:00,0,test
T101155,CUST5106,2024-02-20 09:25:00,0,test
T100047,CUST2821,2024-02-20 11:11:00,0,test
T103506,CUST4991,2024-02-20 14:33:00,0,test
T101224,CUST5894,2024-02-20 17:18:00,0,test
T100338,CUST3556,2024-02-20 17:58:00,0,test
T103753,CUST7154,2024-02-20 18:18:00,0,test
T104579,CUST3088,2024-02-20 18:41:00,0,test
T104026,CUST3289,2024-02-20 21:13:00,0,test
T104024,CUST2904,2024-02-20 22:44:00,0,test
T104572,CUST6689,2024-02-20 23:37:00,0,test
T100111,CUST3617,2024-02-21 04:08:00,0,test
T104064,CUST9857,2024-02-21 07:20:00,0,test
T104475,CUST7421,2024-02-21 09:29:00,0,test
T102849,CUST4522,2024-02-21 13:38:00,0,test
T101763,CUST1709,2024-02-21 15:34:00,0,test
